experiment_id,electrolyte_concentration_m,charging_rate_c,operating_temperature_c,discharge_rate_c,cycle_count,capacity_retention_percent,source
BAT-00001,0.9657,1.1289,30.4744,2.4291,485.4922,42.9343,synthetic_prototype_v1
BAT-00002,1.2234,1.0118,24.2541,0.2,55.5427,79.1366,synthetic_prototype_v1
BAT-00003,2.4909,0.5609,16.1268,1.7905,460.4587,52.0209,synthetic_prototype_v1
BAT-00004,1.509,1.1919,29.4258,0.6349,168.7701,66.8766,synthetic_prototype_v1
BAT-00005,0.9458,0.8489,21.9789,0.9964,236.9074,62.3299,synthetic_prototype_v1
BAT-00006,0.9292,1.92,47.817,0.2936,125.5525,40.0,synthetic_prototype_v1
BAT-00007,0.7821,2.8662,14.4104,1.2174,424.1527,40.0,synthetic_prototype_v1
BAT-00008,1.6622,2.6451,38.7351,2.2152,105.2804,40.0,synthetic_prototype_v1
BAT-00009,1.6988,1.9549,15.609,0.5789,121.6152,51.8772,synthetic_prototype_v1
BAT-00010,1.6877,2.7402,7.8214,2.9661,97.4113,41.0848,synthetic_prototype_v1
BAT-00011,1.3586,0.3209,10.3659,0.6644,200.0617,61.9895,synthetic_prototype_v1
BAT-00012,1.6284,0.6817,16.4342,0.3713,152.1595,70.1969,synthetic_prototype_v1
BAT-00013,1.9976,0.9005,47.7352,0.3492,298.7305,41.2961,synthetic_prototype_v1
BAT-00014,1.1953,2.1229,36.0895,2.0264,197.7777,47.9059,synthetic_prototype_v1
BAT-00015,1.191,0.4339,24.7757,0.3113,121.3417,74.4502,synthetic_prototype_v1
BAT-00016,1.5053,0.3653,24.148,0.6745,196.0032,72.1498,synthetic_prototype_v1
BAT-00017,2.1462,2.798,43.8704,2.296,486.3822,40.0,synthetic_prototype_v1
BAT-00018,1.4483,2.8992,43.4425,0.6395,82.06,40.0,synthetic_prototype_v1
BAT-00019,0.5146,2.0141,38.5961,0.3704,425.0553,49.3479,synthetic_prototype_v1
BAT-00020,1.4618,0.221,12.4779,1.8205,146.8978,55.9341,synthetic_prototype_v1
BAT-00021,1.587,1.4678,42.5825,2.9799,126.2598,40.0,synthetic_prototype_v1
BAT-00022,2.0617,0.7925,11.3218,1.2216,282.738,53.6876,synthetic_prototype_v1
BAT-00023,1.4111,0.7167,18.8229,0.5839,47.8205,88.9264,synthetic_prototype_v1
BAT-00024,1.7764,1.1808,15.8585,0.7788,304.3042,60.8044,synthetic_prototype_v1
BAT-00025,1.5144,1.9401,25.3844,2.3617,341.6012,44.4816,synthetic_prototype_v1
BAT-00026,0.9593,0.8853,36.4675,2.1667,68.1318,51.9295,synthetic_prototype_v1
BAT-00027,1.4776,0.7013,32.1877,0.3187,96.5058,66.8381,synthetic_prototype_v1
BAT-00028,0.9544,0.2515,19.3512,0.2011,170.7157,63.4344,synthetic_prototype_v1
BAT-00029,2.0133,2.7652,44.2819,2.1061,283.8647,40.0,synthetic_prototype_v1
BAT-00030,2.2048,0.8157,37.3365,2.799,303.7321,41.9593,synthetic_prototype_v1
BAT-00031,1.959,2.4187,1.2025,0.8512,274.5588,40.0,synthetic_prototype_v1
BAT-00032,1.4399,0.9581,5.7226,2.3306,112.5181,46.961,synthetic_prototype_v1
BAT-00033,1.5055,0.3026,24.8224,0.8966,72.0183,76.3098,synthetic_prototype_v1
BAT-00034,0.9435,2.7814,7.2675,1.0424,310.7649,41.0641,synthetic_prototype_v1
BAT-00035,0.5172,0.6497,39.5325,0.3377,257.2566,50.2597,synthetic_prototype_v1
BAT-00036,0.5432,0.2922,10.189,2.7321,271.0763,43.6172,synthetic_prototype_v1
BAT-00037,0.9088,2.9069,6.8235,2.6899,100.9194,40.1705,synthetic_prototype_v1
BAT-00038,1.9683,1.5698,46.1167,2.1413,392.1989,42.9955,synthetic_prototype_v1
BAT-00039,1.7124,1.738,39.6699,2.687,28.644,45.4348,synthetic_prototype_v1
BAT-00040,1.6412,0.8783,19.243,0.3581,111.7627,74.2407,synthetic_prototype_v1
BAT-00041,2.2451,1.6216,4.7579,0.323,71.9822,43.974,synthetic_prototype_v1
BAT-00042,2.3437,0.601,19.7883,0.2662,341.1712,49.2886,synthetic_prototype_v1
BAT-00043,1.6132,0.7538,29.1709,0.418,105.9363,71.6315,synthetic_prototype_v1
BAT-00044,1.623,0.3326,44.0694,0.9822,94.6401,41.2248,synthetic_prototype_v1
BAT-00045,1.8686,0.7982,18.6362,1.2517,84.2998,63.7926,synthetic_prototype_v1
BAT-00046,1.2654,0.5849,22.8902,1.012,83.5242,78.8678,synthetic_prototype_v1
BAT-00047,1.8859,2.7557,16.2465,1.2516,296.9601,40.9814,synthetic_prototype_v1
BAT-00048,1.9972,0.5786,41.4519,1.4433,52.564,47.4234,synthetic_prototype_v1
BAT-00049,2.3052,1.9999,14.0883,1.2141,393.2495,51.5438,synthetic_prototype_v1
BAT-00050,1.1528,0.2206,20.7318,1.083,184.4126,66.1869,synthetic_prototype_v1
BAT-00051,1.8495,0.4322,45.9889,0.7159,20.4381,40.0,synthetic_prototype_v1
BAT-00052,1.1886,1.0439,16.4705,0.7859,177.0276,67.2184,synthetic_prototype_v1
BAT-00053,1.2328,1.4775,5.508,0.5552,311.1931,50.3173,synthetic_prototype_v1
BAT-00054,1.5573,1.9181,16.8636,2.8592,357.613,40.0,synthetic_prototype_v1
BAT-00055,0.6162,0.728,30.8154,2.3195,472.6684,45.1579,synthetic_prototype_v1
BAT-00056,1.662,1.78,42.8079,2.1424,160.1317,40.0,synthetic_prototype_v1
BAT-00057,1.178,1.8621,41.6254,1.8152,174.036,47.7997,synthetic_prototype_v1
BAT-00058,2.4518,0.6826,12.8308,1.2663,238.5772,50.5795,synthetic_prototype_v1
BAT-00059,1.3001,0.7674,12.6649,0.449,109.4519,69.9049,synthetic_prototype_v1
BAT-00060,1.2952,0.7037,29.0008,0.3226,113.1729,74.3184,synthetic_prototype_v1
BAT-00061,1.0223,1.1393,33.3826,1.303,233.8762,52.8707,synthetic_prototype_v1
BAT-00062,1.9703,1.5563,5.8323,1.2171,481.2943,49.6411,synthetic_prototype_v1
BAT-00063,0.7446,1.6118,10.0778,1.6609,83.1856,51.4797,synthetic_prototype_v1
BAT-00064,1.7818,0.6997,28.1286,0.2,206.4689,63.7767,synthetic_prototype_v1
BAT-00065,1.721,1.4379,38.1115,0.6199,467.5554,50.1919,synthetic_prototype_v1
BAT-00066,1.2418,1.7672,48.9615,0.8856,233.9748,40.4021,synthetic_prototype_v1
BAT-00067,1.4614,0.7231,22.0103,0.97,185.6807,72.3771,synthetic_prototype_v1
BAT-00068,2.064,1.3668,36.345,2.5109,68.7576,46.7982,synthetic_prototype_v1
BAT-00069,2.4746,2.0025,8.1479,0.8057,377.9071,49.5855,synthetic_prototype_v1
BAT-00070,1.3868,0.9592,20.2372,1.7514,161.7394,59.0381,synthetic_prototype_v1
BAT-00071,1.3025,0.279,36.9422,2.7668,214.4532,41.8815,synthetic_prototype_v1
BAT-00072,1.8759,1.0958,13.2744,0.9563,89.7816,60.2652,synthetic_prototype_v1
BAT-00073,1.173,0.8872,18.8734,0.2,108.2574,74.0706,synthetic_prototype_v1
BAT-00074,0.7562,2.0649,3.6481,2.8462,327.1219,40.0,synthetic_prototype_v1
BAT-00075,1.8691,1.5954,36.462,2.5106,121.9978,42.292,synthetic_prototype_v1
BAT-00076,1.404,1.1318,26.3831,0.5696,185.4645,68.9176,synthetic_prototype_v1
BAT-00077,1.346,0.4294,24.7617,0.4757,34.6434,89.2074,synthetic_prototype_v1
BAT-00078,0.8902,1.5456,31.4116,1.2472,231.9338,51.0758,synthetic_prototype_v1
BAT-00079,1.8722,1.7371,0.4718,2.7889,484.7025,40.0,synthetic_prototype_v1
BAT-00080,1.3033,2.1584,30.8487,1.5755,231.1225,46.6443,synthetic_prototype_v1
BAT-00081,1.5611,0.45,31.1579,0.7213,41.408,76.0297,synthetic_prototype_v1
BAT-00082,0.8318,2.3753,45.703,1.3208,194.672,40.7922,synthetic_prototype_v1
BAT-00083,1.438,1.9277,44.2988,1.7695,62.6869,41.6035,synthetic_prototype_v1
BAT-00084,0.8459,0.9048,42.7074,2.2866,326.2864,40.8273,synthetic_prototype_v1
BAT-00085,1.618,0.8858,28.089,0.4265,249.6183,65.1406,synthetic_prototype_v1
BAT-00086,1.9504,2.1375,43.0619,1.3954,91.1303,41.3177,synthetic_prototype_v1
BAT-00087,1.2625,0.9592,17.4835,0.6109,233.5528,66.0303,synthetic_prototype_v1
BAT-00088,1.5916,2.3707,48.3776,1.4258,44.3984,41.5756,synthetic_prototype_v1
BAT-00089,1.496,1.0027,8.6182,1.2728,328.0215,53.596,synthetic_prototype_v1
BAT-00090,1.8206,0.2,27.1394,0.3822,105.2247,68.7874,synthetic_prototype_v1
BAT-00091,1.2232,2.4301,0.6268,0.3373,350.8153,41.2879,synthetic_prototype_v1
BAT-00092,0.8003,2.201,44.6688,2.2846,208.6547,40.0,synthetic_prototype_v1
BAT-00093,1.0836,0.7227,16.4335,0.4925,37.1927,77.0225,synthetic_prototype_v1
BAT-00094,1.1368,2.8447,18.9008,1.4262,255.8217,40.0,synthetic_prototype_v1
BAT-00095,1.1795,2.2435,27.6931,0.2984,384.2515,45.1768,synthetic_prototype_v1
BAT-00096,0.776,2.2447,26.575,1.699,493.1694,46.41,synthetic_prototype_v1
BAT-00097,1.4928,0.8099,48.4487,1.9058,56.3755,40.0,synthetic_prototype_v1
BAT-00098,1.3711,0.7075,24.4007,0.548,48.5287,85.8008,synthetic_prototype_v1
BAT-00099,1.1059,1.4265,38.8696,1.1717,50.5877,52.4694,synthetic_prototype_v1
BAT-00100,1.1517,2.6857,20.2972,0.4523,148.5964,40.0,synthetic_prototype_v1
BAT-00101,1.1027,2.6719,6.5023,2.831,111.946,42.2494,synthetic_prototype_v1
BAT-00102,2.1733,2.7939,2.2643,2.5761,467.7739,40.0,synthetic_prototype_v1
BAT-00103,0.579,1.5465,37.1888,2.0492,405.3378,51.2784,synthetic_prototype_v1
BAT-00104,2.1596,1.4467,21.3925,1.6288,95.4637,52.3086,synthetic_prototype_v1
BAT-00105,1.3463,0.9024,28.76,0.9223,63.5293,73.255,synthetic_prototype_v1
BAT-00106,0.558,0.9801,31.3563,0.8639,59.7062,56.9317,synthetic_prototype_v1
BAT-00107,1.2409,1.9644,20.2513,2.1409,252.2417,51.727,synthetic_prototype_v1
BAT-00108,2.044,0.8066,11.8993,2.3513,221.2575,46.7752,synthetic_prototype_v1
BAT-00109,0.7711,0.3203,23.4668,0.381,226.815,59.055,synthetic_prototype_v1
BAT-00110,0.7862,0.3607,18.1544,0.2056,126.6762,59.1274,synthetic_prototype_v1
BAT-00111,0.7302,0.2,22.5143,0.3704,61.0379,62.8043,synthetic_prototype_v1
BAT-00112,2.026,0.2046,49.963,1.0986,236.25,41.6053,synthetic_prototype_v1
BAT-00113,1.0962,0.5367,26.0904,0.4433,110.8526,72.6427,synthetic_prototype_v1
BAT-00114,1.5378,0.2395,46.8225,0.296,230.2762,40.0,synthetic_prototype_v1
BAT-00115,1.2215,2.0274,41.899,1.2215,208.508,46.9305,synthetic_prototype_v1
BAT-00116,1.2908,0.7196,17.385,1.0068,178.4078,69.7623,synthetic_prototype_v1
BAT-00117,1.3659,1.4153,0.4667,1.2239,279.684,42.5124,synthetic_prototype_v1
BAT-00118,1.5084,2.4188,14.2149,1.0347,404.9649,44.6526,synthetic_prototype_v1
BAT-00119,0.7736,2.8871,31.8554,1.4547,482.4167,40.0,synthetic_prototype_v1
BAT-00120,1.2718,0.4149,22.3986,0.6314,217.7454,68.2106,synthetic_prototype_v1
BAT-00121,1.988,2.3449,36.1767,2.0885,210.3499,45.4091,synthetic_prototype_v1
BAT-00122,2.3006,1.978,20.8668,2.2709,331.8912,50.4925,synthetic_prototype_v1
BAT-00123,2.36,2.7415,39.9364,2.9525,380.5986,40.0,synthetic_prototype_v1
BAT-00124,1.2596,0.3828,22.044,0.9601,61.7734,83.9773,synthetic_prototype_v1
BAT-00125,1.7423,0.366,35.0409,0.2,50.527,65.2331,synthetic_prototype_v1
BAT-00126,0.5078,0.352,18.9465,2.3376,203.2769,48.729,synthetic_prototype_v1
BAT-00127,1.92,2.2446,19.1315,1.8738,200.187,49.8152,synthetic_prototype_v1
BAT-00128,1.9477,0.5598,32.9752,0.2,160.7324,58.2968,synthetic_prototype_v1
BAT-00129,1.8058,0.4396,43.4401,1.7414,227.0512,43.0431,synthetic_prototype_v1
BAT-00130,0.6936,2.8708,34.9656,0.6793,194.7653,40.0,synthetic_prototype_v1
BAT-00131,1.2228,0.9656,20.7388,0.2865,213.3352,68.396,synthetic_prototype_v1
BAT-00132,1.1977,0.3722,25.0584,0.8459,176.4374,71.117,synthetic_prototype_v1
BAT-00133,1.8027,0.803,10.6926,2.4953,154.6444,44.1148,synthetic_prototype_v1
BAT-00134,1.8873,0.2,38.059,0.2,189.9434,56.3056,synthetic_prototype_v1
BAT-00135,1.2431,1.889,0.7488,0.5867,453.1122,40.1674,synthetic_prototype_v1
BAT-00136,1.9514,1.9058,2.7613,2.2283,420.8658,40.0,synthetic_prototype_v1
BAT-00137,1.216,0.6457,28.5475,1.0275,200.9699,67.5038,synthetic_prototype_v1
BAT-00138,1.3341,0.6804,17.787,0.5406,134.7318,76.7352,synthetic_prototype_v1
BAT-00139,1.7407,2.809,19.8073,2.4281,455.4341,41.8591,synthetic_prototype_v1
BAT-00140,1.5632,2.6561,35.715,2.156,388.4182,41.664,synthetic_prototype_v1
BAT-00141,2.2073,2.2771,33.564,2.7131,74.0892,40.6727,synthetic_prototype_v1
BAT-00142,1.3921,2.7345,34.9973,1.2929,54.0265,40.4819,synthetic_prototype_v1
BAT-00143,2.4616,2.5861,34.593,1.4077,140.1072,42.9546,synthetic_prototype_v1
BAT-00144,0.5979,2.7736,13.5368,1.1002,371.9289,40.0,synthetic_prototype_v1
BAT-00145,2.0626,0.8856,44.8642,0.9256,301.3087,40.2581,synthetic_prototype_v1
BAT-00146,1.904,2.6495,27.282,2.28,152.9008,40.0,synthetic_prototype_v1
BAT-00147,1.4972,2.6131,28.8822,2.9646,181.5054,43.3442,synthetic_prototype_v1
BAT-00148,0.8047,0.8161,9.3002,0.795,94.6135,56.9226,synthetic_prototype_v1
BAT-00149,0.5282,1.7874,15.5694,1.1151,259.5639,51.6135,synthetic_prototype_v1
BAT-00150,1.1257,0.2,30.0737,0.565,182.679,61.4386,synthetic_prototype_v1
BAT-00151,1.5946,2.5198,5.7789,1.3312,270.3807,43.57,synthetic_prototype_v1
BAT-00152,1.5395,1.6161,20.0785,1.1916,389.7208,55.7147,synthetic_prototype_v1
BAT-00153,0.6108,1.9401,31.6286,1.3881,106.007,51.8335,synthetic_prototype_v1
BAT-00154,0.6383,0.3494,19.1776,2.5111,93.6832,44.7673,synthetic_prototype_v1
BAT-00155,1.4057,0.6594,17.7032,0.8644,194.6079,72.7833,synthetic_prototype_v1
BAT-00156,1.7239,1.1646,21.8499,0.4957,72.5618,72.7827,synthetic_prototype_v1
BAT-00157,0.5395,0.3451,8.3519,2.3806,147.7268,47.7825,synthetic_prototype_v1
BAT-00158,1.1645,0.7784,26.8147,0.3995,20.8158,86.4475,synthetic_prototype_v1
BAT-00159,1.825,0.2431,8.9996,0.3963,210.5968,53.9973,synthetic_prototype_v1
BAT-00160,1.2184,2.1706,41.0596,1.0535,252.7556,46.5537,synthetic_prototype_v1
BAT-00161,1.7195,0.2063,21.8537,0.5023,209.0499,66.8282,synthetic_prototype_v1
BAT-00162,1.697,0.7663,3.197,0.7166,120.1355,43.4341,synthetic_prototype_v1
BAT-00163,2.4782,1.2105,42.712,1.0901,196.9425,42.8358,synthetic_prototype_v1
BAT-00164,1.3568,1.9669,16.6818,1.7595,392.5133,50.1818,synthetic_prototype_v1
BAT-00165,0.6276,2.6105,1.8933,2.0461,50.9464,40.0,synthetic_prototype_v1
BAT-00166,1.8116,0.7089,24.1865,0.4016,55.5575,78.7615,synthetic_prototype_v1
BAT-00167,2.0158,1.7897,0.9003,1.4565,48.7892,41.4616,synthetic_prototype_v1
BAT-00168,0.5791,1.853,48.5416,1.356,170.4185,40.0,synthetic_prototype_v1
BAT-00169,0.7118,2.2618,30.05,1.8569,307.5582,45.0826,synthetic_prototype_v1
BAT-00170,2.0815,2.445,35.3245,0.8145,221.0046,43.8215,synthetic_prototype_v1
BAT-00171,1.6088,1.6444,42.4577,0.5682,107.9821,45.7459,synthetic_prototype_v1
BAT-00172,1.5983,0.3329,14.5549,1.3622,481.4384,54.7775,synthetic_prototype_v1
BAT-00173,1.1934,0.6401,20.389,0.6734,173.8198,69.2397,synthetic_prototype_v1
BAT-00174,0.7903,1.4373,0.7698,0.4338,383.5656,41.1107,synthetic_prototype_v1
BAT-00175,1.3392,0.3105,25.1435,0.5244,143.4799,70.7667,synthetic_prototype_v1
BAT-00176,2.3172,1.3098,33.8944,1.6357,130.5076,49.1611,synthetic_prototype_v1
BAT-00177,2.4,0.8085,42.4366,2.2791,271.9449,42.4398,synthetic_prototype_v1
BAT-00178,1.0938,0.2965,7.2791,1.312,18.6093,61.076,synthetic_prototype_v1
BAT-00179,2.0805,0.5368,2.0304,1.0843,130.6592,41.485,synthetic_prototype_v1
BAT-00180,2.0666,0.95,22.4812,0.653,88.427,59.6429,synthetic_prototype_v1
BAT-00181,1.7831,1.764,26.4116,2.7484,81.424,42.6875,synthetic_prototype_v1
BAT-00182,2.1444,2.3415,2.9395,2.6253,85.1671,42.9042,synthetic_prototype_v1
BAT-00183,0.8226,0.5188,25.4436,0.7559,74.5731,65.2008,synthetic_prototype_v1
BAT-00184,1.6359,0.9134,49.5553,1.3886,331.5073,40.0,synthetic_prototype_v1
BAT-00185,1.4209,0.9774,29.9172,1.0849,72.8572,71.6272,synthetic_prototype_v1
BAT-00186,1.2817,0.2,20.5661,1.0347,49.5122,78.3653,synthetic_prototype_v1
BAT-00187,1.4981,0.3183,21.585,0.7006,221.4159,69.6898,synthetic_prototype_v1
BAT-00188,2.3997,2.2724,6.7103,0.5095,225.2606,47.5046,synthetic_prototype_v1
BAT-00189,1.0979,1.0645,25.6859,2.6993,135.5805,42.5276,synthetic_prototype_v1
BAT-00190,2.3207,0.6439,32.5443,2.6699,119.252,43.6735,synthetic_prototype_v1
BAT-00191,0.9805,0.6161,16.351,2.6956,109.2848,45.2543,synthetic_prototype_v1
BAT-00192,1.6486,1.0244,19.0441,1.0208,200.5021,65.0715,synthetic_prototype_v1
BAT-00193,1.2644,0.8071,21.3397,0.2,212.7035,70.0973,synthetic_prototype_v1
BAT-00194,2.0658,0.9928,4.2611,0.9664,353.1484,41.5466,synthetic_prototype_v1
BAT-00195,2.0498,1.688,13.7034,0.4622,430.4063,49.8594,synthetic_prototype_v1
BAT-00196,0.9384,2.3225,14.5695,2.2072,335.5483,42.2367,synthetic_prototype_v1
BAT-00197,1.1241,1.3304,21.03,0.2176,200.3219,60.7902,synthetic_prototype_v1
BAT-00198,1.0518,2.9704,7.063,0.5761,157.9482,40.6692,synthetic_prototype_v1
BAT-00199,2.059,1.9446,1.1764,1.4659,440.3899,40.0,synthetic_prototype_v1
BAT-00200,1.262,2.9634,33.4083,0.6191,224.9753,40.4258,synthetic_prototype_v1
BAT-00201,2.1115,0.3228,44.8661,2.1647,321.5244,40.0,synthetic_prototype_v1
BAT-00202,1.2532,0.6086,17.7315,0.5209,64.2864,82.9621,synthetic_prototype_v1
BAT-00203,0.9504,1.7556,19.2586,0.8085,127.7496,57.1305,synthetic_prototype_v1
BAT-00204,1.8613,0.9789,20.721,0.7925,141.2724,68.3821,synthetic_prototype_v1
BAT-00205,1.2969,0.26,25.0982,0.5048,155.642,73.7322,synthetic_prototype_v1
BAT-00206,1.8778,2.0295,25.9316,1.9845,197.4649,47.7635,synthetic_prototype_v1
BAT-00207,2.2862,2.8091,5.1466,0.9086,139.3897,40.7741,synthetic_prototype_v1
BAT-00208,1.6745,0.6197,18.9245,0.2927,153.9587,69.7847,synthetic_prototype_v1
BAT-00209,1.6041,0.7291,16.0841,0.989,57.1366,77.394,synthetic_prototype_v1
BAT-00210,0.6018,2.8312,36.1536,1.9893,96.4552,40.0,synthetic_prototype_v1
BAT-00211,2.4564,0.7165,41.9315,1.5992,147.2129,48.7327,synthetic_prototype_v1
BAT-00212,1.4399,1.0055,28.6687,0.3618,208.0495,64.3329,synthetic_prototype_v1
BAT-00213,1.4734,0.5355,15.832,0.3514,42.2145,83.814,synthetic_prototype_v1
BAT-00214,0.7676,2.4733,0.9066,0.9508,239.8584,40.0,synthetic_prototype_v1
BAT-00215,1.2951,0.5123,49.5885,2.0591,242.6636,40.0,synthetic_prototype_v1
BAT-00216,1.4256,2.0166,18.1259,0.2732,285.0441,54.6001,synthetic_prototype_v1
BAT-00217,1.3379,0.6409,16.1472,0.6899,20.025,89.3803,synthetic_prototype_v1
BAT-00218,1.6164,1.0093,20.2431,0.3515,202.6699,66.5917,synthetic_prototype_v1
BAT-00219,2.4636,0.6321,32.9795,2.9514,276.0897,43.7807,synthetic_prototype_v1
BAT-00220,1.5195,1.0797,19.2195,0.2,135.7799,69.8161,synthetic_prototype_v1
BAT-00221,0.5463,1.452,2.5173,1.1789,166.6888,40.0,synthetic_prototype_v1
BAT-00222,1.2506,2.5378,29.1391,2.5464,242.8349,40.0,synthetic_prototype_v1
BAT-00223,0.5656,1.7206,1.8426,1.6954,280.2126,41.8622,synthetic_prototype_v1
BAT-00224,1.8367,1.0835,22.6254,1.111,220.415,58.152,synthetic_prototype_v1
BAT-00225,1.45,2.0654,6.7985,0.2679,55.5202,53.1641,synthetic_prototype_v1
BAT-00226,1.5523,0.2633,19.6905,1.3512,38.522,73.1685,synthetic_prototype_v1
BAT-00227,1.922,0.3047,13.2017,1.2069,181.2946,55.1719,synthetic_prototype_v1
BAT-00228,1.3965,2.428,16.5947,1.0737,364.412,46.2751,synthetic_prototype_v1
BAT-00229,2.4995,1.649,38.2494,2.2303,345.0502,45.7285,synthetic_prototype_v1
BAT-00230,1.0503,1.0659,21.4696,0.5791,189.9729,68.0847,synthetic_prototype_v1
BAT-00231,0.6623,0.2543,41.6034,2.166,363.0972,44.3975,synthetic_prototype_v1
BAT-00232,1.335,0.275,25.618,0.5087,215.9737,71.158,synthetic_prototype_v1
BAT-00233,1.2044,2.2277,15.8564,0.8727,298.0334,50.6889,synthetic_prototype_v1
BAT-00234,0.9966,2.7189,6.7813,1.4565,15.3244,42.5736,synthetic_prototype_v1
BAT-00235,0.7128,0.4226,21.4576,1.9847,122.2488,50.2284,synthetic_prototype_v1
BAT-00236,2.4238,2.6381,4.6279,1.0542,387.8938,40.6359,synthetic_prototype_v1
BAT-00237,2.1532,0.5852,37.9277,2.1156,266.1404,50.0481,synthetic_prototype_v1
BAT-00238,0.5704,1.9931,44.0423,1.872,294.3148,40.4849,synthetic_prototype_v1
BAT-00239,1.155,0.634,49.0556,2.8256,154.9214,41.3742,synthetic_prototype_v1
BAT-00240,2.0047,2.4899,35.1909,0.3583,451.9577,45.0341,synthetic_prototype_v1
BAT-00241,0.6983,1.4316,19.4268,1.0088,260.3555,54.6169,synthetic_prototype_v1
BAT-00242,1.506,0.5403,20.5449,0.3893,208.8465,70.4342,synthetic_prototype_v1
BAT-00243,1.3188,0.9871,22.3201,0.7901,100.4505,79.872,synthetic_prototype_v1
BAT-00244,1.2893,0.5485,21.8417,0.7665,193.9149,75.1884,synthetic_prototype_v1
BAT-00245,1.4619,1.0398,14.2364,0.3675,235.2828,63.6998,synthetic_prototype_v1
BAT-00246,1.145,0.5251,22.787,2.019,81.6891,56.3229,synthetic_prototype_v1
BAT-00247,1.6095,0.5163,12.5613,0.5468,120.7932,68.628,synthetic_prototype_v1
BAT-00248,1.0625,2.6351,29.7819,1.208,203.0856,40.0,synthetic_prototype_v1
BAT-00249,1.8566,2.8307,47.1034,1.714,310.7391,41.2073,synthetic_prototype_v1
BAT-00250,1.6682,1.6344,4.3242,2.0245,454.1695,42.3936,synthetic_prototype_v1
BAT-00251,1.1958,2.5189,26.046,2.5111,127.1527,40.0,synthetic_prototype_v1
BAT-00252,2.184,0.9145,27.5245,1.0853,302.0207,52.498,synthetic_prototype_v1
BAT-00253,2.4121,2.6225,42.0288,1.1434,337.1135,43.9335,synthetic_prototype_v1
BAT-00254,1.8991,0.4043,17.6492,0.7704,182.2611,64.2579,synthetic_prototype_v1
BAT-00255,1.0593,0.5809,34.5443,0.2747,456.597,54.5286,synthetic_prototype_v1
BAT-00256,1.7008,0.5415,15.4567,0.5774,89.0902,72.3968,synthetic_prototype_v1
BAT-00257,1.3195,0.4535,20.276,0.9243,170.8077,72.8273,synthetic_prototype_v1
BAT-00258,1.8554,0.4963,24.6536,1.6705,46.7774,59.5681,synthetic_prototype_v1
BAT-00259,1.5537,0.2517,2.4558,0.5864,248.9667,42.5948,synthetic_prototype_v1
BAT-00260,1.1524,0.2,9.2669,0.2927,239.1061,55.8283,synthetic_prototype_v1
BAT-00261,2.3306,1.5537,30.3693,2.422,50.6084,47.4825,synthetic_prototype_v1
BAT-00262,2.1589,2.4034,6.4582,0.6769,352.0471,46.0831,synthetic_prototype_v1
BAT-00263,1.5628,2.5394,7.2968,2.2659,69.0123,40.8051,synthetic_prototype_v1
BAT-00264,0.728,0.8618,10.3046,1.9783,282.9766,51.3001,synthetic_prototype_v1
BAT-00265,0.8972,2.5177,42.8174,1.7686,427.151,41.2699,synthetic_prototype_v1
BAT-00266,1.1876,1.0871,29.1649,1.0623,243.1896,56.4215,synthetic_prototype_v1
BAT-00267,1.3064,0.6632,11.1723,0.7975,237.6538,59.9843,synthetic_prototype_v1
BAT-00268,1.7814,0.4428,14.3026,0.8162,152.0689,65.9168,synthetic_prototype_v1
BAT-00269,1.5844,0.3731,24.0554,0.2,208.5664,67.2744,synthetic_prototype_v1
BAT-00270,1.2939,0.2,20.9581,0.7602,247.003,68.7602,synthetic_prototype_v1
BAT-00271,1.4483,0.7747,3.4919,1.3231,265.2928,41.5649,synthetic_prototype_v1
BAT-00272,1.236,0.5276,31.1258,0.6202,216.0007,63.6696,synthetic_prototype_v1
BAT-00273,2.4701,0.3134,26.4915,1.6962,77.6664,51.5094,synthetic_prototype_v1
BAT-00274,1.8581,0.6513,49.5743,2.906,441.1342,40.8041,synthetic_prototype_v1
BAT-00275,1.8287,0.7323,47.4616,0.696,151.2764,40.0,synthetic_prototype_v1
BAT-00276,1.432,1.6501,33.1044,1.947,325.9385,49.3896,synthetic_prototype_v1
BAT-00277,2.192,0.6473,34.7809,2.4189,259.4386,49.3459,synthetic_prototype_v1
BAT-00278,1.3895,0.6703,16.2589,0.6685,64.6518,82.8074,synthetic_prototype_v1
BAT-00279,0.9615,0.5489,24.7037,2.871,324.5436,41.8053,synthetic_prototype_v1
BAT-00280,1.6609,2.3216,5.5454,2.6627,468.1426,40.0,synthetic_prototype_v1
BAT-00281,2.2851,0.6666,28.6932,1.5684,81.9047,54.849,synthetic_prototype_v1
BAT-00282,0.5021,2.3518,17.0619,1.0492,395.5638,45.2833,synthetic_prototype_v1
BAT-00283,0.5147,1.3765,3.107,2.5513,448.6916,40.0,synthetic_prototype_v1
BAT-00284,1.2039,0.563,17.8738,0.9826,37.9801,82.8053,synthetic_prototype_v1
BAT-00285,0.5489,2.5079,37.5588,2.7657,201.7484,40.5388,synthetic_prototype_v1
BAT-00286,0.9679,1.5213,42.9855,0.4338,419.1276,41.2343,synthetic_prototype_v1
BAT-00287,1.6653,2.984,30.4307,2.8779,45.7713,40.0,synthetic_prototype_v1
BAT-00288,1.3905,2.6253,48.2567,1.063,349.4358,41.6742,synthetic_prototype_v1
BAT-00289,1.9904,0.7161,2.4054,2.0716,69.7726,40.7754,synthetic_prototype_v1
BAT-00290,1.5391,0.2814,34.1526,1.8825,260.285,51.1,synthetic_prototype_v1
BAT-00291,1.7722,0.2,22.8155,0.7084,246.8364,62.2762,synthetic_prototype_v1
BAT-00292,2.28,1.6656,28.4587,1.0371,337.4151,55.2287,synthetic_prototype_v1
BAT-00293,1.8996,1.4489,34.802,2.9007,141.1293,42.317,synthetic_prototype_v1
BAT-00294,1.0993,0.4739,21.4147,0.7425,176.1891,72.7464,synthetic_prototype_v1
BAT-00295,1.141,0.8733,22.6643,0.3891,438.1107,57.8982,synthetic_prototype_v1
BAT-00296,1.4768,0.3644,28.9332,0.4223,20.8765,85.5215,synthetic_prototype_v1
BAT-00297,1.8188,2.1556,20.8335,0.9178,45.8029,51.9539,synthetic_prototype_v1
BAT-00298,1.8016,2.0248,49.1102,2.2477,204.2269,40.0,synthetic_prototype_v1
BAT-00299,0.7701,1.6861,20.3885,2.0686,225.0408,50.6203,synthetic_prototype_v1
BAT-00300,2.0738,2.479,12.9061,1.8275,397.1386,45.6253,synthetic_prototype_v1
BAT-00301,2.4643,0.6979,12.9417,0.3396,212.4406,51.1875,synthetic_prototype_v1
BAT-00302,1.1019,1.0059,19.2397,0.7468,248.2197,63.4826,synthetic_prototype_v1
BAT-00303,1.7983,1.8823,23.4995,1.7502,272.789,49.8976,synthetic_prototype_v1
BAT-00304,1.4334,1.769,6.8817,2.4128,64.6108,44.6694,synthetic_prototype_v1
BAT-00305,1.0362,1.5561,3.0423,2.7984,106.0372,40.0,synthetic_prototype_v1
BAT-00306,1.3287,1.1048,40.7633,2.9074,318.7909,40.0,synthetic_prototype_v1
BAT-00307,1.9308,0.2792,36.3654,0.2063,296.2274,53.7033,synthetic_prototype_v1
BAT-00308,1.4498,0.5006,45.4021,1.9153,206.8291,40.0,synthetic_prototype_v1
BAT-00309,0.7413,1.8581,9.526,1.1385,244.283,48.1722,synthetic_prototype_v1
BAT-00310,0.8013,1.8759,19.1224,2.6714,469.7658,43.7008,synthetic_prototype_v1
BAT-00311,1.524,0.2917,13.735,0.2,193.6864,64.7283,synthetic_prototype_v1
BAT-00312,1.1687,0.2634,34.6569,1.9791,456.5765,50.3843,synthetic_prototype_v1
BAT-00313,1.8052,1.8514,45.7623,1.1973,499.2762,40.0,synthetic_prototype_v1
BAT-00314,1.4286,0.3416,20.8832,0.6796,230.1898,70.2853,synthetic_prototype_v1
BAT-00315,2.0229,1.1302,15.4859,0.2299,150.4769,61.361,synthetic_prototype_v1
BAT-00316,1.1116,2.9951,34.0483,2.077,355.5761,41.1689,synthetic_prototype_v1
BAT-00317,1.0073,2.5005,8.6913,2.6211,376.0692,42.9927,synthetic_prototype_v1
BAT-00318,1.2638,0.9047,19.4358,1.0362,153.5322,72.8826,synthetic_prototype_v1
BAT-00319,0.985,0.3084,22.8981,2.4377,122.8471,47.0751,synthetic_prototype_v1
BAT-00320,2.2039,0.72,32.5127,0.649,62.1855,56.0909,synthetic_prototype_v1
BAT-00321,1.6798,1.3215,13.6646,0.8725,91.5356,62.0204,synthetic_prototype_v1
BAT-00322,0.786,1.5663,13.2683,2.2837,401.9302,49.7217,synthetic_prototype_v1
BAT-00323,2.1645,1.0149,23.0381,0.4998,276.9423,53.7928,synthetic_prototype_v1
BAT-00324,1.5605,1.1873,19.167,0.8582,134.3439,70.8642,synthetic_prototype_v1
BAT-00325,1.2385,1.5272,45.4989,2.2353,496.1778,40.0,synthetic_prototype_v1
BAT-00326,2.2728,0.7472,4.8606,1.3007,163.085,51.6984,synthetic_prototype_v1
BAT-00327,0.7479,1.1889,20.2224,1.9608,283.6909,51.2406,synthetic_prototype_v1
BAT-00328,1.43,2.4963,35.3389,1.4554,450.0965,43.0937,synthetic_prototype_v1
BAT-00329,2.305,0.7987,13.2975,0.7408,39.6764,56.6736,synthetic_prototype_v1
BAT-00330,2.2502,0.2652,15.9432,0.5957,451.5102,50.1845,synthetic_prototype_v1
BAT-00331,0.508,2.0448,38.0034,0.6326,311.9315,46.3635,synthetic_prototype_v1
BAT-00332,1.0618,1.4273,49.4885,1.3448,489.1844,40.0,synthetic_prototype_v1
BAT-00333,1.2332,0.4146,17.578,1.1361,305.4167,60.9301,synthetic_prototype_v1
BAT-00334,1.1859,0.5435,29.5172,0.9558,110.0326,66.9673,synthetic_prototype_v1
BAT-00335,0.8912,0.7649,28.8317,0.3248,179.6732,64.5451,synthetic_prototype_v1
BAT-00336,1.5303,1.4522,11.1032,0.8285,428.0208,53.2334,synthetic_prototype_v1
BAT-00337,2.0486,1.0973,33.1134,2.1268,132.0706,51.6629,synthetic_prototype_v1
BAT-00338,1.4171,0.6247,39.9733,0.8986,346.3079,54.3961,synthetic_prototype_v1
BAT-00339,2.1331,2.0504,8.9123,1.816,351.9554,50.5107,synthetic_prototype_v1
BAT-00340,2.1365,1.0929,27.4705,2.5297,39.2129,46.5423,synthetic_prototype_v1
BAT-00341,1.7579,1.4136,8.8667,1.6693,144.256,53.0765,synthetic_prototype_v1
BAT-00342,1.3733,2.0178,21.7845,2.5969,398.2666,44.716,synthetic_prototype_v1
BAT-00343,2.3191,2.6276,35.3913,2.2248,231.0318,41.1691,synthetic_prototype_v1
BAT-00344,0.6383,0.726,13.4039,0.3296,360.3957,51.7,synthetic_prototype_v1
BAT-00345,2.291,0.7864,27.3408,2.7288,168.1607,40.2066,synthetic_prototype_v1
BAT-00346,1.178,1.8875,27.5064,0.5704,27.1227,56.1691,synthetic_prototype_v1
BAT-00347,1.3358,0.346,10.0977,0.2,86.4888,62.3792,synthetic_prototype_v1
BAT-00348,0.7402,2.2852,4.7949,2.029,44.4991,42.6833,synthetic_prototype_v1
BAT-00349,1.3723,2.1885,26.6265,2.0249,197.246,48.8445,synthetic_prototype_v1
BAT-00350,1.2882,0.2,17.2562,0.8662,213.4494,64.7558,synthetic_prototype_v1
BAT-00351,0.6039,2.9476,33.1619,0.3823,260.1301,40.0,synthetic_prototype_v1
BAT-00352,1.5322,0.8245,2.2968,0.9412,397.1229,40.0,synthetic_prototype_v1
BAT-00353,1.2566,0.5178,5.291,2.8934,39.6094,43.0879,synthetic_prototype_v1
BAT-00354,1.6818,0.9617,17.8905,1.944,86.965,56.8673,synthetic_prototype_v1
BAT-00355,0.7623,1.1005,7.7362,0.8351,447.8582,50.0671,synthetic_prototype_v1
BAT-00356,1.4508,0.2702,21.0352,0.6208,177.1548,72.5117,synthetic_prototype_v1
BAT-00357,0.6343,2.061,15.5779,0.2538,332.0798,48.8595,synthetic_prototype_v1
BAT-00358,1.4444,0.465,24.0752,0.7567,31.6302,90.3639,synthetic_prototype_v1
BAT-00359,0.7877,0.4919,36.9972,2.3166,391.1817,49.4268,synthetic_prototype_v1
BAT-00360,1.7633,1.8576,2.4467,0.3772,374.0901,42.2854,synthetic_prototype_v1
BAT-00361,2.0728,0.5221,36.9893,0.5831,36.7362,55.7181,synthetic_prototype_v1
BAT-00362,0.6213,1.3899,40.9471,1.5985,263.0402,48.149,synthetic_prototype_v1
BAT-00363,2.3376,1.0812,34.7192,1.3634,415.5441,49.5833,synthetic_prototype_v1
BAT-00364,1.4178,1.3044,30.1044,0.7512,268.2753,60.34,synthetic_prototype_v1
BAT-00365,1.4588,0.3615,17.2556,0.3641,47.3493,82.7681,synthetic_prototype_v1
BAT-00366,0.5353,0.9718,39.2603,2.5155,104.8098,44.295,synthetic_prototype_v1
BAT-00367,1.1414,1.6649,8.0232,0.8233,138.8752,53.2938,synthetic_prototype_v1
BAT-00368,0.84,2.6304,39.4826,2.8851,171.3492,40.0,synthetic_prototype_v1
BAT-00369,2.391,2.4957,28.7677,1.2683,329.3186,43.0293,synthetic_prototype_v1
BAT-00370,0.7923,1.0347,17.9509,0.7221,153.0293,61.4961,synthetic_prototype_v1
BAT-00371,0.7832,2.5156,34.003,2.5296,469.2473,42.1631,synthetic_prototype_v1
BAT-00372,1.6649,1.3786,8.5268,1.2107,214.6244,53.1616,synthetic_prototype_v1
BAT-00373,1.4029,0.388,29.4157,0.901,183.7181,69.0501,synthetic_prototype_v1
BAT-00374,2.1438,0.6733,21.4771,0.3946,73.1232,63.8752,synthetic_prototype_v1
BAT-00375,0.5618,2.5522,15.4485,2.4844,50.7425,40.5926,synthetic_prototype_v1
BAT-00376,0.6328,2.4419,15.2673,2.7783,48.6853,41.202,synthetic_prototype_v1
BAT-00377,1.3385,0.2198,11.0051,1.7038,372.5303,54.678,synthetic_prototype_v1
BAT-00378,1.0818,0.653,7.2669,1.9836,288.7776,48.425,synthetic_prototype_v1
BAT-00379,1.4131,0.506,32.9643,1.2804,125.5402,61.3476,synthetic_prototype_v1
BAT-00380,1.6324,0.486,30.2744,0.7043,174.2847,61.9628,synthetic_prototype_v1
BAT-00381,1.3503,0.4244,22.5779,0.7003,167.1289,75.838,synthetic_prototype_v1
BAT-00382,0.7618,0.9,0.8413,2.3747,428.9155,40.4333,synthetic_prototype_v1
BAT-00383,1.0926,0.3949,37.9128,0.8712,469.643,51.8741,synthetic_prototype_v1
BAT-00384,1.2076,1.0865,23.8098,0.3631,51.0764,79.0294,synthetic_prototype_v1
BAT-00385,1.9936,2.8179,22.7765,2.0652,78.0629,41.8767,synthetic_prototype_v1
BAT-00386,1.7877,1.5799,48.1347,2.1639,73.6736,40.0263,synthetic_prototype_v1
BAT-00387,1.6,0.2,24.3723,0.2709,143.2173,74.2766,synthetic_prototype_v1
BAT-00388,1.1567,0.6509,21.4712,2.1894,27.0095,52.36,synthetic_prototype_v1
BAT-00389,2.3413,2.442,36.4017,0.8471,133.3333,44.0668,synthetic_prototype_v1
BAT-00390,1.3933,0.2276,21.5779,0.4688,181.1337,70.4584,synthetic_prototype_v1
BAT-00391,1.8962,0.9109,21.0367,2.7869,163.3168,41.0843,synthetic_prototype_v1
BAT-00392,1.7896,1.8808,46.4264,2.1779,23.1038,40.9037,synthetic_prototype_v1
BAT-00393,1.2543,0.5582,25.1824,0.6984,152.5993,73.9209,synthetic_prototype_v1
BAT-00394,1.2108,0.8108,23.1287,0.6062,136.4615,76.1662,synthetic_prototype_v1
BAT-00395,1.2918,0.9442,27.9709,0.4299,123.0337,72.9387,synthetic_prototype_v1
BAT-00396,1.2367,0.5443,11.1871,1.6638,267.57,55.1385,synthetic_prototype_v1
BAT-00397,1.3708,0.2701,19.1214,0.2,21.9171,87.9571,synthetic_prototype_v1
BAT-00398,1.9647,0.257,32.117,0.8973,234.7324,53.7512,synthetic_prototype_v1
BAT-00399,1.8652,1.8675,22.7231,2.8426,320.3449,43.3731,synthetic_prototype_v1
BAT-00400,1.8608,1.0538,23.4723,2.5678,436.1805,44.9174,synthetic_prototype_v1
BAT-00401,1.0709,0.6404,21.4658,0.276,67.1827,77.4697,synthetic_prototype_v1
BAT-00402,0.9377,1.0384,40.2247,0.8689,17.8118,57.4508,synthetic_prototype_v1
BAT-00403,2.3514,0.9697,36.1986,2.4197,215.6719,48.1808,synthetic_prototype_v1
BAT-00404,1.5179,1.8768,40.9249,0.4526,363.3166,49.5472,synthetic_prototype_v1
BAT-00405,0.5805,1.0976,9.7747,2.3722,409.5724,43.3542,synthetic_prototype_v1
BAT-00406,0.5357,1.2408,47.1974,0.4338,278.4134,41.9275,synthetic_prototype_v1
BAT-00407,0.8292,2.3115,32.5106,2.3838,410.8035,42.0978,synthetic_prototype_v1
BAT-00408,1.0937,2.661,44.0028,0.2418,289.0267,40.0,synthetic_prototype_v1
BAT-00409,0.6999,2.2896,18.8735,1.4182,108.708,47.7906,synthetic_prototype_v1
BAT-00410,1.7436,0.3604,37.1925,0.6985,266.4408,57.0875,synthetic_prototype_v1
BAT-00411,1.7454,2.4509,41.9894,2.679,175.0853,40.0,synthetic_prototype_v1
BAT-00412,1.82,1.4074,19.1355,0.9409,423.4545,54.3712,synthetic_prototype_v1
BAT-00413,2.3658,2.3122,7.6347,1.3357,70.2912,47.3924,synthetic_prototype_v1
BAT-00414,1.7685,1.5818,48.4456,2.3655,187.2148,41.4895,synthetic_prototype_v1
BAT-00415,0.6795,2.0255,32.0907,2.9924,240.3232,40.0,synthetic_prototype_v1
BAT-00416,1.8314,1.0202,2.3562,1.4002,200.5469,40.8579,synthetic_prototype_v1
BAT-00417,0.6028,2.4282,7.546,1.4243,397.0214,44.419,synthetic_prototype_v1
BAT-00418,1.5724,2.403,41.1646,2.1208,194.5838,43.0836,synthetic_prototype_v1
BAT-00419,1.4664,0.2856,21.2552,0.5421,42.6765,88.1812,synthetic_prototype_v1
BAT-00420,1.9994,0.3893,28.6952,2.8945,170.4341,40.9279,synthetic_prototype_v1
BAT-00421,0.6779,2.0357,5.6185,1.3677,209.051,49.729,synthetic_prototype_v1
BAT-00422,2.1012,2.8589,33.0329,0.8767,71.8313,41.7253,synthetic_prototype_v1
BAT-00423,1.6104,0.816,40.8695,2.2427,41.2304,45.0471,synthetic_prototype_v1
BAT-00424,1.5018,0.8469,28.3418,0.5654,167.6011,69.5272,synthetic_prototype_v1
BAT-00425,2.2798,2.2321,19.0331,1.5006,263.393,51.0194,synthetic_prototype_v1
BAT-00426,1.8045,1.1154,31.9703,1.2507,276.4962,54.4491,synthetic_prototype_v1
BAT-00427,0.8426,2.3747,3.2174,1.6576,139.9492,46.4015,synthetic_prototype_v1
BAT-00428,0.6196,1.106,40.1675,0.9238,96.2144,50.9992,synthetic_prototype_v1
BAT-00429,2.3973,1.1624,13.3303,2.4057,200.023,49.9299,synthetic_prototype_v1
BAT-00430,1.3455,0.3118,15.7099,1.7699,357.8184,54.9392,synthetic_prototype_v1
BAT-00431,1.6328,0.2436,8.0544,2.6462,425.9281,47.3052,synthetic_prototype_v1
BAT-00432,1.0134,0.9719,21.2901,0.4948,146.5096,67.3136,synthetic_prototype_v1
BAT-00433,2.1549,1.946,38.5804,1.5248,139.9728,49.3519,synthetic_prototype_v1
BAT-00434,0.5947,2.6196,25.7131,1.0705,344.8317,42.0294,synthetic_prototype_v1
BAT-00435,2.2428,0.5903,37.8807,1.587,179.3009,53.8892,synthetic_prototype_v1
BAT-00436,1.3734,1.5084,24.5199,2.1438,135.047,53.3982,synthetic_prototype_v1
BAT-00437,0.8954,0.3894,23.4403,0.24,193.5699,63.1663,synthetic_prototype_v1
BAT-00438,2.1095,2.6685,32.6532,0.9747,27.5998,40.5222,synthetic_prototype_v1
BAT-00439,0.5465,1.264,1.8667,1.3299,409.7852,41.9966,synthetic_prototype_v1
BAT-00440,1.1664,0.392,7.8853,0.5416,174.4276,57.5063,synthetic_prototype_v1
BAT-00441,1.1319,1.184,9.4473,2.9239,239.9782,40.0,synthetic_prototype_v1
BAT-00442,1.5678,0.7647,11.9964,0.2036,75.4142,65.4025,synthetic_prototype_v1
BAT-00443,2.3868,0.3204,5.5808,0.5057,499.0173,50.4467,synthetic_prototype_v1
BAT-00444,1.1893,0.4916,22.6513,2.6827,63.0677,43.1447,synthetic_prototype_v1
BAT-00445,2.4418,1.2378,20.076,0.8055,226.3389,55.6577,synthetic_prototype_v1
BAT-00446,0.7539,1.7824,49.2648,0.2178,248.236,42.3965,synthetic_prototype_v1
BAT-00447,0.6655,1.8108,13.8565,1.944,478.8602,48.323,synthetic_prototype_v1
BAT-00448,1.4768,0.4926,14.9071,0.5987,140.806,73.4426,synthetic_prototype_v1
BAT-00449,1.6314,0.8051,24.9859,0.4456,73.3033,78.5179,synthetic_prototype_v1
BAT-00450,0.7795,1.7899,29.5744,1.8861,342.012,54.9529,synthetic_prototype_v1
BAT-00451,1.0694,1.3492,39.8074,0.557,154.5288,51.6167,synthetic_prototype_v1
BAT-00452,1.7433,0.7014,18.788,0.4727,218.4483,67.2908,synthetic_prototype_v1
BAT-00453,1.1556,0.8002,45.6916,0.703,495.1122,41.3258,synthetic_prototype_v1
BAT-00454,2.0316,0.9017,23.149,1.0341,153.1,60.8882,synthetic_prototype_v1
BAT-00455,2.03,0.8887,44.2831,1.5999,355.4541,40.0,synthetic_prototype_v1
BAT-00456,1.6152,1.9519,4.6314,0.2547,203.5566,46.2053,synthetic_prototype_v1
BAT-00457,1.8484,1.5909,13.5432,0.5383,264.1688,51.9437,synthetic_prototype_v1
BAT-00458,2.4896,2.0312,17.7456,1.1396,132.6231,49.3478,synthetic_prototype_v1
BAT-00459,1.4008,0.5601,29.7069,0.5909,65.16,78.2286,synthetic_prototype_v1
BAT-00460,1.447,1.2096,14.9061,1.8724,129.1384,53.8024,synthetic_prototype_v1
BAT-00461,2.0542,0.3031,20.3766,0.9565,69.5652,63.9179,synthetic_prototype_v1
BAT-00462,1.5582,0.6939,19.1038,0.9147,58.9291,81.9487,synthetic_prototype_v1
BAT-00463,1.275,0.2,22.5607,0.4442,35.7653,88.4212,synthetic_prototype_v1
BAT-00464,1.0721,0.7156,5.2802,2.5611,340.0338,43.9438,synthetic_prototype_v1
BAT-00465,1.6033,0.2862,6.9749,0.6449,198.5319,57.6318,synthetic_prototype_v1
BAT-00466,2.3524,1.6793,35.334,0.2419,404.7095,46.812,synthetic_prototype_v1
BAT-00467,1.7382,0.2284,37.7848,0.2632,218.4444,53.2806,synthetic_prototype_v1
BAT-00468,1.0147,1.3125,42.0171,0.4634,457.7562,43.0751,synthetic_prototype_v1
BAT-00469,1.0159,0.5528,21.298,0.9863,180.4251,68.5026,synthetic_prototype_v1
BAT-00470,1.9795,0.6491,46.5857,1.4674,494.8759,40.936,synthetic_prototype_v1
BAT-00471,0.9154,1.059,34.9274,0.4214,408.3439,54.1966,synthetic_prototype_v1
BAT-00472,0.8762,1.8711,45.8193,0.8313,164.8213,40.0,synthetic_prototype_v1
BAT-00473,2.235,1.4077,28.7231,2.3037,227.7694,47.4221,synthetic_prototype_v1
BAT-00474,1.7047,0.9634,20.2667,1.1237,105.6095,69.886,synthetic_prototype_v1
BAT-00475,0.7092,2.3037,16.6208,0.4125,40.3707,45.8279,synthetic_prototype_v1
BAT-00476,2.4835,0.4823,42.862,0.6546,72.9955,40.303,synthetic_prototype_v1
BAT-00477,2.124,0.69,27.7856,2.3959,411.4642,45.6658,synthetic_prototype_v1
BAT-00478,1.8051,0.5427,8.8424,1.8136,201.09,53.2938,synthetic_prototype_v1
BAT-00479,1.7405,1.1522,25.9153,0.6857,28.2692,76.2329,synthetic_prototype_v1
BAT-00480,1.9462,0.5738,18.7045,1.7586,411.6772,52.2003,synthetic_prototype_v1
BAT-00481,1.3081,0.7897,12.2811,0.8387,75.4806,69.9813,synthetic_prototype_v1
BAT-00482,2.2023,0.2028,49.9432,2.9694,219.8239,40.0,synthetic_prototype_v1
BAT-00483,1.581,2.1702,44.1766,0.5165,497.7352,41.9807,synthetic_prototype_v1
BAT-00484,1.4128,1.0817,0.1436,1.1341,394.375,41.6004,synthetic_prototype_v1
BAT-00485,1.2024,0.7548,18.3041,0.4787,195.3088,70.3507,synthetic_prototype_v1
BAT-00486,1.6043,2.9879,23.2343,2.1521,471.0089,40.0,synthetic_prototype_v1
BAT-00487,1.4843,0.8943,33.5182,0.8753,465.6039,53.6262,synthetic_prototype_v1
BAT-00488,1.4904,0.3784,28.5473,0.4625,35.2886,81.5975,synthetic_prototype_v1
BAT-00489,1.785,1.3762,12.745,2.8084,425.0858,42.4845,synthetic_prototype_v1
BAT-00490,1.1444,2.6593,36.3574,1.052,21.9636,45.6043,synthetic_prototype_v1
BAT-00491,1.3063,0.7314,21.6875,2.861,444.3962,40.0,synthetic_prototype_v1
BAT-00492,0.5215,2.2198,7.7951,0.7956,200.6248,46.523,synthetic_prototype_v1
BAT-00493,0.8443,0.2,31.7332,0.8904,89.113,63.2875,synthetic_prototype_v1
BAT-00494,1.3924,0.2931,24.2962,0.426,145.3551,74.9412,synthetic_prototype_v1
BAT-00495,1.6605,0.9952,38.6806,0.5372,264.1135,49.5994,synthetic_prototype_v1
BAT-00496,1.5424,0.6394,13.4131,0.7953,133.7302,71.3154,synthetic_prototype_v1
BAT-00497,0.9817,2.185,11.3421,0.3762,45.1044,51.0583,synthetic_prototype_v1
BAT-00498,1.5292,1.8695,21.2933,0.2405,77.2174,57.7823,synthetic_prototype_v1
BAT-00499,1.9164,0.6932,18.2772,0.52,93.4019,69.2703,synthetic_prototype_v1
BAT-00500,1.4911,0.9517,21.7527,0.8497,36.4646,86.6986,synthetic_prototype_v1
BAT-00501,1.811,2.4843,1.8603,0.6126,141.2179,40.0,synthetic_prototype_v1
BAT-00502,1.7621,1.941,6.158,2.8153,135.3415,40.2078,synthetic_prototype_v1
BAT-00503,1.6349,1.1511,4.6673,1.0221,91.6119,53.5016,synthetic_prototype_v1
BAT-00504,1.0329,2.784,39.2983,1.8824,326.3229,40.8737,synthetic_prototype_v1
BAT-00505,1.6005,1.3968,42.7042,1.2596,78.5748,43.3303,synthetic_prototype_v1
BAT-00506,2.1054,1.3657,33.661,2.6968,125.9255,45.2194,synthetic_prototype_v1
BAT-00507,2.1888,0.4163,26.0076,1.206,167.7721,54.0222,synthetic_prototype_v1
BAT-00508,2.0936,0.4249,29.1531,0.6041,129.3536,60.023,synthetic_prototype_v1
BAT-00509,2.3719,1.1684,1.2908,2.3672,50.0366,40.0,synthetic_prototype_v1
BAT-00510,1.411,0.5591,18.8438,0.5399,32.5102,91.3489,synthetic_prototype_v1
BAT-00511,2.0784,0.6618,20.8239,0.2,109.4579,63.0353,synthetic_prototype_v1
BAT-00512,0.9166,1.0962,28.6752,0.6395,29.6926,68.2566,synthetic_prototype_v1
BAT-00513,0.8009,1.1694,7.7798,0.8827,362.5719,52.2954,synthetic_prototype_v1
BAT-00514,1.971,0.2215,25.4313,0.6713,64.74,66.9979,synthetic_prototype_v1
BAT-00515,0.8079,2.6293,7.8387,1.2319,142.9355,42.3463,synthetic_prototype_v1
BAT-00516,1.0383,1.7017,11.3871,1.8538,472.3812,47.4055,synthetic_prototype_v1
BAT-00517,2.1853,0.5485,30.5436,0.6432,356.2875,51.4876,synthetic_prototype_v1
BAT-00518,0.7796,0.4966,21.3317,2.5564,204.067,44.6327,synthetic_prototype_v1
BAT-00519,1.0872,1.522,28.867,2.015,247.1477,54.2188,synthetic_prototype_v1
BAT-00520,1.1673,1.8068,9.7051,0.7668,402.3543,49.9791,synthetic_prototype_v1
BAT-00521,2.0147,0.2715,41.9156,1.2111,76.0067,45.4154,synthetic_prototype_v1
BAT-00522,1.3507,0.3613,9.7754,0.5455,184.1528,64.2385,synthetic_prototype_v1
BAT-00523,1.269,0.8795,12.4668,2.8104,487.6938,42.554,synthetic_prototype_v1
BAT-00524,1.382,0.5859,13.9858,0.8129,139.1777,72.7486,synthetic_prototype_v1
BAT-00525,2.3385,1.3422,0.9847,1.0746,124.088,40.0,synthetic_prototype_v1
BAT-00526,0.5945,1.0602,27.723,0.3249,303.7468,51.5581,synthetic_prototype_v1
BAT-00527,1.6354,1.3309,23.4326,0.373,109.0924,68.1174,synthetic_prototype_v1
BAT-00528,1.9669,1.045,46.3294,1.0271,385.0197,40.8583,synthetic_prototype_v1
BAT-00529,1.4141,0.6064,14.2386,1.156,185.4175,61.5754,synthetic_prototype_v1
BAT-00530,0.5832,0.6702,7.2636,2.5675,449.0899,43.0217,synthetic_prototype_v1
BAT-00531,1.4124,0.3638,25.3081,0.6184,20.4574,91.57,synthetic_prototype_v1
BAT-00532,1.1427,0.3407,13.3196,0.2766,132.1254,62.3791,synthetic_prototype_v1
BAT-00533,2.3196,1.4965,36.5582,0.2387,107.9941,50.9885,synthetic_prototype_v1
BAT-00534,0.8614,2.8353,34.9148,2.6099,261.4792,42.3803,synthetic_prototype_v1
BAT-00535,2.1019,1.2584,15.1829,2.0356,222.3762,49.5206,synthetic_prototype_v1
BAT-00536,1.238,1.2197,32.4742,1.7249,15.9597,60.2135,synthetic_prototype_v1
BAT-00537,0.8032,0.3028,12.044,0.6974,150.2046,53.7064,synthetic_prototype_v1
BAT-00538,2.2608,1.9361,7.8206,1.7991,444.7338,50.102,synthetic_prototype_v1
BAT-00539,1.6247,0.2754,29.9512,0.7584,44.6721,73.0006,synthetic_prototype_v1
BAT-00540,1.3447,0.4853,21.4811,0.4711,208.181,72.6912,synthetic_prototype_v1
BAT-00541,2.3263,0.3828,16.0889,2.8512,126.638,40.0,synthetic_prototype_v1
BAT-00542,2.4024,1.7369,14.7311,1.3571,77.2008,48.0041,synthetic_prototype_v1
BAT-00543,1.9895,0.4308,40.0124,2.908,11.9317,44.176,synthetic_prototype_v1
BAT-00544,2.0005,1.5756,10.2237,0.4189,43.3233,54.4257,synthetic_prototype_v1
BAT-00545,0.7878,1.8684,7.3269,0.2727,397.8706,48.7895,synthetic_prototype_v1
BAT-00546,1.105,1.7698,5.6716,2.6524,349.5212,41.7802,synthetic_prototype_v1
BAT-00547,1.5369,0.5121,21.4095,0.8344,36.3077,88.3746,synthetic_prototype_v1
BAT-00548,1.5118,0.6256,32.3751,0.7544,97.3473,68.213,synthetic_prototype_v1
BAT-00549,0.6978,1.9081,30.3486,0.2989,280.2878,52.1349,synthetic_prototype_v1
BAT-00550,1.8413,0.7527,19.339,0.8006,221.8032,62.3973,synthetic_prototype_v1
BAT-00551,1.1803,0.878,13.8945,0.7832,161.2118,63.2167,synthetic_prototype_v1
BAT-00552,1.7693,1.9047,37.7216,2.792,174.3368,45.64,synthetic_prototype_v1
BAT-00553,0.7357,2.7105,46.8656,2.2961,444.2185,41.0631,synthetic_prototype_v1
BAT-00554,2.0895,1.3912,43.1746,1.1676,431.3285,41.9799,synthetic_prototype_v1
BAT-00555,0.8861,1.4527,18.778,1.2207,404.5947,53.7864,synthetic_prototype_v1
BAT-00556,1.203,0.4332,26.7117,0.7191,228.4396,66.3879,synthetic_prototype_v1
BAT-00557,2.2563,1.5936,25.2828,1.0839,187.0419,50.3621,synthetic_prototype_v1
BAT-00558,0.7455,2.2715,48.9185,0.463,311.9926,44.4828,synthetic_prototype_v1
BAT-00559,1.1616,0.282,23.6843,0.5397,68.2574,80.4742,synthetic_prototype_v1
BAT-00560,1.8054,2.1869,20.1524,1.264,387.7614,46.733,synthetic_prototype_v1
BAT-00561,2.0223,1.9198,2.6044,2.3869,393.1961,41.6646,synthetic_prototype_v1
BAT-00562,1.76,1.9795,28.1352,1.2441,365.0694,51.3324,synthetic_prototype_v1
BAT-00563,0.7033,0.5552,37.2943,0.4857,492.9743,51.4399,synthetic_prototype_v1
BAT-00564,0.7314,1.1276,34.6549,1.3391,248.6146,51.0385,synthetic_prototype_v1
BAT-00565,1.5174,1.0088,24.428,0.3745,101.9158,77.3813,synthetic_prototype_v1
BAT-00566,1.259,0.3626,15.8817,0.8817,240.0373,64.9361,synthetic_prototype_v1
BAT-00567,0.8736,0.8155,24.9386,0.4511,131.9051,66.3091,synthetic_prototype_v1
BAT-00568,1.1005,1.3586,0.3391,2.9669,213.061,41.6748,synthetic_prototype_v1
BAT-00569,0.8861,0.6186,48.1829,1.5136,98.1685,41.8902,synthetic_prototype_v1
BAT-00570,1.3371,1.0911,31.694,2.5139,169.7188,43.572,synthetic_prototype_v1
BAT-00571,1.9921,0.3969,35.3374,1.1936,264.6596,53.503,synthetic_prototype_v1
BAT-00572,1.7339,0.7556,26.5949,0.3214,35.8519,80.0419,synthetic_prototype_v1
BAT-00573,1.7832,0.4041,29.9496,0.2,186.069,62.6695,synthetic_prototype_v1
BAT-00574,0.8066,2.5705,21.6867,0.3554,403.0955,46.6949,synthetic_prototype_v1
BAT-00575,0.5847,2.6824,44.1691,1.305,231.798,40.0,synthetic_prototype_v1
BAT-00576,1.3058,2.5405,29.0902,0.7913,187.5137,44.9408,synthetic_prototype_v1
BAT-00577,2.0487,0.6287,4.4434,0.869,157.8397,46.5935,synthetic_prototype_v1
BAT-00578,1.8661,0.8757,11.7946,0.72,309.3088,55.2864,synthetic_prototype_v1
BAT-00579,1.2231,2.1187,18.3096,1.2134,204.8099,52.9437,synthetic_prototype_v1
BAT-00580,1.2689,0.696,15.7441,0.2417,232.4214,65.0834,synthetic_prototype_v1
BAT-00581,1.742,0.5713,16.9446,0.6904,156.4276,66.2851,synthetic_prototype_v1
BAT-00582,1.663,0.2359,23.7451,0.422,93.0615,72.0782,synthetic_prototype_v1
BAT-00583,1.4961,0.846,19.9104,0.7177,152.1682,78.0529,synthetic_prototype_v1
BAT-00584,1.5739,0.4228,24.9737,0.7535,101.2002,78.8154,synthetic_prototype_v1
BAT-00585,1.7035,2.1747,1.653,1.903,306.1087,43.6081,synthetic_prototype_v1
BAT-00586,1.5654,0.6683,26.9614,0.2461,216.0354,67.3784,synthetic_prototype_v1
BAT-00587,1.5429,1.9395,48.8335,0.6107,76.0723,40.0,synthetic_prototype_v1
BAT-00588,1.5975,0.3489,14.8579,0.5538,177.8418,66.5599,synthetic_prototype_v1
BAT-00589,1.1751,0.6269,16.2183,0.8056,167.5641,67.6611,synthetic_prototype_v1
BAT-00590,1.8257,0.3514,39.2722,2.8527,454.7555,40.4046,synthetic_prototype_v1
BAT-00591,2.0075,2.9385,47.7992,1.903,194.3491,42.3967,synthetic_prototype_v1
BAT-00592,1.7127,2.406,32.6741,1.2096,362.4506,44.5433,synthetic_prototype_v1
BAT-00593,2.0373,2.9568,26.3511,1.3348,206.0432,41.8213,synthetic_prototype_v1
BAT-00594,1.6624,1.0387,14.2049,0.9332,201.4353,61.6458,synthetic_prototype_v1
BAT-00595,1.3272,0.2,15.2247,0.2,175.3135,63.5962,synthetic_prototype_v1
BAT-00596,1.996,2.5967,29.8419,1.7351,499.536,42.2503,synthetic_prototype_v1
BAT-00597,1.5521,2.1775,25.5219,0.2932,81.3918,50.5799,synthetic_prototype_v1
BAT-00598,1.7496,0.2,15.4538,0.7599,31.6373,75.4849,synthetic_prototype_v1
BAT-00599,1.7144,2.6688,42.2893,2.2107,452.4019,40.0,synthetic_prototype_v1
BAT-00600,1.8286,2.4416,47.8796,0.9654,487.3326,40.0,synthetic_prototype_v1
BAT-00601,0.7106,1.4087,32.2974,1.053,382.0713,52.4998,synthetic_prototype_v1
BAT-00602,2.3053,0.4476,12.5255,2.6051,64.4656,44.7338,synthetic_prototype_v1
BAT-00603,1.6439,2.2356,41.4465,0.2296,248.8958,45.3493,synthetic_prototype_v1
BAT-00604,1.3386,1.8493,17.6041,1.2923,262.0919,53.6411,synthetic_prototype_v1
BAT-00605,1.2841,0.9146,4.9205,1.8157,319.4269,52.7603,synthetic_prototype_v1
BAT-00606,0.5643,0.3144,33.0088,2.2275,340.2083,46.5459,synthetic_prototype_v1
BAT-00607,0.9914,0.5568,35.4109,2.9609,198.3697,42.1256,synthetic_prototype_v1
BAT-00608,0.7999,1.3535,49.0592,2.1228,35.6094,41.9169,synthetic_prototype_v1
BAT-00609,2.2056,0.3045,2.1671,0.754,165.4737,40.0,synthetic_prototype_v1
BAT-00610,1.9677,0.5178,17.3537,0.6923,192.6815,59.9234,synthetic_prototype_v1
BAT-00611,1.2658,0.4384,26.9561,0.4463,154.7585,72.6722,synthetic_prototype_v1
BAT-00612,2.4721,1.1558,11.5106,1.0457,71.1948,49.5212,synthetic_prototype_v1
BAT-00613,0.5419,0.6423,11.1551,1.0943,200.3682,51.7607,synthetic_prototype_v1
BAT-00614,1.9563,0.3277,20.9009,0.7518,89.651,66.7293,synthetic_prototype_v1
BAT-00615,1.5197,0.9459,20.8136,0.8192,93.1176,80.0193,synthetic_prototype_v1
BAT-00616,1.6175,0.8673,20.6936,0.3221,131.3426,74.3554,synthetic_prototype_v1
BAT-00617,1.7403,1.039,32.7468,1.286,280.1703,52.4861,synthetic_prototype_v1
BAT-00618,1.1961,2.4512,41.039,0.421,372.1748,43.8078,synthetic_prototype_v1
BAT-00619,2.2861,1.0999,7.3667,1.9153,181.9387,45.9634,synthetic_prototype_v1
BAT-00620,1.7711,2.859,38.6948,0.9701,37.7433,40.8827,synthetic_prototype_v1
BAT-00621,0.7146,1.0155,40.4466,1.774,191.6962,48.817,synthetic_prototype_v1
BAT-00622,1.4648,2.8337,29.7497,0.6527,354.3346,43.014,synthetic_prototype_v1
BAT-00623,1.8003,2.69,35.5444,2.9253,296.7818,41.0756,synthetic_prototype_v1
BAT-00624,1.5638,2.2868,18.5751,2.6258,302.5398,42.0446,synthetic_prototype_v1
BAT-00625,1.9756,2.8915,2.5804,1.2925,496.734,41.7051,synthetic_prototype_v1
BAT-00626,1.7244,1.1942,3.0232,2.4195,113.1516,41.4346,synthetic_prototype_v1
BAT-00627,2.208,2.4139,1.7695,0.2634,36.42,41.2169,synthetic_prototype_v1
BAT-00628,2.4836,1.4626,28.2525,1.9921,328.9997,50.0856,synthetic_prototype_v1
BAT-00629,1.979,0.8591,29.479,0.5682,166.7674,60.3737,synthetic_prototype_v1
BAT-00630,1.5255,0.2349,23.2876,1.929,451.3755,53.3877,synthetic_prototype_v1
BAT-00631,0.7805,2.5447,32.8878,2.6829,464.7976,40.0,synthetic_prototype_v1
BAT-00632,2.2492,0.5204,45.9212,2.3805,218.4274,40.0,synthetic_prototype_v1
BAT-00633,1.5013,0.8804,16.078,2.4136,155.9114,45.2209,synthetic_prototype_v1
BAT-00634,1.4366,1.0628,0.0478,2.4093,255.1017,44.997,synthetic_prototype_v1
BAT-00635,1.0317,1.286,36.2981,2.8465,93.8092,41.6679,synthetic_prototype_v1
BAT-00636,1.2607,0.8067,15.0473,0.3685,232.9093,64.5022,synthetic_prototype_v1
BAT-00637,0.6019,0.9699,12.389,0.3065,148.517,52.8022,synthetic_prototype_v1
BAT-00638,0.7183,0.3279,7.7773,2.5439,161.6006,45.6587,synthetic_prototype_v1
BAT-00639,1.4619,0.4121,19.8942,0.5335,245.7505,67.8317,synthetic_prototype_v1
BAT-00640,1.0567,0.6514,19.1428,0.2861,212.3467,64.4552,synthetic_prototype_v1
BAT-00641,2.2302,2.2761,45.6069,0.432,335.2947,40.0,synthetic_prototype_v1
BAT-00642,0.9277,2.5927,7.2226,2.7135,412.4262,41.6636,synthetic_prototype_v1
BAT-00643,1.3522,0.4154,21.3891,0.6051,158.6521,76.3635,synthetic_prototype_v1
BAT-00644,2.2567,2.7264,28.5241,1.5747,183.3154,40.0,synthetic_prototype_v1
BAT-00645,0.501,0.9788,47.1382,2.0215,480.924,40.0,synthetic_prototype_v1
BAT-00646,2.0659,0.2188,7.7257,2.978,276.4265,40.2274,synthetic_prototype_v1
BAT-00647,0.9303,1.6172,21.8895,1.3687,320.6211,49.3164,synthetic_prototype_v1
BAT-00648,1.3738,0.558,25.9345,0.2026,162.0299,74.0182,synthetic_prototype_v1
BAT-00649,0.9316,0.2,28.1729,0.8083,36.2601,71.4173,synthetic_prototype_v1
BAT-00650,0.5,0.2357,34.5343,1.1551,31.1685,57.1667,synthetic_prototype_v1
BAT-00651,0.9565,1.1977,32.0532,0.6077,27.3339,62.1855,synthetic_prototype_v1
BAT-00652,1.8896,1.7768,25.9407,2.4408,357.604,44.6784,synthetic_prototype_v1
BAT-00653,1.5163,1.6084,1.8637,1.1573,79.6007,40.0,synthetic_prototype_v1
BAT-00654,1.184,0.3754,30.6871,0.9945,26.7097,73.7193,synthetic_prototype_v1
BAT-00655,1.9212,0.4165,14.2038,0.7268,249.2884,55.555,synthetic_prototype_v1
BAT-00656,2.2381,1.6541,19.3653,0.6738,160.826,52.9298,synthetic_prototype_v1
BAT-00657,1.959,0.3353,19.4785,0.3578,80.5837,67.4281,synthetic_prototype_v1
BAT-00658,1.3529,0.5095,22.4139,0.836,186.105,73.4587,synthetic_prototype_v1
BAT-00659,1.417,0.795,19.9194,0.7086,139.714,75.3125,synthetic_prototype_v1
BAT-00660,1.2965,0.8143,28.6298,0.4531,125.3196,71.005,synthetic_prototype_v1
BAT-00661,0.8626,2.264,6.6364,1.1684,406.9433,46.3115,synthetic_prototype_v1
BAT-00662,0.9624,0.7208,25.0547,1.0955,200.7837,62.8394,synthetic_prototype_v1
BAT-00663,1.6114,0.4253,30.5541,0.5428,177.615,66.0355,synthetic_prototype_v1
BAT-00664,0.7214,2.4678,6.4626,0.3088,438.9651,43.0144,synthetic_prototype_v1
BAT-00665,1.9076,1.1528,38.4409,2.8803,79.9831,42.8433,synthetic_prototype_v1
BAT-00666,0.836,0.8963,6.4524,1.7607,102.829,52.8542,synthetic_prototype_v1
BAT-00667,0.7842,1.8389,3.1352,1.8755,377.9977,41.4892,synthetic_prototype_v1
BAT-00668,1.4914,0.4879,19.2935,0.9145,43.4324,86.1079,synthetic_prototype_v1
BAT-00669,1.4107,2.1067,36.8632,1.6257,105.7736,51.5749,synthetic_prototype_v1
BAT-00670,2.4423,1.153,31.4455,2.4012,67.0175,46.6051,synthetic_prototype_v1
BAT-00671,0.5893,0.7212,4.2954,1.6713,462.2721,43.467,synthetic_prototype_v1
BAT-00672,1.557,1.2466,25.989,0.5553,53.3776,75.2931,synthetic_prototype_v1
BAT-00673,1.2501,0.3544,31.382,0.6194,149.5825,65.9665,synthetic_prototype_v1
BAT-00674,1.6071,1.7613,22.7992,1.6475,497.018,49.9736,synthetic_prototype_v1
BAT-00675,1.376,0.2,16.9355,0.7384,83.2108,73.8706,synthetic_prototype_v1
BAT-00676,1.2165,0.9825,19.668,0.7499,65.9705,77.984,synthetic_prototype_v1
BAT-00677,1.2226,1.5205,18.4192,1.8093,10.0612,59.2466,synthetic_prototype_v1
BAT-00678,1.1991,2.6989,35.8463,0.6091,355.8356,40.8698,synthetic_prototype_v1
BAT-00679,0.5332,0.5751,35.162,2.2419,389.1814,47.6336,synthetic_prototype_v1
BAT-00680,0.8257,0.7842,17.4313,0.2894,222.7073,56.8105,synthetic_prototype_v1
BAT-00681,1.6845,0.6058,46.7601,0.8813,88.6112,40.0,synthetic_prototype_v1
BAT-00682,1.9715,0.3288,19.3824,1.1065,181.9059,58.5231,synthetic_prototype_v1
BAT-00683,0.5702,0.9812,5.6173,2.9255,259.4818,40.0,synthetic_prototype_v1
BAT-00684,1.7846,2.5427,33.3066,0.5699,20.8745,46.5843,synthetic_prototype_v1
BAT-00685,1.8591,1.5165,45.833,2.685,79.3141,42.059,synthetic_prototype_v1
BAT-00686,1.19,0.4827,24.123,0.2165,95.6978,76.1961,synthetic_prototype_v1
BAT-00687,1.752,1.2268,45.832,1.9474,96.2521,40.0,synthetic_prototype_v1
BAT-00688,1.5244,0.5802,12.0572,0.7809,136.9538,69.2586,synthetic_prototype_v1
BAT-00689,0.65,2.0496,20.8708,1.6868,449.4716,52.3139,synthetic_prototype_v1
BAT-00690,1.1507,1.5764,42.3675,2.6853,193.5758,42.9327,synthetic_prototype_v1
BAT-00691,0.905,1.3677,5.537,2.8789,36.0928,42.4365,synthetic_prototype_v1
BAT-00692,1.6086,0.6396,43.193,2.2359,273.0564,40.0,synthetic_prototype_v1
BAT-00693,1.2327,2.0828,15.58,2.8793,87.8323,40.0,synthetic_prototype_v1
BAT-00694,2.0644,1.6085,0.7374,1.3781,448.857,40.0,synthetic_prototype_v1
BAT-00695,1.9124,0.5053,28.1933,0.6183,88.0869,70.2574,synthetic_prototype_v1
BAT-00696,1.2041,2.9925,34.7892,1.9672,214.1908,42.0278,synthetic_prototype_v1
BAT-00697,1.8795,0.6305,48.0767,0.789,497.1858,40.0,synthetic_prototype_v1
BAT-00698,2.3921,1.1083,48.5788,0.916,253.4405,40.0,synthetic_prototype_v1
BAT-00699,1.5847,1.2666,17.0852,2.302,431.3019,48.9486,synthetic_prototype_v1
BAT-00700,0.9683,0.3256,31.8374,0.8848,48.6847,65.2454,synthetic_prototype_v1
BAT-00701,2.4808,0.5581,6.4189,2.9349,116.3648,41.1307,synthetic_prototype_v1
BAT-00702,1.5405,0.3132,38.9627,0.3607,255.2676,54.0999,synthetic_prototype_v1
BAT-00703,1.5622,0.2791,16.6978,0.5281,97.8976,76.686,synthetic_prototype_v1
BAT-00704,1.4516,0.5729,19.8443,0.644,165.2509,75.2146,synthetic_prototype_v1
BAT-00705,1.6449,0.2,25.929,1.0241,134.9593,67.81,synthetic_prototype_v1
BAT-00706,1.0965,0.8599,16.4898,0.6742,182.2961,69.5294,synthetic_prototype_v1
BAT-00707,1.9097,0.8208,40.425,2.9376,395.7304,40.0,synthetic_prototype_v1
BAT-00708,0.9488,2.2534,14.5418,1.8963,204.5537,46.1258,synthetic_prototype_v1
BAT-00709,2.2834,0.9273,10.82,2.7287,138.1042,45.2932,synthetic_prototype_v1
BAT-00710,1.6124,0.8213,24.0071,1.7597,56.0292,61.4206,synthetic_prototype_v1
BAT-00711,1.2369,0.2808,21.3503,0.2,236.0911,68.342,synthetic_prototype_v1
BAT-00712,2.4862,1.6313,0.5069,1.9999,163.0785,42.4818,synthetic_prototype_v1
BAT-00713,1.1417,0.8659,49.6733,2.1615,335.519,40.0,synthetic_prototype_v1
BAT-00714,0.8752,1.1595,6.1472,1.5888,413.111,50.3454,synthetic_prototype_v1
BAT-00715,1.5424,0.3691,21.9442,0.2,40.2026,80.9865,synthetic_prototype_v1
BAT-00716,1.2846,0.9066,19.9106,0.4932,72.3195,80.0026,synthetic_prototype_v1
BAT-00717,1.4959,0.399,44.2585,2.0164,72.8134,40.0,synthetic_prototype_v1
BAT-00718,1.524,0.4413,20.1935,0.484,28.273,88.7764,synthetic_prototype_v1
BAT-00719,1.3268,1.4057,3.961,2.1866,216.9514,40.0,synthetic_prototype_v1
BAT-00720,1.9858,2.279,0.2751,1.9727,340.5958,40.0,synthetic_prototype_v1
BAT-00721,2.3721,0.3369,29.8668,0.2395,206.3287,53.6854,synthetic_prototype_v1
BAT-00722,1.3525,0.8378,34.1538,1.1838,465.0114,53.0668,synthetic_prototype_v1
BAT-00723,1.1795,0.6301,19.696,0.9764,240.7141,67.7924,synthetic_prototype_v1
BAT-00724,0.9048,0.7814,42.0716,2.7279,27.2892,40.0,synthetic_prototype_v1
BAT-00725,1.2535,0.5632,17.6367,2.6243,242.1396,43.0521,synthetic_prototype_v1
BAT-00726,2.3556,2.4117,21.0637,0.8464,382.5898,50.2421,synthetic_prototype_v1
BAT-00727,1.5144,0.4094,16.6742,0.3441,35.8768,83.109,synthetic_prototype_v1
BAT-00728,1.8751,2.9251,31.168,2.3497,299.9431,42.6874,synthetic_prototype_v1
BAT-00729,0.7767,0.3703,36.1264,2.8534,443.957,40.6881,synthetic_prototype_v1
BAT-00730,1.9935,0.5518,12.7355,0.7412,398.0135,56.764,synthetic_prototype_v1
BAT-00731,1.3236,0.9484,18.5025,1.1,391.9413,57.2423,synthetic_prototype_v1
BAT-00732,2.2323,0.2559,12.3406,0.2854,258.4526,55.9509,synthetic_prototype_v1
BAT-00733,0.8343,0.4323,20.0562,0.5161,167.9425,62.5525,synthetic_prototype_v1
BAT-00734,1.1662,2.4275,2.8529,2.2886,70.4868,40.846,synthetic_prototype_v1
BAT-00735,2.1545,1.4095,28.3679,1.9705,310.1388,51.0748,synthetic_prototype_v1
BAT-00736,1.5039,0.5606,21.9912,0.79,184.1008,75.2706,synthetic_prototype_v1
BAT-00737,1.2391,2.2282,41.1322,2.1078,472.9943,40.0,synthetic_prototype_v1
BAT-00738,1.6415,0.769,12.5452,0.8071,68.0413,68.0752,synthetic_prototype_v1
BAT-00739,0.9472,0.3363,21.101,1.6292,229.6511,55.0185,synthetic_prototype_v1
BAT-00740,1.09,1.4295,41.9156,1.5572,81.4717,44.1803,synthetic_prototype_v1
BAT-00741,2.1971,0.368,14.085,2.8439,493.4484,44.7639,synthetic_prototype_v1
BAT-00742,1.4973,1.9363,47.6983,2.0916,233.5847,40.0,synthetic_prototype_v1
BAT-00743,0.7969,2.2486,32.8585,2.2474,350.5552,43.8874,synthetic_prototype_v1
BAT-00744,0.9873,2.9002,45.5446,2.7228,101.8898,40.0,synthetic_prototype_v1
BAT-00745,1.9606,0.4905,28.0854,1.1909,60.9163,60.7665,synthetic_prototype_v1
BAT-00746,0.6126,0.8379,44.2105,1.5331,456.6252,40.4122,synthetic_prototype_v1
BAT-00747,1.1028,0.4171,30.6079,0.6908,483.3767,55.8906,synthetic_prototype_v1
BAT-00748,1.825,0.5198,23.8283,0.8109,120.2927,69.3117,synthetic_prototype_v1
BAT-00749,1.3276,0.6139,31.9517,0.9585,246.2549,61.6275,synthetic_prototype_v1
BAT-00750,2.2251,1.8665,26.5974,0.2237,426.9316,53.0976,synthetic_prototype_v1
BAT-00751,1.4422,1.3103,29.2534,0.309,334.2879,58.2469,synthetic_prototype_v1
BAT-00752,1.3431,0.5598,23.0661,0.8657,199.8565,72.797,synthetic_prototype_v1
BAT-00753,1.0501,1.5829,16.7718,1.3893,29.7139,55.3606,synthetic_prototype_v1
BAT-00754,1.0468,1.2336,6.8476,0.4701,23.051,58.1464,synthetic_prototype_v1
BAT-00755,0.9733,2.3225,46.5828,2.8206,174.4913,40.5242,synthetic_prototype_v1
BAT-00756,1.8015,0.2,20.7377,0.8136,50.8129,72.9047,synthetic_prototype_v1
BAT-00757,1.6719,2.3055,6.5838,1.3021,350.5247,46.2423,synthetic_prototype_v1
BAT-00758,1.7201,2.7434,6.9201,1.2848,217.7596,41.7822,synthetic_prototype_v1
BAT-00759,2.406,2.315,38.1335,0.2749,118.9412,45.4021,synthetic_prototype_v1
BAT-00760,1.835,0.2846,8.8634,0.5847,144.1714,56.0817,synthetic_prototype_v1
BAT-00761,0.5825,1.2258,36.3779,2.418,295.9574,48.8294,synthetic_prototype_v1
BAT-00762,1.1079,0.3963,43.4928,0.716,107.8114,42.3002,synthetic_prototype_v1
BAT-00763,1.3796,0.9801,10.8523,2.9066,96.3124,42.8242,synthetic_prototype_v1
BAT-00764,1.4155,0.232,33.6312,0.6412,108.6668,68.4804,synthetic_prototype_v1
BAT-00765,1.4772,2.1016,24.4715,0.9382,225.9486,52.866,synthetic_prototype_v1
BAT-00766,1.6437,0.9679,28.5361,2.2627,94.1915,48.2366,synthetic_prototype_v1
BAT-00767,1.1596,2.1653,16.132,0.9227,474.8414,46.8039,synthetic_prototype_v1
BAT-00768,1.3889,0.6975,19.9359,0.2,211.2506,68.621,synthetic_prototype_v1
BAT-00769,1.4859,0.9619,24.6674,1.1233,21.3565,82.5803,synthetic_prototype_v1
BAT-00770,0.8225,0.9143,15.3566,2.1772,496.8096,47.9391,synthetic_prototype_v1
BAT-00771,1.3937,1.2517,2.6923,1.6785,170.4183,42.8022,synthetic_prototype_v1
BAT-00772,2.377,0.3178,25.0034,2.93,497.5197,41.5894,synthetic_prototype_v1
BAT-00773,1.7172,0.4508,20.0247,0.5533,115.9101,73.2724,synthetic_prototype_v1
BAT-00774,2.2935,0.4051,27.8976,1.3326,399.9934,52.5111,synthetic_prototype_v1
BAT-00775,1.2905,0.7363,24.0079,0.5584,222.227,72.6473,synthetic_prototype_v1
BAT-00776,0.9403,1.7423,39.5501,1.9571,360.7172,50.5209,synthetic_prototype_v1
BAT-00777,1.7743,0.801,28.8231,0.592,27.1555,77.2944,synthetic_prototype_v1
BAT-00778,0.7498,1.9298,13.1286,2.7911,179.0566,41.1062,synthetic_prototype_v1
BAT-00779,2.0399,1.0518,27.2271,0.4798,70.3697,62.1726,synthetic_prototype_v1
BAT-00780,0.8864,0.4338,28.2989,0.4521,68.363,70.788,synthetic_prototype_v1
BAT-00781,1.3732,0.6734,26.91,0.7613,139.8512,79.5612,synthetic_prototype_v1
BAT-00782,1.2879,0.2853,16.5574,0.387,67.7714,78.6014,synthetic_prototype_v1
BAT-00783,2.1711,2.3926,2.7319,0.3572,178.1291,40.0,synthetic_prototype_v1
BAT-00784,1.6286,0.5324,20.3126,0.7461,86.0893,78.7152,synthetic_prototype_v1
BAT-00785,1.7058,0.835,17.4902,0.2003,204.581,65.7589,synthetic_prototype_v1
BAT-00786,1.9945,1.6009,31.5167,1.7998,141.7978,51.2745,synthetic_prototype_v1
BAT-00787,1.1282,0.5527,24.7539,1.0202,68.2624,77.2229,synthetic_prototype_v1
BAT-00788,0.7467,0.7461,23.3649,0.4343,204.0163,60.2724,synthetic_prototype_v1
BAT-00789,2.2714,0.251,45.2774,2.6008,245.3526,40.0,synthetic_prototype_v1
BAT-00790,2.4375,2.5852,13.5848,1.4514,354.3295,40.8386,synthetic_prototype_v1
BAT-00791,0.9988,1.1214,18.3078,1.8168,425.65,54.2981,synthetic_prototype_v1
BAT-00792,2.1293,1.729,26.4505,1.6018,62.3319,51.4941,synthetic_prototype_v1
BAT-00793,1.8614,0.5318,34.1447,2.9571,474.9427,40.384,synthetic_prototype_v1
BAT-00794,2.0091,2.1485,17.6737,1.0716,79.1095,51.2154,synthetic_prototype_v1
BAT-00795,1.4794,2.4732,42.276,2.5599,467.9601,40.0,synthetic_prototype_v1
BAT-00796,1.4545,2.3655,47.7764,1.5497,60.821,40.0,synthetic_prototype_v1
BAT-00797,2.3079,2.4205,43.5013,2.0383,76.9665,40.0,synthetic_prototype_v1
BAT-00798,1.3332,0.5386,33.4102,0.2628,31.5611,69.5485,synthetic_prototype_v1
BAT-00799,1.4365,1.5336,36.1414,2.1754,462.1897,47.7313,synthetic_prototype_v1
BAT-00800,1.1766,0.3444,42.5367,2.8752,434.636,40.0,synthetic_prototype_v1
BAT-00801,1.963,0.4366,13.5839,0.4955,165.9448,58.3631,synthetic_prototype_v1
BAT-00802,0.6033,1.798,30.7282,2.7785,220.7188,43.2129,synthetic_prototype_v1
BAT-00803,1.1613,0.8453,15.7054,0.7144,200.8598,65.2049,synthetic_prototype_v1
BAT-00804,0.9246,1.9577,26.391,2.9799,179.285,40.4741,synthetic_prototype_v1
BAT-00805,1.1289,1.1281,45.1931,2.1369,341.9863,42.4664,synthetic_prototype_v1
BAT-00806,1.4028,0.3635,15.4351,0.4197,103.4352,77.8272,synthetic_prototype_v1
BAT-00807,1.3544,0.2873,15.2005,0.492,79.4223,76.0008,synthetic_prototype_v1
BAT-00808,0.8527,1.4078,5.4951,1.1646,17.6869,52.8953,synthetic_prototype_v1
BAT-00809,0.7389,2.3094,21.2996,1.8028,152.0123,44.5589,synthetic_prototype_v1
BAT-00810,1.9734,2.869,41.1837,2.1734,89.3139,40.9827,synthetic_prototype_v1
BAT-00811,2.4972,1.4293,17.4698,1.4401,431.309,49.9278,synthetic_prototype_v1
BAT-00812,1.3173,2.7609,23.2624,1.2097,231.3929,40.0,synthetic_prototype_v1
BAT-00813,1.3676,0.7146,48.3707,0.3421,113.0467,41.423,synthetic_prototype_v1
BAT-00814,1.4804,0.3594,24.6605,0.5235,281.9782,66.5949,synthetic_prototype_v1
BAT-00815,0.7801,2.4574,33.1997,2.0542,183.2806,44.6042,synthetic_prototype_v1
BAT-00816,2.3067,2.7667,38.0138,1.8471,440.8452,41.5336,synthetic_prototype_v1
BAT-00817,1.9692,2.3412,39.1976,2.9849,129.6747,40.0,synthetic_prototype_v1
BAT-00818,1.4353,0.2734,35.2581,0.406,196.5301,57.0899,synthetic_prototype_v1
BAT-00819,2.3551,1.4169,7.3877,1.1269,480.1888,48.9698,synthetic_prototype_v1
BAT-00820,2.4856,1.3981,39.3535,2.4055,258.2744,44.3629,synthetic_prototype_v1
BAT-00821,0.9042,2.3232,26.8769,1.2038,439.3083,43.3212,synthetic_prototype_v1
BAT-00822,0.914,1.6691,11.9905,0.5119,432.2444,48.4948,synthetic_prototype_v1
BAT-00823,2.1291,0.9416,21.56,0.928,217.8793,56.0563,synthetic_prototype_v1
BAT-00824,1.5103,0.6885,49.846,2.0796,61.0915,40.2733,synthetic_prototype_v1
BAT-00825,1.6964,0.7125,25.9679,0.5901,178.4194,71.0061,synthetic_prototype_v1
BAT-00826,0.6034,0.6359,2.5477,1.6009,75.1508,41.8363,synthetic_prototype_v1
BAT-00827,1.7131,0.5658,13.526,1.0597,337.5554,55.6818,synthetic_prototype_v1
BAT-00828,1.1705,0.4546,19.7655,0.5867,236.1019,69.5103,synthetic_prototype_v1
BAT-00829,2.1968,1.3842,25.8804,0.7637,92.4874,58.5129,synthetic_prototype_v1
BAT-00830,1.4038,0.5884,21.5425,0.6499,228.7903,70.4679,synthetic_prototype_v1
BAT-00831,1.2252,0.8457,18.8634,0.6144,153.1883,76.2091,synthetic_prototype_v1
BAT-00832,1.2109,0.8951,22.4324,0.7771,193.2227,73.1547,synthetic_prototype_v1
BAT-00833,1.4806,0.4765,27.5248,0.4065,90.8408,79.0609,synthetic_prototype_v1
BAT-00834,0.9697,1.8278,33.49,2.5637,346.8731,44.8628,synthetic_prototype_v1
BAT-00835,0.5532,0.2564,9.7341,0.2249,103.2022,54.6465,synthetic_prototype_v1
BAT-00836,2.0492,0.6622,23.6028,1.9317,300.5669,50.4409,synthetic_prototype_v1
BAT-00837,2.4441,0.8301,47.3531,2.0679,157.5783,40.481,synthetic_prototype_v1
BAT-00838,1.9101,1.6289,39.8034,1.916,321.3731,51.0833,synthetic_prototype_v1
BAT-00839,0.7874,2.475,24.9334,1.373,89.6397,48.3751,synthetic_prototype_v1
BAT-00840,1.8021,0.3967,18.6209,0.8221,75.2065,74.1105,synthetic_prototype_v1
BAT-00841,2.3122,1.5878,39.8329,1.3258,370.4171,52.4262,synthetic_prototype_v1
BAT-00842,1.1473,0.6019,21.2501,0.973,165.6893,68.8189,synthetic_prototype_v1
BAT-00843,2.2005,0.2122,36.1964,1.3456,270.4214,50.2038,synthetic_prototype_v1
BAT-00844,1.7968,1.2177,45.4169,2.1985,290.6791,40.0,synthetic_prototype_v1
BAT-00845,1.4188,0.9037,23.5926,0.423,246.7466,69.594,synthetic_prototype_v1
BAT-00846,1.7374,2.1454,5.9063,2.1002,43.9457,50.2412,synthetic_prototype_v1
BAT-00847,2.0479,1.3514,12.8652,0.7463,464.4375,56.0556,synthetic_prototype_v1
BAT-00848,1.7898,0.5292,23.5598,0.3601,33.7647,81.2029,synthetic_prototype_v1
BAT-00849,1.8462,0.2,25.0754,0.8146,46.8254,70.3885,synthetic_prototype_v1
BAT-00850,1.5164,1.3676,32.4973,0.8347,214.8401,55.3582,synthetic_prototype_v1
BAT-00851,2.4045,2.9254,44.5788,1.3159,317.4907,40.9079,synthetic_prototype_v1
BAT-00852,1.1625,1.0648,20.4101,0.7723,215.3921,68.5601,synthetic_prototype_v1
BAT-00853,1.6994,1.117,37.4992,2.9782,47.0659,40.0,synthetic_prototype_v1
BAT-00854,1.3251,0.3798,17.602,2.9384,409.9954,40.0,synthetic_prototype_v1
BAT-00855,1.283,2.8513,45.4896,2.5122,150.013,41.0695,synthetic_prototype_v1
BAT-00856,1.5665,0.8886,14.002,1.9752,110.8122,53.805,synthetic_prototype_v1
BAT-00857,1.4926,0.7203,27.2152,0.6928,29.3669,85.4064,synthetic_prototype_v1
BAT-00858,1.4615,0.934,12.9498,0.2993,27.1959,73.0577,synthetic_prototype_v1
BAT-00859,1.661,0.2,31.5384,0.7704,170.2039,63.1324,synthetic_prototype_v1
BAT-00860,1.9904,1.652,7.8672,1.9988,307.2884,52.128,synthetic_prototype_v1
BAT-00861,1.3679,0.2913,35.3262,0.8403,89.6889,63.1851,synthetic_prototype_v1
BAT-00862,1.3027,2.9198,49.7431,2.8373,75.3744,40.0,synthetic_prototype_v1
BAT-00863,2.198,0.304,9.84,2.0255,114.5414,47.8023,synthetic_prototype_v1
BAT-00864,1.3899,2.7715,43.9548,2.5375,336.8362,40.2058,synthetic_prototype_v1
BAT-00865,1.786,1.4626,20.683,1.8962,385.2982,51.711,synthetic_prototype_v1
BAT-00866,1.0198,0.7518,35.3584,0.788,131.4634,58.7048,synthetic_prototype_v1
BAT-00867,0.5898,1.1932,34.0895,2.7187,341.9754,40.0,synthetic_prototype_v1
BAT-00868,2.25,1.6813,28.6548,2.9397,57.5742,41.1986,synthetic_prototype_v1
BAT-00869,1.1367,2.9299,18.9524,2.8838,128.5036,42.1953,synthetic_prototype_v1
BAT-00870,1.734,0.658,25.9736,0.5488,110.2742,75.3512,synthetic_prototype_v1
BAT-00871,2.1315,2.8126,1.1902,0.7587,460.3275,42.3311,synthetic_prototype_v1
BAT-00872,2.1564,0.2209,25.4437,1.6773,193.1204,53.3376,synthetic_prototype_v1
BAT-00873,1.7626,2.9344,7.6018,2.6881,302.6029,42.668,synthetic_prototype_v1
BAT-00874,1.0697,1.0694,21.9901,0.2819,91.6399,73.4229,synthetic_prototype_v1
BAT-00875,2.294,2.2173,29.4257,2.8088,126.2846,41.99,synthetic_prototype_v1
BAT-00876,1.8914,0.7276,20.7855,0.7733,113.5158,68.4666,synthetic_prototype_v1
BAT-00877,0.786,2.8548,22.0226,2.5854,374.699,40.0131,synthetic_prototype_v1
BAT-00878,1.4176,0.2,15.8868,0.2,89.8176,72.9022,synthetic_prototype_v1
BAT-00879,0.7475,1.8708,47.9971,2.1876,341.9172,42.6786,synthetic_prototype_v1
BAT-00880,0.7216,2.8246,18.7023,1.5973,447.4723,41.086,synthetic_prototype_v1
BAT-00881,2.4389,2.6538,27.2668,2.2843,103.6655,40.0,synthetic_prototype_v1
BAT-00882,1.2957,0.8796,21.7762,0.295,225.1229,68.7851,synthetic_prototype_v1
BAT-00883,1.7748,0.6737,24.4437,0.9284,95.5703,72.8476,synthetic_prototype_v1
BAT-00884,1.463,2.0056,41.7581,1.1623,425.938,44.8382,synthetic_prototype_v1
BAT-00885,1.1539,0.9172,22.1089,0.2604,188.6682,69.5088,synthetic_prototype_v1
BAT-00886,2.3033,2.9662,13.0586,2.4035,284.8309,40.0,synthetic_prototype_v1
BAT-00887,1.3629,0.5618,35.8124,0.5429,184.5341,57.8737,synthetic_prototype_v1
BAT-00888,0.6311,2.5766,40.8636,2.1456,119.193,40.5401,synthetic_prototype_v1
BAT-00889,1.0611,0.6678,23.6662,0.669,68.0495,77.3726,synthetic_prototype_v1
BAT-00890,1.9921,0.9163,21.9641,0.8324,195.5616,62.9502,synthetic_prototype_v1
BAT-00891,1.2029,0.488,24.7586,0.4239,219.4401,71.0213,synthetic_prototype_v1
BAT-00892,2.2137,1.7257,19.2162,1.5345,210.6017,48.828,synthetic_prototype_v1
BAT-00893,1.7326,0.8963,9.1364,0.3464,258.1524,56.301,synthetic_prototype_v1
BAT-00894,0.8115,0.2396,17.4541,0.6092,371.1194,57.9052,synthetic_prototype_v1
BAT-00895,2.3723,2.0309,49.1115,1.9514,443.9425,41.2203,synthetic_prototype_v1
BAT-00896,0.9483,0.8455,27.3308,0.4648,56.4751,70.1066,synthetic_prototype_v1
BAT-00897,2.2761,2.0367,5.9596,1.9617,411.8023,50.1888,synthetic_prototype_v1
BAT-00898,1.4136,1.0294,29.8357,0.6074,115.8276,70.2906,synthetic_prototype_v1
BAT-00899,2.176,0.8443,3.5565,1.902,345.3707,40.0,synthetic_prototype_v1
BAT-00900,0.9896,1.1633,17.9228,2.4093,29.7951,48.8843,synthetic_prototype_v1
BAT-00901,1.0411,2.0223,0.9375,2.132,158.1207,42.0156,synthetic_prototype_v1
BAT-00902,1.6736,0.4329,23.321,0.4771,244.3726,63.7073,synthetic_prototype_v1
BAT-00903,1.0152,0.6715,14.9639,0.4775,438.4371,55.3091,synthetic_prototype_v1
BAT-00904,1.4659,0.7415,13.667,1.1179,169.316,66.6795,synthetic_prototype_v1
BAT-00905,0.9827,2.839,41.6623,0.2512,430.9549,40.0,synthetic_prototype_v1
BAT-00906,1.4917,0.7411,35.405,0.8406,71.2166,66.0383,synthetic_prototype_v1
BAT-00907,1.7438,0.5215,23.1138,2.6184,309.367,43.1311,synthetic_prototype_v1
BAT-00908,1.3757,2.8696,47.9396,2.72,277.4135,40.0,synthetic_prototype_v1
BAT-00909,1.9353,0.8386,16.6059,1.6103,179.1409,54.4288,synthetic_prototype_v1
BAT-00910,1.3502,1.0563,6.1198,1.796,147.3676,50.316,synthetic_prototype_v1
BAT-00911,0.6549,2.0562,29.1507,2.3702,99.0349,44.2733,synthetic_prototype_v1
BAT-00912,1.7845,2.2505,12.8735,1.8402,387.3161,46.4417,synthetic_prototype_v1
BAT-00913,0.7477,2.7745,15.9943,2.4481,104.2104,40.0,synthetic_prototype_v1
BAT-00914,1.3435,1.2345,33.0266,2.8593,299.903,40.0,synthetic_prototype_v1
BAT-00915,0.7937,0.3636,43.4604,1.2322,85.1613,43.1068,synthetic_prototype_v1
BAT-00916,0.5597,2.2732,28.598,0.4156,327.3842,44.721,synthetic_prototype_v1
BAT-00917,1.4747,0.7821,21.308,0.9687,67.5697,83.904,synthetic_prototype_v1
BAT-00918,1.7062,0.8511,41.3324,2.2027,253.9845,46.0932,synthetic_prototype_v1
BAT-00919,1.5627,1.0276,23.601,1.0952,20.9239,80.3722,synthetic_prototype_v1
BAT-00920,0.6211,1.2267,13.3766,2.2699,392.7071,45.9464,synthetic_prototype_v1
BAT-00921,2.0997,2.0929,20.7274,0.5344,42.4455,51.551,synthetic_prototype_v1
BAT-00922,2.4953,0.8741,1.5461,1.0386,287.6549,40.0,synthetic_prototype_v1
BAT-00923,1.8071,2.1548,10.082,1.2824,112.5105,50.0966,synthetic_prototype_v1
BAT-00924,1.439,1.1352,29.1836,1.0197,205.0585,64.2829,synthetic_prototype_v1
BAT-00925,1.2727,0.3335,14.235,0.5132,216.4274,67.1564,synthetic_prototype_v1
BAT-00926,2.1703,1.7891,25.0902,2.6086,201.654,43.7069,synthetic_prototype_v1
BAT-00927,1.2757,0.4753,34.0411,0.4248,365.2402,57.4103,synthetic_prototype_v1
BAT-00928,1.3097,1.5257,36.2558,1.2595,212.4003,52.4274,synthetic_prototype_v1
BAT-00929,0.6928,0.6771,9.1967,1.6253,18.4714,54.2858,synthetic_prototype_v1
BAT-00930,0.9077,2.0439,47.3692,2.9882,93.2784,40.0,synthetic_prototype_v1
BAT-00931,1.1786,2.5855,36.6602,1.7271,483.8097,41.5587,synthetic_prototype_v1
BAT-00932,1.5749,2.2334,20.7632,1.782,140.1269,49.6852,synthetic_prototype_v1
BAT-00933,1.1967,1.0029,32.7899,0.2,31.6692,66.7272,synthetic_prototype_v1
BAT-00934,2.2875,0.2208,22.2073,0.4424,29.6744,55.6167,synthetic_prototype_v1
BAT-00935,0.8801,2.1713,24.8203,2.99,296.1676,40.0,synthetic_prototype_v1
BAT-00936,1.6756,1.1836,28.5711,0.5388,51.7772,75.9159,synthetic_prototype_v1
BAT-00937,1.0888,0.5652,26.0177,0.9114,22.4198,82.9944,synthetic_prototype_v1
BAT-00938,2.4806,0.3783,44.8471,1.1934,232.7627,40.0,synthetic_prototype_v1
BAT-00939,0.6426,0.5308,28.2421,1.7588,49.7394,52.2047,synthetic_prototype_v1
BAT-00940,2.2673,2.9855,12.3662,0.3715,316.1655,40.0,synthetic_prototype_v1
BAT-00941,0.9909,0.6868,24.785,0.9009,157.6891,66.438,synthetic_prototype_v1
BAT-00942,1.6889,1.4821,3.1767,2.6695,244.2344,40.0,synthetic_prototype_v1
BAT-00943,2.2894,2.35,31.3387,0.6808,492.8564,46.5267,synthetic_prototype_v1
BAT-00944,1.1921,2.7096,39.3018,0.5359,172.9244,40.0576,synthetic_prototype_v1
BAT-00945,2.4806,1.1161,13.6672,0.9391,234.8115,49.9493,synthetic_prototype_v1
BAT-00946,1.2572,1.9362,0.6123,1.8799,424.5358,40.0543,synthetic_prototype_v1
BAT-00947,2.2039,0.6299,0.271,1.2058,31.6734,41.2346,synthetic_prototype_v1
BAT-00948,2.4396,2.4138,33.9505,1.9835,338.3557,46.4032,synthetic_prototype_v1
BAT-00949,1.9875,0.399,30.8245,0.6817,32.7568,63.9134,synthetic_prototype_v1
BAT-00950,1.6715,1.9386,22.0811,2.7693,261.8744,42.4588,synthetic_prototype_v1
BAT-00951,1.2952,2.7853,17.6703,1.9516,391.0405,40.9867,synthetic_prototype_v1
BAT-00952,1.7914,0.6332,17.5356,1.1444,125.6991,66.9095,synthetic_prototype_v1
BAT-00953,1.3368,1.0856,0.7595,0.6695,122.5911,40.0,synthetic_prototype_v1
BAT-00954,0.8491,2.2967,43.5194,2.84,265.6461,40.0,synthetic_prototype_v1
BAT-00955,2.2588,1.4275,9.2104,0.2434,181.6846,49.8322,synthetic_prototype_v1
BAT-00956,1.007,0.9038,18.9652,0.9373,70.4371,74.0967,synthetic_prototype_v1
BAT-00957,1.644,0.7637,17.1659,0.722,178.4922,66.1998,synthetic_prototype_v1
BAT-00958,0.6331,2.2938,9.5961,2.187,233.4413,46.0051,synthetic_prototype_v1
BAT-00959,1.8166,0.4947,28.6818,0.5091,217.8343,60.7032,synthetic_prototype_v1
BAT-00960,1.9355,0.37,28.433,1.2469,371.4999,51.2199,synthetic_prototype_v1
BAT-00961,1.8652,2.3183,4.8039,0.8937,250.4232,42.5034,synthetic_prototype_v1
BAT-00962,2.1535,0.3312,47.6311,0.8846,423.7041,40.0,synthetic_prototype_v1
BAT-00963,1.2993,0.5691,28.2985,0.5872,225.5908,68.1436,synthetic_prototype_v1
BAT-00964,1.5027,0.8574,33.1817,0.2,117.6787,63.9937,synthetic_prototype_v1
BAT-00965,0.9,1.0892,30.7241,0.8196,109.8156,60.8048,synthetic_prototype_v1
BAT-00966,1.7395,0.7198,16.718,0.2,167.354,69.8627,synthetic_prototype_v1
BAT-00967,0.6781,0.6279,1.6701,0.7692,20.4438,40.0,synthetic_prototype_v1
BAT-00968,1.4165,0.5641,24.9162,0.9843,290.6337,62.5323,synthetic_prototype_v1
BAT-00969,1.5127,0.6641,40.9056,1.8461,386.2567,45.3713,synthetic_prototype_v1
BAT-00970,1.2519,0.6508,15.0415,1.0931,137.7842,69.1224,synthetic_prototype_v1
BAT-00971,2.2052,0.8848,13.3546,1.6106,136.1793,52.5483,synthetic_prototype_v1
BAT-00972,0.5357,2.232,36.4149,2.5465,461.6848,42.0688,synthetic_prototype_v1
BAT-00973,2.0296,2.8854,4.2419,2.2126,207.8289,42.5544,synthetic_prototype_v1
BAT-00974,1.817,2.5902,14.0145,1.0544,45.0585,40.0,synthetic_prototype_v1
BAT-00975,1.7875,1.527,45.1409,1.7685,127.5841,40.0,synthetic_prototype_v1
BAT-00976,1.4505,0.9413,9.1547,0.31,219.1778,57.1988,synthetic_prototype_v1
BAT-00977,1.3502,1.6205,41.1686,2.9342,470.6653,40.0,synthetic_prototype_v1
BAT-00978,1.9061,1.754,25.9688,1.7325,181.3459,50.9899,synthetic_prototype_v1
BAT-00979,2.4039,0.3974,27.9241,2.8787,438.3167,42.0171,synthetic_prototype_v1
BAT-00980,1.708,0.5483,31.6672,0.5745,28.3193,76.0704,synthetic_prototype_v1
BAT-00981,2.4591,2.9286,48.2162,0.4169,240.202,40.3345,synthetic_prototype_v1
BAT-00982,1.3133,0.5352,7.8531,0.557,231.869,59.9982,synthetic_prototype_v1
BAT-00983,2.1748,2.01,41.9652,2.0686,21.5941,44.316,synthetic_prototype_v1
BAT-00984,1.6077,1.254,25.1751,0.9509,162.1301,68.4857,synthetic_prototype_v1
BAT-00985,2.0721,0.8511,46.4942,1.1504,339.2074,43.2194,synthetic_prototype_v1
BAT-00986,1.2577,2.4556,20.9195,2.1328,60.699,46.804,synthetic_prototype_v1
BAT-00987,1.9162,1.1851,27.381,0.5376,20.7084,69.3054,synthetic_prototype_v1
BAT-00988,1.687,0.9421,49.4331,1.6425,229.7929,40.0,synthetic_prototype_v1
BAT-00989,2.0402,2.6329,13.2158,1.9689,49.9526,44.0732,synthetic_prototype_v1
BAT-00990,1.2104,0.9994,39.8706,2.2953,98.3114,46.8801,synthetic_prototype_v1
BAT-00991,1.6582,0.2724,25.8447,0.2,26.6761,75.4638,synthetic_prototype_v1
BAT-00992,1.5866,2.0436,42.8424,0.9392,200.5434,42.0643,synthetic_prototype_v1
BAT-00993,1.3622,0.8113,23.321,0.6257,96.6225,82.2666,synthetic_prototype_v1
BAT-00994,2.4848,1.6393,36.079,2.8834,216.3312,41.1543,synthetic_prototype_v1
BAT-00995,1.4448,0.2559,18.6984,0.5727,115.4947,77.0938,synthetic_prototype_v1
BAT-00996,1.4823,0.2,29.6015,0.4894,220.8477,63.5149,synthetic_prototype_v1
BAT-00997,0.9327,0.5872,5.4115,1.6688,209.9884,52.6354,synthetic_prototype_v1
BAT-00998,2.4272,1.5919,22.4343,0.2724,419.8628,51.8158,synthetic_prototype_v1
BAT-00999,0.7687,1.1067,35.6248,0.9849,121.6541,56.6274,synthetic_prototype_v1
BAT-01000,1.2224,0.4337,23.5548,0.5027,150.391,76.5051,synthetic_prototype_v1
BAT-01001,1.1271,0.4841,21.2721,0.7375,180.5662,69.2005,synthetic_prototype_v1
BAT-01002,0.9374,1.0773,6.1024,1.2098,267.3224,50.4315,synthetic_prototype_v1
BAT-01003,1.2236,2.495,49.5699,1.8354,178.6366,41.2068,synthetic_prototype_v1
BAT-01004,1.1247,2.6162,13.0649,1.8796,313.2102,44.3734,synthetic_prototype_v1
BAT-01005,2.1595,0.9197,12.1692,0.3449,253.7399,52.6514,synthetic_prototype_v1
BAT-01006,0.6207,0.4827,22.5534,1.3347,248.3915,48.8297,synthetic_prototype_v1
BAT-01007,2.3711,2.8197,23.3353,0.265,166.8723,41.0603,synthetic_prototype_v1
BAT-01008,1.4215,2.0675,15.4431,2.6488,140.0179,43.066,synthetic_prototype_v1
BAT-01009,1.4647,0.2,33.6557,0.8704,42.3405,67.9387,synthetic_prototype_v1
BAT-01010,1.7288,1.4505,13.7582,1.3188,322.4326,52.282,synthetic_prototype_v1
BAT-01011,1.6979,0.5475,21.4476,0.6007,77.8909,81.1585,synthetic_prototype_v1
BAT-01012,1.5718,0.226,8.9295,0.8328,245.0434,55.0633,synthetic_prototype_v1
BAT-01013,0.8893,1.383,22.1141,0.7792,247.9893,55.8975,synthetic_prototype_v1
BAT-01014,1.4433,0.7037,9.4113,2.8224,351.8477,41.7053,synthetic_prototype_v1
BAT-01015,1.0061,2.158,8.3968,1.1583,478.1573,48.9436,synthetic_prototype_v1
BAT-01016,1.2308,0.4947,14.0506,2.47,378.965,46.7303,synthetic_prototype_v1
BAT-01017,0.8086,2.6582,4.2648,2.7054,261.4137,40.0,synthetic_prototype_v1
BAT-01018,1.2905,0.4042,26.8379,1.3818,61.4569,68.1804,synthetic_prototype_v1
BAT-01019,2.289,1.7074,33.474,2.7441,252.8268,42.1808,synthetic_prototype_v1
BAT-01020,2.3376,2.6256,26.9615,1.2125,18.6112,41.7879,synthetic_prototype_v1
BAT-01021,1.3196,0.9975,23.3989,0.8257,237.1386,67.1578,synthetic_prototype_v1
BAT-01022,1.9716,0.5697,24.2102,0.5702,168.8122,61.5427,synthetic_prototype_v1
BAT-01023,1.6355,1.9687,6.4633,1.2141,178.4075,51.341,synthetic_prototype_v1
BAT-01024,1.5409,2.9694,42.7028,1.4924,480.1391,40.0,synthetic_prototype_v1
BAT-01025,0.9261,0.7195,9.613,1.7709,36.4624,52.8334,synthetic_prototype_v1
BAT-01026,1.6236,0.3346,13.0658,0.6588,153.1836,65.9292,synthetic_prototype_v1
BAT-01027,0.8012,1.0701,8.0242,0.7955,296.2557,52.7703,synthetic_prototype_v1
BAT-01028,2.4885,1.928,23.8367,0.875,107.8121,52.1946,synthetic_prototype_v1
BAT-01029,1.4353,1.7764,4.1645,2.6234,47.7788,40.0,synthetic_prototype_v1
BAT-01030,2.0606,0.4786,16.217,1.6268,137.0886,57.1422,synthetic_prototype_v1
BAT-01031,1.0108,1.0179,25.3344,0.6821,98.9949,71.6657,synthetic_prototype_v1
BAT-01032,1.6885,2.0175,29.3533,1.9507,406.3322,52.8076,synthetic_prototype_v1
BAT-01033,1.6294,0.7282,26.9796,1.1872,111.5961,70.1765,synthetic_prototype_v1
BAT-01034,2.435,1.5904,45.7719,2.1208,316.936,41.1906,synthetic_prototype_v1
BAT-01035,2.4352,2.9934,18.9467,0.2334,97.4867,40.5518,synthetic_prototype_v1
BAT-01036,0.7006,2.0158,30.2924,2.5787,360.2704,45.1798,synthetic_prototype_v1
BAT-01037,1.7993,0.8274,28.5202,0.3505,146.5818,62.3583,synthetic_prototype_v1
BAT-01038,1.6062,1.1848,25.688,2.1201,287.1277,50.1128,synthetic_prototype_v1
BAT-01039,1.1769,2.9625,40.0659,1.3814,280.0405,41.1832,synthetic_prototype_v1
BAT-01040,1.6874,0.6722,29.9946,1.1464,411.089,56.1352,synthetic_prototype_v1
BAT-01041,1.1614,0.9846,37.8375,0.2154,108.9385,54.3942,synthetic_prototype_v1
BAT-01042,1.0321,1.1527,49.7799,2.8381,257.1935,42.7769,synthetic_prototype_v1
BAT-01043,1.4258,1.2974,17.981,0.7212,235.6086,66.5829,synthetic_prototype_v1
BAT-01044,1.6045,2.1303,15.8886,2.2706,142.398,45.582,synthetic_prototype_v1
BAT-01045,2.0563,1.2901,48.1761,1.8561,135.4041,40.0,synthetic_prototype_v1
BAT-01046,1.3285,1.0194,20.4065,0.5535,214.8219,72.1529,synthetic_prototype_v1
BAT-01047,1.7205,1.9103,11.0646,2.6493,177.2722,45.8536,synthetic_prototype_v1
BAT-01048,1.3819,0.3464,48.8272,2.1458,37.1304,40.0,synthetic_prototype_v1
BAT-01049,1.8108,0.7097,21.5548,0.464,105.372,73.49,synthetic_prototype_v1
BAT-01050,1.6712,1.6001,19.8337,2.8076,145.1328,41.4759,synthetic_prototype_v1
BAT-01051,1.4641,2.4741,32.619,1.3801,462.4236,45.2102,synthetic_prototype_v1
BAT-01052,2.0442,2.1289,45.3157,2.4438,449.0293,40.8511,synthetic_prototype_v1
BAT-01053,1.3702,2.0161,12.7814,2.5489,389.1082,45.3667,synthetic_prototype_v1
BAT-01054,0.5109,1.5279,32.0823,1.1183,99.7421,51.2552,synthetic_prototype_v1
BAT-01055,1.4711,0.5831,28.8889,1.0689,64.8879,74.2547,synthetic_prototype_v1
BAT-01056,1.0419,1.2577,23.6994,0.2511,124.3019,66.9453,synthetic_prototype_v1
BAT-01057,1.2474,1.6341,9.7825,2.6759,97.45,44.0811,synthetic_prototype_v1
BAT-01058,1.4651,2.1901,12.14,0.7767,457.2958,47.6235,synthetic_prototype_v1
BAT-01059,1.4041,0.2,21.5649,0.3564,122.2056,78.5186,synthetic_prototype_v1
BAT-01060,1.5475,0.5033,20.6052,1.4956,245.4375,63.7652,synthetic_prototype_v1
BAT-01061,1.3018,0.2,25.8569,0.2133,193.99,66.6791,synthetic_prototype_v1
BAT-01062,1.4119,0.6433,14.3921,0.3669,249.3092,65.0453,synthetic_prototype_v1
BAT-01063,1.3892,0.7631,22.8866,0.6065,88.1516,82.6518,synthetic_prototype_v1
BAT-01064,0.8904,0.4262,18.7402,1.9626,461.3403,49.8139,synthetic_prototype_v1
BAT-01065,1.5611,0.7564,22.4981,0.479,60.2973,85.0967,synthetic_prototype_v1
BAT-01066,0.9769,2.372,32.154,2.7787,116.8506,43.1294,synthetic_prototype_v1
BAT-01067,2.175,1.3846,34.6488,1.0191,316.4927,53.0615,synthetic_prototype_v1
BAT-01068,1.5419,0.506,19.0755,1.259,231.7076,64.5168,synthetic_prototype_v1
BAT-01069,2.0585,2.4725,13.5413,0.4481,384.7749,44.0576,synthetic_prototype_v1
BAT-01070,1.2929,2.777,48.738,0.9345,436.9269,40.4418,synthetic_prototype_v1
BAT-01071,1.6989,2.3369,11.4944,2.5693,239.2047,40.1598,synthetic_prototype_v1
BAT-01072,1.0316,0.363,20.5894,0.6183,150.4314,69.2068,synthetic_prototype_v1
BAT-01073,2.0251,1.5136,7.4017,2.9011,26.3544,43.7833,synthetic_prototype_v1
BAT-01074,1.8507,0.3709,19.8895,1.3458,50.086,64.6337,synthetic_prototype_v1
BAT-01075,1.2371,0.6001,28.634,0.7813,217.3,65.8975,synthetic_prototype_v1
BAT-01076,1.2254,0.4478,20.9009,0.7693,179.9694,73.7816,synthetic_prototype_v1
BAT-01077,1.186,1.1246,15.7261,0.8002,127.8698,67.8999,synthetic_prototype_v1
BAT-01078,1.5091,0.9664,17.8898,2.7898,114.3639,46.1383,synthetic_prototype_v1
BAT-01079,1.4814,2.5643,2.117,1.2156,241.9842,40.0,synthetic_prototype_v1
BAT-01080,2.0496,0.5956,35.6212,0.518,158.9803,56.2067,synthetic_prototype_v1
BAT-01081,1.7959,2.765,5.2783,2.8576,128.541,44.5096,synthetic_prototype_v1
BAT-01082,0.8929,2.1026,34.3919,0.8503,44.7076,50.0098,synthetic_prototype_v1
BAT-01083,2.2128,2.2164,0.2591,2.3654,82.2448,41.1585,synthetic_prototype_v1
BAT-01084,2.3269,1.4305,5.8938,0.8605,320.9944,47.6004,synthetic_prototype_v1
BAT-01085,1.4005,0.9527,12.8276,1.0373,73.0056,65.2475,synthetic_prototype_v1
BAT-01086,0.9519,1.0205,29.989,1.7099,119.2771,52.6342,synthetic_prototype_v1
BAT-01087,0.8585,1.8231,20.5822,1.1495,232.9513,56.4045,synthetic_prototype_v1
BAT-01088,1.9386,1.7475,40.5437,0.5565,40.635,48.0451,synthetic_prototype_v1
BAT-01089,2.0122,2.3364,18.647,1.323,498.3018,44.9329,synthetic_prototype_v1
BAT-01090,1.6406,0.2,30.7671,0.8561,102.9275,68.9364,synthetic_prototype_v1
BAT-01091,0.5249,0.9393,22.666,0.9968,398.3899,50.1974,synthetic_prototype_v1
BAT-01092,1.5628,0.9205,49.7174,1.7858,143.338,40.2022,synthetic_prototype_v1
BAT-01093,1.158,0.5831,34.26,0.2,37.7765,67.0931,synthetic_prototype_v1
BAT-01094,1.805,1.7879,48.3372,1.3761,293.0042,40.7181,synthetic_prototype_v1
BAT-01095,2.1452,0.5139,14.9187,0.2704,138.9551,57.0082,synthetic_prototype_v1
BAT-01096,1.8934,0.7379,10.0241,1.7834,338.2349,51.8374,synthetic_prototype_v1
BAT-01097,0.9604,0.4815,7.1093,2.1351,406.6398,48.568,synthetic_prototype_v1
BAT-01098,2.211,0.9875,11.9714,0.8993,25.8114,56.0035,synthetic_prototype_v1
BAT-01099,1.2837,2.8435,35.9329,0.865,431.4669,40.5587,synthetic_prototype_v1
BAT-01100,1.1643,0.8798,17.8396,2.0901,21.0399,56.9765,synthetic_prototype_v1
BAT-01101,1.8227,0.5348,25.3626,0.823,41.4774,74.9396,synthetic_prototype_v1
BAT-01102,1.0065,1.4105,15.892,2.791,176.9563,41.0173,synthetic_prototype_v1
BAT-01103,1.4012,2.5278,10.496,0.848,94.3871,46.1786,synthetic_prototype_v1
BAT-01104,0.6601,2.1928,47.6989,0.5944,411.2597,40.6558,synthetic_prototype_v1
BAT-01105,1.1153,0.9524,5.4064,1.9752,152.76,51.8924,synthetic_prototype_v1
BAT-01106,0.7744,1.1772,48.8122,0.2893,65.1993,40.8751,synthetic_prototype_v1
BAT-01107,1.5401,1.3127,34.6277,1.3302,300.0839,51.9142,synthetic_prototype_v1
BAT-01108,1.4892,1.5398,3.9617,2.4307,201.4995,41.5464,synthetic_prototype_v1
BAT-01109,1.8082,2.1636,3.7347,1.6005,427.9347,40.0,synthetic_prototype_v1
BAT-01110,1.6957,1.0843,42.7717,1.1967,319.7885,44.029,synthetic_prototype_v1
BAT-01111,1.5321,0.6766,19.471,1.3074,40.2874,78.6529,synthetic_prototype_v1
BAT-01112,1.4194,2.238,26.579,2.7986,408.2877,42.5536,synthetic_prototype_v1
BAT-01113,2.1657,0.8593,35.3901,2.6381,80.1895,47.4235,synthetic_prototype_v1
BAT-01114,2.2255,0.6413,7.3864,1.0796,361.3956,50.6465,synthetic_prototype_v1
BAT-01115,1.9265,0.9976,25.6307,2.4361,233.2998,49.307,synthetic_prototype_v1
BAT-01116,1.1787,0.2,14.4824,0.6435,117.4949,68.6308,synthetic_prototype_v1
BAT-01117,1.5438,1.003,3.4132,0.6885,483.3185,40.5801,synthetic_prototype_v1
BAT-01118,1.5492,0.8222,21.7846,0.6233,208.3387,70.0511,synthetic_prototype_v1
BAT-01119,2.1321,0.3327,32.2187,1.0478,494.1311,50.2901,synthetic_prototype_v1
BAT-01120,0.9559,1.067,41.2242,0.6968,475.1917,48.6548,synthetic_prototype_v1
BAT-01121,1.865,2.0608,5.147,0.802,33.0165,49.7143,synthetic_prototype_v1
BAT-01122,2.1754,2.8853,12.0142,1.1803,66.078,40.0,synthetic_prototype_v1
BAT-01123,2.1916,2.6311,18.2192,1.5803,174.1018,40.0954,synthetic_prototype_v1
BAT-01124,0.839,0.8032,22.8105,0.2,48.6077,66.7384,synthetic_prototype_v1
BAT-01125,1.1615,1.7697,27.3026,2.0975,453.873,46.458,synthetic_prototype_v1
BAT-01126,1.2572,0.3964,36.5354,0.468,336.3816,52.3466,synthetic_prototype_v1
BAT-01127,1.0266,1.2373,1.8317,2.7374,62.6697,40.0,synthetic_prototype_v1
BAT-01128,0.9573,2.1466,23.8498,2.5881,394.3344,43.889,synthetic_prototype_v1
BAT-01129,1.1291,0.5527,16.3238,1.1087,215.1798,63.3594,synthetic_prototype_v1
BAT-01130,1.8559,2.4668,7.721,0.4299,252.8052,46.1036,synthetic_prototype_v1
BAT-01131,0.5109,1.1688,2.2229,2.6421,300.3434,44.1982,synthetic_prototype_v1
BAT-01132,1.4294,2.1725,14.8044,0.2886,173.7379,52.1233,synthetic_prototype_v1
BAT-01133,2.3591,0.9063,38.1901,2.7039,86.3747,43.0684,synthetic_prototype_v1
BAT-01134,1.2707,0.3725,47.3393,1.0378,391.0005,41.4999,synthetic_prototype_v1
BAT-01135,1.0618,0.2072,7.6792,0.6553,148.4263,56.2604,synthetic_prototype_v1
BAT-01136,0.533,1.5377,12.0463,0.2213,373.7561,50.5043,synthetic_prototype_v1
BAT-01137,2.0284,2.1461,0.9775,2.5225,155.2577,40.0,synthetic_prototype_v1
BAT-01138,1.1442,0.641,24.4961,1.1621,193.0338,66.2418,synthetic_prototype_v1
BAT-01139,2.0036,0.3094,26.8913,1.1739,119.6666,58.2292,synthetic_prototype_v1
BAT-01140,2.2502,1.2078,23.0658,1.7385,205.51,51.9718,synthetic_prototype_v1
BAT-01141,0.6854,0.3543,17.3485,0.2,89.8107,59.0828,synthetic_prototype_v1
BAT-01142,1.2606,0.8613,14.8666,1.3061,25.3717,70.2316,synthetic_prototype_v1
BAT-01143,0.8208,0.6221,45.749,0.2094,211.6329,40.0,synthetic_prototype_v1
BAT-01144,1.4863,0.4667,23.363,1.1334,167.7283,71.0564,synthetic_prototype_v1
BAT-01145,1.1026,0.2086,37.4866,0.6925,319.4323,53.1737,synthetic_prototype_v1
BAT-01146,1.7057,0.831,26.3128,0.608,91.1616,76.3811,synthetic_prototype_v1
BAT-01147,0.6351,0.7251,19.4957,1.0662,478.8714,50.9606,synthetic_prototype_v1
BAT-01148,2.2861,0.7608,34.4404,0.6421,329.8441,51.4648,synthetic_prototype_v1
BAT-01149,1.236,0.7944,23.362,0.7304,113.8822,79.1708,synthetic_prototype_v1
BAT-01150,0.5775,2.4031,29.9689,2.662,148.0506,40.0,synthetic_prototype_v1
BAT-01151,1.3341,0.2,29.0889,0.9527,36.3972,71.4462,synthetic_prototype_v1
BAT-01152,1.1515,0.3064,27.2264,0.2,24.0204,80.6216,synthetic_prototype_v1
BAT-01153,1.3776,1.7059,13.5492,1.6196,227.153,51.6661,synthetic_prototype_v1
BAT-01154,1.0704,0.3757,21.2243,1.5206,458.9809,52.7442,synthetic_prototype_v1
BAT-01155,1.4021,2.801,1.0272,1.6746,302.0641,40.0647,synthetic_prototype_v1
BAT-01156,1.328,1.1035,25.9598,0.8278,135.8714,71.5739,synthetic_prototype_v1
BAT-01157,1.6287,0.8377,19.9584,0.5973,98.7898,77.6153,synthetic_prototype_v1
BAT-01158,0.6956,2.5187,49.5299,2.8553,403.9412,41.3287,synthetic_prototype_v1
BAT-01159,2.0962,1.0435,11.3098,2.1287,345.0173,49.1331,synthetic_prototype_v1
BAT-01160,0.8206,0.504,12.249,2.9727,349.0941,42.8249,synthetic_prototype_v1
BAT-01161,1.4696,0.2,31.6073,0.6093,160.3264,65.5429,synthetic_prototype_v1
BAT-01162,0.5046,2.672,7.4357,1.8807,361.0134,41.2468,synthetic_prototype_v1
BAT-01163,1.7878,0.9132,8.9986,0.3606,81.199,60.5584,synthetic_prototype_v1
BAT-01164,1.487,0.2835,44.9846,2.0514,308.6817,40.6014,synthetic_prototype_v1
BAT-01165,0.6904,1.8059,25.4605,0.5958,39.1532,53.4765,synthetic_prototype_v1
BAT-01166,0.7022,0.4045,44.6153,1.4192,293.8798,41.0,synthetic_prototype_v1
BAT-01167,1.3662,1.1943,19.0743,0.4884,245.0843,63.3466,synthetic_prototype_v1
BAT-01168,1.8885,0.3259,13.3824,2.9046,110.171,40.0,synthetic_prototype_v1
BAT-01169,1.1157,0.2,22.2631,0.4286,176.9754,67.9453,synthetic_prototype_v1
BAT-01170,0.7291,0.8322,9.7,2.2753,316.7085,46.6804,synthetic_prototype_v1
BAT-01171,1.5628,0.439,20.7729,0.7091,33.8951,90.1084,synthetic_prototype_v1
BAT-01172,1.3157,0.6152,13.6626,0.4267,119.4659,69.1872,synthetic_prototype_v1
BAT-01173,1.2841,0.8748,23.5979,0.4976,164.527,75.2132,synthetic_prototype_v1
BAT-01174,0.9588,0.2959,27.9285,0.6451,47.1222,67.5644,synthetic_prototype_v1
BAT-01175,0.5185,1.1249,12.0327,1.2302,298.3166,55.7679,synthetic_prototype_v1
BAT-01176,2.1139,1.1585,43.9522,2.1951,128.9297,42.9871,synthetic_prototype_v1
BAT-01177,1.3647,0.5237,18.5417,0.7043,216.058,72.5227,synthetic_prototype_v1
BAT-01178,1.7644,0.9789,37.4961,0.6816,401.0981,48.1054,synthetic_prototype_v1
BAT-01179,1.1208,0.5272,28.533,0.9286,194.1052,65.2511,synthetic_prototype_v1
BAT-01180,0.9123,0.5989,17.7629,0.5572,183.5467,61.5391,synthetic_prototype_v1
BAT-01181,2.462,0.9642,23.272,0.7882,245.4069,50.1586,synthetic_prototype_v1
BAT-01182,1.5048,2.4705,16.0189,0.2016,151.1403,42.5192,synthetic_prototype_v1
BAT-01183,0.71,1.5762,23.25,0.5033,84.0025,56.2061,synthetic_prototype_v1
BAT-01184,0.8859,1.9148,46.5121,0.3141,127.4629,40.0,synthetic_prototype_v1
BAT-01185,1.671,0.5352,23.7075,0.6965,57.2837,82.0406,synthetic_prototype_v1
BAT-01186,1.186,0.9759,17.1602,0.8197,199.2669,67.6603,synthetic_prototype_v1
BAT-01187,1.0291,2.6886,9.4653,0.2238,310.2748,41.1471,synthetic_prototype_v1
BAT-01188,0.9884,2.266,38.4877,2.2213,315.6622,43.5935,synthetic_prototype_v1
BAT-01189,0.6889,1.7097,9.538,2.852,486.3064,44.9797,synthetic_prototype_v1
BAT-01190,0.9355,0.5971,14.0651,1.1784,138.7173,60.4497,synthetic_prototype_v1
BAT-01191,2.49,0.5376,30.1593,1.2451,334.9594,50.0439,synthetic_prototype_v1
BAT-01192,1.3388,0.7416,20.992,0.7541,176.3118,75.5685,synthetic_prototype_v1
BAT-01193,1.6706,1.1384,32.5764,0.5982,24.929,69.54,synthetic_prototype_v1
BAT-01194,1.1179,0.6399,31.6492,0.3472,212.8566,59.0028,synthetic_prototype_v1
BAT-01195,2.3266,0.7741,20.3626,2.0613,263.8522,49.1389,synthetic_prototype_v1
BAT-01196,2.0039,0.5563,19.5373,0.668,201.2376,58.9669,synthetic_prototype_v1
BAT-01197,0.5497,1.5026,47.5324,1.2836,126.2054,40.2837,synthetic_prototype_v1
BAT-01198,2.0437,1.4582,16.9043,0.8908,447.8985,53.3412,synthetic_prototype_v1
BAT-01199,0.9181,2.3309,47.6148,2.1178,70.661,40.6822,synthetic_prototype_v1
BAT-01200,1.0619,0.6076,21.7548,0.7644,190.3777,64.6984,synthetic_prototype_v1
BAT-01201,1.5789,0.6464,26.9004,0.8955,225.5092,66.6276,synthetic_prototype_v1
BAT-01202,1.8415,0.5107,18.6583,0.641,144.5859,67.6906,synthetic_prototype_v1
BAT-01203,1.6815,1.5915,42.0389,2.7601,339.4271,40.0,synthetic_prototype_v1
BAT-01204,1.7191,0.8103,25.4678,0.2,225.8603,62.8152,synthetic_prototype_v1
BAT-01205,1.2301,1.8301,0.4357,0.8158,239.8215,40.4579,synthetic_prototype_v1
BAT-01206,1.3948,0.7467,9.8379,2.1107,445.5185,49.7572,synthetic_prototype_v1
BAT-01207,1.1461,0.2,29.6005,0.41,89.5845,68.0018,synthetic_prototype_v1
BAT-01208,1.3444,0.6932,24.6326,0.9264,117.7825,80.1379,synthetic_prototype_v1
BAT-01209,1.3163,0.8066,33.435,2.2474,126.847,45.6523,synthetic_prototype_v1
BAT-01210,0.7437,0.7147,11.3253,2.5522,475.0543,45.5452,synthetic_prototype_v1
BAT-01211,1.1525,1.2678,19.0959,1.4002,266.169,59.6779,synthetic_prototype_v1
BAT-01212,1.8404,2.1338,20.6646,2.9479,74.7044,40.4131,synthetic_prototype_v1
BAT-01213,1.235,2.0858,16.3556,2.2377,96.2263,48.7695,synthetic_prototype_v1
BAT-01214,2.0229,2.7837,30.2622,0.6745,30.0879,43.9346,synthetic_prototype_v1
BAT-01215,1.6921,2.5139,21.3466,1.0941,320.8676,44.4326,synthetic_prototype_v1
BAT-01216,0.5884,1.5159,11.2484,2.5996,388.3012,43.3972,synthetic_prototype_v1
BAT-01217,1.2425,0.2462,32.0595,1.6868,478.6891,53.4794,synthetic_prototype_v1
BAT-01218,0.8372,0.6048,24.3696,1.1268,193.8835,61.2071,synthetic_prototype_v1
BAT-01219,1.627,0.365,25.436,1.6308,474.2324,55.7691,synthetic_prototype_v1
BAT-01220,0.9047,0.8923,12.5456,0.5948,393.5289,58.2367,synthetic_prototype_v1
BAT-01221,2.308,0.7463,19.9862,0.3701,148.0144,52.4633,synthetic_prototype_v1
BAT-01222,1.4129,1.2679,44.539,0.301,370.9588,41.1699,synthetic_prototype_v1
BAT-01223,1.4009,0.5013,19.2289,0.2093,227.3801,70.6312,synthetic_prototype_v1
BAT-01224,1.5609,0.7464,9.593,1.4742,498.9164,49.8755,synthetic_prototype_v1
BAT-01225,1.1913,0.8583,13.0035,0.8274,214.8134,61.5543,synthetic_prototype_v1
BAT-01226,2.417,0.856,29.829,1.667,84.3627,51.8414,synthetic_prototype_v1
BAT-01227,0.7384,2.4841,18.0842,2.9294,410.8608,40.0,synthetic_prototype_v1
BAT-01228,0.578,1.3206,34.3527,2.0354,233.2266,50.592,synthetic_prototype_v1
BAT-01229,1.6928,0.6779,21.7455,0.3512,93.9115,76.683,synthetic_prototype_v1
BAT-01230,1.1604,1.0491,29.8873,1.1131,16.117,71.389,synthetic_prototype_v1
BAT-01231,1.8425,0.4431,27.3483,0.3621,107.519,68.6287,synthetic_prototype_v1
BAT-01232,2.1179,0.7515,30.3197,0.6485,328.0096,53.6291,synthetic_prototype_v1
BAT-01233,2.3302,0.7879,21.0544,0.2,65.9907,56.7605,synthetic_prototype_v1
BAT-01234,0.7395,2.9154,18.1923,1.7484,346.2215,40.0,synthetic_prototype_v1
BAT-01235,0.5456,1.4881,38.7802,1.0559,180.6866,51.9859,synthetic_prototype_v1
BAT-01236,2.4533,0.6684,37.3137,2.4667,61.7269,49.3806,synthetic_prototype_v1
BAT-01237,2.2581,1.6323,45.9635,1.6032,431.46,41.2887,synthetic_prototype_v1
BAT-01238,1.6827,0.9735,31.6254,2.4133,84.6657,48.1951,synthetic_prototype_v1
BAT-01239,0.7773,0.7688,17.8509,1.8729,53.287,52.5283,synthetic_prototype_v1
BAT-01240,1.3243,0.4073,13.2814,0.7467,176.6667,64.0312,synthetic_prototype_v1
BAT-01241,2.4414,0.8393,4.9382,1.0892,217.6655,51.5429,synthetic_prototype_v1
BAT-01242,1.9662,0.6557,36.7723,2.2206,85.4399,48.5882,synthetic_prototype_v1
BAT-01243,1.3269,1.1688,4.8208,0.6446,34.846,58.6241,synthetic_prototype_v1
BAT-01244,1.0095,0.7229,35.4614,2.4429,53.8237,49.4323,synthetic_prototype_v1
BAT-01245,1.5591,2.9056,38.8576,1.6749,409.8703,42.0402,synthetic_prototype_v1
BAT-01246,1.8125,1.3011,22.1454,1.0696,479.0576,56.4007,synthetic_prototype_v1
BAT-01247,1.2393,0.2,30.024,0.4625,245.1371,60.9387,synthetic_prototype_v1
BAT-01248,1.6448,1.8738,20.9265,1.2268,201.601,52.0517,synthetic_prototype_v1
BAT-01249,1.8709,0.56,40.0538,1.3374,185.4329,52.541,synthetic_prototype_v1
BAT-01250,1.4238,2.0799,27.7413,0.8142,44.0092,53.8026,synthetic_prototype_v1
BAT-01251,0.9735,1.7391,17.5184,0.4153,408.9667,53.4054,synthetic_prototype_v1
BAT-01252,1.5092,0.2,33.8316,1.1566,103.571,60.7729,synthetic_prototype_v1
BAT-01253,0.5092,1.2818,37.6053,1.5287,182.1646,53.4868,synthetic_prototype_v1
BAT-01254,0.6886,0.6269,11.0557,1.3659,264.0268,52.0353,synthetic_prototype_v1
BAT-01255,1.6794,0.962,23.3028,0.7776,174.73,70.5525,synthetic_prototype_v1
BAT-01256,0.8558,1.9133,20.1254,2.6924,136.4022,44.7282,synthetic_prototype_v1
BAT-01257,1.534,2.4172,44.3403,1.3918,142.024,40.4432,synthetic_prototype_v1
BAT-01258,1.7818,0.3203,44.7836,1.8368,257.6165,41.6317,synthetic_prototype_v1
BAT-01259,1.3724,0.7238,25.9792,0.2716,224.0757,66.3002,synthetic_prototype_v1
BAT-01260,1.5892,0.781,32.6076,1.2985,245.8516,59.3048,synthetic_prototype_v1
BAT-01261,2.4436,2.2196,13.3486,0.6541,232.1441,46.7363,synthetic_prototype_v1
BAT-01262,1.5074,1.3654,19.7565,0.8251,138.4251,69.4119,synthetic_prototype_v1
BAT-01263,1.448,0.3159,22.8416,0.6204,76.8804,81.3219,synthetic_prototype_v1
BAT-01264,1.3709,0.3609,17.7515,0.6135,232.6269,68.9163,synthetic_prototype_v1
BAT-01265,1.2268,0.8484,23.5663,0.9655,131.3583,75.1891,synthetic_prototype_v1
BAT-01266,1.0883,0.6976,25.5811,0.6099,193.6672,68.7393,synthetic_prototype_v1
BAT-01267,1.7433,0.7558,24.7031,0.9309,117.2724,73.6794,synthetic_prototype_v1
BAT-01268,0.8708,2.2104,30.0609,2.1904,69.4124,47.2415,synthetic_prototype_v1
BAT-01269,2.1843,2.8034,25.4749,0.5777,467.287,41.2826,synthetic_prototype_v1
BAT-01270,1.4539,0.2,30.0378,0.2,209.0581,62.6897,synthetic_prototype_v1
BAT-01271,0.5864,1.6178,25.1139,2.9172,378.2243,40.0,synthetic_prototype_v1
BAT-01272,0.859,2.6805,4.794,0.6765,169.8435,40.0,synthetic_prototype_v1
BAT-01273,2.0437,2.2478,15.7083,0.2652,382.7899,47.3004,synthetic_prototype_v1
BAT-01274,1.4294,0.2,22.8216,0.5892,226.73,67.6697,synthetic_prototype_v1
BAT-01275,1.0483,0.6195,18.5468,0.9017,78.6923,78.4902,synthetic_prototype_v1
BAT-01276,0.6755,0.2446,41.7784,0.4889,399.2212,43.235,synthetic_prototype_v1
BAT-01277,1.0238,0.5861,32.1129,1.9817,76.3315,55.4598,synthetic_prototype_v1
BAT-01278,1.7997,2.4609,31.7092,1.304,377.2209,44.4753,synthetic_prototype_v1
BAT-01279,0.7622,2.2892,12.0754,0.9183,466.4539,49.1976,synthetic_prototype_v1
BAT-01280,1.5852,0.5654,22.6302,0.5811,36.4006,88.5356,synthetic_prototype_v1
BAT-01281,1.1866,1.9884,2.1015,2.5469,499.3503,40.0,synthetic_prototype_v1
BAT-01282,1.3117,0.3978,23.1082,0.7897,47.6787,86.9544,synthetic_prototype_v1
BAT-01283,2.2941,2.1549,32.5853,1.9,354.3054,46.4869,synthetic_prototype_v1
BAT-01284,1.7015,0.9518,24.1631,1.9847,183.2916,53.2873,synthetic_prototype_v1
BAT-01285,2.3592,2.1167,11.2117,1.1376,387.6193,47.4886,synthetic_prototype_v1
BAT-01286,1.4886,1.4867,19.5955,2.3584,172.7993,50.2431,synthetic_prototype_v1
BAT-01287,1.8871,0.9648,26.4287,1.2977,454.736,51.9004,synthetic_prototype_v1
BAT-01288,1.0102,0.3307,14.264,0.3365,249.0355,59.013,synthetic_prototype_v1
BAT-01289,0.735,0.4259,21.7401,1.6565,329.6225,55.234,synthetic_prototype_v1
BAT-01290,2.0295,0.5674,6.6071,2.3489,428.6342,49.2732,synthetic_prototype_v1
BAT-01291,0.6068,0.2567,47.224,0.8358,153.4877,40.0,synthetic_prototype_v1
BAT-01292,2.2863,2.1085,25.0284,2.8139,217.7508,40.0,synthetic_prototype_v1
BAT-01293,1.2445,1.1307,3.2177,1.7237,329.9094,41.0085,synthetic_prototype_v1
BAT-01294,0.8072,1.1275,3.428,0.3774,361.4307,40.0,synthetic_prototype_v1
BAT-01295,1.7196,0.7142,19.3115,0.6723,89.8184,74.6893,synthetic_prototype_v1
BAT-01296,2.3078,2.6568,33.9557,2.6066,102.2546,40.0,synthetic_prototype_v1
BAT-01297,1.7323,0.63,14.3931,1.6359,163.3204,57.1746,synthetic_prototype_v1
BAT-01298,2.4882,2.9325,6.1753,1.6776,296.5515,43.6046,synthetic_prototype_v1
BAT-01299,2.487,1.3613,0.6168,2.3266,239.7109,40.0,synthetic_prototype_v1
BAT-01300,1.1273,0.7998,30.3349,0.9339,233.7181,61.4181,synthetic_prototype_v1
BAT-01301,1.3345,0.8794,22.4648,0.3055,270.3758,67.0318,synthetic_prototype_v1
BAT-01302,2.2913,1.7484,43.18,0.4546,188.8096,41.6934,synthetic_prototype_v1
BAT-01303,2.4492,1.689,37.1117,1.3686,334.8768,50.5759,synthetic_prototype_v1
BAT-01304,1.1901,0.8863,31.3101,0.6425,147.6202,65.0882,synthetic_prototype_v1
BAT-01305,1.8718,0.605,21.8563,0.5749,110.163,72.6285,synthetic_prototype_v1
BAT-01306,2.3249,0.8762,3.5998,1.5184,386.9181,40.4722,synthetic_prototype_v1
BAT-01307,2.4404,2.0921,28.9276,0.2565,313.5605,51.4928,synthetic_prototype_v1
BAT-01308,1.3795,0.6512,20.0256,0.4876,91.0763,81.2661,synthetic_prototype_v1
BAT-01309,1.6473,2.2067,19.1469,0.5467,223.6755,49.3071,synthetic_prototype_v1
BAT-01310,1.1343,2.5551,41.4113,0.4444,169.0936,41.0836,synthetic_prototype_v1
BAT-01311,1.3978,1.0112,15.2041,1.0739,227.5292,60.7207,synthetic_prototype_v1
BAT-01312,0.7635,2.7326,17.0551,0.9558,442.4794,40.0,synthetic_prototype_v1
BAT-01313,0.9905,1.5187,32.5081,1.3242,263.1205,51.6028,synthetic_prototype_v1
BAT-01314,2.392,0.8845,26.4184,2.517,157.0048,45.7406,synthetic_prototype_v1
BAT-01315,1.3927,0.7068,22.6584,0.4117,87.0658,83.0479,synthetic_prototype_v1
BAT-01316,1.7658,1.2225,47.7284,1.9046,390.7334,42.115,synthetic_prototype_v1
BAT-01317,2.1933,1.5025,16.4039,0.7011,455.266,52.1228,synthetic_prototype_v1
BAT-01318,0.6174,0.2651,5.6754,2.261,474.6552,43.6432,synthetic_prototype_v1
BAT-01319,1.8422,0.844,16.3203,0.2171,48.2426,72.6935,synthetic_prototype_v1
BAT-01320,1.4721,2.6595,22.1895,2.4585,338.3283,40.0,synthetic_prototype_v1
BAT-01321,1.8425,0.9937,7.8083,2.9331,220.4931,40.0,synthetic_prototype_v1
BAT-01322,1.5083,0.3212,13.6667,0.634,149.2471,67.0653,synthetic_prototype_v1
BAT-01323,1.6061,0.4673,29.361,0.7206,213.7276,64.9474,synthetic_prototype_v1
BAT-01324,1.757,0.6136,20.4167,0.8156,129.3515,74.1357,synthetic_prototype_v1
BAT-01325,0.9482,0.4141,23.7492,0.2462,113.2383,68.6839,synthetic_prototype_v1
BAT-01326,1.6804,2.5945,26.7723,2.447,404.2488,40.0,synthetic_prototype_v1
BAT-01327,2.3535,2.9284,48.7007,0.2688,423.6407,40.8943,synthetic_prototype_v1
BAT-01328,2.0629,0.3551,36.924,1.8917,168.4854,51.2391,synthetic_prototype_v1
BAT-01329,1.4936,0.6431,24.8045,0.9875,161.8174,73.9794,synthetic_prototype_v1
BAT-01330,1.5743,0.7294,34.1251,1.1175,28.6069,64.1003,synthetic_prototype_v1
BAT-01331,1.2213,0.9215,42.7044,0.2067,21.1544,48.3361,synthetic_prototype_v1
BAT-01332,0.9282,1.0129,29.9573,1.4948,248.6379,53.4931,synthetic_prototype_v1
BAT-01333,1.7536,2.3583,15.5694,0.9113,460.8115,46.8763,synthetic_prototype_v1
BAT-01334,0.9036,2.1771,33.4347,0.5086,48.4823,50.416,synthetic_prototype_v1
BAT-01335,0.7148,0.9776,14.2325,1.8271,268.424,48.3281,synthetic_prototype_v1
BAT-01336,1.3372,1.7202,12.356,2.0817,154.1177,50.834,synthetic_prototype_v1
BAT-01337,0.9287,1.5943,28.7634,1.9141,299.1713,47.3285,synthetic_prototype_v1
BAT-01338,1.136,0.9688,10.4798,0.2247,247.8504,57.5704,synthetic_prototype_v1
BAT-01339,1.7253,0.6949,20.593,0.705,231.8167,65.7994,synthetic_prototype_v1
BAT-01340,1.367,0.2,14.4194,0.2,235.8642,60.3343,synthetic_prototype_v1
BAT-01341,1.2448,0.3751,23.2421,0.7021,249.8186,68.5288,synthetic_prototype_v1
BAT-01342,2.1738,0.5101,29.8975,1.1381,153.6303,52.4867,synthetic_prototype_v1
BAT-01343,1.9438,2.7483,9.6142,2.7409,94.1973,40.6811,synthetic_prototype_v1
BAT-01344,1.4274,0.6968,25.1726,0.6836,77.6821,85.6827,synthetic_prototype_v1
BAT-01345,1.9751,0.8255,25.4177,0.9481,219.5478,60.6493,synthetic_prototype_v1
BAT-01346,0.6881,2.6611,26.4345,1.1,412.6275,40.0,synthetic_prototype_v1
BAT-01347,0.522,1.8492,47.896,2.4771,457.9385,41.3227,synthetic_prototype_v1
BAT-01348,1.2032,0.2429,22.0198,0.4866,36.7195,84.7377,synthetic_prototype_v1
BAT-01349,1.9447,0.8686,39.2481,1.0345,73.0352,56.0806,synthetic_prototype_v1
BAT-01350,0.8527,1.2724,0.4231,0.7606,130.4982,41.0745,synthetic_prototype_v1
BAT-01351,0.5847,2.9854,49.3599,1.7486,89.8672,40.0,synthetic_prototype_v1
BAT-01352,1.3965,1.0581,45.9181,2.4982,115.6259,40.0,synthetic_prototype_v1
BAT-01353,1.8304,0.8598,14.7882,0.5017,234.3538,61.4635,synthetic_prototype_v1
BAT-01354,2.0193,0.2567,14.5844,1.4815,214.6637,54.9035,synthetic_prototype_v1
BAT-01355,1.4396,2.3904,1.9113,0.7823,34.7471,40.0,synthetic_prototype_v1
BAT-01356,1.2448,1.106,31.5093,0.4171,177.8433,60.7898,synthetic_prototype_v1
BAT-01357,1.6141,2.2878,8.8893,2.9174,106.5197,40.0,synthetic_prototype_v1
BAT-01358,1.3997,1.1241,30.6041,1.7885,351.3652,51.7043,synthetic_prototype_v1
BAT-01359,1.1206,2.3571,2.0418,2.8658,449.9519,40.0,synthetic_prototype_v1
BAT-01360,0.6814,0.4326,1.1203,2.7924,48.7832,40.0,synthetic_prototype_v1
BAT-01361,0.5086,2.1012,31.7093,1.3246,499.4948,44.6891,synthetic_prototype_v1
BAT-01362,1.1343,2.5364,5.9429,0.3417,68.8672,43.7037,synthetic_prototype_v1
BAT-01363,0.9945,1.4308,49.2818,1.7916,115.6536,40.2326,synthetic_prototype_v1
BAT-01364,1.6843,0.2193,18.5564,2.856,330.4144,41.0669,synthetic_prototype_v1
BAT-01365,0.9834,2.9475,17.8414,0.8264,168.2737,40.0,synthetic_prototype_v1
BAT-01366,1.4403,0.8073,11.4075,0.5033,106.5165,68.676,synthetic_prototype_v1
BAT-01367,1.3382,1.4634,22.1457,1.2215,156.0435,61.8169,synthetic_prototype_v1
BAT-01368,2.4287,1.5868,43.2997,1.9523,309.296,42.1403,synthetic_prototype_v1
BAT-01369,0.7318,2.1598,30.3253,0.8282,468.1148,48.3688,synthetic_prototype_v1
BAT-01370,1.5242,0.6062,24.2579,0.714,72.2629,86.2923,synthetic_prototype_v1
BAT-01371,1.1283,0.4981,16.5127,0.7368,54.2604,80.3918,synthetic_prototype_v1
BAT-01372,1.7539,2.0366,18.4712,1.3993,169.1347,50.059,synthetic_prototype_v1
BAT-01373,0.6372,1.4177,47.3849,2.2664,437.0604,42.0562,synthetic_prototype_v1
BAT-01374,2.0864,0.5872,29.617,0.2,153.7357,51.7959,synthetic_prototype_v1
BAT-01375,0.8777,0.6941,43.0621,1.4337,243.6585,44.064,synthetic_prototype_v1
BAT-01376,1.4165,0.3851,16.6128,0.6389,70.9082,80.9813,synthetic_prototype_v1
BAT-01377,2.1425,1.6301,22.5892,2.3421,424.9897,45.1399,synthetic_prototype_v1
BAT-01378,1.1047,0.468,19.748,0.6025,21.607,91.275,synthetic_prototype_v1
BAT-01379,0.9819,0.4104,19.3839,2.8436,405.88,40.1998,synthetic_prototype_v1
BAT-01380,2.0575,2.1868,0.6128,2.8734,389.7991,43.5249,synthetic_prototype_v1
BAT-01381,1.8478,0.3504,14.294,0.5528,170.437,62.2977,synthetic_prototype_v1
BAT-01382,1.6337,0.4482,20.6315,0.2,59.2572,78.3966,synthetic_prototype_v1
BAT-01383,1.3983,0.6866,23.3937,0.407,83.2182,81.1418,synthetic_prototype_v1
BAT-01384,1.0257,2.5086,20.3319,1.3085,384.026,40.0,synthetic_prototype_v1
BAT-01385,1.2365,2.9561,23.3996,0.7261,187.6297,40.0,synthetic_prototype_v1
BAT-01386,0.6343,1.3592,8.0761,0.6534,144.1181,54.0746,synthetic_prototype_v1
BAT-01387,1.8798,0.9557,23.7961,0.4768,69.7046,69.1953,synthetic_prototype_v1
BAT-01388,1.594,0.3717,28.4321,0.2,217.8124,63.9815,synthetic_prototype_v1
BAT-01389,1.0207,0.7674,24.5586,0.3973,159.9257,67.3875,synthetic_prototype_v1
BAT-01390,1.0948,2.0222,3.2592,0.7756,461.1367,40.0,synthetic_prototype_v1
BAT-01391,2.2702,1.1011,20.1164,2.6318,365.9027,44.4273,synthetic_prototype_v1
BAT-01392,1.5211,0.6684,27.715,0.5138,99.0902,76.0494,synthetic_prototype_v1
BAT-01393,1.8231,0.971,19.6722,0.7661,60.8778,72.8887,synthetic_prototype_v1
BAT-01394,0.9056,1.0409,44.819,1.5658,189.8852,41.7206,synthetic_prototype_v1
BAT-01395,1.4721,0.5534,25.9176,0.816,37.6802,85.6701,synthetic_prototype_v1
BAT-01396,1.8742,0.7027,32.1948,0.3985,90.5123,60.7979,synthetic_prototype_v1
BAT-01397,0.9741,0.6218,35.9075,0.8564,433.5855,54.778,synthetic_prototype_v1
BAT-01398,1.4562,0.5304,19.1368,0.5626,190.3005,71.9369,synthetic_prototype_v1
BAT-01399,2.3476,0.3243,2.2073,1.7666,436.8359,40.0,synthetic_prototype_v1
BAT-01400,1.656,1.247,10.4967,2.0646,277.4563,47.4848,synthetic_prototype_v1
BAT-01401,1.8251,2.7345,27.8335,0.4655,476.4155,41.8839,synthetic_prototype_v1
BAT-01402,1.462,0.4528,23.6903,1.0485,177.9142,74.3061,synthetic_prototype_v1
BAT-01403,0.9652,0.5481,30.5952,0.2417,23.714,73.656,synthetic_prototype_v1
BAT-01404,0.5849,2.8099,32.7951,1.1395,135.4523,42.0726,synthetic_prototype_v1
BAT-01405,0.914,2.1197,25.3454,2.7218,388.9497,40.2611,synthetic_prototype_v1
BAT-01406,1.3338,0.7722,33.3962,0.2078,27.4459,72.1898,synthetic_prototype_v1
BAT-01407,1.2496,0.7519,20.2522,0.6083,187.1513,71.293,synthetic_prototype_v1
BAT-01408,0.8996,2.1418,16.56,2.0953,441.088,48.8569,synthetic_prototype_v1
BAT-01409,1.1847,2.502,21.0374,2.0147,175.0617,40.0151,synthetic_prototype_v1
BAT-01410,1.6023,0.9509,26.4241,0.6962,222.465,65.3345,synthetic_prototype_v1
BAT-01411,1.4368,1.3593,27.6431,0.9737,255.0868,59.7982,synthetic_prototype_v1
BAT-01412,1.3639,0.8616,36.9266,2.4643,130.5298,50.2179,synthetic_prototype_v1
BAT-01413,1.0903,0.5372,17.9481,0.5609,145.8545,70.5114,synthetic_prototype_v1
BAT-01414,0.7241,2.501,29.7161,0.2209,153.3012,44.8993,synthetic_prototype_v1
BAT-01415,0.7409,0.2827,25.4752,0.7909,192.5299,55.51,synthetic_prototype_v1
BAT-01416,1.3973,0.7113,24.8142,0.9129,213.2439,68.3701,synthetic_prototype_v1
BAT-01417,1.2945,0.7416,21.109,0.9779,203.9726,69.3133,synthetic_prototype_v1
BAT-01418,1.7031,2.0651,48.1107,0.5312,322.8186,40.0,synthetic_prototype_v1
BAT-01419,0.7317,2.8256,30.8044,2.9169,465.2859,40.0,synthetic_prototype_v1
BAT-01420,1.7675,0.4635,45.3631,2.3189,384.2868,43.9085,synthetic_prototype_v1
BAT-01421,2.0043,1.0979,19.7769,0.3466,102.7023,60.9039,synthetic_prototype_v1
BAT-01422,2.1366,2.4177,26.3908,0.6399,104.31,44.2369,synthetic_prototype_v1
BAT-01423,1.9743,0.5824,29.0193,0.3712,176.9074,58.9035,synthetic_prototype_v1
BAT-01424,0.662,0.9321,26.5412,0.7576,188.2189,57.1485,synthetic_prototype_v1
BAT-01425,0.5294,0.9577,4.917,1.0563,403.3755,48.172,synthetic_prototype_v1
BAT-01426,1.9731,2.1936,8.3399,2.5627,312.7435,40.0,synthetic_prototype_v1
BAT-01427,0.5626,2.0128,14.3239,1.4747,442.998,50.3486,synthetic_prototype_v1
BAT-01428,0.9541,0.5451,24.3413,0.6437,245.5994,65.996,synthetic_prototype_v1
BAT-01429,1.2298,0.6321,34.0848,0.5409,115.4037,64.5377,synthetic_prototype_v1
BAT-01430,0.5723,2.2785,15.5886,2.3941,61.1218,44.9608,synthetic_prototype_v1
BAT-01431,1.3316,1.349,2.0577,1.8126,245.3896,40.0,synthetic_prototype_v1
BAT-01432,1.2387,0.3308,13.699,1.1268,46.3702,66.9181,synthetic_prototype_v1
BAT-01433,1.6149,0.3808,16.272,0.351,162.3227,69.7896,synthetic_prototype_v1
BAT-01434,1.3181,2.6501,0.0645,2.9478,172.5388,45.2521,synthetic_prototype_v1
BAT-01435,1.0464,2.5808,47.4386,2.2344,386.6572,40.0,synthetic_prototype_v1
BAT-01436,1.1213,0.8747,7.9931,1.1864,372.6447,53.4555,synthetic_prototype_v1
BAT-01437,1.5692,1.8275,37.4666,1.3226,293.1285,50.7253,synthetic_prototype_v1
BAT-01438,2.3172,2.1285,27.701,1.2051,189.3053,48.6803,synthetic_prototype_v1
BAT-01439,1.8697,0.2,16.4971,0.4363,91.35,69.8131,synthetic_prototype_v1
BAT-01440,1.7663,1.4982,36.7463,0.7806,481.5446,48.5891,synthetic_prototype_v1
BAT-01441,1.3083,0.2,17.8816,0.6663,249.2014,69.0028,synthetic_prototype_v1
BAT-01442,1.5846,1.0753,21.7779,0.5145,167.9947,72.8551,synthetic_prototype_v1
BAT-01443,0.9576,0.4146,12.4355,0.6795,75.7732,64.637,synthetic_prototype_v1
BAT-01444,2.1783,2.1161,8.0915,1.1645,310.345,50.696,synthetic_prototype_v1
BAT-01445,1.2716,0.9382,16.6241,0.3815,234.7417,67.2176,synthetic_prototype_v1
BAT-01446,1.3388,1.1814,17.8361,0.6733,121.4418,70.2216,synthetic_prototype_v1
BAT-01447,0.9705,0.926,30.4733,0.2859,217.268,57.574,synthetic_prototype_v1
BAT-01448,1.0709,0.9452,24.6331,0.3999,155.1083,69.7993,synthetic_prototype_v1
BAT-01449,1.0688,2.8442,41.9937,1.6619,314.6392,41.4747,synthetic_prototype_v1
BAT-01450,2.0829,1.9885,15.8624,2.3365,134.0721,46.7149,synthetic_prototype_v1
BAT-01451,0.9055,0.2,29.3082,0.8043,182.9256,57.4313,synthetic_prototype_v1
BAT-01452,1.487,0.7184,18.6528,0.2,192.0411,69.331,synthetic_prototype_v1
BAT-01453,1.9832,1.3248,40.569,2.8832,234.846,40.2778,synthetic_prototype_v1
BAT-01454,2.4601,1.9286,45.5936,2.3472,319.0804,43.9514,synthetic_prototype_v1
BAT-01455,1.1797,0.5957,16.1698,0.2,217.3996,64.7883,synthetic_prototype_v1
BAT-01456,1.1514,0.7499,35.0011,0.7644,115.44,58.8213,synthetic_prototype_v1
BAT-01457,0.6896,1.0854,24.7474,0.205,39.2239,62.2211,synthetic_prototype_v1
BAT-01458,2.3723,0.979,19.2282,2.3149,314.7435,49.5512,synthetic_prototype_v1
BAT-01459,1.5213,0.4375,31.2132,0.6509,188.6176,67.1793,synthetic_prototype_v1
BAT-01460,1.3166,2.4132,39.7459,2.882,478.6505,43.4659,synthetic_prototype_v1
BAT-01461,1.5225,1.077,20.3394,1.2575,204.7424,63.1776,synthetic_prototype_v1
BAT-01462,1.8199,2.0369,1.6164,2.5044,86.0486,40.0,synthetic_prototype_v1
BAT-01463,2.3986,1.7466,35.7171,1.748,429.9365,50.2332,synthetic_prototype_v1
BAT-01464,1.405,0.5475,23.4893,0.6453,21.506,97.464,synthetic_prototype_v1
BAT-01465,0.8752,0.401,32.3006,2.0435,122.8278,54.8128,synthetic_prototype_v1
BAT-01466,1.6066,0.539,18.7652,1.018,153.5746,71.0614,synthetic_prototype_v1
BAT-01467,1.7722,0.5687,33.2546,0.5531,177.0437,56.6283,synthetic_prototype_v1
BAT-01468,1.1715,0.8171,22.1193,0.5866,36.5061,88.3018,synthetic_prototype_v1
BAT-01469,0.6555,1.8296,2.8882,0.5836,66.7822,40.0,synthetic_prototype_v1
BAT-01470,1.4771,0.3769,25.4813,0.2,180.5305,68.9652,synthetic_prototype_v1
BAT-01471,1.7183,0.2,20.7784,0.6976,72.2639,78.4061,synthetic_prototype_v1
BAT-01472,0.5906,0.5516,14.9844,0.473,71.3567,56.988,synthetic_prototype_v1
BAT-01473,1.8148,0.5505,28.1477,0.6292,93.2411,69.6121,synthetic_prototype_v1
BAT-01474,2.2793,1.1427,19.4129,1.2623,236.924,47.7877,synthetic_prototype_v1
BAT-01475,2.1781,2.9888,39.3876,2.0811,242.4621,40.0,synthetic_prototype_v1
BAT-01476,1.8926,1.2677,22.4179,2.7502,230.5166,41.1663,synthetic_prototype_v1
BAT-01477,1.4553,0.2,23.0369,0.2,36.6868,84.2995,synthetic_prototype_v1
BAT-01478,1.2764,1.0052,22.3377,0.2,62.4229,77.4897,synthetic_prototype_v1
BAT-01479,0.9416,2.017,39.6599,2.5411,196.5239,45.118,synthetic_prototype_v1
BAT-01480,2.095,1.8074,26.0744,2.3949,240.4159,48.275,synthetic_prototype_v1
BAT-01481,1.4994,0.4962,22.4356,0.5138,213.2948,73.8432,synthetic_prototype_v1
BAT-01482,1.1153,2.3288,12.8826,0.473,76.811,49.5269,synthetic_prototype_v1
BAT-01483,1.1908,2.3712,24.4575,2.1752,219.2971,47.4117,synthetic_prototype_v1
BAT-01484,1.5314,0.7229,29.9851,0.8293,16.3541,83.3923,synthetic_prototype_v1
BAT-01485,0.6865,0.5103,6.5042,1.7368,201.3729,52.4909,synthetic_prototype_v1
BAT-01486,1.1072,0.9022,20.5416,0.4322,189.2588,69.419,synthetic_prototype_v1
BAT-01487,1.5443,0.6752,1.357,1.7542,172.967,40.0,synthetic_prototype_v1
BAT-01488,2.2213,0.8918,30.8129,2.4325,348.176,46.3217,synthetic_prototype_v1
BAT-01489,1.2843,0.5621,26.9046,0.6947,45.1016,84.9704,synthetic_prototype_v1
BAT-01490,2.4244,2.7255,11.4467,2.9123,463.7233,40.0,synthetic_prototype_v1
BAT-01491,0.8715,1.2977,31.9173,0.6629,370.0044,51.7598,synthetic_prototype_v1
BAT-01492,1.2566,2.4402,21.2113,1.4037,270.7425,47.8665,synthetic_prototype_v1
BAT-01493,2.0516,1.1987,14.2896,1.1977,35.8639,55.1282,synthetic_prototype_v1
BAT-01494,2.0695,0.9573,10.2094,1.5778,447.4636,55.6567,synthetic_prototype_v1
BAT-01495,2.4212,2.0445,31.1503,1.2315,217.4082,51.639,synthetic_prototype_v1
BAT-01496,0.8406,2.6034,47.3273,0.222,442.544,40.0,synthetic_prototype_v1
BAT-01497,1.9557,1.8216,23.4745,2.8923,366.3714,40.5507,synthetic_prototype_v1
BAT-01498,1.5107,0.7861,16.8949,0.6349,209.6303,69.5247,synthetic_prototype_v1
BAT-01499,1.4239,0.7559,34.6842,0.8323,112.0643,63.3268,synthetic_prototype_v1
BAT-01500,0.5748,1.0841,45.0093,2.1884,104.1011,40.7747,synthetic_prototype_v1
BAT-01501,0.8996,1.3027,8.0364,0.655,81.463,57.6353,synthetic_prototype_v1
BAT-01502,0.6904,1.7886,31.2956,0.2682,452.3631,50.2325,synthetic_prototype_v1
BAT-01503,1.4078,2.4821,37.3753,2.7448,410.1195,42.8696,synthetic_prototype_v1
BAT-01504,1.0846,2.9992,1.0826,1.5915,323.9757,40.0,synthetic_prototype_v1
BAT-01505,1.1509,0.8189,12.148,0.6303,216.7644,60.0566,synthetic_prototype_v1
BAT-01506,1.3047,0.331,21.9916,0.6554,22.5241,92.1703,synthetic_prototype_v1
BAT-01507,2.1301,2.186,39.6256,1.82,186.0091,45.8325,synthetic_prototype_v1
BAT-01508,1.0921,0.3364,14.3748,0.8254,307.7422,57.9903,synthetic_prototype_v1
BAT-01509,1.2881,1.944,5.2539,0.33,24.2693,54.1707,synthetic_prototype_v1
BAT-01510,2.0905,1.85,0.6924,0.5024,66.7091,40.374,synthetic_prototype_v1
BAT-01511,2.0685,0.6509,22.3789,1.0044,246.3787,57.1921,synthetic_prototype_v1
BAT-01512,1.7842,0.7037,28.1304,0.3702,114.5763,70.2886,synthetic_prototype_v1
BAT-01513,1.7672,0.6709,23.3984,0.9896,58.6749,76.443,synthetic_prototype_v1
BAT-01514,2.0061,2.3472,25.631,1.3795,60.486,45.162,synthetic_prototype_v1
BAT-01515,1.9105,0.701,49.6326,2.7919,264.8223,40.0,synthetic_prototype_v1
BAT-01516,1.0066,1.3261,9.3363,0.5618,296.0725,53.5558,synthetic_prototype_v1
BAT-01517,0.9805,0.309,35.9844,2.394,61.0045,45.3855,synthetic_prototype_v1
BAT-01518,2.1616,1.0565,29.9655,0.6098,187.4619,53.5971,synthetic_prototype_v1
BAT-01519,1.8155,0.7681,24.5804,0.6665,183.3076,68.3696,synthetic_prototype_v1
BAT-01520,1.7068,2.6239,11.6366,0.7052,262.4655,43.6122,synthetic_prototype_v1
BAT-01521,0.7378,2.5411,43.5995,1.7948,384.1462,40.0,synthetic_prototype_v1
BAT-01522,2.2283,1.7321,33.4725,2.1738,190.1897,48.678,synthetic_prototype_v1
BAT-01523,1.697,2.1598,5.7092,2.1639,98.5975,42.1755,synthetic_prototype_v1
BAT-01524,1.4938,1.6934,8.8201,1.458,264.8205,52.1996,synthetic_prototype_v1
BAT-01525,2.1654,2.328,14.6637,0.9527,196.7074,42.8899,synthetic_prototype_v1
BAT-01526,0.8618,1.2416,6.1943,1.1007,46.5561,53.1796,synthetic_prototype_v1
BAT-01527,0.6437,0.4887,21.9691,0.8141,142.0353,58.2626,synthetic_prototype_v1
BAT-01528,1.7048,2.7875,24.448,2.105,468.9468,40.2966,synthetic_prototype_v1
BAT-01529,1.4098,0.283,35.644,1.2745,473.4707,51.3456,synthetic_prototype_v1
BAT-01530,1.5615,0.887,36.938,1.4818,488.7532,50.9836,synthetic_prototype_v1
BAT-01531,1.347,2.4952,29.8788,1.4328,450.257,41.1453,synthetic_prototype_v1
BAT-01532,1.2489,0.461,37.1433,0.6083,359.5381,50.5607,synthetic_prototype_v1
BAT-01533,2.3659,0.6635,35.9843,2.9042,258.553,42.4653,synthetic_prototype_v1
BAT-01534,1.6448,0.5022,28.9553,0.8269,76.376,73.7623,synthetic_prototype_v1
BAT-01535,1.2361,0.4688,23.5585,0.5795,91.2919,82.8235,synthetic_prototype_v1
BAT-01536,0.8072,0.5788,10.3047,0.2811,321.2829,53.7915,synthetic_prototype_v1
BAT-01537,2.1493,1.6708,5.5347,0.8525,353.8958,50.2373,synthetic_prototype_v1
BAT-01538,1.0591,0.528,23.5875,0.6459,75.2279,82.9672,synthetic_prototype_v1
BAT-01539,0.7555,0.2,13.3781,0.63,209.4354,57.7046,synthetic_prototype_v1
BAT-01540,1.2378,0.9698,35.6972,1.9466,168.6509,50.6384,synthetic_prototype_v1
BAT-01541,1.2905,0.703,17.7653,1.1393,177.7621,69.9494,synthetic_prototype_v1
BAT-01542,0.8543,0.3074,12.6161,0.3632,207.1252,55.9488,synthetic_prototype_v1
BAT-01543,1.9515,0.4127,49.7045,0.5019,372.7318,40.4915,synthetic_prototype_v1
BAT-01544,1.3965,0.3266,31.2874,0.2,230.2203,61.3594,synthetic_prototype_v1
BAT-01545,1.4782,0.9245,39.2997,0.6,107.0419,56.4925,synthetic_prototype_v1
BAT-01546,1.5617,0.8917,15.2194,0.3126,50.2795,76.2636,synthetic_prototype_v1
BAT-01547,1.2784,0.2,22.5378,0.9379,175.639,67.0831,synthetic_prototype_v1
BAT-01548,0.7748,2.9626,48.0908,0.9913,471.1312,40.0,synthetic_prototype_v1
BAT-01549,2.4712,2.0141,15.1791,2.7981,146.4009,42.7701,synthetic_prototype_v1
BAT-01550,2.0612,2.3668,18.4186,2.2821,63.5154,40.8365,synthetic_prototype_v1
BAT-01551,2.0187,2.5812,28.689,0.72,361.0493,40.908,synthetic_prototype_v1
BAT-01552,1.3176,0.8215,43.3791,1.523,61.8498,42.9756,synthetic_prototype_v1
BAT-01553,1.7781,0.6898,18.8384,0.4129,363.4818,54.5819,synthetic_prototype_v1
BAT-01554,2.395,1.7136,23.0741,0.9432,145.0092,50.8432,synthetic_prototype_v1
BAT-01555,1.0247,1.0395,20.0093,0.5914,223.2516,65.5699,synthetic_prototype_v1
BAT-01556,1.9469,1.4391,39.0652,0.8179,214.1419,51.4362,synthetic_prototype_v1
BAT-01557,1.7068,1.7591,16.8272,0.2052,433.653,52.8677,synthetic_prototype_v1
BAT-01558,1.8676,0.9983,34.1599,1.0945,190.5805,55.5871,synthetic_prototype_v1
BAT-01559,1.0803,0.4118,24.4286,0.8999,187.5853,69.8281,synthetic_prototype_v1
BAT-01560,1.6116,0.7171,27.9786,0.5795,79.7786,77.0501,synthetic_prototype_v1
BAT-01561,0.7731,0.2334,28.0858,1.0702,32.4439,62.1419,synthetic_prototype_v1
BAT-01562,0.9499,0.9196,16.929,0.7464,190.9166,60.6392,synthetic_prototype_v1
BAT-01563,2.3466,1.2202,11.2396,1.1734,68.3577,53.4519,synthetic_prototype_v1
BAT-01564,0.6104,1.7427,8.4518,1.8065,411.266,49.9563,synthetic_prototype_v1
BAT-01565,0.8347,0.507,48.0979,2.6178,431.5275,41.5514,synthetic_prototype_v1
BAT-01566,1.1421,0.7207,12.2048,1.0268,74.5428,67.8169,synthetic_prototype_v1
BAT-01567,1.4407,0.3048,26.0367,0.9007,196.9077,71.4268,synthetic_prototype_v1
BAT-01568,0.9927,2.5577,15.8428,2.4671,315.5788,40.0,synthetic_prototype_v1
BAT-01569,1.2615,0.7703,30.3604,1.1007,322.6681,55.1086,synthetic_prototype_v1
BAT-01570,1.7108,0.6583,7.5219,0.7523,28.5559,66.8229,synthetic_prototype_v1
BAT-01571,2.406,2.9625,0.282,2.1276,328.7562,40.2751,synthetic_prototype_v1
BAT-01572,1.8723,0.897,28.9522,2.8959,364.5694,40.3537,synthetic_prototype_v1
BAT-01573,2.0874,2.0961,34.3362,2.4121,20.0067,45.9243,synthetic_prototype_v1
BAT-01574,1.0068,2.4354,31.0834,0.778,419.4082,46.3125,synthetic_prototype_v1
BAT-01575,1.532,0.2349,26.2184,0.4452,136.4151,71.094,synthetic_prototype_v1
BAT-01576,1.374,1.7763,22.8921,2.932,228.4849,40.0,synthetic_prototype_v1
BAT-01577,1.4219,0.8969,32.1444,0.9352,63.519,70.4188,synthetic_prototype_v1
BAT-01578,0.7479,1.6697,45.3925,2.1402,123.3949,40.0,synthetic_prototype_v1
BAT-01579,0.8745,0.4064,21.5398,0.8645,150.863,61.5203,synthetic_prototype_v1
BAT-01580,1.2727,2.7266,21.3957,2.1245,330.8528,40.0,synthetic_prototype_v1
BAT-01581,1.3743,0.3552,24.1513,0.3521,123.2856,77.9978,synthetic_prototype_v1
BAT-01582,1.8413,0.5436,21.8795,0.94,55.6516,71.4536,synthetic_prototype_v1
BAT-01583,2.2534,2.1803,19.1328,0.5675,297.217,47.6597,synthetic_prototype_v1
BAT-01584,1.5443,1.7557,29.207,2.064,299.1942,49.0856,synthetic_prototype_v1
BAT-01585,0.5739,1.6513,16.6433,2.6702,497.5776,42.8682,synthetic_prototype_v1
BAT-01586,1.3991,2.5305,44.5179,0.6137,275.5247,40.3313,synthetic_prototype_v1
BAT-01587,1.9198,2.9311,11.3774,0.6696,453.8523,40.0,synthetic_prototype_v1
BAT-01588,1.193,0.2364,10.0954,2.5991,207.7197,42.2407,synthetic_prototype_v1
BAT-01589,2.3738,1.2461,23.8564,1.6039,444.0887,50.4792,synthetic_prototype_v1
BAT-01590,1.8117,1.541,23.944,1.5019,499.9742,53.198,synthetic_prototype_v1
BAT-01591,1.3355,2.0034,14.9108,2.2238,342.8488,48.1327,synthetic_prototype_v1
BAT-01592,1.0908,2.665,31.742,2.0107,403.2985,40.9027,synthetic_prototype_v1
BAT-01593,1.6626,0.6599,17.6035,1.2483,224.3688,63.3973,synthetic_prototype_v1
BAT-01594,1.9367,2.5846,35.0981,2.3353,262.6129,40.0,synthetic_prototype_v1
BAT-01595,1.7882,0.2,13.2712,0.5718,184.2636,59.7391,synthetic_prototype_v1
BAT-01596,0.9617,0.7999,19.3219,0.7972,63.52,71.7403,synthetic_prototype_v1
BAT-01597,1.8457,2.4096,35.7815,2.2005,294.0939,47.4678,synthetic_prototype_v1
BAT-01598,2.0199,2.4594,21.8952,0.2542,189.0084,47.4327,synthetic_prototype_v1
BAT-01599,1.7262,2.7233,30.9005,0.9075,354.0938,41.6105,synthetic_prototype_v1
BAT-01600,2.2132,0.8339,19.8029,2.9451,94.083,42.7682,synthetic_prototype_v1
BAT-01601,1.3563,0.814,22.8126,0.6477,26.1907,90.5911,synthetic_prototype_v1
BAT-01602,1.6449,2.7575,8.8049,2.6798,97.6479,40.7004,synthetic_prototype_v1
BAT-01603,0.891,1.3585,5.4545,1.3152,121.9392,51.6088,synthetic_prototype_v1
BAT-01604,2.4692,1.8526,35.827,1.0243,151.3729,48.6429,synthetic_prototype_v1
BAT-01605,1.7302,0.8884,12.9839,0.6599,99.7112,67.3073,synthetic_prototype_v1
BAT-01606,1.7284,0.4967,26.2675,0.2,47.1092,75.8193,synthetic_prototype_v1
BAT-01607,1.9475,1.6882,27.5394,1.6519,423.4741,49.8515,synthetic_prototype_v1
BAT-01608,1.6531,0.7279,24.0181,0.7191,218.5779,67.2308,synthetic_prototype_v1
BAT-01609,0.9529,0.4344,29.9551,0.6024,216.8033,59.9235,synthetic_prototype_v1
BAT-01610,1.3176,0.6345,23.5037,0.5474,31.0103,97.1121,synthetic_prototype_v1
BAT-01611,1.6375,1.7833,21.1453,0.8782,95.5011,61.1205,synthetic_prototype_v1
BAT-01612,1.3973,0.6356,17.0748,0.4501,45.0391,84.1421,synthetic_prototype_v1
BAT-01613,1.3104,0.8214,20.9598,0.9067,150.6424,72.4627,synthetic_prototype_v1
BAT-01614,1.6377,1.0404,18.379,0.4573,96.3747,76.3915,synthetic_prototype_v1
BAT-01615,1.2026,0.2592,31.7151,1.2016,24.7837,72.1707,synthetic_prototype_v1
BAT-01616,1.7391,1.2947,13.6775,2.4027,285.8684,44.5002,synthetic_prototype_v1
BAT-01617,1.6417,0.3815,18.7655,0.723,38.7549,84.4037,synthetic_prototype_v1
BAT-01618,2.1583,1.9203,32.1149,1.7375,477.6018,53.8863,synthetic_prototype_v1
BAT-01619,0.7772,0.9025,2.2771,2.5654,431.5472,40.0,synthetic_prototype_v1
BAT-01620,1.4587,0.7547,23.7159,0.3404,85.8436,78.2831,synthetic_prototype_v1
BAT-01621,1.2506,0.2486,24.9735,1.0921,71.6575,78.0435,synthetic_prototype_v1
BAT-01622,2.1976,1.9306,28.5951,2.9381,440.4829,43.3684,synthetic_prototype_v1
BAT-01623,1.3582,0.9804,32.6562,2.9208,118.6552,40.4089,synthetic_prototype_v1
BAT-01624,0.6299,2.5973,11.7464,0.6288,109.1295,40.9913,synthetic_prototype_v1
BAT-01625,0.6682,2.9502,4.001,0.681,116.9078,40.7649,synthetic_prototype_v1
BAT-01626,2.0676,0.2714,31.1764,0.8727,230.5594,55.5286,synthetic_prototype_v1
BAT-01627,2.0921,0.2582,20.877,1.6745,197.4333,54.9401,synthetic_prototype_v1
BAT-01628,1.7119,1.0796,0.5199,0.9503,148.2285,40.0,synthetic_prototype_v1
BAT-01629,1.0156,1.7191,49.5515,0.8852,93.4208,40.0,synthetic_prototype_v1
BAT-01630,1.8033,0.3534,22.1785,1.5653,10.7698,69.6273,synthetic_prototype_v1
BAT-01631,1.5293,2.4453,10.9737,2.1041,229.8709,41.2584,synthetic_prototype_v1
BAT-01632,2.2068,1.3162,41.2615,0.9317,385.9997,46.1596,synthetic_prototype_v1
BAT-01633,1.2362,1.4086,2.8391,0.8271,97.8562,40.0,synthetic_prototype_v1
BAT-01634,0.7545,2.3723,37.2843,2.5993,278.2612,40.0,synthetic_prototype_v1
BAT-01635,1.1966,0.3646,13.0259,1.6251,156.8591,55.677,synthetic_prototype_v1
BAT-01636,1.2859,0.2112,33.8677,1.7395,213.9366,52.9212,synthetic_prototype_v1
BAT-01637,2.0547,0.9679,34.7967,0.9844,221.0916,53.9048,synthetic_prototype_v1
BAT-01638,1.3707,0.8066,31.4502,0.5677,198.7188,64.8651,synthetic_prototype_v1
BAT-01639,1.2472,2.8358,7.1589,0.6844,437.9084,40.0,synthetic_prototype_v1
BAT-01640,2.3142,0.5466,37.6443,0.7589,380.7915,50.2284,synthetic_prototype_v1
BAT-01641,0.9751,0.827,42.3466,1.9069,370.2591,45.8809,synthetic_prototype_v1
BAT-01642,1.1327,0.9599,33.8075,1.7392,331.1564,53.0165,synthetic_prototype_v1
BAT-01643,1.1169,0.4004,15.7038,1.0643,221.3807,60.6217,synthetic_prototype_v1
BAT-01644,0.972,1.8264,21.9168,2.121,424.042,49.1362,synthetic_prototype_v1
BAT-01645,1.1956,0.8575,24.5101,0.7564,21.1643,88.2595,synthetic_prototype_v1
BAT-01646,2.0873,1.9647,40.3501,1.2866,367.8096,48.8714,synthetic_prototype_v1
BAT-01647,0.8459,1.5533,32.2308,1.781,262.7932,48.3631,synthetic_prototype_v1
BAT-01648,2.4867,2.8636,22.9974,0.5798,82.8296,40.0,synthetic_prototype_v1
BAT-01649,1.4552,0.3248,29.3921,0.7176,249.1608,62.9116,synthetic_prototype_v1
BAT-01650,1.2902,1.8933,31.4096,2.7331,311.1649,44.6549,synthetic_prototype_v1
BAT-01651,1.8153,0.3668,19.4453,0.4946,42.2418,77.368,synthetic_prototype_v1
BAT-01652,2.3315,1.4689,13.3691,0.8868,176.7792,54.8276,synthetic_prototype_v1
BAT-01653,2.1957,2.9604,27.397,0.6891,239.682,40.6984,synthetic_prototype_v1
BAT-01654,0.916,0.7088,32.912,0.3543,145.6211,58.9181,synthetic_prototype_v1
BAT-01655,1.3949,0.8207,32.3485,0.2,181.7791,61.3788,synthetic_prototype_v1
BAT-01656,1.8031,0.2,20.5036,0.9985,166.505,65.5801,synthetic_prototype_v1
BAT-01657,1.2248,0.6656,10.1059,0.2,43.1745,64.6205,synthetic_prototype_v1
BAT-01658,0.634,0.6507,17.5899,0.8286,56.6074,62.0871,synthetic_prototype_v1
BAT-01659,1.3463,0.8716,11.6389,0.2,204.2183,60.652,synthetic_prototype_v1
BAT-01660,2.2023,1.2632,19.5724,0.3656,389.9733,52.7695,synthetic_prototype_v1
BAT-01661,1.4883,0.7227,2.8812,1.2381,406.6406,42.7103,synthetic_prototype_v1
BAT-01662,0.515,2.6734,10.2211,0.7284,264.2364,43.5059,synthetic_prototype_v1
BAT-01663,0.5496,1.0073,23.1513,1.7846,449.0637,51.3575,synthetic_prototype_v1
BAT-01664,1.7295,2.9724,29.3176,2.6711,35.4345,42.3643,synthetic_prototype_v1
BAT-01665,0.5592,1.5232,39.2669,2.4183,134.1913,47.7105,synthetic_prototype_v1
BAT-01666,0.9819,0.2875,30.5445,1.319,79.606,64.1019,synthetic_prototype_v1
BAT-01667,1.4234,1.0158,31.1096,0.5314,170.9172,64.5147,synthetic_prototype_v1
BAT-01668,1.4711,0.607,26.4405,0.6813,248.3036,66.2467,synthetic_prototype_v1
BAT-01669,0.6606,2.6634,8.3436,0.5548,486.8334,41.1903,synthetic_prototype_v1
BAT-01670,1.7547,0.7511,7.3302,0.3724,154.873,57.2082,synthetic_prototype_v1
BAT-01671,2.4162,2.6486,41.1665,0.7285,496.1724,40.0,synthetic_prototype_v1
BAT-01672,0.6812,2.579,18.8459,0.7861,166.6033,43.5926,synthetic_prototype_v1
BAT-01673,0.8939,1.0441,32.6944,1.5196,448.5055,50.4426,synthetic_prototype_v1
BAT-01674,1.0497,0.4221,30.0819,2.7739,213.1693,43.9658,synthetic_prototype_v1
BAT-01675,2.3494,1.4302,33.547,0.2221,195.1024,50.3312,synthetic_prototype_v1
BAT-01676,2.4952,1.9966,5.9716,1.3662,437.219,49.4729,synthetic_prototype_v1
BAT-01677,2.3593,0.9933,38.0314,1.3004,418.6634,47.0783,synthetic_prototype_v1
BAT-01678,1.5626,1.6316,3.3924,2.1809,414.8329,40.0,synthetic_prototype_v1
BAT-01679,1.6766,2.0461,8.6654,1.3014,385.9951,52.4221,synthetic_prototype_v1
BAT-01680,1.7126,2.7726,32.7677,1.5393,97.5774,40.0,synthetic_prototype_v1
BAT-01681,0.9305,0.4109,16.2547,2.4807,134.6959,47.6982,synthetic_prototype_v1
BAT-01682,1.4491,0.5725,20.1696,0.2162,33.1068,89.9975,synthetic_prototype_v1
BAT-01683,0.9911,0.596,35.5688,1.9422,365.8467,54.1399,synthetic_prototype_v1
BAT-01684,0.8656,0.6523,6.7893,2.1757,420.324,45.2164,synthetic_prototype_v1
BAT-01685,1.3851,0.3527,20.6882,1.3142,103.8486,71.8583,synthetic_prototype_v1
BAT-01686,0.5316,2.206,2.6107,0.8585,40.3501,40.0,synthetic_prototype_v1
BAT-01687,1.8877,2.7592,18.3485,2.0506,385.8378,40.0,synthetic_prototype_v1
BAT-01688,1.967,2.8252,6.7084,0.723,122.3769,40.0,synthetic_prototype_v1
BAT-01689,2.2805,1.726,1.1259,1.6672,157.5925,40.0,synthetic_prototype_v1
BAT-01690,1.3975,0.8204,6.8326,2.6697,217.1531,44.6039,synthetic_prototype_v1
BAT-01691,1.172,0.5663,27.4131,0.7786,176.5352,69.093,synthetic_prototype_v1
BAT-01692,1.6387,0.6734,25.068,0.2049,28.4277,82.7037,synthetic_prototype_v1
BAT-01693,1.8753,1.395,13.7755,0.737,136.349,58.4864,synthetic_prototype_v1
BAT-01694,1.3373,0.3469,19.0222,0.7402,152.7673,74.8463,synthetic_prototype_v1
BAT-01695,0.7795,2.5698,41.0935,2.1689,144.6805,42.295,synthetic_prototype_v1
BAT-01696,1.1011,0.5291,22.4163,0.8807,215.4987,64.1807,synthetic_prototype_v1
BAT-01697,1.5912,0.5322,15.836,0.7014,205.175,71.4075,synthetic_prototype_v1
BAT-01698,1.2581,0.2572,40.4092,1.7787,248.9386,49.3377,synthetic_prototype_v1
BAT-01699,1.1808,0.4268,22.5727,0.6918,55.9895,88.8367,synthetic_prototype_v1
BAT-01700,1.3879,1.0295,29.6859,0.2456,29.0551,75.1959,synthetic_prototype_v1
BAT-01701,2.4107,1.0714,14.6451,0.4959,337.7487,54.6957,synthetic_prototype_v1
BAT-01702,2.2923,2.2272,37.6579,1.919,115.0379,49.2402,synthetic_prototype_v1
BAT-01703,2.2875,2.0447,8.472,1.2456,216.1121,50.7315,synthetic_prototype_v1
BAT-01704,1.8194,0.8715,18.2711,0.3665,191.9083,60.4654,synthetic_prototype_v1
BAT-01705,0.8239,2.8857,10.8714,2.6563,67.0847,40.0,synthetic_prototype_v1
BAT-01706,0.9494,0.2853,11.6686,0.7728,185.5278,58.7151,synthetic_prototype_v1
BAT-01707,2.1478,0.4294,47.861,2.5533,489.869,41.2485,synthetic_prototype_v1
BAT-01708,1.2694,1.2847,2.9681,1.1132,331.68,40.8744,synthetic_prototype_v1
BAT-01709,1.4342,0.6969,19.0379,0.8545,223.8001,72.306,synthetic_prototype_v1
BAT-01710,1.5054,0.2123,26.8118,2.9564,318.2402,40.4712,synthetic_prototype_v1
BAT-01711,0.9009,0.6404,22.5867,0.4899,142.1732,67.6302,synthetic_prototype_v1
BAT-01712,1.1695,0.8436,13.1773,0.788,176.5559,65.9385,synthetic_prototype_v1
BAT-01713,1.3232,0.6401,25.0481,0.4248,131.7944,77.2199,synthetic_prototype_v1
BAT-01714,1.9534,0.6612,18.2797,0.7164,189.9097,63.3088,synthetic_prototype_v1
BAT-01715,0.9859,1.0181,16.1713,0.8887,97.9688,68.4976,synthetic_prototype_v1
BAT-01716,1.3323,2.0617,14.1375,1.0731,386.6684,50.0362,synthetic_prototype_v1
BAT-01717,0.6481,1.8486,8.6599,2.4701,497.0646,47.0808,synthetic_prototype_v1
BAT-01718,0.8071,1.5205,38.3225,2.5093,319.2385,43.3739,synthetic_prototype_v1
BAT-01719,1.4557,0.7393,30.88,0.6276,44.4916,78.7578,synthetic_prototype_v1
BAT-01720,0.5808,0.4011,12.8652,2.9581,13.9884,40.1938,synthetic_prototype_v1
BAT-01721,0.6935,2.8209,11.7886,2.9974,464.2979,40.4628,synthetic_prototype_v1
BAT-01722,1.2945,0.705,19.7023,1.5973,152.0807,64.7352,synthetic_prototype_v1
BAT-01723,0.8846,2.0287,37.9493,2.8135,144.1677,43.2151,synthetic_prototype_v1
BAT-01724,1.4963,0.4732,23.4993,0.6413,233.7062,70.4149,synthetic_prototype_v1
BAT-01725,1.5164,1.3385,6.8599,0.326,194.6685,51.1772,synthetic_prototype_v1
BAT-01726,2.045,2.395,24.8643,2.6929,167.9524,41.6553,synthetic_prototype_v1
BAT-01727,1.4108,0.9135,26.1677,0.7061,92.3165,78.2255,synthetic_prototype_v1
BAT-01728,1.7567,1.2568,3.3814,0.2,184.4547,40.2118,synthetic_prototype_v1
BAT-01729,2.1041,0.7712,15.313,1.6812,306.3776,50.723,synthetic_prototype_v1
BAT-01730,0.873,0.5707,32.8377,2.6135,288.6136,44.3005,synthetic_prototype_v1
BAT-01731,1.6537,2.8579,27.7985,0.7462,363.3921,40.0,synthetic_prototype_v1
BAT-01732,1.913,0.5966,20.2003,0.8413,220.2326,62.9363,synthetic_prototype_v1
BAT-01733,1.4812,1.9435,0.1973,1.2991,108.1997,41.6408,synthetic_prototype_v1
BAT-01734,2.429,0.7322,26.3145,1.5719,125.5987,52.4719,synthetic_prototype_v1
BAT-01735,1.1976,0.5134,27.0066,0.6331,204.8647,67.4449,synthetic_prototype_v1
BAT-01736,1.0049,2.1078,18.3857,0.2993,15.2999,57.766,synthetic_prototype_v1
BAT-01737,1.3784,1.7421,15.2298,2.8317,284.9351,43.1242,synthetic_prototype_v1
BAT-01738,1.365,0.767,39.4036,2.0088,234.0916,49.4578,synthetic_prototype_v1
BAT-01739,1.1708,0.6545,22.071,0.9116,105.9284,78.7358,synthetic_prototype_v1
BAT-01740,2.4488,0.4138,21.6561,2.7273,120.9348,44.3601,synthetic_prototype_v1
BAT-01741,1.283,2.9633,12.7274,0.9456,107.5174,40.0,synthetic_prototype_v1
BAT-01742,1.1039,1.0407,23.7512,0.3438,154.6785,68.7758,synthetic_prototype_v1
BAT-01743,0.6901,2.6508,22.7396,0.4596,88.1365,44.3696,synthetic_prototype_v1
BAT-01744,0.8769,1.4099,30.8289,0.6551,15.8131,63.6336,synthetic_prototype_v1
BAT-01745,0.9042,1.0861,10.5772,0.4106,98.359,56.7282,synthetic_prototype_v1
BAT-01746,0.9691,1.0398,28.3703,1.3557,149.8335,57.6845,synthetic_prototype_v1
BAT-01747,1.1997,0.9345,29.4782,0.7055,89.0674,69.9645,synthetic_prototype_v1
BAT-01748,1.7647,1.5265,35.1794,0.7168,221.6292,49.5768,synthetic_prototype_v1
BAT-01749,2.141,1.195,32.6089,1.2017,439.5808,51.7462,synthetic_prototype_v1
BAT-01750,1.3159,0.5925,9.7572,1.2103,199.4246,58.3296,synthetic_prototype_v1
BAT-01751,1.5859,0.8997,18.8229,0.7155,22.3865,84.2437,synthetic_prototype_v1
BAT-01752,1.1558,0.926,21.4379,0.294,15.557,86.9003,synthetic_prototype_v1
BAT-01753,1.1116,0.2221,12.4659,0.6356,120.2093,62.7936,synthetic_prototype_v1
BAT-01754,0.9352,0.6816,31.8451,0.2,233.5757,55.6169,synthetic_prototype_v1
BAT-01755,1.4984,0.2063,1.3468,1.8669,492.9143,40.0,synthetic_prototype_v1
BAT-01756,0.9168,2.8931,23.1411,1.9503,282.0966,40.0,synthetic_prototype_v1
BAT-01757,1.8758,0.6091,17.2073,1.0106,119.7901,67.6886,synthetic_prototype_v1
BAT-01758,1.5102,0.214,30.9718,0.9789,129.3643,63.1076,synthetic_prototype_v1
BAT-01759,0.8126,1.4215,29.4579,0.707,163.7623,52.7542,synthetic_prototype_v1
BAT-01760,0.9614,2.5583,48.9831,2.5792,51.8553,40.0,synthetic_prototype_v1
BAT-01761,1.614,0.575,35.9626,2.4897,102.4373,48.3952,synthetic_prototype_v1
BAT-01762,1.3096,0.5424,13.522,0.5275,33.2243,82.0814,synthetic_prototype_v1
BAT-01763,2.4324,0.4429,47.791,2.5505,141.1781,42.4242,synthetic_prototype_v1
BAT-01764,1.111,1.0877,3.783,2.6847,350.7526,40.3874,synthetic_prototype_v1
BAT-01765,1.4274,2.8514,7.2293,0.5011,179.7993,40.4275,synthetic_prototype_v1
BAT-01766,2.1263,1.7371,2.1362,0.5924,470.623,42.4373,synthetic_prototype_v1
BAT-01767,1.6219,0.2,23.0641,0.2656,98.1676,74.2816,synthetic_prototype_v1
BAT-01768,1.4733,0.4607,16.9842,0.6695,463.4121,59.2581,synthetic_prototype_v1
BAT-01769,2.0984,1.43,47.5017,1.5613,118.1225,40.4508,synthetic_prototype_v1
BAT-01770,1.5709,2.0876,33.6761,0.747,93.0368,49.9646,synthetic_prototype_v1
BAT-01771,0.9178,0.3977,19.6704,0.3651,116.4156,64.8144,synthetic_prototype_v1
BAT-01772,2.0752,1.0173,13.207,1.3033,329.4708,56.1532,synthetic_prototype_v1
BAT-01773,2.1318,0.7081,44.9118,1.4509,376.1704,40.0,synthetic_prototype_v1
BAT-01774,1.3225,0.4799,21.7336,0.6609,207.5308,73.0726,synthetic_prototype_v1
BAT-01775,1.3201,1.0218,16.332,0.439,94.4793,72.4187,synthetic_prototype_v1
BAT-01776,1.7524,0.5785,23.7134,0.5221,168.2346,69.9282,synthetic_prototype_v1
BAT-01777,1.6442,0.626,26.1956,0.3106,227.3268,66.8502,synthetic_prototype_v1
BAT-01778,0.6436,0.7256,28.4095,2.7876,418.7752,41.1158,synthetic_prototype_v1
BAT-01779,0.7477,0.9856,17.5367,1.135,76.8087,59.4972,synthetic_prototype_v1
BAT-01780,1.0678,1.852,2.8778,1.3137,152.5739,40.0,synthetic_prototype_v1
BAT-01781,1.9361,1.3441,47.97,1.3082,319.1948,40.0,synthetic_prototype_v1
BAT-01782,0.5445,2.1313,31.2985,1.5189,18.916,51.9259,synthetic_prototype_v1
BAT-01783,1.5083,0.4217,27.3049,1.1467,239.5496,65.0095,synthetic_prototype_v1
BAT-01784,1.499,0.6948,25.355,0.8725,148.4742,71.6027,synthetic_prototype_v1
BAT-01785,1.5553,1.5628,34.2416,0.2,424.3448,53.5315,synthetic_prototype_v1
BAT-01786,1.752,1.2928,45.0341,0.9776,382.9878,40.0,synthetic_prototype_v1
BAT-01787,1.2739,0.4278,28.1986,0.2908,130.7385,71.0405,synthetic_prototype_v1
BAT-01788,2.1018,2.4817,29.9216,0.9935,23.547,50.1622,synthetic_prototype_v1
BAT-01789,2.2179,0.212,43.682,0.9141,254.9994,43.9007,synthetic_prototype_v1
BAT-01790,1.6881,0.7618,16.7162,0.8556,99.5487,69.3904,synthetic_prototype_v1
BAT-01791,1.4089,2.7827,41.3696,1.6963,313.3654,40.5709,synthetic_prototype_v1
BAT-01792,1.388,1.3246,22.9324,0.2,174.3722,64.4398,synthetic_prototype_v1
BAT-01793,2.0733,2.7842,10.9792,1.1765,160.7576,40.3989,synthetic_prototype_v1
BAT-01794,1.2701,0.5537,14.8569,0.4857,132.7127,73.2801,synthetic_prototype_v1
BAT-01795,1.1872,1.1651,18.1426,0.8384,242.6647,62.0364,synthetic_prototype_v1
BAT-01796,1.5284,2.9918,31.3024,2.232,338.1282,40.7752,synthetic_prototype_v1
BAT-01797,1.6111,0.8295,20.7546,0.7942,26.2371,87.0637,synthetic_prototype_v1
BAT-01798,1.5548,0.3554,27.5517,2.7594,288.0625,40.7581,synthetic_prototype_v1
BAT-01799,1.1839,1.1483,33.6513,2.0291,118.7042,54.4491,synthetic_prototype_v1
BAT-01800,1.2358,0.4191,43.7863,2.7728,117.3311,40.0,synthetic_prototype_v1
BAT-01801,1.2147,2.8855,11.2805,1.0613,299.1956,40.0,synthetic_prototype_v1
BAT-01802,1.675,2.708,24.8461,2.4984,467.7072,40.0,synthetic_prototype_v1
BAT-01803,1.7465,0.6682,24.0839,0.6581,170.1894,70.1253,synthetic_prototype_v1
BAT-01804,0.8486,0.4172,36.1156,0.9635,86.6011,54.4578,synthetic_prototype_v1
BAT-01805,1.021,0.6299,17.7353,0.5163,210.4202,66.6111,synthetic_prototype_v1
BAT-01806,0.9376,0.4328,26.477,0.2,217.3438,58.5207,synthetic_prototype_v1
BAT-01807,0.5454,0.9989,9.9862,0.3674,138.1038,54.6085,synthetic_prototype_v1
BAT-01808,1.3808,0.2367,13.1884,0.2737,249.0686,61.8461,synthetic_prototype_v1
BAT-01809,1.7207,2.4344,37.1576,1.6821,427.8606,41.9739,synthetic_prototype_v1
BAT-01810,2.193,1.7235,7.8354,2.0481,98.7909,49.5071,synthetic_prototype_v1
BAT-01811,1.3691,1.611,28.0923,0.4845,235.5322,59.4884,synthetic_prototype_v1
BAT-01812,2.0921,0.726,0.28,2.9709,48.4929,40.1415,synthetic_prototype_v1
BAT-01813,1.301,0.992,24.2849,0.5721,42.599,83.9123,synthetic_prototype_v1
BAT-01814,1.6686,0.2624,20.0172,1.2063,139.0422,65.2401,synthetic_prototype_v1
BAT-01815,1.2414,0.2946,21.9186,0.2642,229.4685,67.9445,synthetic_prototype_v1
BAT-01816,2.2311,1.9352,24.336,1.4793,284.9965,51.4108,synthetic_prototype_v1
BAT-01817,1.3404,0.5896,8.324,0.2,109.5536,61.4525,synthetic_prototype_v1
BAT-01818,1.1194,0.7438,20.3679,0.6241,142.1418,76.0898,synthetic_prototype_v1
BAT-01819,2.1669,0.6103,15.6306,1.1496,438.6609,55.8996,synthetic_prototype_v1
BAT-01820,1.0732,1.0502,39.3537,1.2684,392.7511,52.6518,synthetic_prototype_v1
BAT-01821,0.9997,2.8024,45.5426,2.8663,416.2175,40.0,synthetic_prototype_v1
BAT-01822,2.2895,0.329,16.0653,0.7675,460.4207,51.6529,synthetic_prototype_v1
BAT-01823,1.3032,0.2,29.6875,1.2004,44.6784,70.5256,synthetic_prototype_v1
BAT-01824,1.0005,0.2,21.6681,0.2556,95.5767,69.568,synthetic_prototype_v1
BAT-01825,2.4264,2.7991,25.438,2.8108,373.6565,40.0589,synthetic_prototype_v1
BAT-01826,1.5413,0.8954,15.0644,0.8865,43.0607,78.0567,synthetic_prototype_v1
BAT-01827,0.6436,1.9064,19.3353,0.7461,180.8673,52.1676,synthetic_prototype_v1
BAT-01828,1.7659,0.6733,15.7082,0.6177,68.2265,74.904,synthetic_prototype_v1
BAT-01829,0.9048,1.0855,16.3578,0.8594,465.5983,51.0342,synthetic_prototype_v1
BAT-01830,0.8354,1.4041,48.2574,0.6901,203.0013,40.0,synthetic_prototype_v1
BAT-01831,1.4612,1.9224,16.7253,2.3754,124.2648,48.4428,synthetic_prototype_v1
BAT-01832,1.3637,0.9075,22.4829,0.6937,126.2543,78.5725,synthetic_prototype_v1
BAT-01833,1.4681,0.523,19.6806,0.7829,231.9149,72.1584,synthetic_prototype_v1
BAT-01834,1.2905,0.8116,28.7186,1.8921,331.5654,53.831,synthetic_prototype_v1
BAT-01835,0.9655,0.5268,13.6844,2.1945,84.9548,47.5737,synthetic_prototype_v1
BAT-01836,1.6891,1.1584,44.6642,1.8829,328.0603,40.2528,synthetic_prototype_v1
BAT-01837,1.3519,1.795,39.1765,1.9371,182.4014,52.1604,synthetic_prototype_v1
BAT-01838,1.2468,1.18,45.5744,0.3297,328.6602,40.0,synthetic_prototype_v1
BAT-01839,1.2847,0.4741,24.3232,0.8025,162.1047,74.0078,synthetic_prototype_v1
BAT-01840,1.011,0.9087,20.8274,0.5295,131.3196,69.2934,synthetic_prototype_v1
BAT-01841,1.1858,0.7323,28.0503,1.0154,81.8144,73.9268,synthetic_prototype_v1
BAT-01842,2.0111,2.1736,28.963,1.545,111.059,49.976,synthetic_prototype_v1
BAT-01843,0.6241,1.0031,25.296,0.6975,395.4273,54.3491,synthetic_prototype_v1
BAT-01844,1.4589,0.2,11.6511,0.6912,161.355,64.3334,synthetic_prototype_v1
BAT-01845,1.3932,0.7997,15.7657,1.0142,160.3014,69.377,synthetic_prototype_v1
BAT-01846,1.5115,0.4674,24.7079,1.5031,360.2286,57.7365,synthetic_prototype_v1
BAT-01847,2.4896,1.8072,44.5851,0.3299,29.0565,40.7538,synthetic_prototype_v1
BAT-01848,2.1553,2.5046,14.6423,2.9239,18.7428,40.0,synthetic_prototype_v1
BAT-01849,2.3467,2.6308,31.8086,2.3123,270.6,41.4615,synthetic_prototype_v1
BAT-01850,0.9553,2.4834,2.171,1.9385,482.6074,40.0,synthetic_prototype_v1
BAT-01851,1.1324,2.9008,42.7803,0.2241,237.2847,41.7824,synthetic_prototype_v1
BAT-01852,1.6044,2.4382,9.2144,1.5154,398.0108,43.1815,synthetic_prototype_v1
BAT-01853,0.8787,1.7075,36.608,0.2818,340.3434,49.782,synthetic_prototype_v1
BAT-01854,1.2966,0.5441,11.9757,0.3149,46.9236,70.9996,synthetic_prototype_v1
BAT-01855,1.2607,0.2,36.0755,0.5307,71.56,60.527,synthetic_prototype_v1
BAT-01856,1.4762,0.5022,16.5389,0.2,144.2476,70.7388,synthetic_prototype_v1
BAT-01857,1.3086,2.5258,19.25,1.2891,400.5232,44.6263,synthetic_prototype_v1
BAT-01858,0.6939,1.9626,6.9031,2.1807,324.8772,48.9365,synthetic_prototype_v1
BAT-01859,2.2387,1.9789,29.904,0.4958,446.9058,49.7552,synthetic_prototype_v1
BAT-01860,2.4816,1.1611,18.0587,1.5982,193.9517,52.2944,synthetic_prototype_v1
BAT-01861,2.3347,0.3615,12.1784,0.6813,358.6159,48.7338,synthetic_prototype_v1
BAT-01862,1.6992,0.4249,14.4506,0.5455,116.5824,69.4784,synthetic_prototype_v1
BAT-01863,2.4184,1.379,7.9025,0.3776,299.3016,51.2853,synthetic_prototype_v1
BAT-01864,1.3093,0.4405,30.8774,0.2,93.1321,72.7187,synthetic_prototype_v1
BAT-01865,0.9087,2.6076,14.6796,2.0363,68.4678,46.1721,synthetic_prototype_v1
BAT-01866,1.0164,0.2,31.6669,0.555,216.4946,60.5994,synthetic_prototype_v1
BAT-01867,1.3599,1.4567,21.2183,2.1654,384.2073,45.3925,synthetic_prototype_v1
BAT-01868,2.0518,0.4991,15.5848,0.2,64.6631,63.6603,synthetic_prototype_v1
BAT-01869,0.688,2.1104,35.7746,2.2328,476.8263,47.3686,synthetic_prototype_v1
BAT-01870,1.4222,0.8322,42.3025,2.6652,102.0994,41.9304,synthetic_prototype_v1
BAT-01871,1.9642,1.1346,21.9776,0.7021,28.6645,66.7172,synthetic_prototype_v1
BAT-01872,1.3623,0.5407,42.4138,2.8524,86.3087,40.3083,synthetic_prototype_v1
BAT-01873,2.3625,2.4323,46.4719,1.2962,100.7909,42.4331,synthetic_prototype_v1
BAT-01874,1.3923,0.6381,26.4229,0.4216,150.5461,72.9662,synthetic_prototype_v1
BAT-01875,1.457,0.8544,20.1275,0.8605,74.6537,84.0717,synthetic_prototype_v1
BAT-01876,1.42,0.3101,11.1172,0.5061,120.5814,66.0132,synthetic_prototype_v1
BAT-01877,1.3824,2.5989,16.412,2.3132,495.104,40.0,synthetic_prototype_v1
BAT-01878,1.285,1.6317,39.3195,2.9559,310.9032,41.68,synthetic_prototype_v1
BAT-01879,1.289,2.8316,44.0583,2.6247,417.9341,44.0787,synthetic_prototype_v1
BAT-01880,2.3118,0.9011,40.4359,1.8911,115.3692,47.687,synthetic_prototype_v1
BAT-01881,1.9772,0.3927,22.7738,1.7017,370.3831,55.1718,synthetic_prototype_v1
BAT-01882,1.6929,0.8108,49.9077,2.0239,466.8716,40.0833,synthetic_prototype_v1
BAT-01883,2.0652,0.9941,27.5321,1.8935,388.7001,52.3413,synthetic_prototype_v1
BAT-01884,1.2372,0.5317,21.8221,0.2,218.6193,66.3304,synthetic_prototype_v1
BAT-01885,1.1828,1.2933,35.9729,1.925,78.7013,53.6554,synthetic_prototype_v1
BAT-01886,0.802,0.3172,19.6588,0.2085,58.0027,61.9228,synthetic_prototype_v1
BAT-01887,0.5025,0.4898,40.8058,2.9277,22.5796,40.0,synthetic_prototype_v1
BAT-01888,1.7866,0.9288,30.6324,0.5312,27.1332,71.0956,synthetic_prototype_v1
BAT-01889,1.7378,1.5398,28.3629,0.4716,87.2909,62.2505,synthetic_prototype_v1
BAT-01890,0.5981,0.843,3.1889,0.3326,219.3779,40.0,synthetic_prototype_v1
BAT-01891,0.5276,1.9881,26.1891,1.6946,246.7335,50.9793,synthetic_prototype_v1
BAT-01892,1.6584,0.5906,31.9103,2.6454,209.6374,43.3566,synthetic_prototype_v1
BAT-01893,1.5315,2.5711,35.1225,2.1132,462.3236,40.0,synthetic_prototype_v1
BAT-01894,1.9612,0.4985,12.2001,0.853,23.6962,64.259,synthetic_prototype_v1
BAT-01895,1.1408,1.9996,45.5443,0.5901,47.4905,40.5264,synthetic_prototype_v1
BAT-01896,2.1642,2.5982,44.0401,0.3931,219.6578,40.5876,synthetic_prototype_v1
BAT-01897,2.3639,1.328,44.8281,1.2038,153.5468,40.0,synthetic_prototype_v1
BAT-01898,1.1295,1.3979,22.4887,2.0218,175.1397,52.5306,synthetic_prototype_v1
BAT-01899,0.6437,1.2619,26.1088,2.162,119.0772,50.5488,synthetic_prototype_v1
BAT-01900,1.0782,1.3628,27.8434,2.9243,359.773,40.0,synthetic_prototype_v1
BAT-01901,0.6801,2.2697,5.6143,1.2072,321.2265,47.5268,synthetic_prototype_v1
BAT-01902,0.8088,1.0904,31.2607,2.3747,491.8013,44.0124,synthetic_prototype_v1
BAT-01903,1.3568,0.2389,23.6281,1.1305,120.7517,69.969,synthetic_prototype_v1
BAT-01904,0.5718,1.4349,30.0879,0.4795,269.7319,49.0404,synthetic_prototype_v1
BAT-01905,0.6615,0.7665,31.2382,2.9931,22.4866,41.5338,synthetic_prototype_v1
BAT-01906,1.0927,2.8643,6.4149,1.6629,214.7362,40.0,synthetic_prototype_v1
BAT-01907,1.2257,0.6847,18.2334,0.5185,23.0854,88.6007,synthetic_prototype_v1
BAT-01908,1.1854,1.8872,12.3839,2.8568,474.0991,40.1078,synthetic_prototype_v1
BAT-01909,0.7068,1.3017,21.8884,0.2133,63.634,57.2318,synthetic_prototype_v1
BAT-01910,1.4235,1.1656,21.9089,1.5754,468.3337,52.6637,synthetic_prototype_v1
BAT-01911,0.9792,1.0285,28.1363,0.4683,80.5065,68.6823,synthetic_prototype_v1
BAT-01912,1.4245,1.9546,32.5065,1.6104,279.5657,51.2484,synthetic_prototype_v1
BAT-01913,2.4098,0.2069,5.824,1.1146,187.0301,50.4274,synthetic_prototype_v1
BAT-01914,1.9959,0.8341,20.0346,0.2,114.9566,67.2051,synthetic_prototype_v1
BAT-01915,0.8268,1.3087,11.4866,1.341,294.8004,48.9039,synthetic_prototype_v1
BAT-01916,1.7791,0.3613,20.0012,2.5517,279.6518,46.2192,synthetic_prototype_v1
BAT-01917,1.2549,0.8071,24.7928,0.4752,92.4027,81.1316,synthetic_prototype_v1
BAT-01918,1.254,0.6201,20.4537,0.3773,69.2133,85.6017,synthetic_prototype_v1
BAT-01919,1.4587,1.8975,35.8479,0.295,132.403,52.0337,synthetic_prototype_v1
BAT-01920,2.1526,0.8308,45.6608,2.0348,463.1191,40.7693,synthetic_prototype_v1
BAT-01921,1.2039,0.217,27.4182,1.9988,307.6309,53.636,synthetic_prototype_v1
BAT-01922,0.5531,1.7256,32.5621,1.7895,362.2571,50.9214,synthetic_prototype_v1
BAT-01923,1.7356,2.0733,49.4618,1.1601,133.2061,40.0,synthetic_prototype_v1
BAT-01924,1.3467,0.2502,26.2398,0.8732,126.6407,74.1099,synthetic_prototype_v1
BAT-01925,1.5829,0.7033,22.654,0.6885,85.8146,84.3871,synthetic_prototype_v1
BAT-01926,0.9771,0.9474,36.7425,2.1547,348.3948,47.3889,synthetic_prototype_v1
BAT-01927,2.0749,1.5034,37.4739,2.1268,344.9367,52.1332,synthetic_prototype_v1
BAT-01928,1.4724,1.9628,10.4378,1.7339,202.6332,52.0625,synthetic_prototype_v1
BAT-01929,1.7233,0.7237,9.7856,0.7101,100.2484,60.4386,synthetic_prototype_v1
BAT-01930,2.2282,1.1622,8.6936,2.585,67.8028,44.9599,synthetic_prototype_v1
BAT-01931,1.0204,2.8199,32.4549,2.1488,54.9994,40.5049,synthetic_prototype_v1
BAT-01932,2.3559,1.0539,49.3356,0.6703,363.4663,40.0,synthetic_prototype_v1
BAT-01933,1.0823,0.8537,19.447,0.2421,176.5218,67.8471,synthetic_prototype_v1
BAT-01934,1.0475,0.6008,26.3816,0.4853,164.3961,67.1414,synthetic_prototype_v1
BAT-01935,1.5481,0.2996,22.5485,0.3922,210.5626,68.2222,synthetic_prototype_v1
BAT-01936,1.109,0.5447,29.8087,0.7109,52.1242,74.1271,synthetic_prototype_v1
BAT-01937,1.9596,2.3141,35.8966,0.9002,463.1757,46.189,synthetic_prototype_v1
BAT-01938,0.7694,0.9923,28.7508,0.3243,485.7217,54.4608,synthetic_prototype_v1
BAT-01939,1.4014,0.9185,21.7823,0.4496,158.8613,74.7168,synthetic_prototype_v1
BAT-01940,2.4395,2.0354,17.526,0.5524,239.7782,51.7104,synthetic_prototype_v1
BAT-01941,1.2873,0.807,6.4146,1.5683,291.3938,49.5247,synthetic_prototype_v1
BAT-01942,1.6315,2.7734,44.602,0.8994,39.5997,40.0,synthetic_prototype_v1
BAT-01943,1.3599,0.8293,27.0267,0.6072,91.6902,77.1389,synthetic_prototype_v1
BAT-01944,0.619,1.9482,6.8231,0.4216,338.8234,50.7425,synthetic_prototype_v1
BAT-01945,1.0691,1.1877,48.3238,0.7797,280.8474,40.0,synthetic_prototype_v1
BAT-01946,0.8033,0.387,18.5981,0.6551,225.5541,58.7397,synthetic_prototype_v1
BAT-01947,1.3638,0.6481,21.3194,0.5207,101.7014,84.2101,synthetic_prototype_v1
BAT-01948,1.5824,0.5296,22.3021,0.5308,53.3269,83.7546,synthetic_prototype_v1
BAT-01949,2.1582,2.7667,30.0015,1.2386,47.7255,40.7884,synthetic_prototype_v1
BAT-01950,0.8394,1.6616,48.4407,2.1967,159.0182,40.0,synthetic_prototype_v1
BAT-01951,1.4636,0.4696,27.0345,0.6976,181.2039,67.8498,synthetic_prototype_v1
BAT-01952,1.312,1.1383,16.7585,0.4607,70.1983,73.9904,synthetic_prototype_v1
BAT-01953,1.5842,2.6625,24.1096,0.909,450.0927,40.0,synthetic_prototype_v1
BAT-01954,1.3642,0.234,20.3443,2.8033,301.3228,42.2785,synthetic_prototype_v1
BAT-01955,1.82,2.0716,25.4875,2.6633,47.839,43.4749,synthetic_prototype_v1
BAT-01956,1.6601,0.3715,26.1469,0.703,214.6423,66.3301,synthetic_prototype_v1
BAT-01957,0.863,0.462,0.0157,1.9227,417.2151,41.5748,synthetic_prototype_v1
BAT-01958,1.9558,1.8666,32.4203,1.1004,110.7629,51.6842,synthetic_prototype_v1
BAT-01959,1.6253,1.6524,36.5824,0.6348,161.7103,53.0854,synthetic_prototype_v1
BAT-01960,1.4321,0.4498,15.5874,0.7117,198.8018,69.7725,synthetic_prototype_v1
BAT-01961,1.6088,2.5442,17.2849,1.7822,319.4432,47.1912,synthetic_prototype_v1
BAT-01962,2.202,1.6331,17.7256,0.8597,223.6661,54.2418,synthetic_prototype_v1
BAT-01963,1.7064,0.6444,24.7162,0.2063,32.515,80.2476,synthetic_prototype_v1
BAT-01964,1.3894,1.3129,2.2385,0.5559,194.4846,41.7957,synthetic_prototype_v1
BAT-01965,1.7079,2.0168,31.7414,0.4159,249.5343,51.4166,synthetic_prototype_v1
BAT-01966,0.9515,1.0773,27.572,0.2,97.2077,64.8854,synthetic_prototype_v1
BAT-01967,2.2962,0.8068,29.182,1.2066,134.3773,55.1408,synthetic_prototype_v1
BAT-01968,0.5819,1.1257,20.5025,0.4619,346.2443,53.1656,synthetic_prototype_v1
BAT-01969,0.7165,1.6185,22.9292,0.5023,60.7937,59.907,synthetic_prototype_v1
BAT-01970,0.5544,1.7919,27.4276,1.4382,430.1064,49.9743,synthetic_prototype_v1
BAT-01971,1.6309,0.8802,14.7981,1.2831,239.0305,56.8963,synthetic_prototype_v1
BAT-01972,1.8445,2.433,46.4154,2.098,460.6374,40.0,synthetic_prototype_v1
BAT-01973,1.7831,1.5702,16.2896,1.6019,351.8651,54.6157,synthetic_prototype_v1
BAT-01974,1.097,0.7894,16.6673,0.5675,87.3317,74.6675,synthetic_prototype_v1
BAT-01975,1.3041,0.3978,16.8463,0.585,283.3118,61.1174,synthetic_prototype_v1
BAT-01976,2.246,0.6721,21.1354,2.5429,287.0536,44.4707,synthetic_prototype_v1
BAT-01977,2.2151,1.2616,43.745,2.1577,98.8314,43.578,synthetic_prototype_v1
BAT-01978,0.6535,0.209,25.2457,0.261,377.2585,53.2835,synthetic_prototype_v1
BAT-01979,1.0829,0.8544,15.872,0.3463,27.938,76.8454,synthetic_prototype_v1
BAT-01980,0.8546,0.6055,28.5519,0.5662,133.2966,62.0818,synthetic_prototype_v1
BAT-01981,1.6006,2.3553,42.7904,2.2988,469.8574,40.0,synthetic_prototype_v1
BAT-01982,1.8349,0.4395,27.6594,1.0019,130.2516,62.887,synthetic_prototype_v1
BAT-01983,1.5112,0.6381,25.7904,0.9065,175.8695,72.9589,synthetic_prototype_v1
BAT-01984,1.8379,2.6675,2.3323,1.4575,49.16,40.8378,synthetic_prototype_v1
BAT-01985,2.0306,2.6615,5.3245,2.0564,41.8516,41.2079,synthetic_prototype_v1
BAT-01986,1.5096,0.3125,1.8778,1.8141,146.8093,43.2111,synthetic_prototype_v1
BAT-01987,0.6775,1.4405,12.161,0.3517,444.7262,48.1718,synthetic_prototype_v1
BAT-01988,1.4237,0.6745,13.0026,0.4295,178.0974,65.9455,synthetic_prototype_v1
BAT-01989,1.4731,0.9374,24.1848,0.7249,80.6852,80.3746,synthetic_prototype_v1
BAT-01990,0.6876,1.7498,37.2678,1.7971,351.9725,50.8774,synthetic_prototype_v1
BAT-01991,1.4341,0.7258,11.2015,0.4003,152.066,64.5496,synthetic_prototype_v1
BAT-01992,1.2782,0.7385,29.3192,2.9163,408.3348,41.0051,synthetic_prototype_v1
BAT-01993,1.6621,1.7541,12.3378,0.396,178.8783,58.1071,synthetic_prototype_v1
BAT-01994,1.3666,1.0234,27.5102,0.8534,47.3445,81.1155,synthetic_prototype_v1
BAT-01995,1.69,0.5383,26.8361,0.396,168.9155,68.6071,synthetic_prototype_v1
BAT-01996,1.9623,2.4108,20.1572,0.9801,440.4232,42.5189,synthetic_prototype_v1
BAT-01997,1.3159,1.2202,49.8334,1.0943,326.0901,41.1656,synthetic_prototype_v1
BAT-01998,1.7471,2.2905,45.0787,0.7467,378.1947,42.5297,synthetic_prototype_v1
BAT-01999,0.891,1.7586,30.9985,2.1283,178.9074,51.1869,synthetic_prototype_v1
BAT-02000,0.6425,0.7676,24.6354,0.3259,36.7038,62.6107,synthetic_prototype_v1
BAT-02001,1.4022,2.7058,27.03,0.6009,317.5629,40.0,synthetic_prototype_v1
BAT-02002,0.5423,0.3014,4.8313,2.9452,60.2709,40.0,synthetic_prototype_v1
BAT-02003,2.1041,1.5538,39.5915,1.8587,469.0024,47.7894,synthetic_prototype_v1
BAT-02004,2.3903,0.485,12.0739,1.7162,262.8365,48.6921,synthetic_prototype_v1
BAT-02005,2.3142,1.3639,11.2826,1.7904,425.3806,50.1235,synthetic_prototype_v1
BAT-02006,1.2042,1.1071,35.8168,0.2294,84.7005,59.1713,synthetic_prototype_v1
BAT-02007,0.5985,0.2678,44.0262,2.8308,415.6609,41.1102,synthetic_prototype_v1
BAT-02008,1.2461,1.7025,15.1346,0.9202,232.2728,54.1072,synthetic_prototype_v1
BAT-02009,1.3672,0.3958,24.7784,1.0019,68.8859,80.5519,synthetic_prototype_v1
BAT-02010,2.058,1.2751,8.5602,0.7573,384.4962,49.0999,synthetic_prototype_v1
BAT-02011,1.0604,0.7348,12.395,0.3215,56.6089,66.2611,synthetic_prototype_v1
BAT-02012,1.864,0.378,28.1584,0.3533,197.2741,61.4325,synthetic_prototype_v1
BAT-02013,1.5376,0.4328,22.4058,1.0635,106.6508,73.0698,synthetic_prototype_v1
BAT-02014,1.5744,0.9422,1.2852,1.2205,261.4394,40.0,synthetic_prototype_v1
BAT-02015,0.7146,1.375,25.5008,2.7803,347.3837,40.0,synthetic_prototype_v1
BAT-02016,1.6098,0.7049,32.9803,0.447,58.4853,69.315,synthetic_prototype_v1
BAT-02017,1.9956,0.9278,23.6353,0.2674,38.9382,68.1017,synthetic_prototype_v1
BAT-02018,1.297,2.8886,13.786,0.9867,390.4151,40.0,synthetic_prototype_v1
BAT-02019,1.6072,2.4563,2.4869,1.4995,432.4579,40.0,synthetic_prototype_v1
BAT-02020,2.1188,0.5847,27.0522,0.3556,32.785,64.2633,synthetic_prototype_v1
BAT-02021,1.511,1.4857,40.4523,1.8053,29.8084,51.752,synthetic_prototype_v1
BAT-02022,1.179,1.8472,3.3177,1.6168,419.0778,40.9932,synthetic_prototype_v1
BAT-02023,1.703,1.0174,15.4554,0.7119,101.4409,71.0996,synthetic_prototype_v1
BAT-02024,1.4615,0.5797,27.1776,0.7811,76.1241,80.537,synthetic_prototype_v1
BAT-02025,2.4796,1.5309,26.8923,0.8881,238.483,51.7971,synthetic_prototype_v1
BAT-02026,1.4252,0.6809,21.7411,0.2744,258.6997,65.0981,synthetic_prototype_v1
BAT-02027,1.7131,0.5749,26.5661,1.8777,292.6912,52.7487,synthetic_prototype_v1
BAT-02028,0.8054,0.4979,8.6825,1.4341,327.9977,50.254,synthetic_prototype_v1
BAT-02029,0.7807,0.8215,17.8654,1.8552,90.7898,55.7339,synthetic_prototype_v1
BAT-02030,1.5073,2.3303,37.93,1.4992,243.7378,47.6358,synthetic_prototype_v1
BAT-02031,1.1853,2.072,49.1947,2.5104,460.3411,41.9663,synthetic_prototype_v1
BAT-02032,0.915,0.4921,27.2475,0.3202,181.983,60.2626,synthetic_prototype_v1
BAT-02033,1.606,1.9181,34.9121,0.9131,237.8415,51.4671,synthetic_prototype_v1
BAT-02034,1.4156,0.8682,37.2686,0.4132,200.4475,55.2744,synthetic_prototype_v1
BAT-02035,0.8504,0.6272,19.4722,1.6844,181.0352,52.7944,synthetic_prototype_v1
BAT-02036,1.4379,1.1761,33.1312,0.6337,130.1509,63.0712,synthetic_prototype_v1
BAT-02037,2.3553,0.7426,8.6256,1.0552,376.2493,51.7824,synthetic_prototype_v1
BAT-02038,1.7646,2.8195,7.3582,2.3894,311.0223,40.0,synthetic_prototype_v1
BAT-02039,0.6563,2.2275,47.7262,1.6689,126.7459,40.431,synthetic_prototype_v1
BAT-02040,2.0168,1.1206,45.6169,0.9289,225.04,40.0,synthetic_prototype_v1
BAT-02041,1.7042,0.7832,1.4026,2.2506,17.6318,40.0,synthetic_prototype_v1
BAT-02042,0.8152,1.616,16.2996,0.4114,83.2682,58.8376,synthetic_prototype_v1
BAT-02043,1.3471,0.7363,34.599,0.4367,86.7107,64.6988,synthetic_prototype_v1
BAT-02044,1.4005,0.9627,33.9515,0.5673,224.9838,59.7227,synthetic_prototype_v1
BAT-02045,1.2753,0.5615,23.3043,0.2,88.1827,79.5395,synthetic_prototype_v1
BAT-02046,0.7008,1.05,22.2518,1.9907,116.6119,50.9599,synthetic_prototype_v1
BAT-02047,1.4315,2.6272,22.4335,2.8881,278.4616,40.0,synthetic_prototype_v1
BAT-02048,1.814,0.5783,24.3014,1.0586,207.6994,65.5988,synthetic_prototype_v1
BAT-02049,1.2988,0.2,6.3316,0.2175,33.9784,59.0703,synthetic_prototype_v1
BAT-02050,0.6067,1.4615,25.4737,1.894,445.7394,54.2209,synthetic_prototype_v1
BAT-02051,1.1219,2.8431,14.9362,1.5318,186.3833,42.2652,synthetic_prototype_v1
BAT-02052,1.9372,0.3957,28.1319,0.2,190.4029,57.6286,synthetic_prototype_v1
BAT-02053,1.8506,2.8715,43.6996,1.3773,264.0497,40.0,synthetic_prototype_v1
BAT-02054,1.4873,1.5077,43.3121,1.1718,338.0654,42.5699,synthetic_prototype_v1
BAT-02055,1.8233,2.1373,38.9552,0.7656,345.1108,46.9704,synthetic_prototype_v1
BAT-02056,2.3807,0.6612,9.0476,1.6221,384.8984,49.578,synthetic_prototype_v1
BAT-02057,1.2544,0.7197,18.1776,0.8345,53.438,82.3094,synthetic_prototype_v1
BAT-02058,2.003,1.0215,10.6396,1.3099,43.2355,57.0863,synthetic_prototype_v1
BAT-02059,1.0797,2.3182,19.5693,1.1686,135.5408,47.0124,synthetic_prototype_v1
BAT-02060,0.5982,2.3098,40.9127,1.5822,430.157,42.3783,synthetic_prototype_v1
BAT-02061,1.4622,0.257,48.8503,2.5192,325.1554,41.6014,synthetic_prototype_v1
BAT-02062,1.6695,0.5357,28.4219,2.0952,390.5652,53.2329,synthetic_prototype_v1
BAT-02063,0.7282,0.3752,41.5173,2.1952,327.2696,44.2228,synthetic_prototype_v1
BAT-02064,2.46,0.9241,33.3302,0.9008,369.8202,48.514,synthetic_prototype_v1
BAT-02065,1.7569,0.2375,17.0299,0.8652,240.9995,62.2292,synthetic_prototype_v1
BAT-02066,1.1393,2.704,14.3915,1.2063,138.582,40.5455,synthetic_prototype_v1
BAT-02067,1.4004,0.7655,8.0171,0.6063,196.5055,57.5168,synthetic_prototype_v1
BAT-02068,1.0922,0.3986,24.4336,0.3391,88.1017,73.4235,synthetic_prototype_v1
BAT-02069,1.4069,0.2,28.6524,0.2,222.1134,68.3637,synthetic_prototype_v1
BAT-02070,2.3851,0.4214,48.653,2.041,435.1931,40.0,synthetic_prototype_v1
BAT-02071,1.954,2.0876,18.1867,0.4935,404.2871,47.9379,synthetic_prototype_v1
BAT-02072,1.4523,1.6548,35.7655,1.6702,106.5439,51.8767,synthetic_prototype_v1
BAT-02073,0.5652,1.2911,2.9581,0.407,154.5883,40.0,synthetic_prototype_v1
BAT-02074,0.5903,0.2018,42.2365,0.788,479.9908,43.1392,synthetic_prototype_v1
BAT-02075,1.6299,0.6143,17.5115,1.8076,343.7189,52.7752,synthetic_prototype_v1
BAT-02076,0.9304,1.5326,20.5577,1.1421,342.1421,52.8166,synthetic_prototype_v1
BAT-02077,1.2599,0.2,20.7101,0.6731,244.9542,65.7083,synthetic_prototype_v1
BAT-02078,1.0415,2.2986,31.1357,2.8428,115.0768,40.0,synthetic_prototype_v1
BAT-02079,1.6706,0.6515,20.8832,0.6028,175.74,70.8301,synthetic_prototype_v1
BAT-02080,1.8665,1.5874,21.5113,2.417,108.1729,44.911,synthetic_prototype_v1
BAT-02081,0.9318,0.2699,28.1735,0.8603,377.86,54.6559,synthetic_prototype_v1
BAT-02082,1.5441,0.9872,24.6523,0.5259,104.6316,79.1132,synthetic_prototype_v1
BAT-02083,1.3338,0.6177,26.8594,0.9285,223.1405,66.6569,synthetic_prototype_v1
BAT-02084,2.0107,2.6036,48.4325,0.2648,236.579,40.0,synthetic_prototype_v1
BAT-02085,1.7851,0.7162,11.4706,0.8877,235.1245,57.4124,synthetic_prototype_v1
BAT-02086,1.0747,0.2,24.3241,0.4504,78.0211,73.9056,synthetic_prototype_v1
BAT-02087,1.2702,2.9101,8.4246,0.9279,490.5323,42.5798,synthetic_prototype_v1
BAT-02088,2.3181,1.5635,1.3774,1.8943,31.1105,40.0,synthetic_prototype_v1
BAT-02089,1.9228,2.1079,22.9422,0.902,80.4826,52.8256,synthetic_prototype_v1
BAT-02090,1.1635,0.9542,21.3721,0.7646,99.6593,74.6984,synthetic_prototype_v1
BAT-02091,2.1824,1.2996,32.6024,2.0526,348.4303,49.6675,synthetic_prototype_v1
BAT-02092,0.8407,1.7787,12.4761,1.2042,354.0253,50.7361,synthetic_prototype_v1
BAT-02093,2.0984,1.5511,28.7702,1.5621,257.7691,50.5066,synthetic_prototype_v1
BAT-02094,0.9534,2.3468,41.544,1.625,420.7568,42.646,synthetic_prototype_v1
BAT-02095,1.0064,2.3335,49.049,0.4881,93.6397,40.2823,synthetic_prototype_v1
BAT-02096,2.1455,2.3641,45.5493,0.9019,263.9429,40.417,synthetic_prototype_v1
BAT-02097,1.2543,1.3466,9.1494,0.7104,109.8476,58.8736,synthetic_prototype_v1
BAT-02098,1.5146,1.6167,39.1418,0.9288,407.8432,52.1795,synthetic_prototype_v1
BAT-02099,1.1683,1.4636,5.2072,0.7732,466.5355,48.1751,synthetic_prototype_v1
BAT-02100,1.5109,0.9495,29.4526,0.2418,120.0271,71.3431,synthetic_prototype_v1
BAT-02101,2.4982,2.3023,35.4522,2.8906,468.4814,40.0,synthetic_prototype_v1
BAT-02102,2.1953,2.7499,12.9269,2.6445,59.1078,40.392,synthetic_prototype_v1
BAT-02103,1.3261,0.6886,24.5033,0.2,129.5321,76.2266,synthetic_prototype_v1
BAT-02104,1.8553,2.2469,8.1708,2.483,467.7015,41.7493,synthetic_prototype_v1
BAT-02105,1.5383,2.422,19.3411,0.5015,12.1788,49.2911,synthetic_prototype_v1
BAT-02106,2.0682,0.8036,6.6631,2.3266,340.6506,50.0758,synthetic_prototype_v1
BAT-02107,1.8607,0.6729,32.5201,0.2,92.369,62.9738,synthetic_prototype_v1
BAT-02108,1.6118,2.3673,38.9304,1.6323,464.8697,41.7682,synthetic_prototype_v1
BAT-02109,1.5865,0.7786,23.3135,0.7528,56.9194,82.9423,synthetic_prototype_v1
BAT-02110,1.0463,1.8874,7.1194,1.2525,394.8659,51.4121,synthetic_prototype_v1
BAT-02111,1.985,0.3202,21.8423,0.6285,248.5659,56.5575,synthetic_prototype_v1
BAT-02112,1.9983,0.8762,10.4085,1.0117,145.3085,57.8408,synthetic_prototype_v1
BAT-02113,2.2671,2.4953,36.9937,2.4607,91.8873,40.0195,synthetic_prototype_v1
BAT-02114,1.3047,1.803,11.952,0.7411,116.902,57.6802,synthetic_prototype_v1
BAT-02115,1.8075,2.7451,46.447,2.0213,371.0731,40.0,synthetic_prototype_v1
BAT-02116,0.8619,1.1908,37.9836,2.4613,188.1416,50.0084,synthetic_prototype_v1
BAT-02117,1.3772,1.0913,18.4061,0.4364,32.896,80.8339,synthetic_prototype_v1
BAT-02118,0.7548,0.9305,20.5591,0.2821,130.2054,59.1793,synthetic_prototype_v1
BAT-02119,0.5919,1.7621,49.8879,2.4532,98.5049,41.7667,synthetic_prototype_v1
BAT-02120,0.5974,0.6599,27.4734,2.3366,432.9594,43.5843,synthetic_prototype_v1
BAT-02121,1.6971,0.2,34.1344,0.933,62.8771,60.276,synthetic_prototype_v1
BAT-02122,1.2589,0.8835,8.8022,1.8306,258.7361,53.2315,synthetic_prototype_v1
BAT-02123,1.1713,0.8786,26.823,0.7388,55.0593,80.5929,synthetic_prototype_v1
BAT-02124,1.2614,1.0321,17.9518,0.3986,58.5306,76.3736,synthetic_prototype_v1
BAT-02125,1.0407,0.5888,25.6461,0.9891,353.0861,58.8098,synthetic_prototype_v1
BAT-02126,2.1988,2.6071,38.4365,0.656,267.9302,43.7017,synthetic_prototype_v1
BAT-02127,1.6245,0.594,16.4091,0.7512,215.1399,65.4017,synthetic_prototype_v1
BAT-02128,1.9338,1.5115,31.6115,0.7253,380.4638,53.7478,synthetic_prototype_v1
BAT-02129,2.3757,0.6899,43.4373,2.1261,88.5345,42.6091,synthetic_prototype_v1
BAT-02130,1.5529,2.9075,5.9531,1.9013,321.8653,40.0,synthetic_prototype_v1
BAT-02131,1.4522,0.8133,15.2731,1.0547,219.226,63.9251,synthetic_prototype_v1
BAT-02132,0.7729,0.4063,4.4759,2.7105,14.6663,40.2413,synthetic_prototype_v1
BAT-02133,2.3499,0.9945,30.0446,0.5731,124.5153,51.8237,synthetic_prototype_v1
BAT-02134,1.1618,0.9283,19.2348,1.1663,166.4533,64.4033,synthetic_prototype_v1
BAT-02135,1.1405,1.1331,24.7726,0.565,239.0679,63.0085,synthetic_prototype_v1
BAT-02136,1.4369,0.3598,27.4624,0.5931,141.2255,72.5637,synthetic_prototype_v1
BAT-02137,1.699,0.4267,21.2741,0.6713,166.0887,72.9061,synthetic_prototype_v1
BAT-02138,0.5241,2.1132,36.7352,2.6969,256.6147,44.4495,synthetic_prototype_v1
BAT-02139,1.2484,0.4049,19.5659,0.5086,202.0739,68.7,synthetic_prototype_v1
BAT-02140,1.0011,0.8501,33.0935,0.54,137.6872,58.099,synthetic_prototype_v1
BAT-02141,0.6872,2.5673,39.5207,2.4659,237.0089,40.8648,synthetic_prototype_v1
BAT-02142,0.8852,2.2557,35.471,0.857,159.8929,46.7212,synthetic_prototype_v1
BAT-02143,2.0911,0.8627,45.9766,1.1524,400.9863,40.0,synthetic_prototype_v1
BAT-02144,1.3964,0.2752,34.5352,1.4179,360.3844,50.1072,synthetic_prototype_v1
BAT-02145,1.3189,0.4246,20.4995,0.6874,221.3283,71.6339,synthetic_prototype_v1
BAT-02146,2.086,1.9129,19.7467,2.9965,46.2311,41.0891,synthetic_prototype_v1
BAT-02147,0.832,1.6853,42.3307,1.8842,26.7494,46.1089,synthetic_prototype_v1
BAT-02148,2.1082,0.3119,9.4366,1.212,79.5388,54.93,synthetic_prototype_v1
BAT-02149,2.0459,1.4738,8.0136,1.9408,461.2024,47.6034,synthetic_prototype_v1
BAT-02150,1.4439,0.9465,16.5797,0.7423,133.0228,73.8494,synthetic_prototype_v1
BAT-02151,1.968,1.6363,22.5437,1.3882,442.3873,51.7666,synthetic_prototype_v1
BAT-02152,2.3583,0.3091,41.0032,1.9904,120.7435,45.4899,synthetic_prototype_v1
BAT-02153,1.5144,0.3986,20.352,0.7893,69.3318,85.191,synthetic_prototype_v1
BAT-02154,0.5097,2.6886,33.088,0.5906,388.559,42.4799,synthetic_prototype_v1
BAT-02155,1.866,1.0248,26.412,1.8043,365.2506,52.5091,synthetic_prototype_v1
BAT-02156,0.5316,1.3316,23.7915,2.4865,154.9639,43.8279,synthetic_prototype_v1
BAT-02157,1.1439,0.2417,26.9531,0.4812,73.1316,72.347,synthetic_prototype_v1
BAT-02158,1.0875,1.0361,18.5469,0.2516,84.3851,70.1019,synthetic_prototype_v1
BAT-02159,1.5965,2.9458,11.0581,1.1524,82.573,41.2367,synthetic_prototype_v1
BAT-02160,1.1052,1.0781,21.2488,0.8739,197.2098,66.2983,synthetic_prototype_v1
BAT-02161,1.6288,1.9032,25.8996,2.0923,152.3228,51.7282,synthetic_prototype_v1
BAT-02162,1.3822,1.5077,30.0718,0.3553,475.0377,53.3036,synthetic_prototype_v1
BAT-02163,1.6823,0.8987,10.3865,1.4576,380.9496,52.9935,synthetic_prototype_v1
BAT-02164,1.3171,1.4524,43.7621,0.3213,290.8983,40.0,synthetic_prototype_v1
BAT-02165,2.0252,2.8664,48.4277,1.8758,436.6015,41.5214,synthetic_prototype_v1
BAT-02166,0.5246,1.7764,28.492,2.731,81.8252,46.4026,synthetic_prototype_v1
BAT-02167,1.2971,0.6866,43.3029,1.0754,78.3764,44.592,synthetic_prototype_v1
BAT-02168,1.5533,0.5243,14.3694,0.5734,184.3706,67.5902,synthetic_prototype_v1
BAT-02169,1.2287,0.2,19.3993,0.9027,46.0626,81.7997,synthetic_prototype_v1
BAT-02170,1.1408,0.4879,22.6019,0.5509,94.3648,78.277,synthetic_prototype_v1
BAT-02171,1.3638,0.992,22.1883,0.7851,144.5906,75.3059,synthetic_prototype_v1
BAT-02172,2.0203,1.0273,29.3084,0.2,89.0892,61.3675,synthetic_prototype_v1
BAT-02173,1.4926,2.7771,18.1332,1.4612,205.1433,41.4515,synthetic_prototype_v1
BAT-02174,0.68,2.9407,19.7996,1.951,362.4362,41.7348,synthetic_prototype_v1
BAT-02175,1.888,0.8985,19.0263,0.7486,84.9965,68.1769,synthetic_prototype_v1
BAT-02176,2.4934,0.428,35.6436,2.5376,497.1166,44.5036,synthetic_prototype_v1
BAT-02177,2.4169,1.7169,32.5257,2.1582,283.3296,49.652,synthetic_prototype_v1
BAT-02178,1.3758,2.188,33.8369,1.8007,243.5083,49.8983,synthetic_prototype_v1
BAT-02179,2.2343,0.7806,12.1678,0.3957,111.797,55.7998,synthetic_prototype_v1
BAT-02180,2.3741,1.0066,23.1508,0.5444,353.931,54.5021,synthetic_prototype_v1
BAT-02181,0.8072,2.4779,39.9021,1.0174,314.64,41.668,synthetic_prototype_v1
BAT-02182,1.4281,0.9831,15.0021,1.158,124.8636,68.8778,synthetic_prototype_v1
BAT-02183,1.6802,2.8815,33.5461,2.5138,218.1448,40.0,synthetic_prototype_v1
BAT-02184,1.565,0.7714,20.3281,0.3762,216.044,69.5834,synthetic_prototype_v1
BAT-02185,1.0681,1.9568,18.5164,0.4051,18.5004,61.1151,synthetic_prototype_v1
BAT-02186,1.8357,1.0325,41.662,1.2947,420.3572,48.7905,synthetic_prototype_v1
BAT-02187,2.3549,0.7461,40.9995,2.0734,308.5011,45.8107,synthetic_prototype_v1
BAT-02188,2.1543,0.9639,5.0165,1.4001,10.5087,56.4343,synthetic_prototype_v1
BAT-02189,1.7472,0.2,20.488,0.4232,86.2902,70.7942,synthetic_prototype_v1
BAT-02190,1.5305,0.8034,21.3443,0.9057,126.47,76.5598,synthetic_prototype_v1
BAT-02191,2.1866,1.5637,4.332,0.2691,352.493,41.691,synthetic_prototype_v1
BAT-02192,1.4778,2.6043,14.957,1.5655,124.5714,42.2269,synthetic_prototype_v1
BAT-02193,0.7545,0.4935,18.513,0.2,31.1185,63.8631,synthetic_prototype_v1
BAT-02194,0.6734,0.6576,26.4146,1.2259,82.6755,58.0345,synthetic_prototype_v1
BAT-02195,1.5106,0.5504,30.1241,0.2,84.4251,72.4161,synthetic_prototype_v1
BAT-02196,1.1353,2.9275,48.169,2.6402,333.7882,43.2325,synthetic_prototype_v1
BAT-02197,1.6171,0.743,19.4477,1.0498,219.6211,67.265,synthetic_prototype_v1
BAT-02198,2.2191,2.0981,12.9426,0.7069,393.7963,48.1672,synthetic_prototype_v1
BAT-02199,1.8855,0.2104,45.45,2.1048,157.2751,40.0,synthetic_prototype_v1
BAT-02200,1.4049,0.969,9.8902,0.9973,391.2512,53.761,synthetic_prototype_v1
BAT-02201,1.1167,2.2472,40.3084,1.9468,396.3744,47.8081,synthetic_prototype_v1
BAT-02202,2.16,0.9386,35.7603,2.8473,482.4894,42.4687,synthetic_prototype_v1
BAT-02203,1.4595,1.2191,20.1008,0.5878,195.3264,69.5694,synthetic_prototype_v1
BAT-02204,1.7911,0.2,19.7478,0.4904,55.3412,73.64,synthetic_prototype_v1
BAT-02205,0.8339,1.8315,18.9188,2.1837,326.4011,52.4971,synthetic_prototype_v1
BAT-02206,1.5156,0.7422,22.16,0.8043,83.3431,82.2057,synthetic_prototype_v1
BAT-02207,2.0162,2.6569,5.1185,2.015,94.0383,42.1576,synthetic_prototype_v1
BAT-02208,1.2718,1.3056,2.4184,1.13,213.4958,40.8565,synthetic_prototype_v1
BAT-02209,2.2796,2.608,45.4935,1.9658,379.3546,40.0,synthetic_prototype_v1
BAT-02210,2.3337,1.4481,21.4057,2.3069,480.4402,48.3464,synthetic_prototype_v1
BAT-02211,2.0756,1.657,37.3546,1.8554,232.7743,48.8059,synthetic_prototype_v1
BAT-02212,2.4013,1.72,13.5568,2.4539,276.7885,44.833,synthetic_prototype_v1
BAT-02213,2.2211,0.2694,13.943,1.0944,271.3554,52.1756,synthetic_prototype_v1
BAT-02214,1.3841,0.7612,11.989,0.3067,201.7988,64.42,synthetic_prototype_v1
BAT-02215,1.2882,2.0939,24.5805,2.3871,481.0766,43.8993,synthetic_prototype_v1
BAT-02216,0.9734,1.6183,14.689,2.1419,476.9963,51.7823,synthetic_prototype_v1
BAT-02217,1.1645,0.4919,24.1679,0.2,74.5501,77.4782,synthetic_prototype_v1
BAT-02218,1.5733,0.9009,20.568,0.8889,74.8195,78.2143,synthetic_prototype_v1
BAT-02219,1.1041,2.6728,19.6886,2.857,454.0854,40.874,synthetic_prototype_v1
BAT-02220,2.3977,1.4561,26.2547,2.3782,447.2838,46.7121,synthetic_prototype_v1
BAT-02221,1.381,1.1155,29.4473,0.5129,49.2681,77.9415,synthetic_prototype_v1
BAT-02222,1.2175,0.2,22.2939,0.4685,154.9705,70.6377,synthetic_prototype_v1
BAT-02223,1.178,2.452,48.4023,2.0606,359.739,40.0,synthetic_prototype_v1
BAT-02224,1.491,1.5904,48.9887,0.5602,137.2791,40.0,synthetic_prototype_v1
BAT-02225,1.6105,1.9226,29.9999,2.4654,322.0198,45.2748,synthetic_prototype_v1
BAT-02226,1.7443,0.3772,22.4012,0.9415,213.3546,63.8374,synthetic_prototype_v1
BAT-02227,2.2027,2.9934,16.3179,2.5985,38.0516,40.0451,synthetic_prototype_v1
BAT-02228,2.1389,2.5182,5.5693,1.8327,397.2751,43.4398,synthetic_prototype_v1
BAT-02229,1.4531,0.347,19.3842,0.7129,85.9155,81.5771,synthetic_prototype_v1
BAT-02230,0.8704,0.3791,29.7293,1.7742,254.1143,50.5189,synthetic_prototype_v1
BAT-02231,1.3005,0.6377,21.3048,0.3887,33.682,88.6776,synthetic_prototype_v1
BAT-02232,1.3408,1.9597,13.0285,2.8375,368.5662,41.6737,synthetic_prototype_v1
BAT-02233,1.9051,0.4597,19.4405,0.6806,21.5648,77.2228,synthetic_prototype_v1
BAT-02234,0.8826,0.9277,22.5616,0.5191,183.9974,63.4948,synthetic_prototype_v1
BAT-02235,1.4146,0.4129,18.4,0.6621,34.5969,84.1754,synthetic_prototype_v1
BAT-02236,1.2544,2.2992,40.0189,0.5568,149.5094,46.0211,synthetic_prototype_v1
BAT-02237,0.7756,0.6821,6.5906,0.3571,16.8863,60.7155,synthetic_prototype_v1
BAT-02238,0.6808,1.0457,32.7035,0.3862,128.138,50.6831,synthetic_prototype_v1
BAT-02239,1.7606,0.3485,25.1213,1.4985,242.4897,56.8739,synthetic_prototype_v1
BAT-02240,2.1124,1.1075,42.7656,1.8888,331.1498,40.0914,synthetic_prototype_v1
BAT-02241,1.1341,2.3866,29.2024,1.6117,432.0683,45.6964,synthetic_prototype_v1
BAT-02242,0.9087,0.3212,23.1551,0.5453,80.6,67.5709,synthetic_prototype_v1
BAT-02243,1.3274,0.4208,17.8446,0.4637,239.0686,67.7576,synthetic_prototype_v1
BAT-02244,1.5091,1.3237,22.5475,0.8791,377.5623,57.4375,synthetic_prototype_v1
BAT-02245,1.1848,2.3822,31.1437,1.1196,92.4585,47.4623,synthetic_prototype_v1
BAT-02246,1.8496,2.9913,46.624,0.8311,296.3504,42.4261,synthetic_prototype_v1
BAT-02247,1.0296,1.6234,7.6562,0.3835,98.9075,52.7996,synthetic_prototype_v1
BAT-02248,2.189,2.0816,43.7922,1.7365,444.2111,42.1313,synthetic_prototype_v1
BAT-02249,2.4515,1.2996,13.1457,1.0543,431.9451,49.9785,synthetic_prototype_v1
BAT-02250,0.9239,0.443,24.2985,2.2842,219.6931,49.1424,synthetic_prototype_v1
BAT-02251,1.3544,0.5303,17.9992,0.5984,78.4111,83.4171,synthetic_prototype_v1
BAT-02252,1.8966,1.6151,24.1055,2.6742,477.0451,43.7447,synthetic_prototype_v1
BAT-02253,1.7617,0.4255,36.8783,1.2804,118.6026,55.0939,synthetic_prototype_v1
BAT-02254,0.7368,1.0269,13.9989,0.516,382.0627,49.7515,synthetic_prototype_v1
BAT-02255,1.1383,0.8901,14.4953,2.4079,192.4896,47.1756,synthetic_prototype_v1
BAT-02256,1.6904,2.1715,8.2809,0.9925,478.6907,47.3801,synthetic_prototype_v1
BAT-02257,1.7231,1.9991,4.0632,0.4047,36.8128,40.0,synthetic_prototype_v1
BAT-02258,0.9745,0.583,18.9834,0.8523,222.2279,62.7608,synthetic_prototype_v1
BAT-02259,1.5791,1.0692,12.6859,0.2111,179.4608,62.741,synthetic_prototype_v1
BAT-02260,1.3473,1.8219,28.1215,0.3625,423.0841,51.7835,synthetic_prototype_v1
BAT-02261,1.0849,0.5644,23.6418,0.8712,200.1053,65.1832,synthetic_prototype_v1
BAT-02262,0.5678,1.7771,8.0022,0.886,128.7357,49.8743,synthetic_prototype_v1
BAT-02263,2.0738,0.4362,31.1172,1.3107,255.1351,55.1523,synthetic_prototype_v1
BAT-02264,1.2907,0.9722,22.7595,0.6126,248.2392,71.0771,synthetic_prototype_v1
BAT-02265,0.9108,2.1753,23.4321,1.3443,181.3434,51.0871,synthetic_prototype_v1
BAT-02266,2.3533,2.3534,20.1398,1.9876,196.9892,43.6086,synthetic_prototype_v1
BAT-02267,2.1871,2.9628,43.0215,0.3249,390.4353,40.6526,synthetic_prototype_v1
BAT-02268,2.0036,2.1331,26.2933,2.5338,221.3794,45.0474,synthetic_prototype_v1
BAT-02269,0.7796,2.0905,32.9371,1.9629,458.3743,47.8606,synthetic_prototype_v1
BAT-02270,0.8832,0.6012,40.5887,1.4023,137.3591,51.154,synthetic_prototype_v1
BAT-02271,0.5504,1.3481,21.3177,1.6239,89.9767,52.3045,synthetic_prototype_v1
BAT-02272,1.7302,0.4298,25.7344,0.5565,134.9035,70.3587,synthetic_prototype_v1
BAT-02273,2.103,0.5956,30.3848,0.5852,328.0142,55.1728,synthetic_prototype_v1
BAT-02274,1.067,1.0894,45.635,1.7319,377.3264,40.0,synthetic_prototype_v1
BAT-02275,1.1671,0.4394,19.4125,0.2,120.1454,72.2476,synthetic_prototype_v1
BAT-02276,1.0841,0.3967,7.1435,2.0891,474.3603,47.9715,synthetic_prototype_v1
BAT-02277,1.3305,0.2742,18.9706,0.5079,115.0657,78.1492,synthetic_prototype_v1
BAT-02278,1.7398,0.3358,21.3803,2.3723,44.0724,47.9063,synthetic_prototype_v1
BAT-02279,1.5993,0.8109,21.2462,1.0809,135.5601,72.5318,synthetic_prototype_v1
BAT-02280,1.1239,0.4149,24.471,0.2838,167.0924,69.1602,synthetic_prototype_v1
BAT-02281,1.1639,0.9768,22.1849,0.9967,239.3234,66.7744,synthetic_prototype_v1
BAT-02282,2.4512,0.6299,6.6675,1.2232,338.6542,51.0294,synthetic_prototype_v1
BAT-02283,1.1737,2.8173,17.4661,2.6768,197.1391,43.2005,synthetic_prototype_v1
BAT-02284,1.0584,0.3553,24.0714,0.4493,164.4603,68.9436,synthetic_prototype_v1
BAT-02285,1.1112,0.6881,13.3408,0.7301,47.8229,76.559,synthetic_prototype_v1
BAT-02286,1.3672,0.2786,27.8614,0.673,55.1422,78.8379,synthetic_prototype_v1
BAT-02287,0.7024,1.739,38.8202,1.3501,47.8986,49.3237,synthetic_prototype_v1
BAT-02288,2.3656,0.3101,44.4252,0.4606,422.4118,40.0,synthetic_prototype_v1
BAT-02289,0.809,0.5852,34.691,0.2697,83.345,60.4181,synthetic_prototype_v1
BAT-02290,0.552,2.0421,38.1662,2.109,116.0831,46.8152,synthetic_prototype_v1
BAT-02291,1.5333,0.7436,17.8811,0.5692,169.8168,72.4409,synthetic_prototype_v1
BAT-02292,1.1977,1.4686,5.8359,2.3665,224.3701,48.6056,synthetic_prototype_v1
BAT-02293,1.3926,1.6941,16.4061,0.6263,176.2163,56.7965,synthetic_prototype_v1
BAT-02294,0.6159,2.2263,16.3519,2.5656,135.855,40.5375,synthetic_prototype_v1
BAT-02295,1.7614,0.6629,19.315,0.7656,160.9537,70.2739,synthetic_prototype_v1
BAT-02296,1.2855,2.7815,44.8555,0.6007,375.6095,40.0,synthetic_prototype_v1
BAT-02297,1.0534,0.6743,29.8888,0.8036,190.122,65.8572,synthetic_prototype_v1
BAT-02298,1.7249,0.8847,40.6985,2.7403,462.5646,40.5694,synthetic_prototype_v1
BAT-02299,1.3951,0.4324,23.9041,0.951,222.0061,66.7836,synthetic_prototype_v1
BAT-02300,1.3496,2.2293,16.8474,0.2499,90.4402,47.2321,synthetic_prototype_v1
BAT-02301,0.7342,0.9253,38.4782,0.2331,173.2615,50.2863,synthetic_prototype_v1
BAT-02302,1.4306,0.6635,14.7424,0.8316,75.3508,75.3541,synthetic_prototype_v1
BAT-02303,1.2148,0.9474,16.6068,0.8884,41.1141,75.4351,synthetic_prototype_v1
BAT-02304,1.2656,2.4345,30.1392,1.4215,220.4207,45.1774,synthetic_prototype_v1
BAT-02305,1.9787,0.2,23.1843,0.528,59.6042,67.9776,synthetic_prototype_v1
BAT-02306,0.8463,2.3919,18.0191,2.5334,365.0435,43.7871,synthetic_prototype_v1
BAT-02307,2.4691,2.9195,47.6025,2.2039,96.1498,40.0,synthetic_prototype_v1
BAT-02308,1.2438,0.5584,13.3044,0.3763,165.4734,64.6784,synthetic_prototype_v1
BAT-02309,1.9695,0.9658,40.6839,1.9984,53.7774,50.5886,synthetic_prototype_v1
BAT-02310,0.7561,2.9973,5.7514,2.2757,12.5775,40.0,synthetic_prototype_v1
BAT-02311,1.4514,0.786,5.3845,2.2125,457.3012,48.7289,synthetic_prototype_v1
BAT-02312,1.1431,1.1025,21.2772,2.0921,40.7189,50.4509,synthetic_prototype_v1
BAT-02313,1.4375,2.2229,33.0284,0.9062,271.4112,49.8106,synthetic_prototype_v1
BAT-02314,1.0581,0.5677,23.6326,0.7659,151.4485,70.2974,synthetic_prototype_v1
BAT-02315,2.2978,0.4457,12.2443,2.3958,33.0738,47.2534,synthetic_prototype_v1
BAT-02316,2.4977,1.6666,2.1986,0.9821,249.5983,40.0,synthetic_prototype_v1
BAT-02317,1.8396,0.7555,28.2414,1.1162,216.2903,56.2624,synthetic_prototype_v1
BAT-02318,2.4628,1.71,47.1066,2.6431,489.0606,41.6778,synthetic_prototype_v1
BAT-02319,1.1794,1.0931,40.8121,0.2509,307.8243,51.2075,synthetic_prototype_v1
BAT-02320,2.4058,2.9748,15.7848,0.3199,467.8688,40.0,synthetic_prototype_v1
BAT-02321,0.5479,1.8614,19.0492,2.7604,338.8176,41.6429,synthetic_prototype_v1
BAT-02322,0.5898,0.731,49.8846,1.175,392.0363,40.0,synthetic_prototype_v1
BAT-02323,1.6933,0.3707,28.6665,0.798,166.3668,68.6636,synthetic_prototype_v1
BAT-02324,1.1959,0.4436,20.4332,0.8048,68.6127,81.8386,synthetic_prototype_v1
BAT-02325,1.4985,0.6767,20.5474,0.6517,209.1598,72.9155,synthetic_prototype_v1
BAT-02326,2.0091,2.3924,35.1052,1.7766,44.0941,48.3354,synthetic_prototype_v1
BAT-02327,1.4236,0.5989,13.0503,2.0541,109.3256,52.1034,synthetic_prototype_v1
BAT-02328,1.3622,0.4446,41.0368,1.3957,31.9425,49.6933,synthetic_prototype_v1
BAT-02329,2.121,1.5481,21.1175,0.6934,157.6323,52.3379,synthetic_prototype_v1
BAT-02330,1.1812,1.6203,4.3811,1.3843,293.3377,41.9574,synthetic_prototype_v1
BAT-02331,0.5437,0.9642,15.1498,2.4236,137.4691,47.1444,synthetic_prototype_v1
BAT-02332,0.9872,2.5967,30.8131,0.232,90.1398,42.7087,synthetic_prototype_v1
BAT-02333,1.0085,1.0029,25.0434,1.8354,121.369,52.5073,synthetic_prototype_v1
BAT-02334,2.0373,1.6703,40.9539,2.835,423.0038,41.1684,synthetic_prototype_v1
BAT-02335,2.2172,1.4789,8.5115,1.1917,257.9193,51.8674,synthetic_prototype_v1
BAT-02336,1.6514,0.3233,35.5345,0.2811,219.24,56.3256,synthetic_prototype_v1
BAT-02337,1.5644,0.8912,25.6479,0.6706,97.3907,76.8255,synthetic_prototype_v1
BAT-02338,2.4231,2.5006,25.1066,2.0056,269.0754,40.0,synthetic_prototype_v1
BAT-02339,2.0845,2.0562,49.2262,2.3543,331.0205,40.0,synthetic_prototype_v1
BAT-02340,0.8838,0.5289,38.6347,1.7821,39.2286,53.1095,synthetic_prototype_v1
BAT-02341,1.9255,2.2261,41.0356,0.6057,225.3087,43.6333,synthetic_prototype_v1
BAT-02342,1.599,0.5416,26.5674,2.4359,246.7787,50.2411,synthetic_prototype_v1
BAT-02343,1.8258,0.6941,39.5844,1.8774,34.7918,51.154,synthetic_prototype_v1
BAT-02344,1.435,1.5284,4.7431,1.9647,100.6364,48.0402,synthetic_prototype_v1
BAT-02345,1.5711,0.4128,24.206,1.1124,150.3746,72.568,synthetic_prototype_v1
BAT-02346,1.8297,2.2848,40.2017,1.5537,106.8398,43.8751,synthetic_prototype_v1
BAT-02347,0.9693,0.6812,29.3722,0.5025,157.4804,62.1862,synthetic_prototype_v1
BAT-02348,0.8572,1.644,29.2196,1.3318,254.2707,51.0234,synthetic_prototype_v1
BAT-02349,1.7501,0.9993,29.6505,0.3713,159.5206,64.0224,synthetic_prototype_v1
BAT-02350,1.4835,0.9694,18.2479,0.7654,146.4269,70.3064,synthetic_prototype_v1
BAT-02351,0.8285,0.5012,25.9629,1.1285,122.6812,62.1185,synthetic_prototype_v1
BAT-02352,2.1725,0.6317,41.9319,1.1606,57.2943,46.9552,synthetic_prototype_v1
BAT-02353,1.8879,0.4723,30.1069,0.298,151.6445,61.9229,synthetic_prototype_v1
BAT-02354,0.5902,2.9895,25.6849,2.0455,102.299,40.0,synthetic_prototype_v1
BAT-02355,1.0908,0.703,25.079,0.9923,206.8464,66.9049,synthetic_prototype_v1
BAT-02356,1.1432,0.4412,18.5317,0.2,239.1337,63.7809,synthetic_prototype_v1
BAT-02357,1.0292,0.3725,47.5027,0.5547,454.8913,41.4503,synthetic_prototype_v1
BAT-02358,2.1682,0.9834,31.5901,2.2758,80.6555,47.5737,synthetic_prototype_v1
BAT-02359,1.6384,0.3017,2.3402,2.8423,357.1945,40.0,synthetic_prototype_v1
BAT-02360,2.1849,1.8365,23.0428,2.4404,307.4136,43.8693,synthetic_prototype_v1
BAT-02361,1.5571,2.9773,21.3508,2.7867,32.8011,40.0,synthetic_prototype_v1
BAT-02362,1.99,0.4648,28.0364,0.6283,264.4341,56.8953,synthetic_prototype_v1
BAT-02363,1.2234,0.7039,18.7258,0.7124,216.7319,70.8247,synthetic_prototype_v1
BAT-02364,2.2575,1.7682,49.9745,2.8837,35.5312,40.0,synthetic_prototype_v1
BAT-02365,1.1415,1.8412,42.4793,2.5805,404.5951,40.0,synthetic_prototype_v1
BAT-02366,1.8862,1.6445,32.7687,0.8226,259.1177,54.6816,synthetic_prototype_v1
BAT-02367,1.9404,1.3807,11.1223,2.9501,486.2392,40.0,synthetic_prototype_v1
BAT-02368,0.6008,0.8253,26.4301,0.5762,204.3627,57.7256,synthetic_prototype_v1
BAT-02369,1.1831,0.6686,6.3206,1.0928,428.7156,51.2119,synthetic_prototype_v1
BAT-02370,0.5,0.8122,25.1333,0.3483,48.063,56.7345,synthetic_prototype_v1
BAT-02371,1.3728,0.7143,13.6273,0.4452,184.8529,66.2742,synthetic_prototype_v1
BAT-02372,1.997,1.1302,0.4832,2.9985,57.6896,40.8242,synthetic_prototype_v1
BAT-02373,0.7513,0.7164,28.5269,2.0635,160.0004,50.277,synthetic_prototype_v1
BAT-02374,1.4171,2.9419,28.7234,1.4543,470.6662,40.0,synthetic_prototype_v1
BAT-02375,1.4556,0.6697,20.1377,1.0843,33.7861,84.5579,synthetic_prototype_v1
BAT-02376,1.0665,2.2123,23.2436,2.107,435.0896,43.7929,synthetic_prototype_v1
BAT-02377,2.0442,0.3805,8.9886,0.7847,30.6283,58.4224,synthetic_prototype_v1
BAT-02378,2.3497,1.9294,11.8571,0.9407,43.9509,48.9144,synthetic_prototype_v1
BAT-02379,1.2656,0.2485,14.9508,0.5396,148.1554,71.1437,synthetic_prototype_v1
BAT-02380,1.034,2.3917,3.4708,0.9025,422.9824,42.244,synthetic_prototype_v1
BAT-02381,1.5173,0.5302,21.1361,0.2,185.9412,73.1624,synthetic_prototype_v1
BAT-02382,1.3426,0.9596,18.6926,2.1902,487.3771,47.6284,synthetic_prototype_v1
BAT-02383,1.5884,0.5666,17.8367,0.8094,227.6528,69.1969,synthetic_prototype_v1
BAT-02384,2.2216,2.4121,17.9506,0.6687,221.665,44.3462,synthetic_prototype_v1
BAT-02385,2.4753,2.5644,26.7406,0.9114,146.5378,44.2879,synthetic_prototype_v1
BAT-02386,1.6807,0.7223,20.5596,0.4226,124.9152,72.6286,synthetic_prototype_v1
BAT-02387,2.3719,0.2313,0.0526,1.1057,195.4182,41.3555,synthetic_prototype_v1
BAT-02388,1.4742,0.7515,20.1621,2.1713,111.3157,54.3669,synthetic_prototype_v1
BAT-02389,0.8311,0.5468,40.4885,0.6385,315.3301,50.547,synthetic_prototype_v1
BAT-02390,1.5763,0.7153,19.9764,1.0078,21.0103,88.7821,synthetic_prototype_v1
BAT-02391,2.0488,0.5327,18.0785,2.0325,422.6386,49.5215,synthetic_prototype_v1
BAT-02392,0.8493,1.4817,3.1465,1.6941,399.8462,40.0094,synthetic_prototype_v1
BAT-02393,1.9846,2.3176,5.8302,0.6467,35.4179,48.2432,synthetic_prototype_v1
BAT-02394,1.3678,0.7368,30.3484,0.3942,106.4841,72.5825,synthetic_prototype_v1
BAT-02395,1.712,0.7864,48.0265,2.8072,322.0591,40.0,synthetic_prototype_v1
BAT-02396,1.3099,0.8677,29.6296,0.2,144.5576,69.9336,synthetic_prototype_v1
BAT-02397,1.3558,1.145,8.2458,1.383,123.9899,54.4705,synthetic_prototype_v1
BAT-02398,1.1897,1.1127,9.8385,2.1877,65.4477,48.9454,synthetic_prototype_v1
BAT-02399,1.1296,0.4168,27.1555,0.8786,149.4696,66.4322,synthetic_prototype_v1
BAT-02400,1.8718,0.8655,23.9886,0.2176,31.1287,71.4754,synthetic_prototype_v1
BAT-02401,1.6693,0.3523,31.3051,0.3955,49.0606,71.5342,synthetic_prototype_v1
BAT-02402,0.8001,0.5199,40.3267,0.2048,340.6027,49.1777,synthetic_prototype_v1
BAT-02403,1.727,0.5672,15.4244,1.049,245.0962,61.9247,synthetic_prototype_v1
BAT-02404,1.4556,1.0495,31.1396,0.7075,242.9961,61.8292,synthetic_prototype_v1
BAT-02405,1.8495,1.5113,44.5081,0.7117,264.671,40.3454,synthetic_prototype_v1
BAT-02406,1.564,0.7635,20.4975,0.7774,211.8493,69.4605,synthetic_prototype_v1
BAT-02407,1.8039,1.2647,0.2925,1.301,365.1689,40.0,synthetic_prototype_v1
BAT-02408,1.3965,1.9906,3.382,1.6298,480.2978,40.0,synthetic_prototype_v1
BAT-02409,1.2883,1.0185,32.7803,0.5141,244.7267,59.2937,synthetic_prototype_v1
BAT-02410,1.4558,2.1723,5.0572,1.0286,416.8903,45.7692,synthetic_prototype_v1
BAT-02411,1.5329,2.7393,47.8806,0.9875,34.3466,40.0,synthetic_prototype_v1
BAT-02412,0.9037,2.2091,15.5691,2.5201,38.507,41.9306,synthetic_prototype_v1
BAT-02413,1.229,0.7728,25.7879,0.5424,216.5283,69.1444,synthetic_prototype_v1
BAT-02414,0.9545,1.5839,22.4366,1.0915,483.1782,54.2142,synthetic_prototype_v1
BAT-02415,1.2795,0.5981,28.5533,0.5533,228.959,65.3036,synthetic_prototype_v1
BAT-02416,1.5389,0.4453,17.2516,0.4888,47.5994,83.7311,synthetic_prototype_v1
BAT-02417,1.2349,0.8365,26.2808,1.3239,72.8522,70.2568,synthetic_prototype_v1
BAT-02418,0.6754,1.8581,8.7342,0.8226,413.4191,53.8979,synthetic_prototype_v1
BAT-02419,1.5377,1.9858,39.1707,2.7954,259.5196,40.9893,synthetic_prototype_v1
BAT-02420,2.2457,1.7745,30.0561,1.3989,214.1973,50.4123,synthetic_prototype_v1
BAT-02421,1.3925,1.0241,49.5965,2.1502,451.7399,40.9816,synthetic_prototype_v1
BAT-02422,0.7237,1.6418,18.9253,2.2922,36.9306,48.2648,synthetic_prototype_v1
BAT-02423,0.6317,0.5275,10.322,0.5262,99.8352,57.857,synthetic_prototype_v1
BAT-02424,0.672,2.8123,32.9286,1.9883,173.3213,40.0,synthetic_prototype_v1
BAT-02425,1.487,0.6425,22.1012,1.1618,175.7175,71.3349,synthetic_prototype_v1
BAT-02426,1.0765,0.61,26.1814,0.4487,487.7592,56.578,synthetic_prototype_v1
BAT-02427,1.3695,0.9877,40.311,1.5153,182.2215,50.6213,synthetic_prototype_v1
BAT-02428,2.3369,1.8635,3.3652,2.9465,132.2765,40.0,synthetic_prototype_v1
BAT-02429,2.0447,2.1744,16.4597,2.3369,62.062,43.1291,synthetic_prototype_v1
BAT-02430,2.3629,1.4248,42.2278,2.1557,269.7155,42.8835,synthetic_prototype_v1
BAT-02431,1.4196,0.7349,21.9708,0.6007,239.8136,70.4632,synthetic_prototype_v1
BAT-02432,1.1129,0.7581,26.4752,0.4718,157.962,69.8377,synthetic_prototype_v1
BAT-02433,0.9921,1.3382,40.97,2.4984,183.603,42.5533,synthetic_prototype_v1
BAT-02434,1.6914,0.4418,7.5843,1.0465,153.737,57.534,synthetic_prototype_v1
BAT-02435,1.5588,2.435,18.9515,0.9909,352.4175,44.3894,synthetic_prototype_v1
BAT-02436,2.4171,0.7083,34.7532,0.8012,348.0561,51.5771,synthetic_prototype_v1
BAT-02437,1.6109,2.0147,26.2693,2.8995,251.8731,44.004,synthetic_prototype_v1
BAT-02438,0.7642,2.0671,41.9806,0.9235,136.4459,45.7849,synthetic_prototype_v1
BAT-02439,1.7741,2.4144,21.3365,2.0717,469.4882,42.3522,synthetic_prototype_v1
BAT-02440,1.6833,0.9135,17.8559,0.8226,189.469,68.8134,synthetic_prototype_v1
BAT-02441,1.4451,0.2391,1.3642,0.3988,178.181,40.0,synthetic_prototype_v1
BAT-02442,1.7596,0.4634,27.6978,0.9642,72.4965,69.0455,synthetic_prototype_v1
BAT-02443,2.4894,2.8135,48.0586,1.0065,198.9313,40.0,synthetic_prototype_v1
BAT-02444,0.7516,1.6963,28.2957,2.1444,426.1494,49.2729,synthetic_prototype_v1
BAT-02445,1.7071,0.2689,28.3385,0.9398,88.2821,68.6461,synthetic_prototype_v1
BAT-02446,1.5968,0.6562,28.4402,0.3884,117.3072,73.6704,synthetic_prototype_v1
BAT-02447,1.727,0.9846,29.5541,1.4515,97.2116,60.8208,synthetic_prototype_v1
BAT-02448,1.8495,0.6069,23.6297,0.4603,232.5971,62.0694,synthetic_prototype_v1
BAT-02449,1.5727,0.3271,28.2642,0.98,33.7749,82.0154,synthetic_prototype_v1
BAT-02450,1.7393,2.9783,47.6016,1.9378,296.3525,40.0,synthetic_prototype_v1
BAT-02451,1.7926,0.287,39.1429,1.5594,340.2086,50.3849,synthetic_prototype_v1
BAT-02452,1.2946,0.2,12.3118,0.5296,144.7638,65.7815,synthetic_prototype_v1
BAT-02453,0.896,2.5518,37.0945,2.2096,145.9427,41.4202,synthetic_prototype_v1
BAT-02454,0.931,2.7629,30.2989,1.1592,208.4859,40.0,synthetic_prototype_v1
BAT-02455,1.7809,0.7121,29.7696,2.7737,27.927,42.1203,synthetic_prototype_v1
BAT-02456,1.561,0.2,13.7216,0.6271,25.573,78.6813,synthetic_prototype_v1
BAT-02457,0.669,0.885,18.4695,2.3554,363.486,44.851,synthetic_prototype_v1
BAT-02458,1.978,1.7643,23.4273,0.8746,195.3433,53.8928,synthetic_prototype_v1
BAT-02459,2.1219,0.7198,12.3341,2.8431,217.9948,40.5138,synthetic_prototype_v1
BAT-02460,1.6695,0.2479,19.8529,0.6697,123.5786,74.3786,synthetic_prototype_v1
BAT-02461,1.3676,0.4943,18.9589,0.8287,145.3034,75.5301,synthetic_prototype_v1
BAT-02462,1.5904,0.6883,34.2026,2.2326,26.6962,49.5345,synthetic_prototype_v1
BAT-02463,1.2216,0.3201,22.4916,0.7651,199.9376,68.5307,synthetic_prototype_v1
BAT-02464,1.4225,0.2796,30.5614,0.9824,32.1852,76.473,synthetic_prototype_v1
BAT-02465,1.3065,0.9721,23.1053,0.4533,22.3233,89.7956,synthetic_prototype_v1
BAT-02466,1.8994,1.6917,30.668,1.9462,35.5959,54.8091,synthetic_prototype_v1
BAT-02467,0.9339,1.0375,18.816,0.6511,129.175,64.6633,synthetic_prototype_v1
BAT-02468,1.5301,2.4386,49.8513,0.6201,262.1099,41.16,synthetic_prototype_v1
BAT-02469,1.0445,0.8439,14.7275,2.5209,51.5315,43.6993,synthetic_prototype_v1
BAT-02470,1.1064,0.3709,14.6138,0.8714,249.1247,59.0055,synthetic_prototype_v1
BAT-02471,1.3006,0.2315,18.7618,0.6407,211.2895,64.3092,synthetic_prototype_v1
BAT-02472,1.4902,0.9602,24.5171,0.5691,224.3239,68.3524,synthetic_prototype_v1
BAT-02473,1.6111,0.2,21.8401,1.0625,213.4567,68.5674,synthetic_prototype_v1
BAT-02474,1.7784,0.6905,21.9081,2.5665,290.7828,45.0914,synthetic_prototype_v1
BAT-02475,1.3708,0.6105,14.9171,0.6366,88.1285,78.7221,synthetic_prototype_v1
BAT-02476,1.6162,0.8518,22.057,0.7849,229.0768,68.9385,synthetic_prototype_v1
BAT-02477,2.0814,1.0038,38.8041,1.2869,212.345,53.2523,synthetic_prototype_v1
BAT-02478,1.3856,0.2,29.1186,0.6989,118.7381,72.7727,synthetic_prototype_v1
BAT-02479,1.6562,0.2064,21.8122,0.632,45.6478,80.2171,synthetic_prototype_v1
BAT-02480,0.6834,0.9744,32.0036,0.7013,167.4099,54.6492,synthetic_prototype_v1
BAT-02481,1.4901,0.9456,24.7009,0.5132,138.955,75.9366,synthetic_prototype_v1
BAT-02482,1.0478,1.451,2.3741,0.7731,206.3822,42.9031,synthetic_prototype_v1
BAT-02483,1.9163,2.9902,21.1979,1.5155,103.4704,41.5704,synthetic_prototype_v1
BAT-02484,1.6334,0.2951,19.5209,0.7305,73.6485,81.1074,synthetic_prototype_v1
BAT-02485,1.2763,0.5825,23.6343,2.894,104.2272,40.0,synthetic_prototype_v1
BAT-02486,0.9353,0.5189,18.6507,1.861,429.9313,48.6343,synthetic_prototype_v1
BAT-02487,1.3487,0.2,23.8786,0.4288,64.5172,83.4174,synthetic_prototype_v1
BAT-02488,1.4557,0.9491,29.7331,1.1546,176.2849,64.3894,synthetic_prototype_v1
BAT-02489,0.9235,2.0465,28.8195,0.3605,94.1599,54.3636,synthetic_prototype_v1
BAT-02490,1.2532,0.6979,20.4003,0.4342,40.4709,85.3002,synthetic_prototype_v1
BAT-02491,1.4382,0.2,34.1072,0.6226,182.7916,57.8829,synthetic_prototype_v1
BAT-02492,1.6561,0.8434,21.4047,0.6723,145.1554,74.0562,synthetic_prototype_v1
BAT-02493,1.596,1.0227,14.1006,0.2,120.9865,67.0556,synthetic_prototype_v1
BAT-02494,2.2584,2.3684,27.8278,1.2377,296.4008,45.9262,synthetic_prototype_v1
BAT-02495,2.3608,1.5457,3.7642,2.2637,439.396,42.1262,synthetic_prototype_v1
BAT-02496,1.439,0.2,25.1517,0.8931,231.5805,65.1239,synthetic_prototype_v1
BAT-02497,0.6753,0.29,12.0705,0.4073,351.0444,55.0748,synthetic_prototype_v1
BAT-02498,2.4308,0.3009,2.5333,1.8445,67.8982,40.7072,synthetic_prototype_v1
BAT-02499,1.5588,1.0185,17.7222,0.9734,136.2862,70.0923,synthetic_prototype_v1
BAT-02500,1.1619,0.9576,25.8454,0.2,135.653,69.9655,synthetic_prototype_v1
BAT-02501,1.5357,0.5683,17.0697,0.3487,163.048,73.5643,synthetic_prototype_v1
BAT-02502,0.7618,1.808,35.5868,1.6519,400.154,47.6473,synthetic_prototype_v1
BAT-02503,1.2092,1.2147,20.5472,0.8602,151.9129,68.2744,synthetic_prototype_v1
BAT-02504,1.3778,1.5917,33.3089,1.0035,282.6278,51.326,synthetic_prototype_v1
BAT-02505,0.8086,1.0079,9.6487,2.4522,218.6708,45.9892,synthetic_prototype_v1
BAT-02506,1.3056,0.6546,15.7265,0.5088,177.1356,73.8594,synthetic_prototype_v1
BAT-02507,1.4904,0.2,23.4183,0.2,43.2838,85.2994,synthetic_prototype_v1
BAT-02508,0.9702,1.8213,25.887,1.3318,342.2749,52.7901,synthetic_prototype_v1
BAT-02509,1.9116,0.8164,0.1747,2.2889,319.6103,40.0,synthetic_prototype_v1
BAT-02510,1.7533,1.4826,48.1173,1.5939,285.1008,40.0,synthetic_prototype_v1
BAT-02511,1.6864,0.7426,16.8055,0.2,68.1444,76.6361,synthetic_prototype_v1
BAT-02512,1.0294,0.4866,7.9051,2.0703,312.4206,49.1547,synthetic_prototype_v1
BAT-02513,1.145,1.0937,1.3657,2.3774,56.2656,40.0,synthetic_prototype_v1
BAT-02514,2.2511,2.832,49.367,2.2246,159.4119,40.0,synthetic_prototype_v1
BAT-02515,0.6834,1.9209,14.4371,2.1259,449.0285,49.6783,synthetic_prototype_v1
BAT-02516,1.0696,0.7619,28.4521,1.8656,422.9056,52.1654,synthetic_prototype_v1
BAT-02517,1.1918,0.8916,27.3993,0.6291,243.4371,62.8126,synthetic_prototype_v1
BAT-02518,1.0749,2.4817,25.624,1.4209,136.6142,41.5916,synthetic_prototype_v1
BAT-02519,1.3802,0.467,37.7476,2.1068,443.175,47.411,synthetic_prototype_v1
BAT-02520,2.1165,2.091,39.203,2.5757,417.4057,44.5995,synthetic_prototype_v1
BAT-02521,1.1251,2.8436,49.6229,1.9977,127.8401,42.821,synthetic_prototype_v1
BAT-02522,1.2743,0.5772,18.0633,0.9495,24.3562,88.2563,synthetic_prototype_v1
BAT-02523,1.0853,1.1225,27.0501,0.2805,171.6313,65.861,synthetic_prototype_v1
BAT-02524,0.8832,1.0575,10.6678,0.6976,132.8542,56.7462,synthetic_prototype_v1
BAT-02525,2.1199,1.1365,24.4944,1.7921,168.1623,53.8783,synthetic_prototype_v1
BAT-02526,1.1777,2.6194,40.7333,1.8316,499.4471,42.2432,synthetic_prototype_v1
BAT-02527,0.6262,1.1999,5.7198,2.8947,210.6064,40.0,synthetic_prototype_v1
BAT-02528,2.3357,1.521,18.0027,2.1344,81.5901,49.0281,synthetic_prototype_v1
BAT-02529,1.4435,0.2435,17.9995,0.4521,151.483,70.3526,synthetic_prototype_v1
BAT-02530,1.4618,1.1259,28.4259,0.5107,129.6793,71.9003,synthetic_prototype_v1
BAT-02531,1.3581,2.0251,47.9933,0.3013,474.816,43.1337,synthetic_prototype_v1
BAT-02532,1.433,2.2401,9.3615,2.7624,115.5613,40.0,synthetic_prototype_v1
BAT-02533,1.6316,0.41,7.2947,0.51,206.9194,56.0614,synthetic_prototype_v1
BAT-02534,1.7047,0.555,28.1302,1.109,127.876,65.0591,synthetic_prototype_v1
BAT-02535,1.109,0.3545,21.4072,0.3343,29.7897,81.4679,synthetic_prototype_v1
BAT-02536,1.466,0.8583,24.7729,0.7211,199.4836,71.9873,synthetic_prototype_v1
BAT-02537,0.8104,2.788,39.8486,2.8823,321.2974,43.1925,synthetic_prototype_v1
BAT-02538,0.5325,2.4474,25.6969,2.1549,419.8337,46.3079,synthetic_prototype_v1
BAT-02539,1.6253,2.4688,16.3495,1.6565,392.9043,44.4541,synthetic_prototype_v1
BAT-02540,1.3473,0.4189,11.7744,0.3688,197.7498,62.5086,synthetic_prototype_v1
BAT-02541,2.1536,1.2482,38.6498,2.2448,67.9384,49.2249,synthetic_prototype_v1
BAT-02542,1.4348,2.0195,41.4993,1.4024,484.8059,46.188,synthetic_prototype_v1
BAT-02543,2.2131,0.6541,38.1694,0.3023,268.2378,53.0691,synthetic_prototype_v1
BAT-02544,1.8964,1.1838,27.6331,0.8459,465.6508,51.4831,synthetic_prototype_v1
BAT-02545,1.39,0.5803,17.0352,1.055,150.9721,70.3529,synthetic_prototype_v1
BAT-02546,1.9272,0.4421,3.6296,1.7328,355.085,40.7911,synthetic_prototype_v1
BAT-02547,1.1151,1.7496,6.6226,1.4536,284.8503,51.7271,synthetic_prototype_v1
BAT-02548,1.0148,1.685,43.8731,2.2066,256.5821,41.8624,synthetic_prototype_v1
BAT-02549,1.1035,1.5069,48.3369,1.9027,167.9701,40.7293,synthetic_prototype_v1
BAT-02550,0.8893,2.0869,11.1495,2.4876,307.9817,47.1181,synthetic_prototype_v1
BAT-02551,1.4111,0.5766,25.4853,0.8639,118.7241,78.7047,synthetic_prototype_v1
BAT-02552,1.3399,0.2051,27.5572,0.2624,132.69,72.5468,synthetic_prototype_v1
BAT-02553,2.4187,2.2109,21.4815,1.5382,389.9064,47.3852,synthetic_prototype_v1
BAT-02554,1.5091,0.3047,22.7037,0.3692,81.2041,81.945,synthetic_prototype_v1
BAT-02555,1.6787,1.372,17.3836,1.1397,188.5324,59.9687,synthetic_prototype_v1
BAT-02556,1.3135,0.2,22.1897,0.2,187.0014,68.4394,synthetic_prototype_v1
BAT-02557,1.5482,0.9668,27.9568,0.8681,169.4923,68.7778,synthetic_prototype_v1
BAT-02558,1.6963,2.111,31.0759,2.6098,179.1295,43.7177,synthetic_prototype_v1
BAT-02559,1.1327,0.5222,14.8081,0.4962,120.1909,71.857,synthetic_prototype_v1
BAT-02560,0.8887,0.2,23.3778,0.8117,97.4788,69.3091,synthetic_prototype_v1
BAT-02561,1.6727,0.754,20.3975,0.4917,57.985,82.7188,synthetic_prototype_v1
BAT-02562,2.0839,0.3733,31.7715,1.7941,401.8959,51.6513,synthetic_prototype_v1
BAT-02563,1.4596,0.3629,17.8729,0.9315,235.4179,62.988,synthetic_prototype_v1
BAT-02564,1.479,2.0813,13.2096,1.6121,344.6137,49.293,synthetic_prototype_v1
BAT-02565,0.5851,1.2251,7.8112,2.0466,313.9616,50.6468,synthetic_prototype_v1
BAT-02566,1.3947,0.7761,23.3533,0.5564,56.0635,89.7377,synthetic_prototype_v1
BAT-02567,1.0612,2.0381,34.3024,1.0633,329.5888,50.8166,synthetic_prototype_v1
BAT-02568,1.3128,2.5902,15.1332,0.2823,35.3561,46.2719,synthetic_prototype_v1
BAT-02569,0.6052,1.7316,29.4379,2.4713,236.6803,44.1044,synthetic_prototype_v1
BAT-02570,0.8685,0.7267,25.5293,0.8717,233.6336,64.971,synthetic_prototype_v1
BAT-02571,2.4647,2.7729,20.5793,0.211,61.3511,40.8251,synthetic_prototype_v1
BAT-02572,1.7065,0.8032,23.3319,0.5572,154.05,72.1132,synthetic_prototype_v1
BAT-02573,1.8138,0.7846,24.3432,1.1951,130.2654,67.7483,synthetic_prototype_v1
BAT-02574,0.5095,1.6203,48.4496,2.8623,294.4305,40.0,synthetic_prototype_v1
BAT-02575,1.0763,2.1524,40.528,1.4323,449.3116,43.725,synthetic_prototype_v1
BAT-02576,1.1478,1.3669,26.8853,0.4961,268.7614,57.6951,synthetic_prototype_v1
BAT-02577,1.3928,2.7844,17.1954,1.9011,398.0018,40.0,synthetic_prototype_v1
BAT-02578,1.3271,0.8307,32.0086,2.2285,105.8977,49.4643,synthetic_prototype_v1
BAT-02579,1.0895,2.0452,6.6463,0.7492,47.5731,47.0437,synthetic_prototype_v1
BAT-02580,1.0895,0.9786,30.0161,1.1805,121.4456,62.1633,synthetic_prototype_v1
BAT-02581,0.7917,1.8841,26.9959,1.1699,256.8653,53.6874,synthetic_prototype_v1
BAT-02582,2.2869,0.4893,34.8353,2.7093,213.4855,43.7112,synthetic_prototype_v1
BAT-02583,1.6097,0.4029,44.2249,0.6502,318.1981,40.0,synthetic_prototype_v1
BAT-02584,2.0211,1.2787,6.4655,2.0989,378.2178,47.5442,synthetic_prototype_v1
BAT-02585,2.2683,0.4731,22.245,0.5875,216.0505,52.3838,synthetic_prototype_v1
BAT-02586,0.5248,0.8367,4.5934,1.0683,384.0018,46.8122,synthetic_prototype_v1
BAT-02587,2.3478,1.5287,7.4222,1.2214,36.6334,53.3875,synthetic_prototype_v1
BAT-02588,1.3456,2.3234,42.2975,1.602,498.7932,40.0,synthetic_prototype_v1
BAT-02589,1.6674,0.6073,31.8747,0.5219,36.949,71.8947,synthetic_prototype_v1
BAT-02590,1.1585,2.5783,32.953,2.4959,141.6523,41.5965,synthetic_prototype_v1
BAT-02591,1.5654,1.8468,9.909,2.1558,309.8099,49.7087,synthetic_prototype_v1
BAT-02592,2.03,0.7628,6.3971,2.2283,330.4832,44.791,synthetic_prototype_v1
BAT-02593,2.4182,1.3542,1.5859,1.0546,356.7925,40.0,synthetic_prototype_v1
BAT-02594,1.4858,0.6614,28.5888,0.8957,129.3365,73.6137,synthetic_prototype_v1
BAT-02595,0.7833,0.8098,2.0264,0.3586,111.3567,40.442,synthetic_prototype_v1
BAT-02596,1.0009,0.3258,29.2011,2.8073,162.9013,42.1764,synthetic_prototype_v1
BAT-02597,0.9651,1.6935,23.4043,2.8504,253.7799,40.9746,synthetic_prototype_v1
BAT-02598,1.2923,2.9569,6.2221,0.2146,36.6658,42.4444,synthetic_prototype_v1
BAT-02599,1.6018,0.7786,10.3841,0.889,72.5044,65.9589,synthetic_prototype_v1
BAT-02600,1.7745,0.2,19.5138,0.365,231.2327,62.8167,synthetic_prototype_v1
BAT-02601,1.3739,0.3532,24.5657,1.2218,71.6752,74.1001,synthetic_prototype_v1
BAT-02602,1.5084,2.746,19.4524,2.6576,161.3556,40.0,synthetic_prototype_v1
BAT-02603,0.7083,1.8212,10.5736,1.0928,425.5302,51.5712,synthetic_prototype_v1
BAT-02604,1.398,0.7862,14.3504,0.498,30.2041,84.1496,synthetic_prototype_v1
BAT-02605,0.6337,0.9678,44.3856,2.9773,417.2341,40.0,synthetic_prototype_v1
BAT-02606,0.8255,2.7631,17.2476,0.928,353.631,42.4685,synthetic_prototype_v1
BAT-02607,1.9162,2.0143,40.9422,1.3494,57.9962,46.9198,synthetic_prototype_v1
BAT-02608,1.9103,1.468,37.5863,0.9315,192.319,55.3528,synthetic_prototype_v1
BAT-02609,1.4881,0.4374,19.9578,2.2445,236.8297,52.5286,synthetic_prototype_v1
BAT-02610,1.4987,1.1348,31.877,0.2,75.4533,67.12,synthetic_prototype_v1
BAT-02611,1.6323,0.5642,25.9389,0.5216,172.1466,69.4696,synthetic_prototype_v1
BAT-02612,2.4684,2.1988,26.3549,1.9823,217.6985,47.411,synthetic_prototype_v1
BAT-02613,1.0304,1.6105,38.5046,1.4613,176.3905,51.3941,synthetic_prototype_v1
BAT-02614,1.2843,0.6937,19.0367,0.6922,210.9325,69.4964,synthetic_prototype_v1
BAT-02615,0.6002,1.5558,13.127,2.0459,356.0107,51.0559,synthetic_prototype_v1
BAT-02616,1.7022,1.2399,26.8091,0.8762,74.6751,68.9677,synthetic_prototype_v1
BAT-02617,1.3928,0.5785,23.0187,0.662,227.6387,71.6851,synthetic_prototype_v1
BAT-02618,2.1694,0.8656,49.9759,1.5627,337.8953,40.0,synthetic_prototype_v1
BAT-02619,0.7213,0.5781,31.0432,2.1441,366.6032,51.5293,synthetic_prototype_v1
BAT-02620,1.6551,0.7973,20.9245,0.6617,223.8917,66.991,synthetic_prototype_v1
BAT-02621,1.3325,0.8211,45.6291,2.4923,269.9723,40.0,synthetic_prototype_v1
BAT-02622,1.4012,0.2666,31.8771,0.2,129.8114,66.2151,synthetic_prototype_v1
BAT-02623,0.6145,1.8868,2.9488,2.8582,309.4867,45.3443,synthetic_prototype_v1
BAT-02624,2.1535,2.4052,19.564,1.5541,129.4184,44.1902,synthetic_prototype_v1
BAT-02625,0.5621,2.649,36.9887,1.1897,241.6419,44.4819,synthetic_prototype_v1
BAT-02626,0.5717,2.1815,37.3429,2.9094,341.4204,42.9881,synthetic_prototype_v1
BAT-02627,0.9968,1.749,36.0481,1.359,215.0056,50.2011,synthetic_prototype_v1
BAT-02628,1.3098,0.6266,7.1427,0.6174,156.635,55.6163,synthetic_prototype_v1
BAT-02629,1.4168,0.96,1.9208,2.4759,283.3451,44.4385,synthetic_prototype_v1
BAT-02630,2.0889,1.0193,30.5475,2.4927,153.1419,45.3844,synthetic_prototype_v1
BAT-02631,1.735,0.4254,10.4598,0.5162,153.7775,63.2525,synthetic_prototype_v1
BAT-02632,2.145,0.6812,20.0694,0.5389,141.5363,56.9503,synthetic_prototype_v1
BAT-02633,2.1088,2.1152,15.3173,1.3742,362.7255,50.0996,synthetic_prototype_v1
BAT-02634,1.4731,0.6725,27.6334,0.5408,140.8537,72.068,synthetic_prototype_v1
BAT-02635,2.4871,0.8558,8.9024,2.9547,352.6448,40.0524,synthetic_prototype_v1
BAT-02636,1.4912,0.7643,16.6925,0.4402,498.9034,56.7766,synthetic_prototype_v1
BAT-02637,2.0293,1.1744,25.2333,0.3338,477.8141,51.3203,synthetic_prototype_v1
BAT-02638,1.0297,0.5375,10.7631,0.2884,207.0174,59.8059,synthetic_prototype_v1
BAT-02639,2.4178,0.823,27.4815,0.926,396.9326,50.8908,synthetic_prototype_v1
BAT-02640,1.5413,0.7227,37.4369,1.3589,203.1056,57.7244,synthetic_prototype_v1
BAT-02641,1.0187,1.1865,8.7234,0.491,141.8501,54.9879,synthetic_prototype_v1
BAT-02642,1.2801,2.0763,42.4308,2.4779,11.7856,41.2354,synthetic_prototype_v1
BAT-02643,0.7987,1.1187,13.3081,1.4888,132.602,53.233,synthetic_prototype_v1
BAT-02644,2.4064,2.6101,30.1241,2.4342,94.1309,40.0,synthetic_prototype_v1
BAT-02645,1.0374,0.6348,13.3862,1.1856,79.2962,66.0764,synthetic_prototype_v1
BAT-02646,0.8719,1.4954,25.7682,0.3026,86.9729,59.5239,synthetic_prototype_v1
BAT-02647,2.2731,2.1491,1.5333,2.0355,292.6081,41.5535,synthetic_prototype_v1
BAT-02648,0.7581,1.6034,27.9397,0.5579,90.9632,56.1615,synthetic_prototype_v1
BAT-02649,1.0553,0.2,30.7973,0.2777,52.4898,67.6139,synthetic_prototype_v1
BAT-02650,0.8778,1.0174,22.4665,0.7905,88.8905,65.3165,synthetic_prototype_v1
BAT-02651,1.1712,0.2,26.2793,0.4971,66.3375,77.2294,synthetic_prototype_v1
BAT-02652,2.1103,0.9611,25.8877,0.3905,43.4984,64.2765,synthetic_prototype_v1
BAT-02653,1.6216,2.9164,47.7944,1.3369,331.7492,40.0,synthetic_prototype_v1
BAT-02654,1.5373,0.6743,28.408,0.59,240.8439,64.7889,synthetic_prototype_v1
BAT-02655,1.9211,0.699,26.2317,0.2832,496.859,52.2364,synthetic_prototype_v1
BAT-02656,0.6768,0.8593,26.3315,0.863,184.5818,58.1711,synthetic_prototype_v1
BAT-02657,2.0568,1.7994,24.0257,2.966,312.1228,42.4193,synthetic_prototype_v1
BAT-02658,0.7736,0.5261,22.6708,0.5392,86.7079,65.8183,synthetic_prototype_v1
BAT-02659,1.6028,0.8824,31.9271,0.9558,186.617,61.8922,synthetic_prototype_v1
BAT-02660,1.4485,0.2898,25.7693,0.5589,215.677,68.1084,synthetic_prototype_v1
BAT-02661,1.3136,0.5356,29.8712,0.8242,192.0121,65.265,synthetic_prototype_v1
BAT-02662,2.2751,1.4105,26.1733,2.2411,182.9773,48.9784,synthetic_prototype_v1
BAT-02663,0.8923,0.862,16.5097,0.4729,84.6107,66.0312,synthetic_prototype_v1
BAT-02664,2.2922,0.6324,9.159,2.3979,258.7644,47.2776,synthetic_prototype_v1
BAT-02665,1.6904,1.8674,30.8099,0.2013,104.8575,53.4111,synthetic_prototype_v1
BAT-02666,1.5364,0.5566,19.4009,0.8454,52.1332,87.0807,synthetic_prototype_v1
BAT-02667,1.4293,0.8635,24.7917,1.154,101.2528,71.8915,synthetic_prototype_v1
BAT-02668,2.4733,0.8756,47.5294,2.8001,435.8061,42.3743,synthetic_prototype_v1
BAT-02669,1.7285,0.9652,20.9611,0.8472,141.2131,73.2568,synthetic_prototype_v1
BAT-02670,1.0064,0.2048,19.2543,0.3019,76.464,74.0473,synthetic_prototype_v1
BAT-02671,1.6656,0.5467,15.8243,0.7205,206.7462,63.7576,synthetic_prototype_v1
BAT-02672,1.9164,0.9855,49.9989,0.4895,291.8335,40.0,synthetic_prototype_v1
BAT-02673,1.2025,1.0191,29.47,0.3258,29.2058,74.5347,synthetic_prototype_v1
BAT-02674,2.3831,0.8392,47.8444,1.7049,129.8071,41.5752,synthetic_prototype_v1
BAT-02675,1.2631,1.1867,24.9657,0.5953,113.1904,73.5227,synthetic_prototype_v1
BAT-02676,2.1614,0.6445,45.7018,0.6101,410.498,40.8606,synthetic_prototype_v1
BAT-02677,1.7872,0.9057,23.8258,0.2,52.4535,77.2369,synthetic_prototype_v1
BAT-02678,1.573,1.6285,35.2319,1.3755,482.5403,51.2462,synthetic_prototype_v1
BAT-02679,1.9234,1.6088,15.4705,0.4155,52.82,59.3844,synthetic_prototype_v1
BAT-02680,0.9136,2.4269,12.3455,0.9673,27.369,45.0716,synthetic_prototype_v1
BAT-02681,0.6347,1.8824,36.3104,0.3664,153.778,50.8891,synthetic_prototype_v1
BAT-02682,2.0258,0.4693,17.9204,0.535,261.4877,60.5631,synthetic_prototype_v1
BAT-02683,2.1995,1.6783,6.2532,2.5991,35.6295,43.8739,synthetic_prototype_v1
BAT-02684,1.0915,0.5261,22.3387,0.2,241.4011,60.8846,synthetic_prototype_v1
BAT-02685,1.6869,1.201,18.3929,1.0161,343.8342,55.3,synthetic_prototype_v1
BAT-02686,1.4277,0.9374,3.9883,0.9913,353.9678,41.9622,synthetic_prototype_v1
BAT-02687,1.3844,0.6562,27.0955,0.7972,242.4011,67.9009,synthetic_prototype_v1
BAT-02688,0.9332,1.653,45.3478,2.7571,51.9606,40.7501,synthetic_prototype_v1
BAT-02689,2.3614,1.6305,33.8627,0.3846,72.119,50.8942,synthetic_prototype_v1
BAT-02690,1.3218,0.7888,20.4529,0.2,158.6057,70.3918,synthetic_prototype_v1
BAT-02691,2.4001,2.6927,29.9344,2.8952,282.1393,40.0,synthetic_prototype_v1
BAT-02692,0.5369,0.8562,42.563,1.9001,119.608,40.1477,synthetic_prototype_v1
BAT-02693,1.0852,0.7593,18.231,0.4324,142.1533,68.5547,synthetic_prototype_v1
BAT-02694,1.1597,2.3972,30.1137,0.718,481.4514,43.6093,synthetic_prototype_v1
BAT-02695,1.5209,0.2,33.3885,0.5969,63.4947,67.5094,synthetic_prototype_v1
BAT-02696,1.24,0.4552,27.9755,1.4642,84.8138,62.529,synthetic_prototype_v1
BAT-02697,1.5453,1.1419,43.9502,2.9262,238.3238,42.0377,synthetic_prototype_v1
BAT-02698,0.9626,2.6597,5.8396,2.7356,361.6161,40.0,synthetic_prototype_v1
BAT-02699,1.9596,2.0349,44.7897,0.6971,293.1675,40.0,synthetic_prototype_v1
BAT-02700,0.8058,2.7624,9.921,2.2346,173.485,42.9364,synthetic_prototype_v1
BAT-02701,1.0269,0.5831,1.723,1.1506,257.0921,40.0,synthetic_prototype_v1
BAT-02702,1.5758,0.4864,21.8555,0.7098,32.4391,91.6713,synthetic_prototype_v1
BAT-02703,1.5789,1.3143,35.2389,1.1454,119.0239,56.7232,synthetic_prototype_v1
BAT-02704,0.7342,0.4821,5.06,0.851,115.1661,52.2716,synthetic_prototype_v1
BAT-02705,0.5475,2.1352,0.3586,2.0927,176.5319,43.1116,synthetic_prototype_v1
BAT-02706,2.0902,1.3712,14.5024,1.834,263.0819,49.1268,synthetic_prototype_v1
BAT-02707,1.3656,0.863,14.1065,1.1782,131.6572,67.2088,synthetic_prototype_v1
BAT-02708,1.2677,0.8487,23.7958,1.1541,163.1264,70.6695,synthetic_prototype_v1
BAT-02709,1.8492,2.8233,5.2399,1.6807,264.7802,40.1576,synthetic_prototype_v1
BAT-02710,0.9834,0.5729,24.6347,0.8104,185.539,67.1569,synthetic_prototype_v1
BAT-02711,1.8201,0.4061,24.0047,0.4616,42.5489,80.3983,synthetic_prototype_v1
BAT-02712,1.2416,2.6826,22.5594,0.5722,258.317,42.6213,synthetic_prototype_v1
BAT-02713,1.6591,0.9133,19.4398,0.5656,22.112,87.3536,synthetic_prototype_v1
BAT-02714,1.0291,1.1653,43.4684,1.7799,261.3049,40.7415,synthetic_prototype_v1
BAT-02715,0.9338,1.8123,8.3051,2.0054,459.4798,51.7283,synthetic_prototype_v1
BAT-02716,0.6562,0.2794,45.3973,1.4782,300.1605,42.052,synthetic_prototype_v1
BAT-02717,1.7293,0.5863,17.9858,0.6618,169.4955,69.3423,synthetic_prototype_v1
BAT-02718,0.8263,0.2859,15.2771,0.2,155.2409,57.3713,synthetic_prototype_v1
BAT-02719,1.103,2.6496,38.1201,1.2737,451.2178,43.2195,synthetic_prototype_v1
BAT-02720,1.6753,2.7001,17.1903,2.14,259.5433,41.2072,synthetic_prototype_v1
BAT-02721,1.1538,0.3982,47.4961,1.0901,142.1087,40.0,synthetic_prototype_v1
BAT-02722,1.1394,0.3717,14.8784,1.0244,88.3027,71.8681,synthetic_prototype_v1
BAT-02723,1.5273,0.3669,21.8681,0.6689,216.5973,69.6276,synthetic_prototype_v1
BAT-02724,0.6856,2.3705,45.3108,0.3969,353.7791,40.5057,synthetic_prototype_v1
BAT-02725,1.6635,0.2528,16.9731,0.3815,85.6727,74.1092,synthetic_prototype_v1
BAT-02726,0.9668,0.8542,29.813,1.0525,211.9335,59.8672,synthetic_prototype_v1
BAT-02727,1.5647,0.6983,20.4106,0.5912,241.6288,68.9637,synthetic_prototype_v1
BAT-02728,2.0533,2.0311,6.5234,2.9813,348.3514,43.5636,synthetic_prototype_v1
BAT-02729,1.3435,0.6694,35.3123,0.4648,116.5973,64.8686,synthetic_prototype_v1
BAT-02730,2.2199,0.6237,40.5105,2.274,60.4731,44.5512,synthetic_prototype_v1
BAT-02731,1.2984,2.8773,10.7511,1.843,200.4298,40.0784,synthetic_prototype_v1
BAT-02732,1.1278,0.6466,41.3123,2.7725,219.0887,40.0,synthetic_prototype_v1
BAT-02733,1.0738,1.8354,7.0181,0.3347,12.0642,57.8715,synthetic_prototype_v1
BAT-02734,0.9301,0.8318,17.4584,0.615,101.2862,68.3539,synthetic_prototype_v1
BAT-02735,1.0091,1.4014,7.7036,2.0444,147.9394,49.5163,synthetic_prototype_v1
BAT-02736,0.7066,2.8682,21.1814,2.1268,473.2433,42.2264,synthetic_prototype_v1
BAT-02737,1.3713,1.3797,27.7835,1.3679,166.6379,57.239,synthetic_prototype_v1
BAT-02738,1.5617,2.6183,40.2354,2.2235,36.2736,40.0,synthetic_prototype_v1
BAT-02739,1.8269,1.9872,11.5451,1.3488,208.3322,54.847,synthetic_prototype_v1
BAT-02740,1.3137,1.1646,43.7999,1.3102,183.7875,40.0,synthetic_prototype_v1
BAT-02741,1.1465,2.4814,27.1041,1.0506,110.0073,45.2803,synthetic_prototype_v1
BAT-02742,2.3213,0.8571,3.4369,2.4735,183.9729,40.3459,synthetic_prototype_v1
BAT-02743,1.7335,0.507,34.3449,2.2383,260.7966,48.8243,synthetic_prototype_v1
BAT-02744,1.614,0.6107,16.6316,0.9042,180.8303,68.5407,synthetic_prototype_v1
BAT-02745,1.722,1.9107,28.903,2.2931,253.0423,45.0537,synthetic_prototype_v1
BAT-02746,2.0656,0.3485,39.0973,0.2243,256.928,51.1519,synthetic_prototype_v1
BAT-02747,1.1274,1.3957,18.1951,0.5905,170.2984,63.1439,synthetic_prototype_v1
BAT-02748,0.9935,0.4098,3.1876,2.6775,153.4572,40.0,synthetic_prototype_v1
BAT-02749,1.8656,0.3626,25.734,0.4056,173.3455,61.8247,synthetic_prototype_v1
BAT-02750,0.8758,2.0119,16.034,2.3192,308.3804,44.6576,synthetic_prototype_v1
BAT-02751,1.1729,0.2,23.3114,0.7363,25.0439,85.4693,synthetic_prototype_v1
BAT-02752,2.1571,1.0747,0.1206,1.5691,138.6005,40.8988,synthetic_prototype_v1
BAT-02753,1.3743,2.6766,28.6311,1.2065,255.5741,41.502,synthetic_prototype_v1
BAT-02754,1.0614,0.7716,22.0608,0.6026,23.2778,87.0153,synthetic_prototype_v1
BAT-02755,2.2348,2.3194,28.1739,0.8324,328.0165,46.659,synthetic_prototype_v1
BAT-02756,0.9025,0.208,15.4291,0.9038,166.0197,57.6515,synthetic_prototype_v1
BAT-02757,1.1244,1.0496,25.1875,1.247,450.7181,55.0714,synthetic_prototype_v1
BAT-02758,0.5684,1.6834,7.8823,2.9842,194.633,40.6637,synthetic_prototype_v1
BAT-02759,0.601,2.6101,48.9488,2.8211,192.0342,40.0,synthetic_prototype_v1
BAT-02760,1.1701,0.7091,44.1957,1.0029,193.5765,40.0,synthetic_prototype_v1
BAT-02761,1.8688,0.6206,26.0607,0.45,57.9283,70.112,synthetic_prototype_v1
BAT-02762,2.2767,0.8615,34.1856,2.9784,176.0742,40.0,synthetic_prototype_v1
BAT-02763,1.7069,0.2547,27.9382,1.2167,204.9741,60.9993,synthetic_prototype_v1
BAT-02764,1.7979,0.2,13.1982,0.6862,199.2861,61.3695,synthetic_prototype_v1
BAT-02765,1.9786,0.2442,28.8533,0.4475,181.7326,58.3856,synthetic_prototype_v1
BAT-02766,0.7304,1.575,13.0405,1.0169,323.7419,53.3404,synthetic_prototype_v1
BAT-02767,1.2457,0.2,26.7003,0.2986,96.1542,77.0048,synthetic_prototype_v1
BAT-02768,0.8956,1.1801,46.8781,2.4662,396.3197,40.0,synthetic_prototype_v1
BAT-02769,2.201,1.0075,9.056,0.4669,470.5126,53.298,synthetic_prototype_v1
BAT-02770,1.1772,1.6089,25.5851,0.8251,94.2353,62.0185,synthetic_prototype_v1
BAT-02771,1.9675,2.2941,39.6899,2.5176,289.7927,40.0,synthetic_prototype_v1
BAT-02772,1.9869,2.0493,10.5302,1.9321,292.9214,48.4389,synthetic_prototype_v1
BAT-02773,1.3623,0.2745,29.4181,0.252,141.4296,66.6106,synthetic_prototype_v1
BAT-02774,0.8684,0.6346,22.8329,0.6077,112.8677,70.6987,synthetic_prototype_v1
BAT-02775,1.5524,0.4381,20.4857,0.7502,208.7341,70.5402,synthetic_prototype_v1
BAT-02776,1.1292,2.109,32.119,0.9968,152.4215,52.2909,synthetic_prototype_v1
BAT-02777,1.1792,0.4105,16.4536,0.5404,164.0952,70.3591,synthetic_prototype_v1
BAT-02778,1.7618,1.6337,12.438,1.3696,151.4089,55.6731,synthetic_prototype_v1
BAT-02779,1.6289,1.0648,14.902,0.638,246.5245,61.0199,synthetic_prototype_v1
BAT-02780,2.3502,1.0365,37.1285,1.7604,42.0308,52.8002,synthetic_prototype_v1
BAT-02781,0.5,1.0594,29.2704,1.2872,236.8195,53.8593,synthetic_prototype_v1
BAT-02782,1.8238,2.4899,35.9842,2.3762,222.5529,41.8789,synthetic_prototype_v1
BAT-02783,1.405,0.5535,42.6706,1.2091,348.5886,42.9898,synthetic_prototype_v1
BAT-02784,0.706,1.8921,28.0747,0.5813,477.6888,52.3264,synthetic_prototype_v1
BAT-02785,0.5771,1.3086,7.4752,1.4143,422.916,52.4743,synthetic_prototype_v1
BAT-02786,2.3116,2.9263,11.0611,2.4427,71.7643,40.0,synthetic_prototype_v1
BAT-02787,1.3662,0.4896,16.715,0.3571,28.6446,86.3995,synthetic_prototype_v1
BAT-02788,1.5431,0.8131,21.5234,0.8019,236.2562,67.7652,synthetic_prototype_v1
BAT-02789,1.6818,1.0792,16.9218,0.5191,148.2416,67.5572,synthetic_prototype_v1
BAT-02790,1.31,1.6613,32.2593,0.2694,177.3817,56.22,synthetic_prototype_v1
BAT-02791,2.4977,1.136,19.1412,2.4953,453.2754,42.0931,synthetic_prototype_v1
BAT-02792,2.2043,1.4054,15.198,2.5834,491.8769,43.8897,synthetic_prototype_v1
BAT-02793,1.7353,2.9754,17.5721,2.5052,83.3373,40.0,synthetic_prototype_v1
BAT-02794,1.5535,1.0072,30.9222,1.0803,177.8324,61.6011,synthetic_prototype_v1
BAT-02795,1.1921,0.2,26.5022,0.5285,116.5574,73.0304,synthetic_prototype_v1
BAT-02796,1.0888,0.3996,16.4129,0.2564,24.0569,77.7344,synthetic_prototype_v1
BAT-02797,0.7956,2.4947,6.4081,2.7014,174.2887,40.0,synthetic_prototype_v1
BAT-02798,2.1055,2.3177,16.874,2.4113,331.2183,43.886,synthetic_prototype_v1
BAT-02799,2.2214,2.6693,17.3376,2.5079,492.4552,40.0,synthetic_prototype_v1
BAT-02800,1.3193,0.4221,23.2225,0.317,31.8942,86.8297,synthetic_prototype_v1
BAT-02801,1.1116,1.1187,15.6998,1.0424,42.43,72.2542,synthetic_prototype_v1
BAT-02802,1.8704,0.2259,44.1933,2.8697,72.8376,42.0664,synthetic_prototype_v1
BAT-02803,0.9705,2.2893,44.2485,2.1869,95.6391,40.0,synthetic_prototype_v1
BAT-02804,1.0413,2.8171,24.437,2.6291,122.7657,40.0,synthetic_prototype_v1
BAT-02805,1.6461,0.5973,19.9376,0.9558,156.7175,72.1701,synthetic_prototype_v1
BAT-02806,0.8533,1.5817,4.7441,2.0015,441.2007,46.6244,synthetic_prototype_v1
BAT-02807,1.7136,0.6957,16.2358,1.1448,56.2536,72.4317,synthetic_prototype_v1
BAT-02808,2.2442,1.5023,45.1363,0.4489,171.9488,40.0522,synthetic_prototype_v1
BAT-02809,1.8488,0.5998,23.2513,0.6843,212.2125,66.3112,synthetic_prototype_v1
BAT-02810,1.4635,0.7345,46.1496,0.8378,496.6247,40.0,synthetic_prototype_v1
BAT-02811,2.3327,2.9983,22.1835,1.2536,94.9881,40.0,synthetic_prototype_v1
BAT-02812,0.5773,2.1167,48.4543,2.9324,116.7438,43.2322,synthetic_prototype_v1
BAT-02813,1.4218,0.7119,21.1401,0.4433,125.2252,78.6139,synthetic_prototype_v1
BAT-02814,2.3908,2.1212,44.1996,0.6288,405.9737,42.3072,synthetic_prototype_v1
BAT-02815,1.1294,1.7467,4.8262,2.2302,492.0843,47.7131,synthetic_prototype_v1
BAT-02816,0.7566,2.6149,17.5071,0.4308,31.132,40.0,synthetic_prototype_v1
BAT-02817,1.3279,2.971,38.2734,1.8134,59.8561,40.0,synthetic_prototype_v1
BAT-02818,0.7923,1.3604,34.2658,2.0097,74.6956,54.0523,synthetic_prototype_v1
BAT-02819,0.9125,0.6996,23.7622,0.7312,231.9119,61.4072,synthetic_prototype_v1
BAT-02820,2.0277,0.8186,42.3248,2.9023,212.7867,41.7094,synthetic_prototype_v1
BAT-02821,1.5817,1.4134,4.2427,2.1845,298.7627,41.6488,synthetic_prototype_v1
BAT-02822,1.0189,1.7974,9.8884,1.7386,493.9011,47.1074,synthetic_prototype_v1
BAT-02823,1.5434,2.6624,48.2227,1.1153,125.7394,40.0,synthetic_prototype_v1
BAT-02824,2.1206,2.5785,1.3445,2.7467,328.7737,41.1894,synthetic_prototype_v1
BAT-02825,2.0655,2.1787,41.4714,0.8015,264.0708,43.8156,synthetic_prototype_v1
BAT-02826,1.9496,1.0359,34.5013,0.4415,271.2406,54.5124,synthetic_prototype_v1
BAT-02827,2.3434,0.8632,30.6057,2.8579,439.1419,43.9497,synthetic_prototype_v1
BAT-02828,2.1732,1.0262,48.8556,2.9123,167.4566,40.0,synthetic_prototype_v1
BAT-02829,2.3977,2.1848,28.5097,2.2311,286.3186,48.2845,synthetic_prototype_v1
BAT-02830,0.9753,1.5691,12.5632,2.9275,215.2167,42.4874,synthetic_prototype_v1
BAT-02831,2.0479,0.3387,24.4126,0.9638,275.6032,55.6586,synthetic_prototype_v1
BAT-02832,1.6075,0.6983,19.1376,0.5959,110.9014,78.7966,synthetic_prototype_v1
BAT-02833,1.6729,2.7649,11.9843,2.7075,251.0212,40.0,synthetic_prototype_v1
BAT-02834,1.6683,2.2989,6.4268,2.4799,240.4293,41.1491,synthetic_prototype_v1
BAT-02835,1.1119,0.8991,17.348,1.3506,89.7663,66.6432,synthetic_prototype_v1
BAT-02836,1.9108,2.7231,44.32,1.9916,396.509,40.0,synthetic_prototype_v1
BAT-02837,1.0729,2.9461,46.6236,0.886,253.3531,42.4809,synthetic_prototype_v1
BAT-02838,2.4195,2.4438,15.1172,1.3631,47.8229,47.2474,synthetic_prototype_v1
BAT-02839,1.3324,0.6626,21.3013,0.606,41.3094,91.9011,synthetic_prototype_v1
BAT-02840,1.5451,0.3021,20.7153,0.6026,29.6709,84.9709,synthetic_prototype_v1
BAT-02841,0.815,1.7292,28.9707,2.7461,226.1934,40.703,synthetic_prototype_v1
BAT-02842,1.0017,2.6439,17.9639,0.7304,23.8487,46.6789,synthetic_prototype_v1
BAT-02843,1.3066,0.5514,20.1671,1.4391,27.9758,74.5122,synthetic_prototype_v1
BAT-02844,1.5389,0.5146,26.1857,1.0205,111.9096,74.4568,synthetic_prototype_v1
BAT-02845,2.3914,1.3063,39.4022,1.2975,312.3725,52.8043,synthetic_prototype_v1
BAT-02846,1.3824,0.8758,34.4562,0.2877,105.5339,62.9695,synthetic_prototype_v1
BAT-02847,1.2671,0.4595,14.9824,0.2,194.936,66.1309,synthetic_prototype_v1
BAT-02848,1.29,2.1014,19.6376,2.1174,126.0605,50.03,synthetic_prototype_v1
BAT-02849,2.1622,2.9677,23.1856,2.6191,219.9056,40.0,synthetic_prototype_v1
BAT-02850,1.8064,0.5326,12.7538,0.6222,189.3659,60.7739,synthetic_prototype_v1
BAT-02851,1.1305,0.435,21.1893,0.2,145.3133,71.8618,synthetic_prototype_v1
BAT-02852,1.9205,1.5442,38.665,2.1434,370.6895,51.0798,synthetic_prototype_v1
BAT-02853,0.7173,2.8281,9.907,2.7537,155.7751,40.0,synthetic_prototype_v1
BAT-02854,1.4986,0.4463,13.3609,1.5783,73.2627,62.4817,synthetic_prototype_v1
BAT-02855,1.3201,0.9162,37.2346,2.5348,260.6434,43.9686,synthetic_prototype_v1
BAT-02856,1.9389,2.9744,45.8971,0.3427,330.199,40.0,synthetic_prototype_v1
BAT-02857,2.2163,1.7574,44.4599,0.2618,404.3469,40.0,synthetic_prototype_v1
BAT-02858,1.1064,2.7357,33.2671,0.9809,435.9741,41.5765,synthetic_prototype_v1
BAT-02859,1.8947,2.3097,22.9589,1.5535,296.5168,48.9639,synthetic_prototype_v1
BAT-02860,0.6166,1.8296,19.0938,1.7174,204.8582,49.5401,synthetic_prototype_v1
BAT-02861,1.6572,2.1364,23.861,0.2575,60.9189,54.787,synthetic_prototype_v1
BAT-02862,2.3812,0.7094,44.5944,0.7449,35.2721,41.6851,synthetic_prototype_v1
BAT-02863,2.4512,0.6036,0.9859,2.1211,108.4754,40.0,synthetic_prototype_v1
BAT-02864,1.721,2.2505,34.5048,0.9415,295.6429,44.8047,synthetic_prototype_v1
BAT-02865,1.6058,2.3431,0.0208,0.311,131.3864,41.9003,synthetic_prototype_v1
BAT-02866,2.3266,2.9278,36.7666,1.4336,195.9651,42.813,synthetic_prototype_v1
BAT-02867,1.768,2.475,46.3919,2.8939,429.0046,45.0798,synthetic_prototype_v1
BAT-02868,1.751,2.1025,35.2215,1.8687,151.9746,50.5411,synthetic_prototype_v1
BAT-02869,2.0353,1.9036,35.644,2.113,242.3275,48.5148,synthetic_prototype_v1
BAT-02870,0.9653,1.4271,40.9351,2.5527,395.1995,40.3324,synthetic_prototype_v1
BAT-02871,1.5445,0.6046,26.8993,0.4113,23.2903,90.7906,synthetic_prototype_v1
BAT-02872,0.5697,2.9669,17.4098,0.8826,425.9449,41.4651,synthetic_prototype_v1
BAT-02873,1.7983,0.9012,23.9018,0.5439,183.8226,68.1961,synthetic_prototype_v1
BAT-02874,1.2255,1.3437,20.8561,0.7678,228.3558,62.9025,synthetic_prototype_v1
BAT-02875,1.9184,1.1036,17.1639,1.0237,50.1359,64.286,synthetic_prototype_v1
BAT-02876,1.5331,1.3623,14.0607,2.103,386.3251,49.9322,synthetic_prototype_v1
BAT-02877,1.5372,0.8752,16.7487,0.6974,140.4894,74.602,synthetic_prototype_v1
BAT-02878,1.2154,1.6526,1.7286,1.6575,202.2045,40.8114,synthetic_prototype_v1
BAT-02879,1.0524,2.303,38.6413,1.9094,135.1012,44.442,synthetic_prototype_v1
BAT-02880,1.6111,0.2,17.7891,0.5373,136.7185,74.2511,synthetic_prototype_v1
BAT-02881,1.407,0.2,26.4375,0.765,96.9375,77.8085,synthetic_prototype_v1
BAT-02882,1.1554,0.2,16.9517,0.5396,52.2207,77.7765,synthetic_prototype_v1
BAT-02883,1.6773,0.6585,20.7044,0.3484,101.4785,76.2668,synthetic_prototype_v1
BAT-02884,1.5048,0.2947,23.7142,0.5706,104.315,79.5136,synthetic_prototype_v1
BAT-02885,0.8012,2.6739,32.942,2.7282,379.0225,44.4937,synthetic_prototype_v1
BAT-02886,1.6924,0.732,22.7559,0.4031,121.3717,74.0539,synthetic_prototype_v1
BAT-02887,1.4553,1.5618,6.0156,1.2502,219.6952,49.8572,synthetic_prototype_v1
BAT-02888,0.9392,0.7338,0.2865,0.5014,102.9838,40.0,synthetic_prototype_v1
BAT-02889,0.8383,1.7172,8.7853,0.5925,317.9703,49.9267,synthetic_prototype_v1
BAT-02890,2.355,2.0718,2.0367,2.2414,219.1293,40.0,synthetic_prototype_v1
BAT-02891,1.193,0.3543,19.8026,0.551,160.2909,70.4583,synthetic_prototype_v1
BAT-02892,0.9815,1.6811,18.1061,0.2118,232.9362,54.3401,synthetic_prototype_v1
BAT-02893,1.6692,0.2543,24.0285,0.5526,94.7056,77.22,synthetic_prototype_v1
BAT-02894,1.9466,1.4677,46.7674,1.8904,21.9293,40.0,synthetic_prototype_v1
BAT-02895,1.1809,0.8217,16.365,1.0707,84.0104,73.3714,synthetic_prototype_v1
BAT-02896,1.4344,0.6793,16.5312,0.9723,69.0936,80.5014,synthetic_prototype_v1
BAT-02897,2.4711,2.3278,36.0459,2.0363,482.8976,45.2716,synthetic_prototype_v1
BAT-02898,1.4254,0.5077,25.6599,0.5119,229.1892,69.5369,synthetic_prototype_v1
BAT-02899,2.0635,0.7221,40.9075,0.4309,401.1033,50.4723,synthetic_prototype_v1
BAT-02900,1.4116,2.9216,21.2708,2.9573,279.1945,40.8006,synthetic_prototype_v1
BAT-02901,0.5729,1.7524,26.069,2.2876,99.073,50.2019,synthetic_prototype_v1
BAT-02902,1.262,0.4715,20.8782,0.6834,166.7274,69.3845,synthetic_prototype_v1
BAT-02903,0.6855,1.9658,35.1028,1.6962,300.648,53.2892,synthetic_prototype_v1
BAT-02904,1.0558,0.4656,27.354,1.0655,219.1146,60.3359,synthetic_prototype_v1
BAT-02905,2.4325,1.4958,32.9016,1.781,495.0674,49.9824,synthetic_prototype_v1
BAT-02906,1.6184,2.7065,16.394,0.2484,198.1061,42.2332,synthetic_prototype_v1
BAT-02907,1.3832,0.5284,22.6469,0.7292,115.1494,80.0539,synthetic_prototype_v1
BAT-02908,1.059,0.2978,1.0522,2.0386,115.8883,40.0,synthetic_prototype_v1
BAT-02909,1.9421,0.9678,10.8045,1.2346,393.6616,52.702,synthetic_prototype_v1
BAT-02910,1.5502,2.5606,30.6371,2.5185,394.7179,40.0,synthetic_prototype_v1
BAT-02911,1.1601,0.2793,14.5049,0.6687,174.3709,65.3582,synthetic_prototype_v1
BAT-02912,1.488,2.2743,7.3195,0.7426,222.489,46.0213,synthetic_prototype_v1
BAT-02913,2.3571,0.8627,32.8984,0.7738,240.9395,49.7971,synthetic_prototype_v1
BAT-02914,0.7439,1.8908,33.3648,2.5414,114.4295,41.6333,synthetic_prototype_v1
BAT-02915,1.2206,1.2636,11.4293,0.928,144.3667,61.2022,synthetic_prototype_v1
BAT-02916,1.4278,2.4998,5.7743,0.531,47.9702,44.2111,synthetic_prototype_v1
BAT-02917,0.8854,0.4451,29.2745,0.2,204.7607,57.6037,synthetic_prototype_v1
BAT-02918,1.1711,0.7268,23.6609,0.6049,43.9952,85.4109,synthetic_prototype_v1
BAT-02919,1.5614,0.5984,37.8422,1.2015,347.6,53.4203,synthetic_prototype_v1
BAT-02920,0.5721,2.3307,21.0284,0.496,448.5469,45.2791,synthetic_prototype_v1
BAT-02921,2.3876,2.5693,6.9755,1.6914,462.2135,42.5153,synthetic_prototype_v1
BAT-02922,1.3,0.3331,22.3777,0.5653,76.3315,82.4549,synthetic_prototype_v1
BAT-02923,1.2123,0.8503,27.5989,0.5734,235.6372,63.6643,synthetic_prototype_v1
BAT-02924,1.5279,0.8418,16.0861,0.7262,89.2327,77.2246,synthetic_prototype_v1
BAT-02925,1.3949,0.7768,13.4015,0.4677,248.3105,61.1646,synthetic_prototype_v1
BAT-02926,1.4907,0.7006,23.6596,0.4074,22.6557,93.568,synthetic_prototype_v1
BAT-02927,1.7769,1.8535,28.0609,0.3461,475.8055,51.0808,synthetic_prototype_v1
BAT-02928,1.8638,0.8578,38.4176,0.226,361.3055,56.2401,synthetic_prototype_v1
BAT-02929,1.4301,0.2,37.8016,0.7026,156.9599,58.1226,synthetic_prototype_v1
BAT-02930,1.1089,1.7214,43.1576,1.6878,349.3034,43.4095,synthetic_prototype_v1
BAT-02931,1.0789,2.5926,11.0841,1.7195,306.1922,40.6776,synthetic_prototype_v1
BAT-02932,2.3951,2.6785,24.2771,2.2198,419.0449,40.3468,synthetic_prototype_v1
BAT-02933,1.6236,0.4979,45.3967,0.3797,74.7826,40.0,synthetic_prototype_v1
BAT-02934,2.3708,2.5473,28.6352,2.3753,255.8329,40.0,synthetic_prototype_v1
BAT-02935,2.2113,0.9379,8.5819,2.1472,455.0857,48.3597,synthetic_prototype_v1
BAT-02936,1.5472,1.0605,17.8876,0.5993,247.6165,61.7347,synthetic_prototype_v1
BAT-02937,1.1546,0.6318,30.8738,0.4328,61.9641,71.5407,synthetic_prototype_v1
BAT-02938,1.6522,0.5277,19.1836,1.084,49.1579,78.755,synthetic_prototype_v1
BAT-02939,1.8157,0.92,46.6373,1.2679,321.5043,40.0,synthetic_prototype_v1
BAT-02940,1.2703,1.1425,17.4635,2.9207,84.7475,42.2362,synthetic_prototype_v1
BAT-02941,0.5876,1.1593,0.2225,0.6104,394.523,42.0449,synthetic_prototype_v1
BAT-02942,0.7682,2.226,27.457,2.2332,138.1036,43.7704,synthetic_prototype_v1
BAT-02943,1.2298,0.7404,44.0782,0.7997,99.2499,40.9522,synthetic_prototype_v1
BAT-02944,0.5822,2.5712,8.465,2.5352,164.4523,40.0,synthetic_prototype_v1
BAT-02945,2.0615,2.7955,43.7908,2.4178,392.3177,40.0,synthetic_prototype_v1
BAT-02946,2.0474,1.1946,23.6681,2.8251,280.9141,45.9241,synthetic_prototype_v1
BAT-02947,1.5721,0.6178,5.6358,2.2964,79.7021,47.2347,synthetic_prototype_v1
BAT-02948,1.0843,0.9802,17.7075,1.0923,24.9738,74.1829,synthetic_prototype_v1
BAT-02949,1.3768,0.3441,18.534,0.4825,166.1545,75.3533,synthetic_prototype_v1
BAT-02950,0.8864,0.2054,39.5157,2.4918,155.2544,46.3874,synthetic_prototype_v1
BAT-02951,1.7705,0.3031,29.0109,0.395,175.3725,62.885,synthetic_prototype_v1
BAT-02952,2.4558,0.5892,18.3109,1.1595,128.8224,53.3369,synthetic_prototype_v1
BAT-02953,1.4596,2.6363,2.443,0.4661,439.2295,40.1538,synthetic_prototype_v1
BAT-02954,1.2173,2.2089,37.8686,1.5068,208.1129,44.6434,synthetic_prototype_v1
BAT-02955,1.7485,0.2674,33.7385,0.5435,84.6958,62.3369,synthetic_prototype_v1
BAT-02956,0.9934,2.6057,18.9319,2.9343,276.1623,40.7644,synthetic_prototype_v1
BAT-02957,0.6902,1.1004,14.8937,1.7507,187.0245,51.799,synthetic_prototype_v1
BAT-02958,1.0767,2.4365,10.0728,1.0018,51.0647,44.9908,synthetic_prototype_v1
BAT-02959,0.7054,0.3528,17.4646,0.4229,172.5528,56.3052,synthetic_prototype_v1
BAT-02960,1.3987,2.699,49.9348,1.9327,296.004,40.0,synthetic_prototype_v1
BAT-02961,0.879,1.5192,35.1853,2.1109,34.0239,50.3133,synthetic_prototype_v1
BAT-02962,1.1682,0.3493,2.9666,1.5742,424.3312,40.0,synthetic_prototype_v1
BAT-02963,2.2761,0.5054,13.2161,2.1515,374.8788,49.727,synthetic_prototype_v1
BAT-02964,2.4734,2.6814,28.6215,1.5554,169.3842,41.9282,synthetic_prototype_v1
BAT-02965,1.3333,0.4524,14.2033,2.4006,187.9775,46.0859,synthetic_prototype_v1
BAT-02966,1.6247,1.1533,9.5592,0.4727,164.549,57.9843,synthetic_prototype_v1
BAT-02967,1.957,0.8185,16.6122,0.3014,348.9419,52.8691,synthetic_prototype_v1
BAT-02968,1.5718,0.6863,19.3973,0.2,206.3602,62.9594,synthetic_prototype_v1
BAT-02969,0.5011,2.5205,5.1347,1.7994,344.6565,44.3352,synthetic_prototype_v1
BAT-02970,2.1235,0.3455,31.5979,0.4886,266.9605,54.4519,synthetic_prototype_v1
BAT-02971,1.1723,0.8834,24.9788,2.7241,264.7857,41.9373,synthetic_prototype_v1
BAT-02972,1.4449,1.7505,26.7276,2.1416,275.7366,53.191,synthetic_prototype_v1
BAT-02973,1.4086,0.2,25.8604,0.3845,142.3399,73.6724,synthetic_prototype_v1
BAT-02974,1.264,0.5884,25.8012,0.2753,162.2597,72.6667,synthetic_prototype_v1
BAT-02975,1.7017,1.4717,44.4408,2.8281,190.7068,40.0,synthetic_prototype_v1
BAT-02976,1.3404,0.6193,25.1447,1.6432,489.9152,53.5315,synthetic_prototype_v1
BAT-02977,1.377,0.4123,28.66,1.154,89.4254,72.5647,synthetic_prototype_v1
BAT-02978,1.46,0.5382,30.356,0.3158,43.3197,75.0991,synthetic_prototype_v1
BAT-02979,2.0597,1.5441,10.0795,2.3887,130.8245,43.4828,synthetic_prototype_v1
BAT-02980,2.1724,1.2778,14.7328,1.92,48.2931,52.154,synthetic_prototype_v1
BAT-02981,1.511,1.1199,26.1773,0.6726,183.3931,70.8712,synthetic_prototype_v1
BAT-02982,1.9414,2.0183,28.2177,2.536,484.5975,42.7778,synthetic_prototype_v1
BAT-02983,1.4511,0.6988,23.7744,0.4227,15.6687,98.0,synthetic_prototype_v1
BAT-02984,1.3613,0.8284,23.7012,0.662,150.2942,75.6268,synthetic_prototype_v1
BAT-02985,0.8378,0.4749,27.2833,0.7674,116.0568,61.1751,synthetic_prototype_v1
BAT-02986,1.8368,2.5539,32.5399,1.916,486.8806,43.0351,synthetic_prototype_v1
BAT-02987,1.7748,0.7816,33.1426,1.2257,108.9567,61.1366,synthetic_prototype_v1
BAT-02988,1.6497,1.8653,14.4708,2.4452,67.4767,46.5971,synthetic_prototype_v1
BAT-02989,1.3923,2.6521,43.1332,0.4888,475.5432,40.0,synthetic_prototype_v1
BAT-02990,2.1149,0.7286,41.3131,1.2912,450.2678,47.8717,synthetic_prototype_v1
BAT-02991,0.8774,0.5139,13.5783,2.617,387.6867,42.7029,synthetic_prototype_v1
BAT-02992,0.587,0.6532,1.2963,0.7894,254.4241,40.0,synthetic_prototype_v1
BAT-02993,2.1592,1.3115,29.7284,0.585,177.9636,53.6251,synthetic_prototype_v1
BAT-02994,1.1393,0.5814,29.726,0.8179,130.7426,69.236,synthetic_prototype_v1
BAT-02995,1.6992,2.7593,7.4636,1.1654,451.2299,43.204,synthetic_prototype_v1
BAT-02996,1.544,2.5918,6.9801,0.5161,324.6657,40.828,synthetic_prototype_v1
BAT-02997,0.7056,0.4522,33.8387,1.8513,249.8314,49.2321,synthetic_prototype_v1
BAT-02998,1.4506,0.7918,39.7987,0.7364,45.2253,57.2583,synthetic_prototype_v1
BAT-02999,1.2516,0.2,12.3585,0.7438,86.6475,69.0444,synthetic_prototype_v1
BAT-03000,1.4981,0.4985,13.1102,0.8397,85.193,73.6623,synthetic_prototype_v1
BAT-03001,1.9231,1.0906,0.7217,1.0532,102.3932,40.532,synthetic_prototype_v1
BAT-03002,1.3284,0.3826,13.8065,1.4498,306.888,58.8816,synthetic_prototype_v1
BAT-03003,1.0678,0.6167,19.1906,0.2,178.7725,68.4194,synthetic_prototype_v1
BAT-03004,1.9005,1.8096,15.2971,0.3956,494.7762,50.6825,synthetic_prototype_v1
BAT-03005,0.8036,1.4504,41.1396,1.1428,132.1955,46.3796,synthetic_prototype_v1
BAT-03006,0.5279,0.5333,27.6376,2.3718,221.6078,46.9202,synthetic_prototype_v1
BAT-03007,1.4953,0.6895,21.7543,1.9398,11.6475,66.3425,synthetic_prototype_v1
BAT-03008,1.9942,2.937,22.8155,0.8314,370.6938,40.3964,synthetic_prototype_v1
BAT-03009,0.7488,2.0898,20.6215,1.7899,103.2745,52.1949,synthetic_prototype_v1
BAT-03010,0.5616,1.8095,45.8478,1.8485,239.2941,40.0,synthetic_prototype_v1
BAT-03011,2.0969,2.0328,23.0906,0.5059,228.2701,54.593,synthetic_prototype_v1
BAT-03012,0.9107,0.3896,19.4582,0.7815,207.9672,61.1088,synthetic_prototype_v1
BAT-03013,1.2116,0.5282,31.3907,0.8459,167.9786,63.2577,synthetic_prototype_v1
BAT-03014,1.8109,1.0382,32.3945,2.3037,367.0683,47.9359,synthetic_prototype_v1
BAT-03015,1.4646,1.683,33.2927,0.8408,390.015,52.4527,synthetic_prototype_v1
BAT-03016,1.1618,0.2,26.6219,1.3973,82.6494,63.9303,synthetic_prototype_v1
BAT-03017,0.5381,0.4094,29.0339,2.0484,18.1693,53.3679,synthetic_prototype_v1
BAT-03018,2.0694,1.0641,17.8152,0.9869,88.3349,57.3908,synthetic_prototype_v1
BAT-03019,0.6795,1.8945,13.8396,2.4238,331.4008,41.3383,synthetic_prototype_v1
BAT-03020,0.5971,2.0982,33.4028,1.0399,100.5613,50.3022,synthetic_prototype_v1
BAT-03021,1.6119,0.6845,32.017,1.7863,465.327,48.8844,synthetic_prototype_v1
BAT-03022,1.3993,2.9,21.8179,2.7096,471.6111,40.0,synthetic_prototype_v1
BAT-03023,1.4444,0.4625,17.3648,0.7668,66.8083,80.8517,synthetic_prototype_v1
BAT-03024,1.2418,2.8455,47.5916,2.4796,221.009,40.0,synthetic_prototype_v1
BAT-03025,1.2484,2.349,26.8699,1.7389,140.0179,48.9671,synthetic_prototype_v1
BAT-03026,1.4932,1.8411,49.6192,2.2557,194.8096,40.8631,synthetic_prototype_v1
BAT-03027,0.5641,1.7381,35.7795,0.2149,11.281,53.104,synthetic_prototype_v1
BAT-03028,2.4604,1.4907,29.0203,0.6331,356.2564,52.52,synthetic_prototype_v1
BAT-03029,0.7115,1.3668,22.5843,1.4269,166.1454,53.7404,synthetic_prototype_v1
BAT-03030,1.4375,0.5821,10.8594,0.4775,97.9082,69.2904,synthetic_prototype_v1
BAT-03031,1.8803,0.4968,43.7719,0.8444,156.8858,40.6325,synthetic_prototype_v1
BAT-03032,1.4174,0.8604,18.6253,0.7996,125.1443,75.2749,synthetic_prototype_v1
BAT-03033,2.3585,0.302,26.8414,0.2993,381.3875,48.9589,synthetic_prototype_v1
BAT-03034,0.8212,2.7478,4.1803,2.0188,98.6752,40.0,synthetic_prototype_v1
BAT-03035,0.8882,0.2249,18.7258,0.3805,237.9828,61.9387,synthetic_prototype_v1
BAT-03036,1.3091,1.123,24.2702,0.2,219.3471,64.7873,synthetic_prototype_v1
BAT-03037,1.0974,0.846,25.7957,1.0445,56.4308,79.6317,synthetic_prototype_v1
BAT-03038,1.8125,0.7507,1.8427,0.2125,271.7337,40.0,synthetic_prototype_v1
BAT-03039,0.5803,2.959,5.6609,2.7025,171.5261,44.2569,synthetic_prototype_v1
BAT-03040,1.0587,0.9485,19.6441,1.8655,469.9323,50.9445,synthetic_prototype_v1
BAT-03041,1.6742,1.2211,27.4491,2.5419,117.7425,45.6715,synthetic_prototype_v1
BAT-03042,1.7253,0.2803,28.1942,1.1545,160.4081,63.1312,synthetic_prototype_v1
BAT-03043,1.2413,0.5607,27.1467,0.6831,159.1451,72.933,synthetic_prototype_v1
BAT-03044,1.6045,0.674,30.3353,0.7118,173.981,64.5481,synthetic_prototype_v1
BAT-03045,1.1172,0.6815,24.934,1.2428,194.2374,61.7063,synthetic_prototype_v1
BAT-03046,1.9556,0.4543,16.2672,1.0985,158.0363,63.3289,synthetic_prototype_v1
BAT-03047,1.666,0.6455,15.8566,0.305,30.5849,76.9132,synthetic_prototype_v1
BAT-03048,1.3245,1.7532,25.5005,0.7606,268.8419,56.1495,synthetic_prototype_v1
BAT-03049,0.5947,1.8384,24.878,2.6279,132.5044,42.4821,synthetic_prototype_v1
BAT-03050,1.6089,0.9993,15.501,0.8074,149.5365,65.3874,synthetic_prototype_v1
BAT-03051,0.737,0.6489,24.4764,1.9471,24.8101,54.7215,synthetic_prototype_v1
BAT-03052,2.1087,2.0009,4.5924,2.6251,45.3602,40.9659,synthetic_prototype_v1
BAT-03053,1.228,0.2322,21.6779,0.7966,114.2264,76.0325,synthetic_prototype_v1
BAT-03054,1.7373,2.0816,3.3647,1.6474,286.6806,40.0,synthetic_prototype_v1
BAT-03055,0.8072,1.7594,7.0697,1.3562,24.7865,56.8482,synthetic_prototype_v1
BAT-03056,0.9833,2.6996,19.2778,1.9581,45.1944,40.0,synthetic_prototype_v1
BAT-03057,1.0407,0.963,4.5735,0.2282,105.7891,48.4009,synthetic_prototype_v1
BAT-03058,1.5091,0.214,35.5703,1.6561,358.6324,51.5449,synthetic_prototype_v1
BAT-03059,1.9018,2.1878,7.7484,0.2716,170.3089,44.7706,synthetic_prototype_v1
BAT-03060,1.3518,1.2541,22.28,2.1381,123.39,50.683,synthetic_prototype_v1
BAT-03061,2.3741,0.7844,12.7386,2.1915,456.8767,47.4072,synthetic_prototype_v1
BAT-03062,0.7173,2.4093,25.8195,1.8062,60.8873,45.21,synthetic_prototype_v1
BAT-03063,2.0338,2.3816,43.8963,2.4018,50.6657,40.0,synthetic_prototype_v1
BAT-03064,0.9004,0.3304,4.2935,0.5434,326.5449,46.3307,synthetic_prototype_v1
BAT-03065,1.2333,0.6879,26.3924,0.7808,58.1968,80.9609,synthetic_prototype_v1
BAT-03066,1.2254,0.6649,19.4239,1.0826,59.5649,82.1911,synthetic_prototype_v1
BAT-03067,0.9992,0.5977,15.8553,0.5911,60.8599,75.0447,synthetic_prototype_v1
BAT-03068,0.609,2.7723,21.7302,1.2956,401.6507,40.0,synthetic_prototype_v1
BAT-03069,0.8377,0.7068,42.2384,2.643,116.1691,40.641,synthetic_prototype_v1
BAT-03070,1.6243,2.2649,39.8967,2.8004,91.2564,40.0,synthetic_prototype_v1
BAT-03071,1.2143,0.3027,28.855,0.7915,69.8437,75.5989,synthetic_prototype_v1
BAT-03072,0.8273,0.4122,22.9874,0.4017,199.6747,60.545,synthetic_prototype_v1
BAT-03073,0.7935,1.068,39.3378,1.2597,406.935,51.2235,synthetic_prototype_v1
BAT-03074,0.5434,1.4741,12.8058,0.5228,232.5818,50.2925,synthetic_prototype_v1
BAT-03075,1.0052,0.581,31.5533,0.2,125.3537,62.3498,synthetic_prototype_v1
BAT-03076,2.1384,2.0537,27.6699,2.7562,226.6217,40.0,synthetic_prototype_v1
BAT-03077,2.128,0.6298,49.3081,1.1224,399.9157,42.3313,synthetic_prototype_v1
BAT-03078,1.1782,0.765,28.376,1.092,200.0108,62.2031,synthetic_prototype_v1
BAT-03079,1.0599,1.0796,24.8472,0.5935,32.4402,76.0355,synthetic_prototype_v1
BAT-03080,1.5491,0.3099,19.4055,0.781,51.5649,85.2882,synthetic_prototype_v1
BAT-03081,2.0415,2.9071,16.6222,2.9575,476.4098,41.5173,synthetic_prototype_v1
BAT-03082,1.2249,0.5411,35.716,0.5043,122.6774,61.6009,synthetic_prototype_v1
BAT-03083,0.5423,0.5002,38.4517,0.3625,318.2257,50.604,synthetic_prototype_v1
BAT-03084,0.6011,2.4206,32.4285,1.7573,52.1779,45.225,synthetic_prototype_v1
BAT-03085,1.7103,1.0382,13.7845,0.3647,59.1216,68.7673,synthetic_prototype_v1
BAT-03086,2.1855,1.9446,18.715,0.336,339.1528,51.6964,synthetic_prototype_v1
BAT-03087,1.1094,2.7391,45.1895,1.2401,285.9994,40.0,synthetic_prototype_v1
BAT-03088,1.9854,2.0853,49.8378,2.6369,312.3688,40.0,synthetic_prototype_v1
BAT-03089,1.7599,0.3338,20.2656,1.0482,239.5222,64.4317,synthetic_prototype_v1
BAT-03090,2.4941,0.4365,27.403,1.0407,279.5415,49.871,synthetic_prototype_v1
BAT-03091,1.2527,0.3858,35.8357,1.3175,494.7834,50.1093,synthetic_prototype_v1
BAT-03092,1.377,0.2,26.5764,0.2822,158.919,69.4058,synthetic_prototype_v1
BAT-03093,2.0404,1.2195,47.6473,2.4801,317.995,40.8944,synthetic_prototype_v1
BAT-03094,1.8808,2.3644,48.6879,1.4726,85.1962,40.0,synthetic_prototype_v1
BAT-03095,1.3897,0.3116,20.4285,1.0138,239.8334,67.203,synthetic_prototype_v1
BAT-03096,2.0039,0.4525,42.1381,2.4379,434.8877,40.0,synthetic_prototype_v1
BAT-03097,1.6017,0.7263,20.3199,0.3441,189.5469,70.0433,synthetic_prototype_v1
BAT-03098,0.9179,0.2702,24.3212,0.5183,41.4648,72.9016,synthetic_prototype_v1
BAT-03099,2.2206,2.1112,24.7448,0.5106,366.6471,51.7795,synthetic_prototype_v1
BAT-03100,1.6305,1.3034,7.7432,0.5563,17.9356,60.0875,synthetic_prototype_v1
BAT-03101,2.218,0.2028,42.4533,2.9431,127.6442,40.5584,synthetic_prototype_v1
BAT-03102,0.5,0.8689,25.2466,1.1716,165.0861,53.5003,synthetic_prototype_v1
BAT-03103,1.7193,0.8876,28.2152,0.9486,217.8771,64.6454,synthetic_prototype_v1
BAT-03104,1.1479,2.0925,35.7562,1.5389,157.6624,51.7667,synthetic_prototype_v1
BAT-03105,2.4112,2.8764,0.3045,1.3569,293.2725,41.8948,synthetic_prototype_v1
BAT-03106,0.6177,2.8751,36.9159,0.592,189.2801,40.0,synthetic_prototype_v1
BAT-03107,1.1289,2.8057,43.1363,1.711,296.9352,40.0,synthetic_prototype_v1
BAT-03108,1.975,1.8582,5.0228,2.3972,42.5159,48.85,synthetic_prototype_v1
BAT-03109,1.0934,0.5526,25.7683,1.0269,21.6882,79.6762,synthetic_prototype_v1
BAT-03110,1.2368,0.2,26.3563,0.7571,183.0542,71.7576,synthetic_prototype_v1
BAT-03111,1.2772,0.2653,25.4907,0.5141,35.6409,87.4212,synthetic_prototype_v1
BAT-03112,1.2851,0.9155,16.0745,0.8901,108.5829,73.7783,synthetic_prototype_v1
BAT-03113,1.6566,0.5142,21.085,0.9495,138.4244,72.8975,synthetic_prototype_v1
BAT-03114,1.4008,1.1834,3.659,0.2857,140.8239,41.038,synthetic_prototype_v1
BAT-03115,0.9235,2.0017,41.5126,1.3872,296.5063,48.0197,synthetic_prototype_v1
BAT-03116,2.1488,1.1955,42.5998,2.4497,402.0631,42.4248,synthetic_prototype_v1
BAT-03117,2.0385,1.0299,44.3511,1.9092,485.1844,41.7133,synthetic_prototype_v1
BAT-03118,1.3768,1.8789,14.6118,2.8497,220.0355,42.378,synthetic_prototype_v1
BAT-03119,1.992,2.8307,26.52,1.8482,141.369,41.3947,synthetic_prototype_v1
BAT-03120,1.0486,0.2,23.0651,0.5373,188.1627,66.4765,synthetic_prototype_v1
BAT-03121,1.6423,0.3993,9.5046,2.2631,458.0509,49.2317,synthetic_prototype_v1
BAT-03122,2.2011,1.9091,30.6857,2.4447,95.9521,45.8455,synthetic_prototype_v1
BAT-03123,1.1287,0.5567,19.2072,1.3729,124.3505,64.9446,synthetic_prototype_v1
BAT-03124,1.4158,0.4061,14.6432,0.5163,211.6848,66.8919,synthetic_prototype_v1
BAT-03125,0.8306,1.6167,3.3156,1.6189,83.2011,40.0,synthetic_prototype_v1
BAT-03126,1.1747,0.9974,17.7259,0.2,141.8187,66.7055,synthetic_prototype_v1
BAT-03127,1.6545,0.7024,24.1961,0.4049,51.4138,82.7245,synthetic_prototype_v1
BAT-03128,1.5648,1.628,18.6515,2.169,163.3963,49.9987,synthetic_prototype_v1
BAT-03129,2.3848,1.153,18.2288,0.6771,57.3588,55.4522,synthetic_prototype_v1
BAT-03130,1.243,0.7152,19.3073,0.2,113.9081,79.248,synthetic_prototype_v1
BAT-03131,0.8439,2.2242,4.0074,2.2239,412.9058,40.4179,synthetic_prototype_v1
BAT-03132,0.7594,0.2209,21.2567,0.9397,46.7896,61.9758,synthetic_prototype_v1
BAT-03133,1.0879,0.975,40.5923,2.5197,423.3494,44.4737,synthetic_prototype_v1
BAT-03134,0.9027,2.944,16.9647,2.0614,84.9049,40.0,synthetic_prototype_v1
BAT-03135,1.3332,1.6582,41.8013,0.9198,93.5653,45.0439,synthetic_prototype_v1
BAT-03136,1.3743,2.2065,6.9354,2.6534,158.9615,42.4414,synthetic_prototype_v1
BAT-03137,0.6997,1.069,14.4401,1.8715,34.3373,54.0603,synthetic_prototype_v1
BAT-03138,1.0554,1.4604,15.9498,0.3356,153.8455,56.8746,synthetic_prototype_v1
BAT-03139,2.1726,1.2543,19.0376,2.2539,460.2061,45.3442,synthetic_prototype_v1
BAT-03140,1.0473,0.4525,18.2969,0.689,226.7815,63.3865,synthetic_prototype_v1
BAT-03141,1.8079,0.4211,19.4773,0.2,248.7966,63.0489,synthetic_prototype_v1
BAT-03142,1.2347,0.6758,30.0291,0.7317,145.024,69.6626,synthetic_prototype_v1
BAT-03143,2.3946,0.606,26.624,2.0959,258.3405,49.374,synthetic_prototype_v1
BAT-03144,1.1431,2.2077,31.8962,2.1471,350.952,47.2644,synthetic_prototype_v1
BAT-03145,1.9396,2.9024,24.4968,1.7557,27.1922,40.0,synthetic_prototype_v1
BAT-03146,1.2284,0.5589,25.0617,1.8584,217.197,57.2019,synthetic_prototype_v1
BAT-03147,2.4975,2.3376,35.7772,1.6088,221.4778,44.6759,synthetic_prototype_v1
BAT-03148,1.5662,0.3822,20.5353,0.2,185.7714,69.7146,synthetic_prototype_v1
BAT-03149,2.0985,0.2331,16.6441,0.8013,247.6494,54.0547,synthetic_prototype_v1
BAT-03150,0.8272,1.5521,23.0102,2.9566,402.357,40.0,synthetic_prototype_v1
BAT-03151,0.7005,0.3861,12.0904,0.5533,20.0044,66.079,synthetic_prototype_v1
BAT-03152,1.8895,0.2,18.9117,0.9061,176.8286,62.0857,synthetic_prototype_v1
BAT-03153,1.1076,2.2018,3.9272,2.9226,287.9706,40.0,synthetic_prototype_v1
BAT-03154,1.7941,0.3731,3.7545,0.4285,274.5634,40.0,synthetic_prototype_v1
BAT-03155,0.9368,0.4168,21.6157,1.0179,200.0207,63.4493,synthetic_prototype_v1
BAT-03156,1.3081,0.2455,30.7595,1.565,232.7973,54.6949,synthetic_prototype_v1
BAT-03157,0.9461,0.6477,26.7823,0.3489,160.9905,65.6434,synthetic_prototype_v1
BAT-03158,1.5698,0.4667,12.2202,1.7831,249.811,51.8358,synthetic_prototype_v1
BAT-03159,0.7189,0.5261,27.7793,1.1431,74.955,60.1929,synthetic_prototype_v1
BAT-03160,1.0456,1.3639,34.5961,0.2637,224.7349,57.6501,synthetic_prototype_v1
BAT-03161,2.0085,2.452,23.6019,1.9823,173.9656,44.5457,synthetic_prototype_v1
BAT-03162,2.3002,1.3199,32.309,1.7229,325.2125,50.4517,synthetic_prototype_v1
BAT-03163,2.0263,0.2177,4.0742,1.0696,333.4213,42.3849,synthetic_prototype_v1
BAT-03164,2.1879,0.5513,41.2015,0.4669,28.7604,48.16,synthetic_prototype_v1
BAT-03165,0.6997,1.3872,14.7657,0.4497,216.7472,51.8685,synthetic_prototype_v1
BAT-03166,1.9437,2.1266,47.3737,0.7941,308.4855,40.0,synthetic_prototype_v1
BAT-03167,0.7307,1.2269,24.5416,2.775,285.8077,42.8446,synthetic_prototype_v1
BAT-03168,2.0992,0.5695,26.4008,0.6475,165.2954,59.8834,synthetic_prototype_v1
BAT-03169,0.8726,0.3826,16.3345,0.6394,184.9889,62.3816,synthetic_prototype_v1
BAT-03170,1.2773,0.3321,25.3795,1.0958,100.1029,75.57,synthetic_prototype_v1
BAT-03171,2.0678,1.1559,36.5697,2.8555,449.111,43.2281,synthetic_prototype_v1
BAT-03172,1.0149,2.1059,48.6666,2.5168,168.0374,41.4506,synthetic_prototype_v1
BAT-03173,0.7538,1.0386,6.0241,0.5221,86.4135,56.7232,synthetic_prototype_v1
BAT-03174,1.5004,2.0295,18.4571,0.6565,382.535,49.9265,synthetic_prototype_v1
BAT-03175,1.2103,2.2007,5.2811,0.6757,363.8619,46.4374,synthetic_prototype_v1
BAT-03176,1.5206,0.2,17.9091,0.8156,21.2369,86.5842,synthetic_prototype_v1
BAT-03177,1.1552,0.5659,23.1771,0.2697,221.3128,68.3493,synthetic_prototype_v1
BAT-03178,1.9207,1.0314,22.6224,2.1839,32.8279,49.974,synthetic_prototype_v1
BAT-03179,1.1937,1.1355,8.0413,0.6778,361.3697,54.8239,synthetic_prototype_v1
BAT-03180,1.2067,0.7913,43.6515,0.5873,422.6502,41.8697,synthetic_prototype_v1
BAT-03181,2.02,0.6603,13.1728,1.5453,213.3655,52.3689,synthetic_prototype_v1
BAT-03182,1.6685,2.5453,26.7401,0.5524,416.6895,45.4593,synthetic_prototype_v1
BAT-03183,1.8272,1.3273,43.9191,2.1027,245.6438,40.5048,synthetic_prototype_v1
BAT-03184,0.7546,1.9551,27.1344,0.3321,302.0566,51.4848,synthetic_prototype_v1
BAT-03185,1.0414,1.4065,26.7143,2.9278,430.1792,42.7734,synthetic_prototype_v1
BAT-03186,1.5406,1.9946,26.8155,2.3066,130.2124,45.4958,synthetic_prototype_v1
BAT-03187,1.323,0.2677,27.3066,0.6742,234.6053,69.9711,synthetic_prototype_v1
BAT-03188,2.4825,0.8259,44.3978,2.7787,319.5497,40.0,synthetic_prototype_v1
BAT-03189,1.0702,1.4169,6.5335,0.2494,119.5011,54.6036,synthetic_prototype_v1
BAT-03190,1.8945,1.922,5.8164,2.3881,142.8469,44.5145,synthetic_prototype_v1
BAT-03191,1.4435,0.7752,32.5859,0.34,90.2372,67.3296,synthetic_prototype_v1
BAT-03192,2.1996,0.2686,9.6542,0.4142,461.5759,51.6506,synthetic_prototype_v1
BAT-03193,2.4174,1.2418,23.9509,2.3102,322.98,49.6537,synthetic_prototype_v1
BAT-03194,2.007,0.5616,48.6231,2.4193,249.8072,40.2461,synthetic_prototype_v1
BAT-03195,2.2478,2.788,46.1904,1.3512,340.3111,40.0,synthetic_prototype_v1
BAT-03196,1.5626,0.5108,20.072,0.3297,191.9414,70.9538,synthetic_prototype_v1
BAT-03197,1.7523,1.752,19.9611,1.8252,110.2392,56.4821,synthetic_prototype_v1
BAT-03198,1.0757,0.5633,40.0913,1.9875,342.5192,46.5193,synthetic_prototype_v1
BAT-03199,0.7659,0.6854,20.8674,0.4245,219.4753,62.2065,synthetic_prototype_v1
BAT-03200,1.4758,0.8845,17.4192,0.2,129.5184,73.7488,synthetic_prototype_v1
BAT-03201,1.5898,0.216,17.857,0.3921,176.7943,67.4206,synthetic_prototype_v1
BAT-03202,1.8432,0.9586,1.1849,0.6283,437.2691,40.0,synthetic_prototype_v1
BAT-03203,1.0119,2.6848,1.511,1.6699,217.4199,40.7551,synthetic_prototype_v1
BAT-03204,1.2907,0.8518,29.7773,0.2688,206.4615,63.7667,synthetic_prototype_v1
BAT-03205,0.9538,2.5042,21.8806,2.2758,459.8036,40.986,synthetic_prototype_v1
BAT-03206,1.4318,0.3961,26.3334,0.9513,173.6637,74.1413,synthetic_prototype_v1
BAT-03207,2.3051,1.9266,13.6284,2.8881,218.2823,43.4743,synthetic_prototype_v1
BAT-03208,0.8046,2.8562,16.6051,1.6994,134.0791,42.464,synthetic_prototype_v1
BAT-03209,1.6318,0.4276,23.4882,0.2,57.7592,81.7119,synthetic_prototype_v1
BAT-03210,0.5989,0.6409,36.2121,2.1753,59.5597,50.8218,synthetic_prototype_v1
BAT-03211,1.4248,0.5271,22.0089,0.7286,20.8208,95.4623,synthetic_prototype_v1
BAT-03212,1.77,0.4813,23.932,0.7067,228.7558,63.8244,synthetic_prototype_v1
BAT-03213,1.2454,0.4517,27.6924,0.7872,51.021,84.3644,synthetic_prototype_v1
BAT-03214,1.4883,0.3102,16.5807,0.5313,30.5408,85.2528,synthetic_prototype_v1
BAT-03215,1.4632,0.5867,12.5531,1.2105,259.8056,61.798,synthetic_prototype_v1
BAT-03216,0.635,1.1627,24.9941,1.242,221.2451,53.4763,synthetic_prototype_v1
BAT-03217,1.1614,0.7806,17.1218,2.6077,33.0071,45.5294,synthetic_prototype_v1
BAT-03218,0.7621,0.9911,1.5639,2.339,157.9854,40.0,synthetic_prototype_v1
BAT-03219,0.6441,1.045,38.6134,2.7052,358.0808,43.5746,synthetic_prototype_v1
BAT-03220,1.9895,0.2206,3.1446,2.9053,451.9628,43.0203,synthetic_prototype_v1
BAT-03221,1.5255,0.6758,2.6858,1.1646,61.0169,42.961,synthetic_prototype_v1
BAT-03222,0.7422,0.3219,21.2801,0.9802,70.3322,67.009,synthetic_prototype_v1
BAT-03223,0.9479,0.6171,42.8365,1.3918,354.9586,43.7373,synthetic_prototype_v1
BAT-03224,2.306,2.9732,43.1924,2.3118,388.7058,40.1802,synthetic_prototype_v1
BAT-03225,0.8953,1.5539,22.4729,0.4674,226.366,50.4401,synthetic_prototype_v1
BAT-03226,2.4744,1.9727,7.286,1.8235,358.0664,47.8031,synthetic_prototype_v1
BAT-03227,1.5259,0.7144,23.5885,0.7754,164.4563,74.5366,synthetic_prototype_v1
BAT-03228,2.4531,0.5118,19.6208,2.5195,330.2103,42.6961,synthetic_prototype_v1
BAT-03229,2.1411,1.2934,29.9285,0.3507,274.5797,54.1537,synthetic_prototype_v1
BAT-03230,1.6282,0.9835,10.1446,1.2974,81.8213,56.5431,synthetic_prototype_v1
BAT-03231,1.2218,0.454,12.2616,0.6717,140.9976,65.6766,synthetic_prototype_v1
BAT-03232,2.1773,0.5185,24.3328,0.8201,227.3033,55.804,synthetic_prototype_v1
BAT-03233,0.917,0.4365,29.1074,0.641,222.1072,59.7183,synthetic_prototype_v1
BAT-03234,1.5914,0.9017,20.5963,2.9479,325.4573,43.0432,synthetic_prototype_v1
BAT-03235,2.3593,1.6017,43.8817,2.4185,243.6649,41.1137,synthetic_prototype_v1
BAT-03236,1.3271,0.7596,9.5996,0.4484,44.7242,67.7091,synthetic_prototype_v1
BAT-03237,1.9567,1.3333,1.3026,1.7323,220.6436,40.0,synthetic_prototype_v1
BAT-03238,1.8121,2.3794,7.7756,1.4995,243.2648,47.7781,synthetic_prototype_v1
BAT-03239,1.2216,0.2938,3.0307,2.5412,127.5349,40.0,synthetic_prototype_v1
BAT-03240,1.2086,1.1431,23.6379,0.7306,166.5254,72.311,synthetic_prototype_v1
BAT-03241,1.5195,2.5598,22.0253,2.2064,180.5276,43.5319,synthetic_prototype_v1
BAT-03242,0.8225,1.6538,14.1516,2.5213,81.8601,43.7137,synthetic_prototype_v1
BAT-03243,1.2961,1.1293,12.1005,0.5086,146.1299,66.0889,synthetic_prototype_v1
BAT-03244,1.097,1.1342,23.9963,0.2,150.8151,63.5987,synthetic_prototype_v1
BAT-03245,1.3146,0.4221,24.8875,0.4235,21.3223,93.3164,synthetic_prototype_v1
BAT-03246,1.0207,0.292,17.3515,1.904,78.2694,57.8783,synthetic_prototype_v1
BAT-03247,1.8435,0.3664,26.7468,0.7411,240.9313,63.1864,synthetic_prototype_v1
BAT-03248,2.366,2.1148,36.5836,0.2031,321.6949,47.7622,synthetic_prototype_v1
BAT-03249,0.7232,0.2734,15.4717,0.7513,99.0802,61.2548,synthetic_prototype_v1
BAT-03250,1.687,0.8311,20.1892,0.6233,82.1978,77.4053,synthetic_prototype_v1
BAT-03251,0.9864,1.1896,30.45,0.8029,181.14,60.8751,synthetic_prototype_v1
BAT-03252,0.6056,0.9326,16.4089,2.0849,109.9999,49.0063,synthetic_prototype_v1
BAT-03253,1.4862,0.2761,17.6991,1.2524,246.2931,63.5178,synthetic_prototype_v1
BAT-03254,1.6431,2.9969,12.6942,2.3996,272.3285,40.0,synthetic_prototype_v1
BAT-03255,1.3121,0.5016,25.8535,0.55,77.2842,83.5536,synthetic_prototype_v1
BAT-03256,1.3373,2.4349,10.5917,0.2903,11.8338,48.9137,synthetic_prototype_v1
BAT-03257,2.4523,1.3755,41.9182,1.5243,369.8294,45.6824,synthetic_prototype_v1
BAT-03258,0.6958,1.3623,35.421,2.2848,50.4221,46.4152,synthetic_prototype_v1
BAT-03259,1.0102,2.692,2.7155,2.589,329.8449,40.0,synthetic_prototype_v1
BAT-03260,1.1871,0.7775,25.0685,0.853,176.8814,66.4275,synthetic_prototype_v1
BAT-03261,1.5779,1.1436,10.2834,1.0942,369.3231,55.2647,synthetic_prototype_v1
BAT-03262,1.371,0.2,19.0013,0.7357,120.2204,73.2427,synthetic_prototype_v1
BAT-03263,1.7964,2.5406,44.6189,2.1695,303.4422,40.5947,synthetic_prototype_v1
BAT-03264,1.6807,0.3651,17.594,0.8634,214.5738,68.1684,synthetic_prototype_v1
BAT-03265,1.558,0.2,24.6462,0.2,216.0645,67.1085,synthetic_prototype_v1
BAT-03266,1.7514,0.851,29.1623,0.2098,184.5744,58.7475,synthetic_prototype_v1
BAT-03267,0.825,0.93,24.1281,0.542,156.2944,62.7867,synthetic_prototype_v1
BAT-03268,1.7145,1.4546,19.6353,0.2,197.1118,57.6451,synthetic_prototype_v1
BAT-03269,1.1628,0.6899,22.1155,0.6643,156.4787,74.1898,synthetic_prototype_v1
BAT-03270,0.8935,2.1599,4.7881,0.8895,432.7448,44.1151,synthetic_prototype_v1
BAT-03271,1.6435,2.3415,29.1215,1.6383,388.7365,47.6797,synthetic_prototype_v1
BAT-03272,1.6495,1.0388,20.3812,0.5016,94.6961,73.6867,synthetic_prototype_v1
BAT-03273,0.8569,2.1373,21.5924,1.1025,236.629,51.5447,synthetic_prototype_v1
BAT-03274,1.7834,0.6836,27.5067,0.9337,197.9378,62.2689,synthetic_prototype_v1
BAT-03275,0.7038,0.485,38.859,0.6559,187.8953,53.2311,synthetic_prototype_v1
BAT-03276,1.3092,0.5014,27.2309,0.7406,108.5524,77.0153,synthetic_prototype_v1
BAT-03277,2.401,0.2638,27.6273,1.9107,395.0773,49.5385,synthetic_prototype_v1
BAT-03278,2.3419,1.3616,2.7601,2.8302,119.325,40.0,synthetic_prototype_v1
BAT-03279,1.0628,1.6028,37.8234,0.5464,42.7338,53.3649,synthetic_prototype_v1
BAT-03280,0.6019,1.1623,20.4177,2.5688,146.0665,44.3652,synthetic_prototype_v1
BAT-03281,1.4086,1.5241,31.6802,1.6536,283.9837,53.1034,synthetic_prototype_v1
BAT-03282,1.299,0.3725,23.0577,1.2792,186.768,65.6925,synthetic_prototype_v1
BAT-03283,2.2968,1.3516,37.4376,0.8008,470.4524,46.853,synthetic_prototype_v1
BAT-03284,1.2429,0.3408,20.0478,0.3481,182.239,70.9099,synthetic_prototype_v1
BAT-03285,1.9775,0.7078,30.3179,0.6992,52.7942,65.1532,synthetic_prototype_v1
BAT-03286,2.1508,2.0343,45.7631,1.9493,99.7788,42.0313,synthetic_prototype_v1
BAT-03287,1.5445,0.453,34.5166,1.3124,43.4628,62.745,synthetic_prototype_v1
BAT-03288,1.6895,0.7506,19.7426,0.8825,242.316,65.1436,synthetic_prototype_v1
BAT-03289,0.8108,1.4891,3.1151,0.9834,229.8744,40.9058,synthetic_prototype_v1
BAT-03290,1.056,1.2865,31.2732,1.7122,415.7067,51.4461,synthetic_prototype_v1
BAT-03291,0.8257,1.1699,19.7285,2.6052,344.3926,43.1595,synthetic_prototype_v1
BAT-03292,0.6893,1.071,22.0989,1.4925,368.7211,53.1376,synthetic_prototype_v1
BAT-03293,1.4836,0.7049,48.9887,2.251,262.7552,40.0,synthetic_prototype_v1
BAT-03294,2.4584,1.7465,0.6423,2.9594,479.6194,40.4449,synthetic_prototype_v1
BAT-03295,0.9092,0.4033,21.3385,0.8078,131.0768,66.5655,synthetic_prototype_v1
BAT-03296,1.8807,0.8244,12.5894,0.5038,179.3917,58.6953,synthetic_prototype_v1
BAT-03297,0.9179,0.8051,39.0257,0.2308,436.7724,53.4977,synthetic_prototype_v1
BAT-03298,1.1277,1.4182,22.7732,2.1555,266.4333,50.2348,synthetic_prototype_v1
BAT-03299,0.7598,1.5003,9.207,0.9301,123.1127,50.52,synthetic_prototype_v1
BAT-03300,1.4518,0.5322,18.4605,1.1307,234.9342,64.2927,synthetic_prototype_v1
BAT-03301,1.0064,0.8028,17.8333,0.6383,233.0931,63.9663,synthetic_prototype_v1
BAT-03302,1.5298,0.5199,14.7286,0.7307,234.1115,61.3745,synthetic_prototype_v1
BAT-03303,2.1128,1.0006,2.722,1.8045,277.3863,40.6058,synthetic_prototype_v1
BAT-03304,0.8911,0.4213,22.6298,0.513,68.7699,72.0736,synthetic_prototype_v1
BAT-03305,1.3009,0.9187,17.9592,2.4346,157.3735,46.8603,synthetic_prototype_v1
BAT-03306,1.6363,2.1791,29.1494,0.4357,120.977,50.3351,synthetic_prototype_v1
BAT-03307,2.1651,2.5829,43.262,0.2196,431.8506,40.0,synthetic_prototype_v1
BAT-03308,1.8646,0.7975,20.2459,0.9289,80.0068,72.7352,synthetic_prototype_v1
BAT-03309,1.5743,0.6368,45.8173,1.7016,249.9688,40.0,synthetic_prototype_v1
BAT-03310,1.3381,0.2,29.3534,1.0058,87.8304,69.6385,synthetic_prototype_v1
BAT-03311,1.0544,2.5113,21.3712,2.6336,82.3171,40.3235,synthetic_prototype_v1
BAT-03312,1.608,2.9892,41.8475,2.2603,118.3629,44.9554,synthetic_prototype_v1
BAT-03313,1.2847,2.4955,23.8895,0.8489,164.4614,44.466,synthetic_prototype_v1
BAT-03314,0.8688,0.2,25.64,0.4723,54.917,68.9768,synthetic_prototype_v1
BAT-03315,1.4618,0.4911,22.593,0.7852,73.4374,84.6971,synthetic_prototype_v1
BAT-03316,1.4102,1.6181,43.8726,2.2967,51.4883,40.0,synthetic_prototype_v1
BAT-03317,0.6809,2.3338,14.3447,2.0698,157.7715,46.3691,synthetic_prototype_v1
BAT-03318,1.0043,0.6991,25.2918,0.4008,111.872,72.513,synthetic_prototype_v1
BAT-03319,0.7214,1.8506,36.9947,2.6834,399.4558,44.4641,synthetic_prototype_v1
BAT-03320,2.1054,2.4406,47.6751,1.1741,354.6359,42.1265,synthetic_prototype_v1
BAT-03321,0.5363,1.6803,43.5543,0.338,131.6592,40.8602,synthetic_prototype_v1
BAT-03322,1.4484,0.4701,21.6593,0.7325,217.0337,68.4574,synthetic_prototype_v1
BAT-03323,2.0,1.1934,15.0124,2.8408,263.2101,40.0,synthetic_prototype_v1
BAT-03324,0.8535,2.6096,17.2514,2.7213,460.393,40.0,synthetic_prototype_v1
BAT-03325,2.0535,0.4564,41.7817,1.8071,366.0673,44.8674,synthetic_prototype_v1
BAT-03326,1.4254,0.5789,15.3968,0.6862,26.729,83.1798,synthetic_prototype_v1
BAT-03327,1.9942,2.6437,27.9164,2.388,310.5797,40.545,synthetic_prototype_v1
BAT-03328,1.8192,0.4259,21.9962,0.6873,136.8021,72.2486,synthetic_prototype_v1
BAT-03329,1.4323,0.2,29.2935,0.7356,116.8834,68.428,synthetic_prototype_v1
BAT-03330,1.4057,0.84,7.8812,0.6811,123.4086,64.6673,synthetic_prototype_v1
BAT-03331,1.5021,1.6312,30.4225,2.0455,321.8212,50.3032,synthetic_prototype_v1
BAT-03332,1.8544,0.4214,15.472,0.2,95.579,64.8972,synthetic_prototype_v1
BAT-03333,1.3675,0.4935,19.8975,0.2,128.2824,76.9993,synthetic_prototype_v1
BAT-03334,1.8601,2.3282,7.9125,2.0101,51.2394,45.1882,synthetic_prototype_v1
BAT-03335,1.4597,1.121,2.279,2.1885,377.9462,40.0,synthetic_prototype_v1
BAT-03336,2.4399,2.7085,27.0725,1.7252,140.8175,40.0308,synthetic_prototype_v1
BAT-03337,1.2535,0.4306,21.6186,0.7987,180.1201,73.8981,synthetic_prototype_v1
BAT-03338,1.4588,2.9334,24.6961,1.5898,105.4005,40.0,synthetic_prototype_v1
BAT-03339,2.3535,2.4939,12.255,1.8486,21.3043,45.1001,synthetic_prototype_v1
BAT-03340,1.4628,0.8882,34.7119,1.0781,97.9554,61.4666,synthetic_prototype_v1
BAT-03341,1.6425,1.7355,44.1919,0.5526,351.9577,40.8905,synthetic_prototype_v1
BAT-03342,1.2994,0.7914,3.7315,0.4529,221.8243,40.0,synthetic_prototype_v1
BAT-03343,1.2858,1.1094,31.301,0.7055,125.9815,64.4788,synthetic_prototype_v1
BAT-03344,0.9727,1.4387,1.1846,1.0271,457.6031,41.0022,synthetic_prototype_v1
BAT-03345,1.1177,0.2,24.3377,0.7025,78.973,75.0581,synthetic_prototype_v1
BAT-03346,1.7228,0.6951,18.6984,0.577,27.2675,85.798,synthetic_prototype_v1
BAT-03347,1.6074,0.473,33.2939,0.3524,35.151,67.9637,synthetic_prototype_v1
BAT-03348,0.9725,0.7664,21.4203,0.4144,78.3934,75.0656,synthetic_prototype_v1
BAT-03349,1.4544,1.7022,40.9874,2.3421,263.9572,43.5699,synthetic_prototype_v1
BAT-03350,1.8837,1.1019,45.0948,0.4073,88.4291,40.0,synthetic_prototype_v1
BAT-03351,1.1757,0.8362,31.0121,0.4307,200.3053,66.4563,synthetic_prototype_v1
BAT-03352,1.2294,0.7025,17.0782,0.2,208.3283,67.6013,synthetic_prototype_v1
BAT-03353,1.5106,0.8059,13.2164,1.6308,84.7621,60.9872,synthetic_prototype_v1
BAT-03354,0.8991,1.7659,27.2517,2.8566,392.4472,42.098,synthetic_prototype_v1
BAT-03355,1.3853,1.8652,28.7803,2.9422,453.5026,40.7939,synthetic_prototype_v1
BAT-03356,2.2621,2.4858,18.7275,1.5712,426.5088,43.9011,synthetic_prototype_v1
BAT-03357,1.3628,0.434,6.1945,2.0862,156.602,49.2629,synthetic_prototype_v1
BAT-03358,1.1493,1.8021,36.7783,0.9967,415.9859,49.0525,synthetic_prototype_v1
BAT-03359,1.0214,0.8302,13.7205,0.8287,465.8896,54.0982,synthetic_prototype_v1
BAT-03360,1.7288,1.521,37.6083,1.3743,237.0981,52.8881,synthetic_prototype_v1
BAT-03361,0.7988,0.2,27.2624,0.4517,141.6127,65.081,synthetic_prototype_v1
BAT-03362,1.1872,0.6838,25.8654,1.0788,163.3255,67.8153,synthetic_prototype_v1
BAT-03363,0.846,1.9708,9.9149,1.7323,482.5099,49.3916,synthetic_prototype_v1
BAT-03364,1.3352,2.6521,36.0811,1.2297,161.8999,41.9185,synthetic_prototype_v1
BAT-03365,0.8545,2.1447,7.77,1.0771,377.2483,45.208,synthetic_prototype_v1
BAT-03366,1.3259,0.2257,29.3946,1.0649,141.5033,65.0864,synthetic_prototype_v1
BAT-03367,1.2392,0.9461,18.7915,0.6538,174.7645,68.5289,synthetic_prototype_v1
BAT-03368,1.949,0.5144,14.4176,0.2749,52.9066,63.263,synthetic_prototype_v1
BAT-03369,1.8723,0.2,17.9807,1.04,56.135,67.147,synthetic_prototype_v1
BAT-03370,1.1516,1.0774,36.8531,0.8385,80.5636,61.0215,synthetic_prototype_v1
BAT-03371,1.7596,1.284,10.7602,0.9153,143.9237,56.7188,synthetic_prototype_v1
BAT-03372,1.0556,0.5535,24.6885,0.7431,211.2064,65.4683,synthetic_prototype_v1
BAT-03373,0.7685,0.7152,28.3282,0.5912,71.587,63.4303,synthetic_prototype_v1
BAT-03374,2.0931,1.0963,48.279,0.3779,406.6704,40.712,synthetic_prototype_v1
BAT-03375,2.4911,1.1291,34.5709,2.9647,191.0548,40.8639,synthetic_prototype_v1
BAT-03376,2.1841,2.7628,31.4599,2.5916,201.1018,40.0,synthetic_prototype_v1
BAT-03377,2.2191,0.641,43.0012,0.3231,369.1973,41.8986,synthetic_prototype_v1
BAT-03378,2.0278,0.6397,15.1377,2.6398,421.4339,44.7027,synthetic_prototype_v1
BAT-03379,1.3828,0.3113,13.3467,0.8695,248.3559,61.9082,synthetic_prototype_v1
BAT-03380,1.3992,0.2,14.3102,0.5455,135.2337,66.8907,synthetic_prototype_v1
BAT-03381,1.658,2.6232,8.9685,1.5935,56.7164,40.0,synthetic_prototype_v1
BAT-03382,1.3237,0.6812,8.1163,1.7556,435.2225,50.7192,synthetic_prototype_v1
BAT-03383,1.4387,0.2023,1.84,2.731,197.886,40.0,synthetic_prototype_v1
BAT-03384,1.9961,2.7743,30.8993,0.8807,391.3297,42.0146,synthetic_prototype_v1
BAT-03385,2.3883,2.2085,48.6453,2.9548,163.6289,44.5847,synthetic_prototype_v1
BAT-03386,1.6266,1.0591,43.1742,1.6728,462.8414,44.4235,synthetic_prototype_v1
BAT-03387,0.7531,0.5228,0.1741,2.788,227.9343,42.0969,synthetic_prototype_v1
BAT-03388,1.2241,0.5764,26.6964,0.6844,103.2656,77.0583,synthetic_prototype_v1
BAT-03389,1.4522,1.118,19.7498,2.5156,489.4422,43.547,synthetic_prototype_v1
BAT-03390,1.7345,0.629,12.3838,0.6696,241.1902,59.163,synthetic_prototype_v1
BAT-03391,1.6414,1.2665,19.191,0.3098,75.4393,67.3456,synthetic_prototype_v1
BAT-03392,1.5353,2.7924,2.157,0.665,462.1385,40.0,synthetic_prototype_v1
BAT-03393,2.2644,0.6638,47.561,2.2107,281.9227,45.4176,synthetic_prototype_v1
BAT-03394,1.3687,0.8318,14.2526,0.8421,280.694,59.0618,synthetic_prototype_v1
BAT-03395,1.9524,0.7571,1.5696,2.7465,261.2941,40.0,synthetic_prototype_v1
BAT-03396,1.4621,0.3167,24.3644,0.2,30.8596,85.4759,synthetic_prototype_v1
BAT-03397,1.0786,0.4583,45.3901,2.3056,23.8054,40.0,synthetic_prototype_v1
BAT-03398,1.2413,0.6839,11.5462,0.5913,212.4447,60.9483,synthetic_prototype_v1
BAT-03399,1.1753,0.8415,18.5966,0.4596,66.7483,80.2194,synthetic_prototype_v1
BAT-03400,1.3329,0.4073,22.1025,0.2,189.7032,68.0296,synthetic_prototype_v1
BAT-03401,0.9711,0.5094,24.7257,0.7841,249.2169,61.0999,synthetic_prototype_v1
BAT-03402,1.778,2.6345,39.411,1.5368,420.8585,43.2947,synthetic_prototype_v1
BAT-03403,1.5549,2.16,5.4359,2.2141,202.3026,44.7652,synthetic_prototype_v1
BAT-03404,1.6081,0.4262,32.5472,0.3639,25.3571,68.565,synthetic_prototype_v1
BAT-03405,1.181,0.2317,18.1378,0.6123,222.9098,69.6407,synthetic_prototype_v1
BAT-03406,1.5513,0.2,20.7366,0.3994,83.1771,78.1218,synthetic_prototype_v1
BAT-03407,1.231,0.7176,31.2477,0.3245,122.4255,71.5657,synthetic_prototype_v1
BAT-03408,1.3912,0.5789,20.4585,0.6608,51.1635,87.3562,synthetic_prototype_v1
BAT-03409,1.4976,2.8236,49.7763,1.5907,175.54,40.0,synthetic_prototype_v1
BAT-03410,2.3733,1.3,18.3754,0.3803,28.9601,54.106,synthetic_prototype_v1
BAT-03411,2.2486,2.9983,39.8912,1.8765,310.1832,42.8723,synthetic_prototype_v1
BAT-03412,1.6224,1.7794,21.7002,2.6912,123.1375,43.1035,synthetic_prototype_v1
BAT-03413,1.509,0.3236,28.4626,0.5142,134.2318,71.9365,synthetic_prototype_v1
BAT-03414,1.0562,2.2078,3.2539,0.6192,367.3479,40.0,synthetic_prototype_v1
BAT-03415,1.3333,0.7451,29.6856,0.9048,41.831,78.3793,synthetic_prototype_v1
BAT-03416,0.9512,1.4701,9.7639,2.7618,426.4619,40.0,synthetic_prototype_v1
BAT-03417,1.4866,1.0739,2.6581,0.6499,493.9438,41.106,synthetic_prototype_v1
BAT-03418,2.0749,0.7291,45.2796,0.5281,34.2884,41.9077,synthetic_prototype_v1
BAT-03419,2.2697,1.5306,30.0163,2.2926,289.1682,46.4816,synthetic_prototype_v1
BAT-03420,1.2019,0.4654,31.2804,0.4721,245.959,64.2183,synthetic_prototype_v1
BAT-03421,0.6111,2.1913,49.1503,0.2871,331.9391,40.2872,synthetic_prototype_v1
BAT-03422,1.2454,0.4798,32.6682,2.0068,270.0322,50.6186,synthetic_prototype_v1
BAT-03423,1.5605,0.7502,22.1319,0.6831,157.9565,76.8962,synthetic_prototype_v1
BAT-03424,2.3348,2.1204,26.4225,2.9319,169.3437,40.7769,synthetic_prototype_v1
BAT-03425,1.4456,1.9221,19.0994,1.8419,411.6233,52.8856,synthetic_prototype_v1
BAT-03426,1.7208,1.0879,33.2794,1.2549,323.4375,54.1459,synthetic_prototype_v1
BAT-03427,0.7878,0.4376,38.6269,1.0264,75.4758,54.1723,synthetic_prototype_v1
BAT-03428,1.0412,0.7818,16.5092,0.424,145.6577,62.9329,synthetic_prototype_v1
BAT-03429,2.0331,0.6456,21.6848,0.4976,193.2423,64.0014,synthetic_prototype_v1
BAT-03430,2.017,1.6089,2.0016,2.6776,40.1482,40.0,synthetic_prototype_v1
BAT-03431,0.5033,1.1524,34.6371,0.7114,170.1714,48.4524,synthetic_prototype_v1
BAT-03432,1.4522,0.3149,20.4879,0.55,106.2169,80.2876,synthetic_prototype_v1
BAT-03433,0.8496,2.5763,17.9198,2.3775,99.1545,40.9054,synthetic_prototype_v1
BAT-03434,2.3253,0.6788,13.4211,2.8246,315.7909,41.8686,synthetic_prototype_v1
BAT-03435,0.9447,1.2396,3.6806,2.8405,400.3328,40.0,synthetic_prototype_v1
BAT-03436,1.7215,1.7751,18.4311,1.6242,40.26,54.0846,synthetic_prototype_v1
BAT-03437,1.7546,1.7582,16.4072,1.3989,476.4949,49.4308,synthetic_prototype_v1
BAT-03438,2.2067,0.484,29.0703,2.8661,115.6364,41.7156,synthetic_prototype_v1
BAT-03439,1.409,0.4671,20.2256,0.5315,111.556,81.0397,synthetic_prototype_v1
BAT-03440,1.481,1.0869,18.6772,0.3948,239.6697,65.2344,synthetic_prototype_v1
BAT-03441,1.3455,1.0125,27.3228,0.2,244.3922,62.3099,synthetic_prototype_v1
BAT-03442,0.7186,0.5711,4.8197,2.3952,456.418,43.2021,synthetic_prototype_v1
BAT-03443,2.2967,0.7133,43.9619,1.3,400.1192,40.0,synthetic_prototype_v1
BAT-03444,0.731,2.806,25.919,0.5517,98.1132,44.3077,synthetic_prototype_v1
BAT-03445,0.9363,0.7783,21.2205,0.526,134.051,68.3538,synthetic_prototype_v1
BAT-03446,1.82,0.5524,32.5038,0.9344,202.2563,58.3408,synthetic_prototype_v1
BAT-03447,1.1733,0.2,22.4176,0.4969,172.0469,69.8978,synthetic_prototype_v1
BAT-03448,1.1318,0.5818,16.2612,0.704,146.2621,69.6189,synthetic_prototype_v1
BAT-03449,1.275,2.2423,25.4695,1.6201,425.4431,48.891,synthetic_prototype_v1
BAT-03450,1.5373,0.4625,19.7514,0.6569,156.7575,75.3476,synthetic_prototype_v1
BAT-03451,1.5596,0.6044,15.139,0.8259,185.1867,68.0864,synthetic_prototype_v1
BAT-03452,2.0017,1.1186,6.8036,2.5942,232.6397,42.2417,synthetic_prototype_v1
BAT-03453,1.2893,2.5148,31.2922,2.3768,75.8766,42.6543,synthetic_prototype_v1
BAT-03454,2.1989,0.6569,49.7705,1.3206,478.7513,41.1008,synthetic_prototype_v1
BAT-03455,0.6322,2.5546,34.5452,2.4853,127.2102,42.2016,synthetic_prototype_v1
BAT-03456,1.5015,2.8933,42.327,2.2964,47.1534,41.3665,synthetic_prototype_v1
BAT-03457,0.6884,0.2884,8.5062,0.8239,112.8635,56.5168,synthetic_prototype_v1
BAT-03458,1.0695,0.838,7.1235,0.3456,164.7899,56.5838,synthetic_prototype_v1
BAT-03459,1.8627,1.6536,27.7761,2.0747,404.3065,50.2467,synthetic_prototype_v1
BAT-03460,1.3084,0.5402,27.7397,0.6293,25.2664,85.2596,synthetic_prototype_v1
BAT-03461,0.6575,1.5037,27.2589,1.0335,123.1987,55.459,synthetic_prototype_v1
BAT-03462,1.2875,0.3992,20.9485,0.4848,112.6147,83.5998,synthetic_prototype_v1
BAT-03463,1.5085,0.4913,17.5898,1.1258,97.3165,75.3571,synthetic_prototype_v1
BAT-03464,1.3043,2.3248,21.1895,2.3116,415.3105,40.0,synthetic_prototype_v1
BAT-03465,1.7231,0.2,21.9671,0.5589,89.3119,73.7815,synthetic_prototype_v1
BAT-03466,1.4796,1.8002,32.8209,2.1332,429.9995,50.238,synthetic_prototype_v1
BAT-03467,2.4668,1.1025,14.2282,1.2987,380.9949,50.3726,synthetic_prototype_v1
BAT-03468,0.904,0.2941,11.1749,0.6879,346.3699,54.2316,synthetic_prototype_v1
BAT-03469,2.0404,1.9351,44.2873,2.8123,160.2802,41.0946,synthetic_prototype_v1
BAT-03470,0.9694,0.8661,14.9165,0.3234,291.3945,57.3146,synthetic_prototype_v1
BAT-03471,1.0288,0.3804,24.4583,0.3669,156.0754,69.9938,synthetic_prototype_v1
BAT-03472,1.3342,0.944,17.7985,0.6135,220.1682,67.3222,synthetic_prototype_v1
BAT-03473,0.6035,0.6454,14.6577,1.77,286.6213,51.339,synthetic_prototype_v1
BAT-03474,1.5245,1.5418,15.9707,0.663,216.9526,56.4007,synthetic_prototype_v1
BAT-03475,1.4825,1.0668,24.7424,1.4562,145.4384,63.0856,synthetic_prototype_v1
BAT-03476,1.3283,0.4673,13.7973,0.2945,139.1936,69.4013,synthetic_prototype_v1
BAT-03477,2.204,2.0984,11.1722,1.9799,307.9499,51.2564,synthetic_prototype_v1
BAT-03478,0.8998,2.9807,23.9652,1.7316,243.1364,40.0,synthetic_prototype_v1
BAT-03479,2.3252,0.2983,11.2621,0.5351,107.9927,53.6099,synthetic_prototype_v1
BAT-03480,2.2034,2.5796,34.497,2.0503,390.005,42.836,synthetic_prototype_v1
BAT-03481,0.9498,0.7166,26.1998,0.8819,234.1889,62.4138,synthetic_prototype_v1
BAT-03482,1.704,0.8396,24.1352,2.2809,364.0598,47.9803,synthetic_prototype_v1
BAT-03483,1.8552,0.8941,1.0317,1.9839,414.6164,41.7617,synthetic_prototype_v1
BAT-03484,1.3507,1.1101,29.4017,0.2718,164.6064,65.3634,synthetic_prototype_v1
BAT-03485,0.6393,2.5306,25.2916,0.939,183.081,45.3988,synthetic_prototype_v1
BAT-03486,2.1462,1.6351,21.6289,1.6154,233.4275,52.051,synthetic_prototype_v1
BAT-03487,1.5972,0.3506,38.4556,2.928,148.9579,40.0,synthetic_prototype_v1
BAT-03488,1.3857,1.3526,32.0709,2.3145,166.635,47.1082,synthetic_prototype_v1
BAT-03489,0.5601,0.5933,21.2379,2.9118,222.7024,41.2642,synthetic_prototype_v1
BAT-03490,1.2722,0.6175,24.6425,0.7267,181.6437,74.4132,synthetic_prototype_v1
BAT-03491,1.3846,0.4746,23.7499,0.7676,435.4565,60.3497,synthetic_prototype_v1
BAT-03492,0.562,1.045,28.2718,2.1864,424.1576,50.5369,synthetic_prototype_v1
BAT-03493,1.2332,0.2872,45.3091,2.6998,305.4064,43.5118,synthetic_prototype_v1
BAT-03494,1.7633,2.726,6.1337,1.476,365.3764,40.1113,synthetic_prototype_v1
BAT-03495,1.7691,0.734,24.625,2.3662,162.5522,48.0168,synthetic_prototype_v1
BAT-03496,0.8789,1.4001,31.3461,1.1451,498.1678,54.5017,synthetic_prototype_v1
BAT-03497,1.165,0.3757,14.2784,0.2853,162.9074,65.4594,synthetic_prototype_v1
BAT-03498,1.7612,1.0446,24.2558,0.4072,189.3891,63.331,synthetic_prototype_v1
BAT-03499,1.369,0.2,13.6855,0.3262,65.5365,71.4558,synthetic_prototype_v1
BAT-03500,0.7393,0.7332,40.0225,2.6274,154.8658,41.3205,synthetic_prototype_v1
BAT-03501,1.575,0.9691,38.0881,1.0584,319.0081,52.6241,synthetic_prototype_v1
BAT-03502,0.694,1.6584,2.797,2.4474,182.1882,40.0,synthetic_prototype_v1
BAT-03503,1.64,1.0811,9.8698,0.6089,119.2265,61.4751,synthetic_prototype_v1
BAT-03504,0.9557,1.6698,23.9922,1.4541,349.8176,50.3935,synthetic_prototype_v1
BAT-03505,0.8275,0.3591,33.4018,0.5067,312.5576,50.3927,synthetic_prototype_v1
BAT-03506,1.2676,1.1819,13.737,0.4631,178.0181,61.0667,synthetic_prototype_v1
BAT-03507,2.4733,0.5518,40.8551,1.9515,326.1588,45.5211,synthetic_prototype_v1
BAT-03508,1.4827,0.5356,24.4999,0.368,214.2336,67.8218,synthetic_prototype_v1
BAT-03509,1.7098,0.4013,14.183,0.7796,169.3224,65.0164,synthetic_prototype_v1
BAT-03510,1.5148,0.7225,21.1098,0.745,117.7732,82.5348,synthetic_prototype_v1
BAT-03511,2.2355,1.8459,13.527,0.7861,167.4005,52.3207,synthetic_prototype_v1
BAT-03512,1.3289,0.4272,23.3067,0.2729,223.0025,66.9395,synthetic_prototype_v1
BAT-03513,1.4812,0.3295,22.5849,0.2,20.1573,89.5115,synthetic_prototype_v1
BAT-03514,2.4693,0.7675,33.3547,2.5756,42.3279,43.7706,synthetic_prototype_v1
BAT-03515,1.9157,1.9142,0.5053,2.2864,422.9737,41.5942,synthetic_prototype_v1
BAT-03516,1.2546,0.3117,22.0178,2.8027,168.2943,42.9633,synthetic_prototype_v1
BAT-03517,0.7172,2.6698,45.2179,2.5455,386.9096,40.0,synthetic_prototype_v1
BAT-03518,1.5643,0.3055,21.3298,0.8962,200.02,69.9271,synthetic_prototype_v1
BAT-03519,1.5057,2.7474,21.2796,2.0007,317.9533,40.3348,synthetic_prototype_v1
BAT-03520,1.2171,0.3218,16.4688,1.1113,178.4953,66.4335,synthetic_prototype_v1
BAT-03521,0.9559,0.5971,28.0015,0.4765,97.7335,71.2762,synthetic_prototype_v1
BAT-03522,1.3232,2.4619,7.9207,1.7441,360.83,43.8459,synthetic_prototype_v1
BAT-03523,1.8939,0.9252,26.3054,0.9326,184.4424,60.8141,synthetic_prototype_v1
BAT-03524,1.2128,0.9154,16.5033,0.2859,167.6295,65.7686,synthetic_prototype_v1
BAT-03525,1.35,0.7873,1.7765,0.8676,151.6141,43.4829,synthetic_prototype_v1
BAT-03526,1.5791,1.8916,37.3137,0.5277,208.268,52.0623,synthetic_prototype_v1
BAT-03527,1.7211,0.2922,14.964,0.4569,173.5147,64.7619,synthetic_prototype_v1
BAT-03528,2.3058,1.5612,18.2374,1.6603,68.784,50.1109,synthetic_prototype_v1
BAT-03529,2.0208,1.6972,19.0771,0.2285,219.9246,55.3164,synthetic_prototype_v1
BAT-03530,2.3602,1.3438,2.7295,1.3859,391.5216,40.0,synthetic_prototype_v1
BAT-03531,0.789,0.5827,46.0615,1.4331,329.7191,40.0,synthetic_prototype_v1
BAT-03532,1.3531,0.7113,15.7614,0.7067,157.0619,74.2661,synthetic_prototype_v1
BAT-03533,1.773,0.5065,24.5722,0.6561,129.1558,73.5026,synthetic_prototype_v1
BAT-03534,1.1306,0.7312,24.6634,0.864,216.7855,68.7091,synthetic_prototype_v1
BAT-03535,1.4785,2.6,27.1884,2.1328,268.5638,44.0927,synthetic_prototype_v1
BAT-03536,1.2584,0.7682,22.7223,0.3945,84.5603,84.34,synthetic_prototype_v1
BAT-03537,2.4772,2.3441,1.8356,1.8687,327.8916,40.0,synthetic_prototype_v1
BAT-03538,1.6215,0.2,22.934,0.998,105.9811,73.3329,synthetic_prototype_v1
BAT-03539,2.3736,2.5404,28.0939,1.7713,40.9877,46.1186,synthetic_prototype_v1
BAT-03540,1.8445,1.4354,35.6905,2.8141,405.6152,40.7293,synthetic_prototype_v1
BAT-03541,2.0873,2.4568,9.7419,1.1262,354.2587,42.3722,synthetic_prototype_v1
BAT-03542,1.0988,0.2741,3.0565,0.2171,221.9591,40.0,synthetic_prototype_v1
BAT-03543,1.4256,0.7958,26.8064,0.7294,227.9618,69.0814,synthetic_prototype_v1
BAT-03544,2.2336,0.2101,35.2632,0.7291,405.6142,49.9319,synthetic_prototype_v1
BAT-03545,2.2816,0.5275,10.9558,1.3154,390.5614,50.8203,synthetic_prototype_v1
BAT-03546,0.7691,2.8075,25.3413,0.7031,209.7702,40.0,synthetic_prototype_v1
BAT-03547,1.5551,1.1273,39.3389,1.2965,261.8888,51.5005,synthetic_prototype_v1
BAT-03548,1.1911,0.2,17.4856,0.8548,194.6307,69.1335,synthetic_prototype_v1
BAT-03549,1.6191,1.0697,25.8613,0.7952,166.2406,64.866,synthetic_prototype_v1
BAT-03550,2.4058,0.7955,44.2458,0.799,251.4437,41.0876,synthetic_prototype_v1
BAT-03551,1.5193,0.6111,28.358,1.0192,119.2132,71.6032,synthetic_prototype_v1
BAT-03552,1.0447,0.6051,28.9561,0.641,199.0162,66.3865,synthetic_prototype_v1
BAT-03553,1.2921,2.2538,0.1932,0.8131,368.5974,40.0,synthetic_prototype_v1
BAT-03554,0.9207,0.3104,25.3609,1.0181,21.3928,71.9227,synthetic_prototype_v1
BAT-03555,1.3001,1.8123,1.4035,2.0154,380.9595,40.0,synthetic_prototype_v1
BAT-03556,2.3244,1.7471,42.8308,0.8106,474.9926,42.2304,synthetic_prototype_v1
BAT-03557,1.6753,2.2431,0.6839,0.64,379.9154,40.3192,synthetic_prototype_v1
BAT-03558,0.6105,1.9028,40.6401,1.9005,308.3132,51.0942,synthetic_prototype_v1
BAT-03559,1.5896,0.5318,25.0819,0.6241,181.7117,69.4479,synthetic_prototype_v1
BAT-03560,1.6092,0.7529,18.7557,1.7514,241.0275,56.9638,synthetic_prototype_v1
BAT-03561,1.7128,0.4683,27.3888,1.0162,189.9117,65.792,synthetic_prototype_v1
BAT-03562,1.4927,0.3962,27.8427,0.7354,177.4414,70.6041,synthetic_prototype_v1
BAT-03563,1.2851,2.2582,9.157,1.9556,480.776,44.9315,synthetic_prototype_v1
BAT-03564,1.6806,1.7829,27.7225,2.036,468.5952,47.0477,synthetic_prototype_v1
BAT-03565,1.3672,0.2403,12.2938,0.2579,27.2971,73.0493,synthetic_prototype_v1
BAT-03566,1.3343,0.2,24.2574,0.5338,95.6402,79.8575,synthetic_prototype_v1
BAT-03567,1.0253,1.0658,13.7916,0.3359,37.9503,67.457,synthetic_prototype_v1
BAT-03568,2.1242,2.7408,22.9243,0.2374,146.4682,42.2149,synthetic_prototype_v1
BAT-03569,1.5595,1.6401,46.5749,0.7405,62.5214,40.0,synthetic_prototype_v1
BAT-03570,1.5704,0.8049,14.7676,0.9753,36.7569,75.9344,synthetic_prototype_v1
BAT-03571,1.2535,1.9634,4.3565,0.4984,58.6949,45.48,synthetic_prototype_v1
BAT-03572,0.831,0.5085,40.7966,2.0184,95.4868,47.4786,synthetic_prototype_v1
BAT-03573,1.7444,1.2881,15.3327,0.6184,230.7812,59.8152,synthetic_prototype_v1
BAT-03574,2.3496,2.2694,32.2995,1.5639,344.5896,48.4856,synthetic_prototype_v1
BAT-03575,1.2798,2.0483,35.4931,0.7668,302.4612,49.6975,synthetic_prototype_v1
BAT-03576,1.4056,0.5991,27.8442,0.2,176.5134,66.6338,synthetic_prototype_v1
BAT-03577,1.7437,2.3792,37.1025,1.7146,381.4668,45.0076,synthetic_prototype_v1
BAT-03578,1.2667,1.3581,41.7202,0.7184,426.0354,44.8806,synthetic_prototype_v1
BAT-03579,1.5453,0.2,17.0875,0.5094,101.4596,74.5764,synthetic_prototype_v1
BAT-03580,1.6913,1.0888,25.1237,0.9215,92.9441,72.3537,synthetic_prototype_v1
BAT-03581,0.9325,2.1052,13.7292,0.69,331.2649,53.1037,synthetic_prototype_v1
BAT-03582,1.027,1.174,45.6771,2.6248,330.2276,40.0,synthetic_prototype_v1
BAT-03583,1.973,1.8517,10.5002,1.8531,202.1227,54.1915,synthetic_prototype_v1
BAT-03584,1.22,0.7206,17.944,1.1337,201.1324,64.3576,synthetic_prototype_v1
BAT-03585,1.1531,2.3165,4.5585,1.8713,22.5689,44.3191,synthetic_prototype_v1
BAT-03586,1.5014,0.2915,20.3703,0.6906,150.1514,75.9935,synthetic_prototype_v1
BAT-03587,1.5167,1.4557,41.6142,1.1781,486.8415,46.7847,synthetic_prototype_v1
BAT-03588,2.38,1.0189,21.1259,0.5844,236.638,48.5613,synthetic_prototype_v1
BAT-03589,1.7889,0.9906,9.8646,0.8029,54.38,61.7327,synthetic_prototype_v1
BAT-03590,0.8389,0.4921,30.8184,0.8026,56.81,64.6275,synthetic_prototype_v1
BAT-03591,1.6677,0.2,27.7016,0.3367,67.0147,73.0171,synthetic_prototype_v1
BAT-03592,2.2309,1.1018,9.922,0.6821,425.3924,50.9365,synthetic_prototype_v1
BAT-03593,1.6991,0.622,23.6299,0.7022,215.3135,67.6959,synthetic_prototype_v1
BAT-03594,1.8533,2.1203,43.9015,2.1911,150.4794,41.0505,synthetic_prototype_v1
BAT-03595,1.3726,2.798,25.3983,0.2068,362.6274,41.2041,synthetic_prototype_v1
BAT-03596,2.0916,1.7351,6.2692,2.2831,364.9341,47.4957,synthetic_prototype_v1
BAT-03597,2.0314,0.2,14.4454,0.7202,150.9462,57.0145,synthetic_prototype_v1
BAT-03598,1.4568,1.542,13.7565,0.3665,376.5199,55.3434,synthetic_prototype_v1
BAT-03599,1.0888,1.0124,23.2448,0.8068,103.2673,76.0922,synthetic_prototype_v1
BAT-03600,0.9291,0.6014,45.7421,1.0797,201.0182,40.0,synthetic_prototype_v1
BAT-03601,1.4846,0.4827,24.121,0.8013,82.0077,86.1365,synthetic_prototype_v1
BAT-03602,1.3365,0.7225,24.4427,0.8785,22.63,91.5683,synthetic_prototype_v1
BAT-03603,2.1289,1.9204,18.9796,1.499,495.5763,46.7534,synthetic_prototype_v1
BAT-03604,0.7155,2.0278,32.2303,0.5974,174.7661,50.4091,synthetic_prototype_v1
BAT-03605,1.4479,0.2342,23.8826,1.8222,308.3461,53.4757,synthetic_prototype_v1
BAT-03606,2.0547,1.5952,22.564,0.956,264.1902,52.7792,synthetic_prototype_v1
BAT-03607,1.0841,1.0429,13.8597,0.5944,171.7645,61.3677,synthetic_prototype_v1
BAT-03608,1.4663,0.4638,16.5967,0.7845,126.845,76.2777,synthetic_prototype_v1
BAT-03609,0.814,0.7768,27.9409,0.2113,192.5957,56.9865,synthetic_prototype_v1
BAT-03610,1.1383,2.7453,17.8866,2.0824,72.0252,40.0,synthetic_prototype_v1
BAT-03611,2.4063,0.8867,32.5928,0.2223,430.7686,50.0981,synthetic_prototype_v1
BAT-03612,1.4677,0.5713,25.9828,0.5791,131.7725,76.5639,synthetic_prototype_v1
BAT-03613,1.1671,2.6205,31.6291,0.5945,317.8648,45.001,synthetic_prototype_v1
BAT-03614,0.7374,1.4232,26.8676,2.218,371.5358,48.5665,synthetic_prototype_v1
BAT-03615,0.736,1.3012,13.1146,2.8836,333.6443,43.3634,synthetic_prototype_v1
BAT-03616,1.4196,0.7438,25.0828,0.7201,220.6942,70.4724,synthetic_prototype_v1
BAT-03617,1.0248,1.8507,1.3993,2.0461,209.2143,41.3813,synthetic_prototype_v1
BAT-03618,1.7206,0.4653,13.9306,0.4243,55.6196,72.7536,synthetic_prototype_v1
BAT-03619,1.2997,0.5823,12.4631,0.2,206.6309,65.6908,synthetic_prototype_v1
BAT-03620,0.9957,1.0983,8.7276,2.1686,80.405,48.0202,synthetic_prototype_v1
BAT-03621,2.4384,2.4744,16.7723,2.0555,312.1113,45.2897,synthetic_prototype_v1
BAT-03622,1.6371,0.9274,4.9977,1.8627,246.2657,51.14,synthetic_prototype_v1
BAT-03623,0.6267,2.789,16.9516,0.9084,272.039,40.0,synthetic_prototype_v1
BAT-03624,2.3152,0.7482,10.0909,0.8927,274.2318,53.7782,synthetic_prototype_v1
BAT-03625,0.855,2.2356,43.9613,2.9254,67.8087,43.5906,synthetic_prototype_v1
BAT-03626,0.6696,0.7455,12.4086,0.8552,414.9362,50.8475,synthetic_prototype_v1
BAT-03627,0.8771,1.4455,46.3142,0.4152,199.7729,40.0,synthetic_prototype_v1
BAT-03628,1.4259,0.4595,26.0957,0.5377,219.1003,67.4514,synthetic_prototype_v1
BAT-03629,0.7615,1.4442,32.9846,0.7659,49.376,50.5077,synthetic_prototype_v1
BAT-03630,1.8258,2.3224,38.467,1.5465,202.4053,48.0728,synthetic_prototype_v1
BAT-03631,0.7212,2.2879,45.5206,1.8607,40.0629,40.0,synthetic_prototype_v1
BAT-03632,1.5677,1.5009,13.6803,1.5293,354.7285,52.3302,synthetic_prototype_v1
BAT-03633,1.544,2.8588,26.9242,0.6844,241.3731,41.1745,synthetic_prototype_v1
BAT-03634,1.3558,0.8278,29.5777,0.4533,133.5303,71.8268,synthetic_prototype_v1
BAT-03635,1.9987,1.9234,19.8887,2.9974,168.5599,40.0,synthetic_prototype_v1
BAT-03636,1.0564,0.6156,22.4764,0.6171,153.5639,69.4912,synthetic_prototype_v1
BAT-03637,1.8475,1.1192,20.3769,0.5663,128.5823,63.05,synthetic_prototype_v1
BAT-03638,2.4561,2.6698,22.4151,2.0456,121.6139,40.3201,synthetic_prototype_v1
BAT-03639,1.2538,1.1613,23.7309,0.4168,140.2725,71.8951,synthetic_prototype_v1
BAT-03640,1.5063,0.9572,7.4402,1.0542,97.5276,56.4198,synthetic_prototype_v1
BAT-03641,1.2963,0.5818,21.5691,0.5132,137.8187,75.9206,synthetic_prototype_v1
BAT-03642,1.9192,2.0157,29.5387,2.2455,307.2487,44.4465,synthetic_prototype_v1
BAT-03643,2.013,1.0078,36.6198,2.3589,362.2559,43.6302,synthetic_prototype_v1
BAT-03644,1.6302,2.5202,1.3198,1.9086,349.3122,40.0,synthetic_prototype_v1
BAT-03645,2.0784,0.2,20.6012,0.9225,127.7639,59.2165,synthetic_prototype_v1
BAT-03646,1.1726,1.4984,30.0476,0.3012,230.2693,55.5519,synthetic_prototype_v1
BAT-03647,1.3183,1.438,9.5947,0.5802,54.9461,57.3765,synthetic_prototype_v1
BAT-03648,1.7187,0.3744,12.7748,0.2,61.4263,71.4466,synthetic_prototype_v1
BAT-03649,1.7838,0.6345,23.5778,0.6682,53.4836,78.9074,synthetic_prototype_v1
BAT-03650,1.4299,2.1475,8.6994,2.9067,386.144,40.0,synthetic_prototype_v1
BAT-03651,0.5219,1.195,40.5593,1.5201,11.2883,51.7603,synthetic_prototype_v1
BAT-03652,1.3014,0.4095,16.2209,0.3676,244.7688,67.5323,synthetic_prototype_v1
BAT-03653,1.8721,0.6319,2.7272,1.6785,95.2294,40.0,synthetic_prototype_v1
BAT-03654,1.1207,1.0896,5.3109,1.7235,496.2356,50.0898,synthetic_prototype_v1
BAT-03655,2.466,0.3881,20.036,2.3614,166.0078,47.3524,synthetic_prototype_v1
BAT-03656,1.3893,0.4323,29.5078,0.2541,242.1068,64.2201,synthetic_prototype_v1
BAT-03657,2.3724,1.2608,39.6941,2.4057,321.1328,47.0922,synthetic_prototype_v1
BAT-03658,1.0171,2.5594,49.993,1.2455,327.6582,40.0,synthetic_prototype_v1
BAT-03659,1.5197,1.8125,1.0902,0.4382,125.0672,40.8809,synthetic_prototype_v1
BAT-03660,0.8264,1.9434,9.806,2.4604,282.7283,46.3538,synthetic_prototype_v1
BAT-03661,0.7702,0.2544,29.9332,2.133,317.8245,50.5757,synthetic_prototype_v1
BAT-03662,1.9789,2.7151,18.8497,2.3396,482.6835,40.0,synthetic_prototype_v1
BAT-03663,0.976,0.6225,21.5226,0.3131,192.2878,66.3175,synthetic_prototype_v1
BAT-03664,2.0245,1.1319,18.8696,0.4487,174.5896,59.4402,synthetic_prototype_v1
BAT-03665,2.385,2.3093,18.9776,2.7207,421.4595,40.0,synthetic_prototype_v1
BAT-03666,1.2758,0.5509,20.2885,0.4405,102.6898,82.3956,synthetic_prototype_v1
BAT-03667,1.7277,2.1705,8.273,0.8851,497.1628,49.9267,synthetic_prototype_v1
BAT-03668,1.4851,1.0276,14.5424,1.1174,80.4405,70.3586,synthetic_prototype_v1
BAT-03669,1.6449,1.7311,38.4665,1.1782,194.9201,50.0585,synthetic_prototype_v1
BAT-03670,2.3822,2.7536,11.6012,0.4826,413.0624,42.1967,synthetic_prototype_v1
BAT-03671,2.2332,2.5527,32.1979,2.7685,436.4111,40.0,synthetic_prototype_v1
BAT-03672,1.6032,0.7426,21.6436,0.88,248.5392,68.1186,synthetic_prototype_v1
BAT-03673,1.4528,1.0048,8.9031,0.7055,238.6901,55.4182,synthetic_prototype_v1
BAT-03674,1.1631,0.7776,36.1705,2.8116,297.7007,40.0,synthetic_prototype_v1
BAT-03675,0.6399,1.626,4.9142,2.0387,444.659,49.9028,synthetic_prototype_v1
BAT-03676,1.0158,1.6161,13.0294,0.8005,101.9612,55.3395,synthetic_prototype_v1
BAT-03677,1.1883,0.6014,44.9171,1.0487,119.1466,40.2977,synthetic_prototype_v1
BAT-03678,1.8147,0.8315,40.9891,2.4126,358.2328,44.108,synthetic_prototype_v1
BAT-03679,1.6295,0.6583,20.6668,0.4386,123.9386,75.9938,synthetic_prototype_v1
BAT-03680,1.0566,0.3106,17.3886,0.7317,247.1379,64.551,synthetic_prototype_v1
BAT-03681,1.583,1.072,22.1903,0.5725,63.0996,81.6972,synthetic_prototype_v1
BAT-03682,1.2939,0.3203,12.6226,1.744,49.9789,62.4611,synthetic_prototype_v1
BAT-03683,2.3196,1.2061,39.8446,1.5813,132.0211,49.7381,synthetic_prototype_v1
BAT-03684,0.727,0.4163,24.4743,0.841,217.1087,55.0151,synthetic_prototype_v1
BAT-03685,1.3395,1.914,38.9671,1.5679,150.027,51.4488,synthetic_prototype_v1
BAT-03686,1.5635,0.462,25.0287,0.4093,39.064,86.4612,synthetic_prototype_v1
BAT-03687,1.2473,2.1232,4.2999,2.8459,308.2797,40.0,synthetic_prototype_v1
BAT-03688,2.1028,2.6539,36.3525,2.2252,180.1322,40.2537,synthetic_prototype_v1
BAT-03689,1.4289,0.4406,25.4457,0.8811,133.1204,73.7971,synthetic_prototype_v1
BAT-03690,1.9648,0.5066,3.1276,2.6644,176.0249,40.5697,synthetic_prototype_v1
BAT-03691,1.6277,0.2471,0.7107,1.1707,436.9167,40.5386,synthetic_prototype_v1
BAT-03692,1.2349,0.6416,22.7477,0.484,110.8372,80.9064,synthetic_prototype_v1
BAT-03693,1.1864,1.0578,27.3789,0.7441,164.9468,67.5475,synthetic_prototype_v1
BAT-03694,1.788,2.3577,22.527,1.0356,141.8019,49.3708,synthetic_prototype_v1
BAT-03695,1.6402,0.5674,21.1939,0.6119,149.776,70.7368,synthetic_prototype_v1
BAT-03696,2.2491,1.1892,16.2847,1.5416,241.5254,54.1819,synthetic_prototype_v1
BAT-03697,0.7694,0.4258,24.5156,0.2125,89.8211,65.0585,synthetic_prototype_v1
BAT-03698,1.1047,0.2,18.8274,0.657,72.7937,75.7176,synthetic_prototype_v1
BAT-03699,0.8962,1.5579,38.5644,2.8604,335.1176,43.2506,synthetic_prototype_v1
BAT-03700,0.6982,1.9088,16.171,2.9726,120.0011,40.9578,synthetic_prototype_v1
BAT-03701,0.8766,2.1433,38.6398,2.7146,14.3797,44.9031,synthetic_prototype_v1
BAT-03702,1.1039,2.5218,26.5828,0.2615,59.8814,48.1135,synthetic_prototype_v1
BAT-03703,0.6689,1.1948,43.1912,2.4783,19.387,40.0,synthetic_prototype_v1
BAT-03704,1.6858,0.6624,15.6723,0.857,61.0901,77.1047,synthetic_prototype_v1
BAT-03705,1.5015,0.3717,19.2104,0.9786,438.5017,58.9112,synthetic_prototype_v1
BAT-03706,1.3439,0.6833,32.0741,0.4433,130.6149,66.5055,synthetic_prototype_v1
BAT-03707,1.6339,1.7734,43.8329,1.5405,299.9633,41.3849,synthetic_prototype_v1
BAT-03708,1.0983,2.1376,44.9473,2.6324,261.1209,41.633,synthetic_prototype_v1
BAT-03709,2.4544,2.5004,19.3017,2.8909,17.7359,40.8035,synthetic_prototype_v1
BAT-03710,1.0152,1.5274,34.8435,1.5827,402.3639,49.7589,synthetic_prototype_v1
BAT-03711,1.5462,1.3283,6.195,0.6502,201.2269,51.9429,synthetic_prototype_v1
BAT-03712,1.5436,1.1871,13.8791,0.4944,168.2355,63.3663,synthetic_prototype_v1
BAT-03713,1.3247,1.1639,40.4225,0.7213,60.6435,56.941,synthetic_prototype_v1
BAT-03714,1.287,0.4585,23.2513,0.396,60.6509,87.4337,synthetic_prototype_v1
BAT-03715,0.8071,2.3037,21.6595,2.9153,64.6367,40.0425,synthetic_prototype_v1
BAT-03716,1.7785,2.6855,45.2879,0.2707,371.3265,41.1616,synthetic_prototype_v1
BAT-03717,1.9508,0.4783,31.1524,0.6203,182.5624,59.7403,synthetic_prototype_v1
BAT-03718,1.6724,0.33,44.3466,1.1372,34.2403,40.0,synthetic_prototype_v1
BAT-03719,1.6802,0.2,18.1987,1.0409,238.7053,62.5,synthetic_prototype_v1
BAT-03720,2.3438,2.2767,45.4562,2.0887,490.5377,40.0,synthetic_prototype_v1
BAT-03721,0.9243,2.9744,1.3832,1.1627,242.3508,40.0,synthetic_prototype_v1
BAT-03722,0.8396,1.5811,42.313,0.2362,336.7333,45.8764,synthetic_prototype_v1
BAT-03723,1.5154,0.866,9.0097,2.8883,351.5564,41.0361,synthetic_prototype_v1
BAT-03724,2.1017,1.7763,16.6412,1.0618,170.8778,53.7392,synthetic_prototype_v1
BAT-03725,1.3778,2.0687,8.6079,2.4517,84.8875,48.5218,synthetic_prototype_v1
BAT-03726,1.3964,1.6047,23.9532,1.487,141.8043,58.1369,synthetic_prototype_v1
BAT-03727,1.8069,1.5418,26.4588,1.7587,86.7932,53.3226,synthetic_prototype_v1
BAT-03728,1.5324,0.3898,19.9419,0.4561,163.378,75.3642,synthetic_prototype_v1
BAT-03729,1.8077,1.0776,16.273,0.5214,207.4619,63.9787,synthetic_prototype_v1
BAT-03730,1.4933,0.5878,21.8323,0.285,184.9252,72.7062,synthetic_prototype_v1
BAT-03731,1.3067,1.2761,2.7958,0.9824,257.7106,40.0,synthetic_prototype_v1
BAT-03732,1.636,0.2939,20.9917,0.8897,202.5952,68.7714,synthetic_prototype_v1
BAT-03733,1.1095,0.4365,16.9851,0.8951,55.0188,73.8974,synthetic_prototype_v1
BAT-03734,1.6736,0.4927,28.6991,0.2386,63.7275,72.931,synthetic_prototype_v1
BAT-03735,1.2462,0.594,28.4142,0.5328,240.1361,63.0081,synthetic_prototype_v1
BAT-03736,1.8175,2.0573,33.2398,1.7162,375.6781,46.0202,synthetic_prototype_v1
BAT-03737,1.7931,0.5472,19.4483,1.1576,68.7948,71.7428,synthetic_prototype_v1
BAT-03738,1.7173,1.0133,18.4312,0.5522,231.944,62.7102,synthetic_prototype_v1
BAT-03739,1.0827,2.8629,19.6783,2.273,373.3543,40.0,synthetic_prototype_v1
BAT-03740,2.0122,2.0493,21.4685,2.0856,22.0854,49.419,synthetic_prototype_v1
BAT-03741,1.4224,0.914,21.3712,0.8099,254.4299,69.7728,synthetic_prototype_v1
BAT-03742,1.1021,0.2774,28.1249,0.5426,107.445,68.3703,synthetic_prototype_v1
BAT-03743,1.1415,0.4342,29.36,0.4974,24.9631,80.3834,synthetic_prototype_v1
BAT-03744,2.2236,0.2917,30.9201,0.7772,316.5148,47.9086,synthetic_prototype_v1
BAT-03745,1.314,0.2543,13.3036,0.5087,211.6654,65.3644,synthetic_prototype_v1
BAT-03746,1.4434,0.2,28.6386,0.8124,77.233,72.5593,synthetic_prototype_v1
BAT-03747,2.1914,1.1281,35.2398,0.3629,55.939,51.7578,synthetic_prototype_v1
BAT-03748,0.6696,1.5358,36.7217,2.5623,147.6961,44.8528,synthetic_prototype_v1
BAT-03749,1.4066,0.4638,47.9907,1.7418,357.2288,40.8784,synthetic_prototype_v1
BAT-03750,2.1396,1.4251,36.19,2.9858,330.9599,40.0,synthetic_prototype_v1
BAT-03751,1.5804,0.4303,16.3739,0.7806,29.7045,84.5743,synthetic_prototype_v1
BAT-03752,1.007,0.7868,24.5134,0.4819,93.5575,74.0047,synthetic_prototype_v1
BAT-03753,1.8715,2.5923,9.6371,1.1334,385.613,44.1701,synthetic_prototype_v1
BAT-03754,1.8546,2.6624,5.0053,0.5092,191.1803,40.569,synthetic_prototype_v1
BAT-03755,0.9116,0.5473,39.6233,0.5247,140.8004,54.2028,synthetic_prototype_v1
BAT-03756,1.4559,1.4619,22.8669,2.7924,313.9025,44.2533,synthetic_prototype_v1
BAT-03757,1.4525,0.4004,6.684,2.6085,187.2743,45.893,synthetic_prototype_v1
BAT-03758,0.6905,1.0671,19.5208,0.8876,65.6213,59.2793,synthetic_prototype_v1
BAT-03759,1.363,2.1961,43.425,0.5288,435.2369,43.9349,synthetic_prototype_v1
BAT-03760,0.7651,0.6105,29.8819,0.4119,145.493,55.428,synthetic_prototype_v1
BAT-03761,0.7379,1.0597,19.6103,2.1019,73.1302,52.2269,synthetic_prototype_v1
BAT-03762,1.7489,1.0301,25.64,0.988,112.6561,68.673,synthetic_prototype_v1
BAT-03763,1.6166,0.61,33.2403,0.3604,205.0975,63.6012,synthetic_prototype_v1
BAT-03764,1.6948,2.4761,47.1395,0.7643,264.9792,41.1452,synthetic_prototype_v1
BAT-03765,1.39,2.2051,0.8713,0.6551,384.2759,41.2337,synthetic_prototype_v1
BAT-03766,2.2346,0.6524,5.4295,0.8875,106.9302,49.728,synthetic_prototype_v1
BAT-03767,1.5551,0.7421,22.4397,0.7518,238.0272,66.8127,synthetic_prototype_v1
BAT-03768,1.1403,0.2301,17.8876,1.9424,395.6317,50.2192,synthetic_prototype_v1
BAT-03769,1.4717,0.6211,8.1975,0.8763,150.9209,61.3289,synthetic_prototype_v1
BAT-03770,2.2125,1.855,17.146,0.4839,177.8791,54.9518,synthetic_prototype_v1
BAT-03771,1.0248,0.6994,32.861,0.9378,196.2234,58.8857,synthetic_prototype_v1
BAT-03772,1.7027,0.6924,24.103,2.5815,276.8208,44.2112,synthetic_prototype_v1
BAT-03773,1.0469,2.7441,28.8973,1.8833,418.3494,41.6157,synthetic_prototype_v1
BAT-03774,0.9219,2.4875,16.2378,0.6403,399.1796,44.5368,synthetic_prototype_v1
BAT-03775,2.2487,0.393,7.9964,1.516,337.7109,53.0658,synthetic_prototype_v1
BAT-03776,1.5908,0.9013,13.0241,0.6763,53.024,73.2506,synthetic_prototype_v1
BAT-03777,1.2584,0.5046,21.64,0.5361,247.0431,68.8058,synthetic_prototype_v1
BAT-03778,1.7787,0.7947,25.9007,0.867,59.7549,77.1262,synthetic_prototype_v1
BAT-03779,0.9011,1.6246,16.9626,1.0366,36.1058,57.8946,synthetic_prototype_v1
BAT-03780,0.7587,0.7885,10.236,0.6198,480.5856,51.7689,synthetic_prototype_v1
BAT-03781,1.193,2.7954,18.814,2.3639,309.2879,40.0,synthetic_prototype_v1
BAT-03782,1.4477,0.3833,17.3593,0.2,122.183,74.2683,synthetic_prototype_v1
BAT-03783,1.5986,0.6191,15.2652,0.9494,245.1238,66.4688,synthetic_prototype_v1
BAT-03784,0.8509,2.6769,9.502,2.6173,208.3779,40.0,synthetic_prototype_v1
BAT-03785,1.2888,0.2,26.1623,0.8337,131.4909,73.1204,synthetic_prototype_v1
BAT-03786,1.4819,0.2,13.9761,0.334,163.0074,64.4423,synthetic_prototype_v1
BAT-03787,0.8373,0.2036,17.4311,0.5938,82.814,65.8167,synthetic_prototype_v1
BAT-03788,1.7394,1.6298,27.6687,2.2285,348.7199,51.3407,synthetic_prototype_v1
BAT-03789,1.1958,0.5478,31.681,0.3241,176.6223,60.5689,synthetic_prototype_v1
BAT-03790,1.6468,0.6786,19.3389,0.8689,75.8904,79.352,synthetic_prototype_v1
BAT-03791,1.9238,1.9319,21.0062,0.289,107.62,54.0595,synthetic_prototype_v1
BAT-03792,0.8526,0.8333,37.6555,2.5144,197.5486,44.8503,synthetic_prototype_v1
BAT-03793,2.002,2.5442,4.4084,0.5118,416.1507,40.1109,synthetic_prototype_v1
BAT-03794,1.9028,0.3604,12.2664,0.7793,12.5956,69.4696,synthetic_prototype_v1
BAT-03795,2.4783,1.0493,35.9787,0.6584,333.2396,51.0441,synthetic_prototype_v1
BAT-03796,0.8575,0.5753,28.2653,0.5131,114.7454,65.246,synthetic_prototype_v1
BAT-03797,2.2534,1.0095,33.8936,1.1002,71.8505,52.9623,synthetic_prototype_v1
BAT-03798,1.3195,0.2158,23.5872,0.4074,143.9363,71.6325,synthetic_prototype_v1
BAT-03799,1.3676,0.8594,36.8936,0.8166,29.4248,64.3455,synthetic_prototype_v1
BAT-03800,0.9698,0.7505,27.8963,0.6399,187.7124,61.4089,synthetic_prototype_v1
BAT-03801,1.881,0.8146,16.7195,1.7557,242.0895,53.7484,synthetic_prototype_v1
BAT-03802,2.4447,1.0789,27.5019,1.9908,360.4782,47.0458,synthetic_prototype_v1
BAT-03803,1.2193,2.5816,43.4221,1.2395,187.621,40.0,synthetic_prototype_v1
BAT-03804,1.7606,0.6644,29.1747,2.0365,435.7165,49.5463,synthetic_prototype_v1
BAT-03805,2.285,1.9411,22.2327,1.2757,363.6527,50.5904,synthetic_prototype_v1
BAT-03806,1.7752,2.2018,46.5912,1.2441,347.7055,40.0,synthetic_prototype_v1
BAT-03807,1.5129,0.8251,9.7151,0.2,43.7181,66.1939,synthetic_prototype_v1
BAT-03808,1.1412,0.5054,16.0382,0.2,92.6999,73.1046,synthetic_prototype_v1
BAT-03809,1.6399,1.007,20.0709,2.7863,150.5514,43.8499,synthetic_prototype_v1
BAT-03810,1.6014,0.6035,29.401,0.8959,158.0031,69.0163,synthetic_prototype_v1
BAT-03811,0.9998,0.9661,19.9899,0.9436,70.5898,69.0406,synthetic_prototype_v1
BAT-03812,1.7752,1.7124,11.1346,1.5662,164.0485,48.2546,synthetic_prototype_v1
BAT-03813,1.4823,0.5593,26.2454,1.0026,146.1192,72.8524,synthetic_prototype_v1
BAT-03814,1.2404,0.5571,35.0183,0.9205,87.6721,62.9834,synthetic_prototype_v1
BAT-03815,1.7733,1.9806,41.9447,0.2778,475.8235,45.1218,synthetic_prototype_v1
BAT-03816,1.3801,2.4527,41.9084,0.6877,380.0637,40.0,synthetic_prototype_v1
BAT-03817,0.7636,1.1206,17.7328,1.7274,192.9487,53.6139,synthetic_prototype_v1
BAT-03818,1.6765,1.0667,29.2307,0.5191,266.3072,60.6846,synthetic_prototype_v1
BAT-03819,1.5776,0.9346,20.8813,1.0488,114.9391,73.724,synthetic_prototype_v1
BAT-03820,1.9872,1.4298,45.9293,0.3876,166.3498,40.0,synthetic_prototype_v1
BAT-03821,1.0907,0.7882,20.6861,0.7959,160.15,68.2227,synthetic_prototype_v1
BAT-03822,1.1257,0.6031,11.5712,0.641,194.5283,60.6391,synthetic_prototype_v1
BAT-03823,1.3615,1.1756,16.6788,0.6191,31.7322,79.3866,synthetic_prototype_v1
BAT-03824,1.7495,0.8943,21.062,0.7711,55.4516,76.5032,synthetic_prototype_v1
BAT-03825,1.977,1.9996,22.6123,0.7002,46.3328,53.7328,synthetic_prototype_v1
BAT-03826,0.9756,1.0774,18.5788,0.6617,115.8877,67.1726,synthetic_prototype_v1
BAT-03827,0.6017,2.785,17.6405,0.4865,204.9815,40.5293,synthetic_prototype_v1
BAT-03828,1.217,1.1874,23.6726,0.3325,227.7366,65.6564,synthetic_prototype_v1
BAT-03829,1.4499,0.7165,20.3082,0.4077,244.0638,68.4257,synthetic_prototype_v1
BAT-03830,1.5731,2.191,34.4668,1.8675,414.3855,50.6255,synthetic_prototype_v1
BAT-03831,1.3147,2.8936,17.4253,2.6878,389.6036,40.9797,synthetic_prototype_v1
BAT-03832,1.3851,0.775,24.2294,0.4409,64.9503,88.3419,synthetic_prototype_v1
BAT-03833,0.854,1.2013,13.1745,1.2718,384.3973,50.3258,synthetic_prototype_v1
BAT-03834,0.849,0.4831,23.3712,0.2,155.0009,62.1744,synthetic_prototype_v1
BAT-03835,0.6887,1.4409,16.9907,2.4931,425.4724,45.8581,synthetic_prototype_v1
BAT-03836,0.7521,2.6584,3.0479,2.0541,67.972,40.0,synthetic_prototype_v1
BAT-03837,0.9031,0.3914,48.3536,0.5221,449.8485,40.0,synthetic_prototype_v1
BAT-03838,1.2136,0.2695,16.164,0.6867,62.2869,76.3739,synthetic_prototype_v1
BAT-03839,1.7495,2.4871,10.7128,2.1364,466.8972,41.1665,synthetic_prototype_v1
BAT-03840,2.3421,2.8863,3.1642,0.8137,207.4637,44.6655,synthetic_prototype_v1
BAT-03841,1.8738,0.7805,22.1856,0.6662,37.6335,75.7915,synthetic_prototype_v1
BAT-03842,1.1116,0.3377,10.3421,0.3032,93.9508,60.094,synthetic_prototype_v1
BAT-03843,1.2183,0.5374,19.0209,0.828,180.3067,69.6262,synthetic_prototype_v1
BAT-03844,2.211,2.872,33.2957,0.6391,303.88,40.0,synthetic_prototype_v1
BAT-03845,1.5535,2.9142,3.0914,2.5373,109.0459,42.6135,synthetic_prototype_v1
BAT-03846,2.0548,2.995,34.0908,1.7661,368.1696,40.9443,synthetic_prototype_v1
BAT-03847,2.1763,2.7656,47.2498,2.9609,305.7074,40.0,synthetic_prototype_v1
BAT-03848,1.1921,0.666,8.7848,0.5741,78.9208,63.7619,synthetic_prototype_v1
BAT-03849,1.9335,2.5984,28.7136,0.3097,441.4854,42.2954,synthetic_prototype_v1
BAT-03850,1.1884,0.3777,21.6516,0.2037,180.283,69.1354,synthetic_prototype_v1
BAT-03851,2.2207,1.285,21.2278,2.2106,124.2523,48.8841,synthetic_prototype_v1
BAT-03852,1.088,0.9083,18.5956,0.4798,75.5838,76.4003,synthetic_prototype_v1
BAT-03853,1.6377,0.705,36.7472,0.7078,81.6027,61.8028,synthetic_prototype_v1
BAT-03854,1.2666,2.2052,42.5345,1.7106,374.6302,44.0385,synthetic_prototype_v1
BAT-03855,2.2365,1.2186,25.3752,2.2594,163.8153,47.3538,synthetic_prototype_v1
BAT-03856,0.8964,1.1133,30.2796,1.3604,139.8507,55.2572,synthetic_prototype_v1
BAT-03857,2.4213,1.6925,30.0929,2.9355,434.1393,40.0,synthetic_prototype_v1
BAT-03858,0.7438,2.5013,39.5567,2.5802,409.982,40.3994,synthetic_prototype_v1
BAT-03859,0.9316,0.6044,24.0351,0.7206,164.4536,63.6968,synthetic_prototype_v1
BAT-03860,2.2657,2.6837,20.9197,0.5798,368.7236,40.8528,synthetic_prototype_v1
BAT-03861,2.1463,0.4475,26.0026,2.1778,226.3206,50.5698,synthetic_prototype_v1
BAT-03862,1.3413,0.2,18.7713,0.5417,178.5307,70.409,synthetic_prototype_v1
BAT-03863,1.7759,1.105,13.972,1.2985,90.2486,57.4462,synthetic_prototype_v1
BAT-03864,1.2642,0.5004,13.3374,0.4096,226.5354,62.2426,synthetic_prototype_v1
BAT-03865,1.2557,1.1266,15.9645,1.5893,445.7509,52.6008,synthetic_prototype_v1
BAT-03866,0.6922,1.4621,38.1608,1.123,292.4573,51.8872,synthetic_prototype_v1
BAT-03867,0.7792,0.6429,25.0858,0.5489,379.7418,54.3615,synthetic_prototype_v1
BAT-03868,1.81,0.5476,48.8874,1.5945,37.4663,43.8596,synthetic_prototype_v1
BAT-03869,1.7694,1.5765,18.4234,2.2897,132.9238,50.7947,synthetic_prototype_v1
BAT-03870,1.5081,1.4734,27.3342,0.3678,71.4968,67.0198,synthetic_prototype_v1
BAT-03871,2.003,0.4379,35.2869,1.691,252.477,52.6761,synthetic_prototype_v1
BAT-03872,2.0016,0.9007,19.4823,0.2,42.8808,64.8867,synthetic_prototype_v1
BAT-03873,1.8049,2.5807,26.7209,1.4855,436.3307,42.2721,synthetic_prototype_v1
BAT-03874,1.9594,2.6503,37.6069,1.2974,247.5415,42.017,synthetic_prototype_v1
BAT-03875,2.2525,2.5143,21.7074,2.8373,336.6078,43.2779,synthetic_prototype_v1
BAT-03876,0.7764,1.87,15.5201,0.8917,466.4104,50.2996,synthetic_prototype_v1
BAT-03877,1.624,2.0542,47.6392,1.8024,107.6416,41.1343,synthetic_prototype_v1
BAT-03878,1.3281,2.1562,34.3913,0.3219,67.4719,48.257,synthetic_prototype_v1
BAT-03879,1.5891,1.1017,10.5083,2.6631,84.9075,46.1251,synthetic_prototype_v1
BAT-03880,1.7175,2.8099,3.4339,2.3733,209.6508,40.0,synthetic_prototype_v1
BAT-03881,1.9514,0.4405,30.3339,0.3237,201.3291,56.2101,synthetic_prototype_v1
BAT-03882,1.2182,0.5796,11.92,0.633,228.2175,63.5068,synthetic_prototype_v1
BAT-03883,0.7616,0.503,25.6966,0.4957,119.8146,63.0309,synthetic_prototype_v1
BAT-03884,1.6965,0.4835,29.2621,0.6019,97.1696,72.6752,synthetic_prototype_v1
BAT-03885,1.0761,2.9547,48.8063,0.5858,294.6697,42.2954,synthetic_prototype_v1
BAT-03886,1.4848,1.0233,16.0782,0.5817,162.8628,70.1768,synthetic_prototype_v1
BAT-03887,1.8562,1.2234,26.6694,2.6176,386.6939,46.3707,synthetic_prototype_v1
BAT-03888,1.1422,1.3545,2.2715,0.5543,115.6984,41.4211,synthetic_prototype_v1
BAT-03889,1.1943,0.6628,25.203,0.7901,210.1677,69.1544,synthetic_prototype_v1
BAT-03890,1.394,0.4825,22.2796,1.0319,35.431,87.265,synthetic_prototype_v1
BAT-03891,0.8671,1.5875,10.146,0.7614,143.743,53.708,synthetic_prototype_v1
BAT-03892,1.4632,0.4815,24.4239,0.7558,241.8785,68.4311,synthetic_prototype_v1
BAT-03893,2.2946,0.8498,2.9334,1.9748,54.8637,42.3782,synthetic_prototype_v1
BAT-03894,2.0282,2.0702,33.6218,1.7194,369.2216,49.4822,synthetic_prototype_v1
BAT-03895,1.376,2.9935,20.7797,1.8594,343.095,40.0,synthetic_prototype_v1
BAT-03896,1.2564,2.4137,21.8208,1.647,216.8606,43.3406,synthetic_prototype_v1
BAT-03897,2.4437,1.5789,10.0602,2.7136,382.5547,41.0576,synthetic_prototype_v1
BAT-03898,2.332,2.7735,3.8633,0.9264,264.1107,43.53,synthetic_prototype_v1
BAT-03899,2.2458,2.7167,36.1453,0.6818,444.1626,40.1424,synthetic_prototype_v1
BAT-03900,1.8673,0.2,14.7509,0.6586,104.2737,65.865,synthetic_prototype_v1
BAT-03901,1.6704,2.9447,35.0128,2.8058,312.6857,40.9212,synthetic_prototype_v1
BAT-03902,0.8109,0.9166,6.9185,0.6534,336.9038,49.849,synthetic_prototype_v1
BAT-03903,1.8437,1.0261,11.7052,2.4066,59.591,48.2831,synthetic_prototype_v1
BAT-03904,1.0892,0.6025,24.2224,0.7633,159.4504,71.0114,synthetic_prototype_v1
BAT-03905,1.8354,0.2,32.4684,0.2,206.8391,57.1864,synthetic_prototype_v1
BAT-03906,2.4841,2.3194,12.4912,1.1817,305.1305,44.5492,synthetic_prototype_v1
BAT-03907,2.1772,0.4999,16.5299,0.5304,141.222,56.1863,synthetic_prototype_v1
BAT-03908,1.4088,0.9152,19.7955,0.7598,97.7507,75.7407,synthetic_prototype_v1
BAT-03909,1.9992,0.977,10.799,1.3202,61.7386,55.0446,synthetic_prototype_v1
BAT-03910,1.3692,0.332,15.6332,0.7708,153.3127,71.691,synthetic_prototype_v1
BAT-03911,2.0109,0.8427,18.0239,0.7946,208.5504,60.5523,synthetic_prototype_v1
BAT-03912,2.3776,2.4591,25.2486,1.641,157.3217,46.0502,synthetic_prototype_v1
BAT-03913,2.4414,2.2891,37.2137,1.4276,219.9016,46.4978,synthetic_prototype_v1
BAT-03914,1.2611,0.4708,16.8977,0.9081,245.4026,67.5884,synthetic_prototype_v1
BAT-03915,1.675,0.5509,30.159,1.3554,335.9784,55.5883,synthetic_prototype_v1
BAT-03916,1.4391,1.6587,35.6241,1.8901,155.8831,50.4861,synthetic_prototype_v1
BAT-03917,2.2067,1.3881,11.0511,1.6688,258.9405,50.5346,synthetic_prototype_v1
BAT-03918,0.5501,1.1093,6.0219,1.5588,139.5492,51.3308,synthetic_prototype_v1
BAT-03919,1.3204,0.4313,15.7606,0.2,84.7041,74.2161,synthetic_prototype_v1
BAT-03920,1.4726,0.6375,1.8031,1.0778,33.7972,41.3822,synthetic_prototype_v1
BAT-03921,1.2292,0.2,22.0383,0.7802,225.8534,66.451,synthetic_prototype_v1
BAT-03922,2.3717,2.9429,12.7076,1.4994,360.9408,40.6454,synthetic_prototype_v1
BAT-03923,2.1885,1.9874,45.0958,2.1771,335.4486,40.0,synthetic_prototype_v1
BAT-03924,0.5802,0.9668,47.2155,1.8193,82.6387,41.2734,synthetic_prototype_v1
BAT-03925,1.9394,0.33,14.6815,0.6655,131.892,63.0405,synthetic_prototype_v1
BAT-03926,1.4494,0.7195,21.4675,0.4759,118.1712,81.0532,synthetic_prototype_v1
BAT-03927,1.2449,0.8894,15.6906,0.84,219.0601,68.4138,synthetic_prototype_v1
BAT-03928,1.1513,1.4064,27.5569,0.3887,54.3495,65.9841,synthetic_prototype_v1
BAT-03929,2.0751,0.2026,14.4946,0.794,324.7297,54.3633,synthetic_prototype_v1
BAT-03930,2.0936,1.4124,40.5938,1.3497,418.3535,51.8293,synthetic_prototype_v1
BAT-03931,1.0316,2.766,41.3334,1.6017,182.7717,42.8798,synthetic_prototype_v1
BAT-03932,2.2727,0.8824,21.9999,1.7098,362.5279,50.1321,synthetic_prototype_v1
BAT-03933,1.455,2.3322,20.6966,1.6106,403.3839,44.6202,synthetic_prototype_v1
BAT-03934,2.4139,0.7549,0.1289,0.8981,72.4957,40.151,synthetic_prototype_v1
BAT-03935,0.8321,1.3202,23.6019,1.2852,270.0359,53.9847,synthetic_prototype_v1
BAT-03936,2.3447,1.3985,32.9097,2.8187,87.6461,40.0,synthetic_prototype_v1
BAT-03937,1.3446,0.6853,28.6548,0.5812,149.1615,72.0613,synthetic_prototype_v1
BAT-03938,1.0177,2.6497,45.6457,0.6653,131.1449,40.9702,synthetic_prototype_v1
BAT-03939,0.509,1.1675,47.0672,1.415,444.3783,40.0,synthetic_prototype_v1
BAT-03940,1.0239,0.9778,16.7173,0.4841,240.409,62.9469,synthetic_prototype_v1
BAT-03941,1.345,0.3436,20.9893,0.9768,96.0019,79.757,synthetic_prototype_v1
BAT-03942,0.8135,0.6176,30.1329,0.5852,249.085,57.3719,synthetic_prototype_v1
BAT-03943,0.7949,2.4356,37.5953,0.3439,360.9615,45.238,synthetic_prototype_v1
BAT-03944,0.9378,0.7385,16.8308,0.2,194.6164,60.9683,synthetic_prototype_v1
BAT-03945,2.4573,0.9207,36.799,1.8693,445.6096,50.4402,synthetic_prototype_v1
BAT-03946,1.7756,0.2645,25.5619,0.2731,51.0172,72.6618,synthetic_prototype_v1
BAT-03947,0.6099,2.3576,0.5123,0.8168,81.0884,40.0,synthetic_prototype_v1
BAT-03948,2.1872,0.5992,37.2323,1.5569,481.9593,52.2034,synthetic_prototype_v1
BAT-03949,1.504,0.3925,31.5254,0.3716,92.4518,70.1947,synthetic_prototype_v1
BAT-03950,1.5656,0.4691,27.2414,0.9571,153.2358,71.7413,synthetic_prototype_v1
BAT-03951,1.4525,0.323,23.4079,1.5473,202.305,61.2637,synthetic_prototype_v1
BAT-03952,1.0249,1.2792,46.5091,2.6004,291.0245,40.5545,synthetic_prototype_v1
BAT-03953,0.6481,2.7738,40.5785,1.619,211.6941,40.1003,synthetic_prototype_v1
BAT-03954,1.7163,1.2836,49.5312,0.7029,42.0869,40.0,synthetic_prototype_v1
BAT-03955,1.4526,0.5387,14.0637,0.493,154.3028,70.4435,synthetic_prototype_v1
BAT-03956,1.3478,0.2,21.7608,0.2,163.5811,70.3526,synthetic_prototype_v1
BAT-03957,1.594,0.8022,9.8477,1.2915,306.8072,54.9794,synthetic_prototype_v1
BAT-03958,1.2354,1.0323,24.3127,0.2,247.9802,61.9769,synthetic_prototype_v1
BAT-03959,1.4274,1.4746,17.3933,2.0876,484.1997,48.8408,synthetic_prototype_v1
BAT-03960,2.3477,1.392,19.4773,1.9761,70.7266,53.8732,synthetic_prototype_v1
BAT-03961,1.0562,2.6335,25.7945,0.9473,497.857,41.8259,synthetic_prototype_v1
BAT-03962,1.4463,0.4638,29.9129,0.3249,38.4458,78.7073,synthetic_prototype_v1
BAT-03963,1.5639,0.6536,17.208,0.3125,152.7471,72.591,synthetic_prototype_v1
BAT-03964,1.3627,1.8509,33.3714,1.743,33.663,51.7631,synthetic_prototype_v1
BAT-03965,2.3977,1.5967,25.077,2.9299,272.6704,42.3238,synthetic_prototype_v1
BAT-03966,1.2091,2.8869,28.0431,1.8185,102.0281,40.0,synthetic_prototype_v1
BAT-03967,1.3411,0.5838,21.1811,0.5651,86.6192,84.3189,synthetic_prototype_v1
BAT-03968,1.7728,0.9557,37.3362,1.7887,251.5703,49.2378,synthetic_prototype_v1
BAT-03969,0.8507,1.6695,8.6663,1.8713,434.1606,48.4404,synthetic_prototype_v1
BAT-03970,1.0255,1.5283,9.4664,0.6578,57.2409,60.275,synthetic_prototype_v1
BAT-03971,2.276,2.4375,4.8515,0.8665,87.1816,43.4154,synthetic_prototype_v1
BAT-03972,1.5438,1.2927,7.8741,2.5647,80.9682,43.7344,synthetic_prototype_v1
BAT-03973,1.1449,1.6694,28.8487,0.9703,86.8142,62.0956,synthetic_prototype_v1
BAT-03974,0.9547,0.8206,25.2586,0.5465,197.2116,64.051,synthetic_prototype_v1
BAT-03975,1.5838,0.8665,26.3951,0.3574,218.5318,65.7434,synthetic_prototype_v1
BAT-03976,1.0452,0.9501,41.9585,2.8355,410.0311,40.0,synthetic_prototype_v1
BAT-03977,2.0122,2.5938,45.2864,0.5327,82.5669,40.0,synthetic_prototype_v1
BAT-03978,1.7403,1.4349,39.9608,2.4233,396.0746,48.0705,synthetic_prototype_v1
BAT-03979,1.1454,0.4136,6.7208,0.6434,148.6246,56.5653,synthetic_prototype_v1
BAT-03980,0.9767,0.6376,47.852,0.9061,385.77,41.2531,synthetic_prototype_v1
BAT-03981,0.8412,0.2076,38.292,1.029,350.8524,51.8419,synthetic_prototype_v1
BAT-03982,1.157,0.2,23.5636,1.1678,168.9411,67.9908,synthetic_prototype_v1
BAT-03983,1.0254,0.2983,19.0913,0.6419,236.8254,64.1733,synthetic_prototype_v1
BAT-03984,0.9817,0.2,25.0867,0.8379,104.5167,69.61,synthetic_prototype_v1
BAT-03985,1.7054,0.2,17.4852,1.0586,125.0662,64.9514,synthetic_prototype_v1
BAT-03986,1.5636,2.2886,45.0866,1.0159,477.1989,40.334,synthetic_prototype_v1
BAT-03987,1.6859,2.242,29.6893,1.5339,300.2108,46.9971,synthetic_prototype_v1
BAT-03988,1.9698,1.864,17.1569,2.0193,264.4595,51.9214,synthetic_prototype_v1
BAT-03989,0.8523,2.4261,42.7166,1.2094,456.9002,41.8672,synthetic_prototype_v1
BAT-03990,1.7985,1.3472,12.8571,2.8155,26.2842,44.2873,synthetic_prototype_v1
BAT-03991,1.505,2.1864,46.2724,1.6929,237.2954,42.1288,synthetic_prototype_v1
BAT-03992,0.9918,1.7036,49.169,1.6497,363.98,40.7151,synthetic_prototype_v1
BAT-03993,1.6004,0.4311,13.4342,0.2,157.7864,66.8968,synthetic_prototype_v1
BAT-03994,0.9098,0.7255,23.6072,0.8285,28.2768,76.5493,synthetic_prototype_v1
BAT-03995,1.32,1.386,39.8008,0.5353,188.0199,51.5621,synthetic_prototype_v1
BAT-03996,2.4988,2.8216,21.8422,1.9094,293.0587,41.1691,synthetic_prototype_v1
BAT-03997,1.1915,2.7889,42.394,0.8231,160.3298,40.0,synthetic_prototype_v1
BAT-03998,1.9834,1.4632,31.7557,0.9632,284.7119,54.5419,synthetic_prototype_v1
BAT-03999,1.5649,0.825,16.783,0.8449,46.0235,80.302,synthetic_prototype_v1
BAT-04000,1.4317,0.6469,17.2236,0.6133,229.958,68.4111,synthetic_prototype_v1
