experiment_id,light_intensity_lux,co2_concentration_ppm,nutrient_concentration_mm,temperature_c,water_supply_ml_day,biomass_yield,source
PLT-00001,22463.9214,665.3994,6.2901,34.9029,486.6765,15.2584,synthetic_prototype_v1
PLT-00002,29112.3417,964.7053,4.4508,19.5218,154.0868,58.8972,synthetic_prototype_v1
PLT-00003,79659.8354,503.1019,3.5641,29.2005,463.6865,23.4441,synthetic_prototype_v1
PLT-00004,38633.0888,1036.7713,5.4852,26.3488,326.3893,76.9098,synthetic_prototype_v1
PLT-00005,19860.7678,899.5641,3.9958,29.9638,430.0764,79.0937,synthetic_prototype_v1
PLT-00006,21093.8505,891.4255,9.5852,15.8357,156.1197,11.6072,synthetic_prototype_v1
PLT-00007,15577.0475,1161.7606,3.238,24.0841,430.3443,28.6418,synthetic_prototype_v1
PLT-00008,48583.7457,1098.5919,7.8597,32.9928,137.5024,20.3541,synthetic_prototype_v1
PLT-00009,49953.7094,901.4129,3.4657,18.3831,152.5037,36.0808,synthetic_prototype_v1
PLT-00010,49537.2911,1125.7579,1.9861,39.6974,130.2756,16.0181,synthetic_prototype_v1
PLT-00011,33618.8931,688.3708,1.6732,26.6441,374.0069,93.1659,synthetic_prototype_v1
PLT-00012,42612.4875,832.6814,2.8868,23.713,301.1123,128.441,synthetic_prototype_v1
PLT-00013,61161.5585,600.1368,9.5697,16.3323,315.1607,13.9972,synthetic_prototype_v1
PLT-00014,31075.5226,949.4032,7.357,31.3073,222.449,33.3408,synthetic_prototype_v1
PLT-00015,28033.6948,733.568,4.5551,23.1128,254.2156,129.5553,synthetic_prototype_v1
PLT-00016,38511.4398,706.128,4.4296,26.745,367.831,159.4002,synthetic_prototype_v1
PLT-00017,66733.0717,1142.2866,8.8354,33.7145,487.4938,12.7409,synthetic_prototype_v1
PLT-00018,40562.6547,1171.211,8.7541,18.9241,116.1775,19.5753,synthetic_prototype_v1
PLT-00019,5548.5842,918.302,7.8333,16.5216,431.1732,13.3588,synthetic_prototype_v1
PLT-00020,41068.2821,405.9864,2.8708,29.4686,175.7225,33.5907,synthetic_prototype_v1
PLT-00021,45762.1696,762.2174,8.5907,39.8204,156.7692,10.0,synthetic_prototype_v1
PLT-00022,63562.8766,569.2821,2.6511,24.1217,300.4737,30.2915,synthetic_prototype_v1
PLT-00023,35371.0814,846.6904,3.3646,25.8389,142.3356,155.9474,synthetic_prototype_v1
PLT-00024,52866.7665,680.2383,3.5131,20.1676,320.2794,55.0068,synthetic_prototype_v1
PLT-00025,43039.2589,897.1844,5.323,34.3006,354.5317,29.4429,synthetic_prototype_v1
PLT-00026,22224.2022,595.812,7.4288,32.5594,103.3864,28.91,synthetic_prototype_v1
PLT-00027,37586.2966,840.5356,6.0375,23.187,216.4218,94.4508,synthetic_prototype_v1
PLT-00028,20146.7895,660.6122,3.4702,22.0111,329.35,69.1782,synthetic_prototype_v1
PLT-00029,61748.7071,1132.9054,8.9136,32.0188,301.5084,18.0024,synthetic_prototype_v1
PLT-00030,68928.6738,575.912,7.5939,38.2058,319.754,13.9171,synthetic_prototype_v1
PLT-00031,59712.1316,1033.9165,0.7285,20.8141,292.9622,20.642,synthetic_prototype_v1
PLT-00032,40246.6955,616.5928,1.5873,34.0233,144.1493,20.8178,synthetic_prototype_v1
PLT-00033,38516.0445,681.0569,4.5645,28.9662,179.1583,113.3887,synthetic_prototype_v1
PLT-00034,21630.3491,1137.5371,1.8808,22.5214,326.2127,31.877,synthetic_prototype_v1
PLT-00035,5646.2943,528.4982,8.0112,16.2291,277.0724,13.1939,synthetic_prototype_v1
PLT-00036,6620.906,426.3488,2.4359,37.6082,289.7639,15.6322,synthetic_prototype_v1
PLT-00037,20329.8025,1173.4112,1.7965,37.2313,133.4974,14.711,synthetic_prototype_v1
PLT-00038,60060.9759,791.3833,9.2622,32.3333,400.999,23.9562,synthetic_prototype_v1
PLT-00039,50464.7322,839.4159,8.0373,37.2053,67.1221,17.9262,synthetic_prototype_v1
PLT-00040,43040.9639,911.327,3.4486,23.581,239.6388,120.1737,synthetic_prototype_v1
PLT-00041,70439.8812,806.1671,1.404,16.0982,106.9225,10.0,synthetic_prototype_v1
PLT-00042,74138.9338,514.5574,4.2598,15.5911,354.1368,10.0,synthetic_prototype_v1
PLT-00043,42105.0241,861.5054,5.4342,24.1799,230.7726,116.8344,synthetic_prototype_v1
PLT-00044,47111.7046,437.891,8.8732,21.9841,127.7307,21.1114,synthetic_prototype_v1
PLT-00045,50621.377,879.2814,3.3272,32.517,197.8475,47.91,synthetic_prototype_v1
PLT-00046,30514.7861,793.9542,4.178,30.1195,196.6673,123.0585,synthetic_prototype_v1
PLT-00047,56969.4943,1130.1895,3.5868,24.3891,313.5348,32.3431,synthetic_prototype_v1
PLT-00048,61145.6015,508.1771,8.3759,26.1005,89.0893,20.9009,synthetic_prototype_v1
PLT-00049,72695.1797,914.243,3.1768,24.0543,401.9638,26.6835,synthetic_prototype_v1
PLT-00050,26759.7691,648.2369,3.7464,30.83,350.1931,78.9715,synthetic_prototype_v1
PLT-00051,55605.2411,466.349,9.2379,19.6059,59.586,12.2256,synthetic_prototype_v1
PLT-00052,27953.4669,977.5611,2.8941,27.8591,338.955,91.8704,synthetic_prototype_v1
PLT-00053,32479.4337,764.9978,1.5465,18.1717,326.6059,40.6576,synthetic_prototype_v1
PLT-00054,44649.3154,890.8752,3.7041,38.7431,369.2364,15.4631,synthetic_prototype_v1
PLT-00055,9358.1361,550.8481,6.3549,33.9237,474.8995,19.2538,synthetic_prototype_v1
PLT-00056,48574.203,851.437,8.6335,32.343,187.876,20.3922,synthetic_prototype_v1
PLT-00057,30426.1893,874.8906,8.4088,29.4215,200.6453,35.0378,synthetic_prototype_v1
PLT-00058,78192.3155,537.8938,2.9379,24.5202,259.9178,20.0506,synthetic_prototype_v1
PLT-00059,31669.9361,866.971,2.133,24.4896,236.1224,110.9646,synthetic_prototype_v1
PLT-00060,31506.3089,841.495,5.4002,23.2258,241.7848,124.1815,synthetic_prototype_v1
PLT-00061,22411.3654,1015.724,6.2765,33.0301,425.4637,28.7985,synthetic_prototype_v1
PLT-00062,60134.7071,787.5074,1.6081,24.081,482.8213,35.2787,synthetic_prototype_v1
PLT-00063,14171.7153,803.3682,2.4148,28.0435,117.2113,52.2503,synthetic_prototype_v1
PLT-00064,47725.3313,839.867,5.2257,20.5681,383.757,68.7388,synthetic_prototype_v1
PLT-00065,50789.1503,753.685,7.7412,18.7489,470.204,23.4727,synthetic_prototype_v1
PLT-00066,32818.4241,847.7783,9.8027,21.1218,255.6911,19.0582,synthetic_prototype_v1
PLT-00067,37047.8261,849.2267,4.0021,29.7004,352.1228,141.2941,synthetic_prototype_v1
PLT-00068,63650.3878,733.3633,7.4056,35.6328,103.9611,17.3545,synthetic_prototype_v1
PLT-00069,79048.4465,915.0067,2.0481,20.4085,387.8739,19.7576,synthetic_prototype_v1
PLT-00070,38256.0649,616.9103,4.3451,28.8518,189.3525,94.6152,synthetic_prototype_v1
PLT-00071,35094.8723,422.5756,7.519,37.9175,237.7631,13.2189,synthetic_prototype_v1
PLT-00072,50861.8951,998.3214,2.2549,29.5625,206.1893,44.0328,synthetic_prototype_v1
PLT-00073,27433.551,914.8782,3.3747,21.2702,234.3048,94.2328,synthetic_prototype_v1
PLT-00074,14608.5225,932.8418,1.1931,38.627,341.2344,10.7118,synthetic_prototype_v1
PLT-00075,56342.1555,798.6996,7.4278,35.6303,152.8551,10.5937,synthetic_prototype_v1
PLT-00076,35134.2842,1012.7028,4.8766,25.6961,351.7937,97.3396,synthetic_prototype_v1
PLT-00077,33201.6071,731.7485,4.5523,24.7565,122.2834,143.5553,synthetic_prototype_v1
PLT-00078,19634.3181,784.4479,6.4682,24.3501,253.8167,54.2563,synthetic_prototype_v1
PLT-00079,56457.2274,839.1636,0.5896,38.1148,485.9513,13.0155,synthetic_prototype_v1
PLT-00080,35124.6226,959.539,6.3612,27.281,253.0716,66.1282,synthetic_prototype_v1
PLT-00081,40369.3047,740.0182,5.8316,27.2129,132.5773,104.4484,synthetic_prototype_v1
PLT-00082,17443.0151,1021.5256,9.1836,25.0067,219.5968,21.4823,synthetic_prototype_v1
PLT-00083,40175.3809,893.6183,8.9168,29.0134,98.3859,29.2282,synthetic_prototype_v1
PLT-00084,17970.7952,601.3685,8.6144,33.6302,340.4671,22.1648,synthetic_prototype_v1
PLT-00085,42267.3108,914.31,5.2178,24.2647,449.4191,121.3265,synthetic_prototype_v1
PLT-00086,59388.7491,953.5657,8.6818,25.6729,124.5074,23.2563,synthetic_prototype_v1
PLT-00087,30417.7216,943.6778,3.0967,26.1094,424.9717,118.3736,synthetic_prototype_v1
PLT-00088,45934.8714,1020.1866,9.6917,25.9446,81.5904,19.5652,synthetic_prototype_v1
PLT-00089,42349.8718,629.3536,2.1375,24.5787,342.0605,76.1584,synthetic_prototype_v1
PLT-00090,49018.6563,499.5863,5.0279,23.8219,229.6898,46.1381,synthetic_prototype_v1
PLT-00091,32119.9272,1037.1733,0.6191,16.2262,362.9936,17.9223,synthetic_prototype_v1
PLT-00092,16259.7168,971.7121,8.9871,33.6121,232.438,17.8762,synthetic_prototype_v1
PLT-00093,24453.7579,849.0932,2.8867,24.925,126.1628,97.6224,synthetic_prototype_v1
PLT-00094,28879.9338,1155.6237,4.0911,25.9479,275.7546,47.0215,synthetic_prototype_v1
PLT-00095,30480.1961,983.8551,5.7617,15.8789,393.7004,15.0626,synthetic_prototype_v1
PLT-00096,15349.8138,984.2126,5.5492,28.3837,493.727,46.2233,synthetic_prototype_v1
PLT-00097,42231.3112,574.2698,9.7053,30.23,92.5898,12.304,synthetic_prototype_v1
PLT-00098,34035.7247,842.9967,4.4801,25.4796,143.4132,152.3813,synthetic_prototype_v1
PLT-00099,27722.3472,750.4214,7.8852,23.6755,87.2744,35.1544,synthetic_prototype_v1
PLT-00100,29436.9019,1110.2093,4.3565,17.253,177.2824,15.8984,synthetic_prototype_v1
PLT-00101,27600.6974,1106.2475,1.7354,38.4913,143.6239,18.3308,synthetic_prototype_v1
PLT-00102,67748.056,1141.1133,0.9302,36.2148,470.4046,13.8036,synthetic_prototype_v1
PLT-00103,7964.2714,784.7265,7.5659,31.5104,413.0654,26.0421,synthetic_prototype_v1
PLT-00104,67234.2307,756.2124,4.5646,27.7572,128.4871,30.5684,synthetic_prototype_v1
PLT-00105,33211.1859,920.9429,5.352,29.2232,166.2402,96.3242,synthetic_prototype_v1
PLT-00106,7174.9627,622.8848,6.4577,20.9276,95.6486,27.0946,synthetic_prototype_v1
PLT-00107,32784.478,904.1216,4.3478,32.3294,272.4668,86.5401,synthetic_prototype_v1
PLT-00108,62900.9324,573.3068,2.7609,34.2079,244.012,15.6948,synthetic_prototype_v1
PLT-00109,14036.2056,688.1164,4.2934,23.8104,414.7184,63.632,synthetic_prototype_v1
PLT-00110,14541.2577,704.2864,3.2309,22.0556,262.3333,50.7141,synthetic_prototype_v1
PLT-00111,12672.3466,516.7954,4.1029,23.7044,162.449,33.7335,synthetic_prototype_v1
PLT-00112,62226.4473,401.3047,9.993,23.0232,257.7806,17.5494,synthetic_prototype_v1
PLT-00113,24873.3775,774.6704,4.8181,24.4326,238.2539,115.5035,synthetic_prototype_v1
PLT-00114,43918.5982,411.2757,9.3963,15.8571,252.2945,10.0,synthetic_prototype_v1
PLT-00115,32056.9015,922.1024,8.4608,24.1209,232.3032,35.5022,synthetic_prototype_v1
PLT-00116,31359.3041,847.8333,3.077,30.0681,341.0554,121.0903,synthetic_prototype_v1
PLT-00117,37472.937,747.2285,0.5887,24.1421,297.669,59.3066,synthetic_prototype_v1
PLT-00118,42813.3953,1033.9401,3.2008,22.453,412.7229,65.9009,synthetic_prototype_v1
PLT-00119,15261.5959,1167.745,6.5525,26.203,483.8521,21.3159,synthetic_prototype_v1
PLT-00120,30726.5865,725.9707,4.0797,26.3138,400.9169,163.5724,synthetic_prototype_v1
PLT-00121,60799.6042,1012.8267,7.3736,31.8618,233.9948,22.9955,synthetic_prototype_v1
PLT-00122,72520.8575,908.0063,4.4647,33.4897,345.6143,26.9803,synthetic_prototype_v1
PLT-00123,74750.2511,1126.1567,8.0879,39.576,390.3456,10.0,synthetic_prototype_v1
PLT-00124,30318.4683,713.1105,4.0088,29.6008,163.5681,123.2791,synthetic_prototype_v1
PLT-00125,46409.0112,706.3908,6.6082,21.317,146.4542,50.5359,synthetic_prototype_v1
PLT-00126,5292.061,443.4329,4.0998,34.0857,227.4992,17.6442,synthetic_prototype_v1
PLT-00127,58251.266,984.171,4.135,29.9444,224.6615,44.3038,synthetic_prototype_v1
PLT-00128,53255.7614,783.9102,6.195,21.4585,314.158,47.0482,synthetic_prototype_v1
PLT-00129,53969.1595,468.4461,8.7536,28.7621,249.3328,24.0359,synthetic_prototype_v1
PLT-00130,12260.7612,1163.0799,7.1435,19.2796,219.6824,19.3886,synthetic_prototype_v1
PLT-00131,29092.4024,946.2372,3.7478,22.865,394.2057,107.1889,synthetic_prototype_v1
PLT-00132,28256.9811,708.8922,4.6117,28.4588,338.0568,134.1084,synthetic_prototype_v1
PLT-00133,53850.1249,572.2857,2.5316,35.4941,182.8367,14.3748,synthetic_prototype_v1
PLT-00134,51244.3868,590.696,7.2118,20.8354,358.6095,32.7696,synthetic_prototype_v1
PLT-00135,32865.7406,882.5637,0.6423,18.4527,456.9398,33.9139,synthetic_prototype_v1
PLT-00136,59427.5728,887.3589,1.0246,33.1094,427.3257,20.6955,synthetic_prototype_v1
PLT-00137,28867.9506,818.2631,5.3095,30.2745,375.3889,109.0738,synthetic_prototype_v1
PLT-00138,32804.3967,832.1503,3.1574,25.4064,274.5918,162.6833,synthetic_prototype_v1
PLT-00139,51526.8282,1145.4357,4.2634,34.8939,459.0721,19.7018,synthetic_prototype_v1
PLT-00140,44870.9689,1101.7403,7.2858,32.464,397.5269,26.2086,synthetic_prototype_v1
PLT-00141,69022.263,993.4567,6.8772,37.4387,108.8574,15.2284,synthetic_prototype_v1
PLT-00142,38455.467,1124.1491,7.1495,24.7578,90.4325,27.7014,synthetic_prototype_v1
PLT-00143,78561.5859,1081.7434,7.0727,25.7826,169.4862,20.6397,synthetic_prototype_v1
PLT-00144,8672.2782,1135.3279,3.072,23.0373,382.3837,22.903,synthetic_prototype_v1
PLT-00145,63597.0527,595.8838,9.0242,21.4787,317.5284,20.6812,synthetic_prototype_v1
PLT-00146,57650.1636,1099.8585,5.6836,33.5716,181.2355,22.759,synthetic_prototype_v1
PLT-00147,42395.0029,1089.4601,5.9876,39.6843,207.5049,20.0095,synthetic_prototype_v1
PLT-00148,16424.5033,576.0387,2.267,20.3124,127.7063,31.2103,synthetic_prototype_v1
PLT-00149,6059.355,853.5433,3.4582,23.1709,279.1914,38.9378,synthetic_prototype_v1
PLT-00150,25855.1073,617.4648,5.6147,25.6499,347.555,74.2547,synthetic_prototype_v1
PLT-00151,46046.2131,1062.7976,1.598,25.0999,289.1251,42.1201,synthetic_prototype_v1
PLT-00152,43981.5245,804.5869,4.3149,23.854,398.7232,147.7414,synthetic_prototype_v1
PLT-00153,9154.6557,897.1667,6.5094,25.6076,138.1696,33.3895,synthetic_prototype_v1
PLT-00154,10185.3622,442.6808,4.1437,35.6348,126.8519,13.666,synthetic_prototype_v1
PLT-00155,35188.3638,823.7647,3.1406,28.6441,365.7077,153.3239,synthetic_prototype_v1
PLT-00156,45795.6878,1025.8496,3.97,24.9567,179.9853,73.5806,synthetic_prototype_v1
PLT-00157,6482.4834,441.4441,2.0869,34.4698,176.4838,16.807,synthetic_prototype_v1
PLT-00158,27148.6853,871.3506,4.9629,23.9945,101.2414,113.2474,synthetic_prototype_v1
PLT-00159,49167.2686,657.2538,1.3999,23.9627,390.0386,45.8255,synthetic_prototype_v1
PLT-00160,31940.3298,963.0158,8.3013,22.6204,272.9388,30.1367,synthetic_prototype_v1
PLT-00161,45651.3137,642.5322,3.9707,25.0233,387.6846,103.6556,synthetic_prototype_v1
PLT-00162,44901.612,866.5232,0.5,27.1656,252.3801,52.8374,synthetic_prototype_v1
PLT-00163,79181.8955,688.7222,8.6153,22.9471,221.6819,20.4276,synthetic_prototype_v1
PLT-00164,37129.4484,904.8225,3.6695,28.9241,401.2877,137.7464,synthetic_prototype_v1
PLT-00165,9786.2942,1088.7089,0.8597,31.4832,87.6039,21.0828,synthetic_prototype_v1
PLT-00166,48720.1717,843.5418,4.4373,24.0163,154.1092,100.8141,synthetic_prototype_v1
PLT-00167,61843.2739,854.2049,0.6711,26.2185,85.6227,28.1325,synthetic_prototype_v1
PLT-00168,7967.0156,872.2954,9.7229,25.3218,197.3231,13.3782,synthetic_prototype_v1
PLT-00169,12942.3053,989.0833,6.2095,29.7934,323.2678,29.9311,synthetic_prototype_v1
PLT-00170,64305.348,1041.4415,7.2117,20.4864,243.7798,20.1458,synthetic_prototype_v1
PLT-00171,46579.9268,812.6876,8.567,18.2878,139.9836,24.2381,synthetic_prototype_v1
PLT-00172,46185.8288,437.9788,3.2654,25.3765,482.9536,42.3542,synthetic_prototype_v1
PLT-00173,28111.7031,816.0216,3.6778,26.7339,334.0736,156.5656,synthetic_prototype_v1
PLT-00174,15884.7691,753.5209,0.6463,17.0873,393.0705,18.0902,synthetic_prototype_v1
PLT-00175,32972.2643,684.2034,4.6287,25.2441,287.9043,139.9632,synthetic_prototype_v1
PLT-00176,73145.6185,717.0879,6.9399,27.8191,160.6702,18.7952,synthetic_prototype_v1
PLT-00177,76250.1328,573.8654,8.563,33.563,290.5617,22.7496,synthetic_prototype_v1
PLT-00178,27265.7356,427.5768,1.883,24.9285,57.9065,30.6884,synthetic_prototype_v1
PLT-00179,64268.2367,496.2286,0.8858,22.8953,160.8094,24.0117,synthetic_prototype_v1
PLT-00180,57219.9229,939.9848,4.0962,26.5304,204.128,50.3626,synthetic_prototype_v1
PLT-00181,53116.0403,846.8513,5.5182,37.754,115.5934,15.9032,synthetic_prototype_v1
PLT-00182,66666.016,1011.8504,1.0585,36.6548,119.0311,19.0297,synthetic_prototype_v1
PLT-00183,15752.2365,767.528,4.6887,27.5589,183.0461,69.4267,synthetic_prototype_v1
PLT-00184,47595.0673,603.8179,9.9155,25.6124,345.2618,14.6759,synthetic_prototype_v1
PLT-00185,35697.5228,950.9568,5.5834,30.8488,180.4349,69.2108,synthetic_prototype_v1
PLT-00186,31057.4839,539.7142,3.7132,30.3467,144.9099,54.927,synthetic_prototype_v1
PLT-00187,38269.3841,687.331,3.917,27.0063,406.5025,154.7825,synthetic_prototype_v1
PLT-00188,76238.8535,992.117,1.775,17.7632,247.6883,15.5591,synthetic_prototype_v1
PLT-00189,27420.7738,646.9988,5.3803,37.3156,165.3291,16.0603,synthetic_prototype_v1
PLT-00190,73274.5183,526.824,6.6834,37.0526,150.3335,14.5033,synthetic_prototype_v1
PLT-00191,23018.6711,518.8959,3.6067,37.2822,141.1799,18.6771,synthetic_prototype_v1
PLT-00192,43287.9538,969.7508,3.4088,30.2081,374.6771,79.5719,synthetic_prototype_v1
PLT-00193,30478.4888,882.8397,3.8679,18.1349,393.2445,66.2708,synthetic_prototype_v1
PLT-00194,63717.8956,626.5081,1.3096,21.8432,365.1363,21.554,synthetic_prototype_v1
PLT-00195,63118.0928,825.1425,3.1036,17.3411,436.0875,15.3378,synthetic_prototype_v1
PLT-00196,21439.1912,1006.4169,3.2682,32.9217,348.9729,37.3702,synthetic_prototype_v1
PLT-00197,25804.9377,1092.1439,3.806,22.1761,374.4029,49.6771,synthetic_prototype_v1
PLT-00198,25694.2882,1191.5519,1.842,18.3582,185.8708,23.9953,synthetic_prototype_v1
PLT-00199,63460.8156,898.4572,0.7235,26.303,445.2561,21.2224,synthetic_prototype_v1
PLT-00200,33576.592,1189.5557,6.8476,18.7422,247.4263,23.3977,synthetic_prototype_v1
PLT-00201,65432.9524,435.0866,9.0246,32.5416,336.0939,18.4699,synthetic_prototype_v1
PLT-00202,30105.0559,803.4438,3.1463,25.2092,167.3924,147.8355,synthetic_prototype_v1
PLT-00203,21888.325,844.4468,4.1591,20.4329,158.1374,68.2472,synthetic_prototype_v1
PLT-00204,50377.056,951.5629,3.7442,27.9249,284.545,82.5761,synthetic_prototype_v1
PLT-00205,31563.6769,663.9915,4.6196,25.0484,306.4118,126.0842,synthetic_prototype_v1
PLT-00206,56667.6089,922.7162,5.427,30.9328,222.1617,35.3574,synthetic_prototype_v1
PLT-00207,71984.0841,1145.4594,1.4778,21.3266,168.8273,21.7121,synthetic_prototype_v1
PLT-00208,44150.7075,807.8735,3.3849,22.9274,303.8502,124.6578,synthetic_prototype_v1
PLT-00209,41802.54,851.633,2.8168,29.8901,156.5122,102.4582,synthetic_prototype_v1
PLT-00210,8816.0551,1151.7762,7.3692,30.976,129.3976,20.7413,synthetic_prototype_v1
PLT-00211,78365.3323,547.5773,8.467,27.4925,176.0119,26.8004,synthetic_prototype_v1
PLT-00212,36330.2292,962.2172,5.3337,23.6178,386.1623,94.1829,synthetic_prototype_v1
PLT-00213,37448.1066,774.201,2.7664,23.5141,133.8047,126.1462,synthetic_prototype_v1
PLT-00214,15033.9819,1049.5052,0.6723,21.7032,261.0944,22.6434,synthetic_prototype_v1
PLT-00215,34814.3768,489.2171,9.9218,31.5989,263.6706,13.8634,synthetic_prototype_v1
PLT-00216,39709.9524,919.0199,3.9439,15.6532,302.5915,28.8138,synthetic_prototype_v1
PLT-00217,32930.7251,816.379,2.8294,26.8988,100.0381,131.0907,synthetic_prototype_v1
PLT-00218,42214.1237,963.714,3.6486,23.5148,377.976,100.57,synthetic_prototype_v1
PLT-00219,78635.4461,523.443,6.7661,39.5661,294.3681,19.4785,synthetic_prototype_v1
PLT-00220,38984.7982,991.8977,3.4439,21.1671,276.1868,72.0946,synthetic_prototype_v1
PLT-00221,6735.5071,757.7004,0.9783,23.7399,193.8979,23.0504,synthetic_prototype_v1
PLT-00222,33145.8605,1067.9555,6.0364,35.9498,263.8279,15.4991,synthetic_prototype_v1
PLT-00223,7460.75,834.4534,0.8501,28.352,298.1544,29.9653,synthetic_prototype_v1
PLT-00224,55124.8056,652.4294,4.7988,23.1342,243.2383,51.2676,synthetic_prototype_v1
PLT-00225,40626.6833,932.9737,1.7917,15.6067,91.8043,22.8648,synthetic_prototype_v1
PLT-00226,40076.3342,665.3088,3.5381,33.5118,128.1857,50.73,synthetic_prototype_v1
PLT-00227,52401.4377,681.8911,2.2403,32.0692,345.4483,37.5744,synthetic_prototype_v1
PLT-00228,38618.0475,1036.5669,3.653,22.8011,375.4804,78.8244,synthetic_prototype_v1
PLT-00229,79982.4003,814.0042,7.7674,33.1279,357.6991,16.7922,synthetic_prototype_v1
PLT-00230,25636.4394,647.3998,4.5792,18.3849,215.2812,49.3341,synthetic_prototype_v1
PLT-00231,11086.55,415.5249,8.4046,32.5539,374.2729,20.9383,synthetic_prototype_v1
PLT-00232,32834.0257,669.9975,4.7236,25.0867,398.2209,146.143,synthetic_prototype_v1
PLT-00233,31415.937,979.3534,3.5127,21.0063,314.5204,79.3812,synthetic_prototype_v1
PLT-00234,23622.0686,1119.6805,1.7884,26.2187,54.8898,29.0581,synthetic_prototype_v1
PLT-00235,12981.4649,463.6045,4.5769,30.935,153.0857,22.4543,synthetic_prototype_v1
PLT-00236,77142.3248,1096.5867,1.3793,22.6266,397.0453,21.3812,synthetic_prototype_v1
PLT-00237,66995.8613,510.0451,7.7063,32.1038,285.231,21.9992,synthetic_prototype_v1
PLT-00238,7638.1987,912.3,8.868,29.929,311.1054,21.7026,synthetic_prototype_v1
PLT-00239,29562.1673,523.9881,9.8206,38.4427,183.0911,13.253,synthetic_prototype_v1
PLT-00240,61424.6686,1054.2527,7.1863,16.4134,455.8795,16.2062,synthetic_prototype_v1
PLT-00241,12436.7728,751.8826,4.1911,22.2213,279.9183,55.7095,synthetic_prototype_v1
PLT-00242,38533.6659,776.1114,3.709,23.8927,387.3751,163.0156,synthetic_prototype_v1
PLT-00243,32294.189,954.846,4.064,27.9005,222.4247,117.3525,synthetic_prototype_v1
PLT-00244,31309.4701,779.3961,3.9683,27.6647,364.653,173.9304,synthetic_prototype_v1
PLT-00245,37064.2812,975.9287,2.4473,23.6746,427.6043,88.386,synthetic_prototype_v1
PLT-00246,29186.7831,492.8794,4.8295,31.2412,115.837,39.0034,synthetic_prototype_v1
PLT-00247,41984.8516,766.5149,2.1123,25.4681,253.3809,111.3028,synthetic_prototype_v1
PLT-00248,26092.5338,1095.7474,6.1586,23.9998,227.3235,34.2317,synthetic_prototype_v1
PLT-00249,55873.2956,1151.62,9.4496,28.5181,326.189,19.7108,synthetic_prototype_v1
PLT-00250,48807.3477,809.8312,1.3216,31.2905,457.9108,41.3977,synthetic_prototype_v1
PLT-00251,31092.5582,1062.5556,5.4487,35.6349,157.5893,17.8088,synthetic_prototype_v1
PLT-00252,68149.4908,604.1492,5.7297,22.904,318.1822,23.4092,synthetic_prototype_v1
PLT-00253,76703.4995,1092.1468,8.4855,23.423,350.4104,26.6308,synthetic_prototype_v1
PLT-00254,51636.637,721.71,3.1298,27.7037,346.919,85.0876,synthetic_prototype_v1
PLT-00255,25972.7247,508.822,7.0634,15.6668,460.1401,17.5129,synthetic_prototype_v1
PLT-00256,45025.1072,776.5846,2.6913,25.7738,205.1372,107.1762,synthetic_prototype_v1
PLT-00257,32315.4864,741.4005,3.6552,29.2432,329.49,143.0203,synthetic_prototype_v1
PLT-00258,55828.1461,484.6516,5.1842,28.1291,83.7751,28.3243,synthetic_prototype_v1
PLT-00259,40122.0601,660.6919,0.5,25.8641,448.4275,48.1179,synthetic_prototype_v1
PLT-00260,26745.6185,534.2364,1.4534,22.927,433.4223,38.2398,synthetic_prototype_v1
PLT-00261,73647.407,786.7749,6.2702,34.8396,87.2935,16.8858,synthetic_prototype_v1
PLT-00262,67207.1461,1029.5529,1.7271,19.2584,364.1249,23.3323,synthetic_prototype_v1
PLT-00263,44856.0359,1068.4104,1.8864,33.4451,104.1949,27.2025,synthetic_prototype_v1
PLT-00264,13551.4394,589.0988,2.4579,30.8773,300.6928,34.7218,synthetic_prototype_v1
PLT-00265,19893.7748,1062.1925,8.6353,29.0053,433.0978,24.2716,synthetic_prototype_v1
PLT-00266,27919.4084,994.8455,5.433,30.6225,439.6363,55.8659,synthetic_prototype_v1
PLT-00267,31881.5365,825.2823,1.8345,27.9748,431.2124,102.2737,synthetic_prototype_v1
PLT-00268,47713.0112,737.1139,2.4605,28.1621,300.9744,87.5367,synthetic_prototype_v1
PLT-00269,41145.0198,709.2401,4.4111,21.0533,386.9489,102.4281,synthetic_prototype_v1
PLT-00270,31461.8415,465.5519,3.7916,27.6021,445.4393,57.3592,synthetic_prototype_v1
PLT-00271,40559.9506,564.2079,1.1635,25.0275,284.4526,46.7578,synthetic_prototype_v1
PLT-00272,29532.2417,771.0433,5.8252,26.2017,398.2619,121.2131,synthetic_prototype_v1
PLT-00273,78878.5023,432.3992,5.5334,28.3593,112.1427,20.697,synthetic_prototype_v1
PLT-00274,55928.8667,528.9538,9.9191,39.1603,445.9395,11.971,synthetic_prototype_v1
PLT-00275,54825.8651,552.0766,9.5177,19.4283,179.7436,13.3231,synthetic_prototype_v1
PLT-00276,39948.8865,814.3029,6.7898,30.5978,340.1476,57.3395,synthetic_prototype_v1
PLT-00277,68450.5671,527.7908,7.1084,34.8118,279.0763,19.8288,synthetic_prototype_v1
PLT-00278,34651.3675,828.1076,2.8518,26.685,167.9484,146.1317,synthetic_prototype_v1
PLT-00279,22305.9729,499.6882,5.1937,38.8484,338.8666,15.3356,synthetic_prototype_v1
PLT-00280,48532.8723,1006.1732,1.5536,36.9882,470.7432,15.6163,synthetic_prototype_v1
PLT-00281,71940.6121,533.3089,5.9517,27.2176,116.0349,24.8142,synthetic_prototype_v1
PLT-00282,5080.0599,1014.8136,3.7418,22.5825,404.0892,28.1597,synthetic_prototype_v1
PLT-00283,5552.1702,736.1303,1.0903,35.994,452.88,13.2993,synthetic_prototype_v1
PLT-00284,28463.0283,785.2059,3.1748,29.8258,127.361,110.8915,synthetic_prototype_v1
PLT-00285,6833.8131,1059.3912,7.6362,37.9082,226.0955,14.9797,synthetic_prototype_v1
PLT-00286,22545.4614,777.5046,8.6672,17.0875,425.7295,13.4705,synthetic_prototype_v1
PLT-00287,48698.3262,1195.4229,6.2818,38.9101,82.8512,13.0967,synthetic_prototype_v1
PLT-00288,38394.2529,1092.9363,9.6688,22.7056,361.7268,19.7367,synthetic_prototype_v1
PLT-00289,60889.1096,547.448,0.957,31.7105,104.8932,23.3278,synthetic_prototype_v1
PLT-00290,43966.2199,423.2573,6.989,30.0219,279.8536,22.9951,synthetic_prototype_v1
PLT-00291,47407.3033,628.8964,4.1631,27.0843,445.1858,90.0183,synthetic_prototype_v1
PLT-00292,71751.4593,818.7391,5.9071,22.4739,350.6873,30.8601,synthetic_prototype_v1
PLT-00293,57483.1958,756.8254,7.1124,39.1135,170.4249,16.3969,synthetic_prototype_v1
PLT-00294,24977.9624,749.5495,3.8829,27.4252,337.6791,132.3746,synthetic_prototype_v1
PLT-00295,29036.8371,592.3788,4.8062,16.6888,443.1629,23.1596,synthetic_prototype_v1
PLT-00296,37558.6137,705.7525,5.3866,24.2231,101.3338,110.9991,synthetic_prototype_v1
PLT-00297,54456.6976,958.7428,4.4584,21.4088,82.8802,43.5419,synthetic_prototype_v1
PLT-00298,53809.5942,921.359,9.8309,33.2834,228.3716,11.784,synthetic_prototype_v1
PLT-00299,15127.8572,824.6051,4.3738,31.6843,247.4864,51.2443,synthetic_prototype_v1
PLT-00300,64019.3283,1051.1325,2.9522,29.531,405.5355,29.6386,synthetic_prototype_v1
PLT-00301,78660.8222,542.2516,2.9589,16.2461,235.9148,13.647,synthetic_prototype_v1
PLT-00302,27571.1519,630.2472,4.1555,19.8822,268.7732,61.4412,synthetic_prototype_v1
PLT-00303,53686.1788,880.6439,4.9649,28.8414,291.3368,64.2216,synthetic_prototype_v1
PLT-00304,40004.0753,848.2991,1.8075,34.7569,100.1528,23.0482,synthetic_prototype_v1
PLT-00305,25106.3829,787.4525,1.078,38.1996,138.1974,11.8869,synthetic_prototype_v1
PLT-00306,36076.5329,658.5026,8.245,39.1734,333.5835,11.8563,synthetic_prototype_v1
PLT-00307,58655.5347,422.6338,7.4094,15.0565,312.8619,15.7112,synthetic_prototype_v1
PLT-00308,40615.7627,485.8927,9.1264,30.3155,230.7614,15.0159,synthetic_prototype_v1
PLT-00309,14049.1503,873.7416,2.3099,23.379,265.1579,46.2703,synthetic_prototype_v1
PLT-00310,16300.473,878.8228,4.1333,37.0661,472.2339,18.4547,synthetic_prototype_v1
PLT-00311,39133.2662,676.6754,2.347,20.5124,364.3054,74.229,synthetic_prototype_v1
PLT-00312,30076.942,418.1232,7.0848,30.8844,460.1213,23.6519,synthetic_prototype_v1
PLT-00313,53944.0505,871.832,9.1948,23.9043,499.3352,18.2936,synthetic_prototype_v1
PLT-00314,35952.524,696.659,3.7766,26.7956,419.8541,162.8846,synthetic_prototype_v1
PLT-00315,55761.8119,1012.0754,2.6972,22.299,298.5518,45.9464,synthetic_prototype_v1
PLT-00316,27935.0172,1198.6048,6.9692,31.7591,367.3658,25.0446,synthetic_prototype_v1
PLT-00317,24024.838,1057.2905,2.1514,36.6166,386.186,21.356,synthetic_prototype_v1
PLT-00318,30459.6878,921.8787,3.4872,30.3617,303.2012,109.5793,synthetic_prototype_v1
PLT-00319,23186.214,430.9781,4.8506,34.9791,153.6351,16.4566,synthetic_prototype_v1
PLT-00320,61798.282,847.9831,6.1025,26.4897,164.1953,35.2614,synthetic_prototype_v1
PLT-00321,44327.3811,1088.6131,2.3329,28.7247,208.8584,42.8317,synthetic_prototype_v1
PLT-00322,15725.5551,790.3809,3.021,33.6044,409.9359,42.0522,synthetic_prototype_v1
PLT-00323,67419.4851,632.8403,4.8772,17.6768,295.1511,13.9826,synthetic_prototype_v1
PLT-00324,40348.9211,1034.9237,3.4334,28.5823,274.0016,79.0782,synthetic_prototype_v1
PLT-00325,32695.4631,779.1876,9.1448,33.1721,496.4898,20.9726,synthetic_prototype_v1
PLT-00326,71480.2165,556.3357,1.4235,24.8278,190.5883,25.1394,synthetic_prototype_v1
PLT-00327,14294.442,682.5503,4.3423,30.7216,301.3488,49.6284,synthetic_prototype_v1
PLT-00328,39876.0599,1056.0838,7.2144,26.2091,454.1703,35.7061,synthetic_prototype_v1
PLT-00329,72686.7476,571.0545,3.0265,19.8286,77.2539,23.3617,synthetic_prototype_v1
PLT-00330,70631.3149,418.6328,3.5292,18.5335,455.4685,17.9368,synthetic_prototype_v1
PLT-00331,5300.5704,927.0769,7.7207,18.8629,327.284,15.6633,synthetic_prototype_v1
PLT-00332,26067.2289,750.653,9.9028,25.2212,490.0673,17.2696,synthetic_prototype_v1
PLT-00333,32495.6289,461.3109,3.8398,23.3581,321.3011,50.1908,synthetic_prototype_v1
PLT-00334,27862.6242,777.4079,5.5034,29.5584,237.0062,97.6224,synthetic_prototype_v1
PLT-00335,18040.7749,865.9777,5.3663,23.2481,342.981,75.8901,synthetic_prototype_v1
PLT-00336,43635.0033,757.7592,2.6096,20.6118,433.8966,81.8928,synthetic_prototype_v1
PLT-00337,63074.1062,656.3639,6.7916,32.2031,162.1056,26.5083,synthetic_prototype_v1
PLT-00338,39392.0482,521.331,8.0949,21.2375,358.8542,27.2362,synthetic_prototype_v1
PLT-00339,66242.6573,928.6946,2.1933,29.4284,364.0407,28.8964,synthetic_prototype_v1
PLT-00340,66367.0514,655.1188,5.7194,35.8007,76.8282,16.9512,synthetic_prototype_v1
PLT-00341,52171.1013,746.7358,2.1847,28.1191,173.2963,62.2914,synthetic_prototype_v1
PLT-00342,37750.0617,919.3672,4.6391,36.4008,406.5714,26.9618,synthetic_prototype_v1
PLT-00343,73216.4183,1093.6045,7.2243,33.079,252.9884,21.695,synthetic_prototype_v1
PLT-00344,10185.4959,550.2886,3.0467,16.1574,371.7919,13.9667,synthetic_prototype_v1
PLT-00345,72162.8433,567.5463,5.6948,37.5786,195.2496,10.0,synthetic_prototype_v1
PLT-00346,30426.7719,882.1315,5.7262,18.3073,65.7249,38.6338,synthetic_prototype_v1
PLT-00347,32861.193,698.3844,1.6195,21.7769,201.1785,64.2308,synthetic_prototype_v1
PLT-00348,14008.2973,995.7626,1.411,31.3306,81.6828,23.8416,synthetic_prototype_v1
PLT-00349,37710.2317,968.1336,5.559,31.2934,221.9606,62.2734,synthetic_prototype_v1
PLT-00350,31272.1429,633.1658,3.0512,28.6617,394.3796,96.1256,synthetic_prototype_v1
PLT-00351,8897.14,1185.0212,6.8008,16.6274,279.7113,11.6173,synthetic_prototype_v1
PLT-00352,43706.5851,578.4289,0.9364,21.6179,405.5211,34.1597,synthetic_prototype_v1
PLT-00353,33373.8511,490.7879,1.5053,39.0479,77.1923,17.5163,synthetic_prototype_v1
PLT-00354,49318.6619,617.6362,3.8992,30.5715,120.6821,56.0115,synthetic_prototype_v1
PLT-00355,14836.6377,657.2979,1.9699,20.6706,452.1147,33.9124,synthetic_prototype_v1
PLT-00356,36692.3532,668.0776,3.807,26.2082,339.1486,149.2395,synthetic_prototype_v1
PLT-00357,10037.5002,931.7122,3.4598,15.4804,345.7875,14.5213,synthetic_prototype_v1
PLT-00358,36478.7059,746.002,4.415,27.5674,117.6982,145.2423,synthetic_prototype_v1
PLT-00359,15790.395,483.4002,7.5295,33.8984,400.0648,25.1697,synthetic_prototype_v1
PLT-00360,52372.1407,873.6023,0.9649,16.5818,384.3684,20.459,synthetic_prototype_v1
PLT-00361,57427.4072,768.858,6.9979,25.8312,125.4681,33.6928,synthetic_prototype_v1
PLT-00362,9547.3057,739.9854,8.28,27.4867,282.3838,24.279,synthetic_prototype_v1
PLT-00363,73911.7395,651.7599,7.0966,25.3876,422.4385,19.7439,synthetic_prototype_v1
PLT-00364,39418.6832,715.5407,6.2198,19.9218,287.1916,60.5483,synthetic_prototype_v1
PLT-00365,36958.9283,704.6154,3.0511,23.6406,141.6185,122.9998,synthetic_prototype_v1
PLT-00366,6325.1586,620.508,7.9595,35.6739,137.0703,13.1668,synthetic_prototype_v1
PLT-00367,29053.666,818.5344,2.0244,20.5656,168.3548,67.3922,synthetic_prototype_v1
PLT-00368,17748.3891,1094.4138,8.0017,38.9741,198.1778,10.0,synthetic_prototype_v1
PLT-00369,75913.9918,1055.9081,5.9659,24.5383,343.2517,19.5338,synthetic_prototype_v1
PLT-00370,14741.7324,973.8756,3.1902,27.2207,302.4359,57.6048,synthetic_prototype_v1
PLT-00371,15619.6916,1061.6064,6.9606,35.7996,471.7577,18.5474,synthetic_prototype_v1
PLT-00372,48683.3556,736.7294,2.1201,24.0244,237.9204,72.0457,synthetic_prototype_v1
PLT-00373,35095.0973,715.2003,5.4831,29.0101,349.1363,119.1001,synthetic_prototype_v1
PLT-00374,59794.0345,829.3365,3.8954,23.9463,180.8396,55.0486,synthetic_prototype_v1
PLT-00375,7316.9628,1072.0456,3.4352,35.3965,87.4166,15.9658,synthetic_prototype_v1
PLT-00376,9979.8709,1040.5375,3.4008,38.0208,85.5273,16.5295,synthetic_prototype_v1
PLT-00377,36445.4291,405.6683,2.591,28.4269,382.936,38.4786,synthetic_prototype_v1
PLT-00378,26818.8379,529.426,1.8807,30.9248,306.0202,33.2488,synthetic_prototype_v1
PLT-00379,39241.0492,487.4169,6.7632,24.6465,156.1084,33.5433,synthetic_prototype_v1
PLT-00380,42745.6518,754.3951,5.6549,27.043,334.7811,110.6418,synthetic_prototype_v1
PLT-00381,33344.8627,729.7565,4.1156,27.0027,323.8918,169.7905,synthetic_prototype_v1
PLT-00382,14816.7748,599.9894,0.6598,34.4174,434.7183,16.2551,synthetic_prototype_v1
PLT-00383,27222.4723,455.6888,7.7034,20.9931,472.1211,23.2048,synthetic_prototype_v1
PLT-00384,28587.3296,994.6168,4.362,23.6305,147.2901,85.5105,synthetic_prototype_v1
PLT-00385,61009.2209,1147.9663,4.8275,31.6533,112.5068,26.0731,synthetic_prototype_v1
PLT-00386,53289.884,794.2702,9.6456,32.5352,108.4757,16.9047,synthetic_prototype_v1
PLT-00387,41665.4489,633.4535,4.4745,22.7092,287.5046,98.1822,synthetic_prototype_v1
PLT-00388,29627.0904,528.8365,4.5795,32.7625,65.621,33.7196,synthetic_prototype_v1
PLT-00389,74049.9394,1040.5704,7.4163,20.7778,163.2653,19.4356,synthetic_prototype_v1
PLT-00390,34776.981,651.0258,3.9156,24.6881,345.2034,124.5548,synthetic_prototype_v1
PLT-00391,57359.0588,603.1129,4.497,38.0969,190.8011,12.7624,synthetic_prototype_v1
PLT-00392,53361.4396,880.2186,9.321,32.6597,62.0341,20.1889,synthetic_prototype_v1
PLT-00393,30143.7147,783.2834,4.6365,26.9836,301.7816,160.9887,synthetic_prototype_v1
PLT-00394,28694.2761,884.3202,4.2257,26.0621,277.2241,153.7257,synthetic_prototype_v1
PLT-00395,31393.0077,937.6811,5.1942,24.2989,256.7904,107.273,synthetic_prototype_v1
PLT-00396,32625.8123,498.3766,2.6256,28.0698,286.5439,55.09,synthetic_prototype_v1
PLT-00397,34025.3915,668.048,3.4243,20.9506,102.9174,86.8421,synthetic_prototype_v1
PLT-00398,53821.8029,662.7819,6.0234,28.9726,426.7666,43.7985,synthetic_prototype_v1
PLT-00399,56194.1092,876.4355,4.8174,38.5946,335.0106,18.2758,synthetic_prototype_v1
PLT-00400,56031.4104,643.9291,4.9597,36.1408,441.3902,17.8694,synthetic_prototype_v1
PLT-00401,24031.2827,816.1741,3.8932,22.7601,171.7998,102.5293,synthetic_prototype_v1
PLT-00402,21414.2457,639.5292,8.1427,20.9723,57.1741,25.7031,synthetic_prototype_v1
PLT-00403,74426.5002,619.9017,7.3777,34.8188,238.8824,17.9328,synthetic_prototype_v1
PLT-00404,43170.0614,879.0867,8.2757,17.2549,374.4745,20.2266,synthetic_prototype_v1
PLT-00405,8019.0305,656.4672,2.3572,34.395,416.9543,11.7532,synthetic_prototype_v1
PLT-00406,6337.7588,697.369,9.4675,17.0875,296.5021,15.4411,synthetic_prototype_v1
PLT-00407,17345.5863,1003.2724,6.677,34.4982,418.0848,16.1615,synthetic_prototype_v1
PLT-00408,27265.1364,1103.1432,8.8605,15.3734,306.249,13.8242,synthetic_prototype_v1
PLT-00409,12496.3892,997.0255,4.086,25.8768,140.6502,47.1257,synthetic_prototype_v1
PLT-00410,51634.4022,445.8424,7.5666,19.451,285.5069,25.9761,synthetic_prototype_v1
PLT-00411,51703.1559,1043.1062,8.478,37.1343,201.6089,12.9714,synthetic_prototype_v1
PLT-00412,54498.9683,744.972,4.1358,21.6154,429.7031,62.5486,synthetic_prototype_v1
PLT-00413,74967.5587,1003.4889,1.9506,25.1402,105.3695,23.1713,synthetic_prototype_v1
PLT-00414,52567.5825,794.7873,9.7047,34.335,212.7483,13.9844,synthetic_prototype_v1
PLT-00415,11731.4926,921.5699,6.5972,39.9324,261.5213,12.0525,synthetic_prototype_v1
PLT-00416,54926.3552,634.3487,0.9477,25.7159,224.992,34.2839,synthetic_prototype_v1
PLT-00417,8856.4366,1036.636,1.9337,25.9315,405.4278,28.9893,synthetic_prototype_v1
PLT-00418,45215.031,1029.4294,8.3213,32.15,219.5158,26.1665,synthetic_prototype_v1
PLT-00419,37212.134,674.2374,3.851,25.4214,134.5076,136.9181,synthetic_prototype_v1
PLT-00420,61227.9313,454.096,5.9521,39.0576,197.3375,13.6647,synthetic_prototype_v1
PLT-00421,11669.6557,924.4753,1.5675,25.4261,232.802,36.3069,synthetic_prototype_v1
PLT-00422,65043.7716,1159.6824,6.7763,21.042,106.7838,23.6411,synthetic_prototype_v1
PLT-00423,46639.8532,575.9948,8.2652,33.2382,78.681,20.3366,synthetic_prototype_v1
PLT-00424,38394.3839,898.757,5.2684,25.6538,324.6103,134.2769,synthetic_prototype_v1
PLT-00425,71742.4255,980.6002,4.1163,26.6128,282.7079,30.8764,synthetic_prototype_v1
PLT-00426,53919.3205,661.5356,6.5744,24.3808,294.7414,41.1744,synthetic_prototype_v1
PLT-00427,17846.8478,1021.3509,1.1113,28.014,169.3411,42.9801,synthetic_prototype_v1
PLT-00428,9486.8253,658.8587,8.1318,21.4623,129.1765,21.9364,synthetic_prototype_v1
PLT-00429,76148.4124,674.9681,3.0328,34.6939,224.5109,20.8081,synthetic_prototype_v1
PLT-00430,36705.0526,431.9535,3.4849,29.0168,369.425,44.1591,synthetic_prototype_v1
PLT-00431,47481.5488,412.4646,2.0303,36.8415,431.9748,20.7641,synthetic_prototype_v1
PLT-00432,24254.1321,620.5323,4.5451,17.6321,175.366,23.4063,synthetic_prototype_v1
PLT-00433,67058.0639,898.8601,7.8303,26.8283,169.3628,20.3435,synthetic_prototype_v1
PLT-00434,8552.938,1091.3109,5.3855,22.7723,357.4985,26.323,synthetic_prototype_v1
PLT-00435,70355.6815,511.5179,7.6973,27.3843,205.4804,25.6717,synthetic_prototype_v1
PLT-00436,37753.8042,773.8187,5.1588,32.3554,164.8391,80.3707,synthetic_prototype_v1
PLT-00437,18181.5403,715.7676,4.2881,22.3998,364.1282,76.1353,synthetic_prototype_v1
PLT-00438,65357.3268,1105.2938,6.7041,21.9166,66.163,18.5719,synthetic_prototype_v1
PLT-00439,6742.0687,703.9987,0.8547,25.088,417.1497,29.7268,synthetic_prototype_v1
PLT-00440,27212.9397,716.7875,1.1771,25.4161,334.9985,68.2307,synthetic_prototype_v1
PLT-00441,28694.6789,681.1287,2.295,39.3209,261.2045,15.155,synthetic_prototype_v1
PLT-00442,45042.9225,561.3504,2.7793,15.0318,110.0743,11.9494,synthetic_prototype_v1
PLT-00443,75753.6763,434.4026,1.5604,17.7299,499.0975,14.3444,synthetic_prototype_v1
PLT-00444,30848.0665,483.3078,4.8037,37.1671,98.7357,14.0419,synthetic_prototype_v1
PLT-00445,77816.3546,696.5026,4.3144,20.406,248.6786,27.7542,synthetic_prototype_v1
PLT-00446,14520.1443,852.1185,9.8603,15.159,268.7882,14.8479,synthetic_prototype_v1
PLT-00447,11204.75,860.236,3.1327,30.5713,480.5859,41.1877,synthetic_prototype_v1
PLT-00448,37560.4376,757.0546,2.5814,25.987,283.8352,143.2991,synthetic_prototype_v1
PLT-00449,42713.8053,882.0341,4.5972,24.4559,181.1137,129.2345,synthetic_prototype_v1
PLT-00450,15482.6308,854.2491,6.1191,30.0549,354.909,52.4706,synthetic_prototype_v1
PLT-00451,26354.0062,728.3532,8.0634,18.1874,182.7306,24.2877,synthetic_prototype_v1
PLT-00452,46442.4626,840.5557,3.3576,24.7269,401.9865,121.7114,synthetic_prototype_v1
PLT-00453,29585.5791,571.4763,9.1814,19.4913,495.5112,22.1803,synthetic_prototype_v1
PLT-00454,56052.751,920.6836,4.2298,30.3406,302.5434,52.3805,synthetic_prototype_v1
PLT-00455,62374.9143,596.7848,8.9138,27.4989,367.2537,17.1674,synthetic_prototype_v1
PLT-00456,46818.7623,900.5462,1.38,15.4888,227.756,15.2108,synthetic_prototype_v1
PLT-00457,55564.6394,797.3902,3.0732,18.0209,283.4203,30.7225,synthetic_prototype_v1
PLT-00458,79611.816,923.1898,3.8717,23.3889,162.613,20.043,synthetic_prototype_v1
PLT-00459,35026.9083,784.0505,5.5414,25.9092,168.7217,131.5286,synthetic_prototype_v1
PLT-00460,40511.7051,688.4521,3.3322,29.932,159.4128,101.3723,synthetic_prototype_v1
PLT-00461,56805.2956,681.2565,3.6753,29.565,175.4253,51.292,synthetic_prototype_v1
PLT-00462,40271.8254,837.546,3.4208,29.1472,159.24,127.2592,synthetic_prototype_v1
PLT-00463,30833.7963,559.1326,4.1121,24.442,123.9907,81.2355,synthetic_prototype_v1
PLT-00464,26453.5476,547.3114,1.5032,36.0814,353.0923,15.42,synthetic_prototype_v1
PLT-00465,41778.0742,674.4613,0.995,26.449,371.6789,62.6772,synthetic_prototype_v1
PLT-00466,74463.6647,822.6515,7.2135,15.3739,412.4883,10.0,synthetic_prototype_v1
PLT-00467,51433.9315,408.1035,7.6791,15.5644,241.4286,12.7825,synthetic_prototype_v1
PLT-00468,24302.9235,717.8671,8.4832,17.3515,461.2046,12.4,synthetic_prototype_v1
PLT-00469,22198.1949,781.1268,3.8596,29.8632,344.1252,98.3692,synthetic_prototype_v1
PLT-00470,60482.752,528.3174,9.3513,26.316,495.2942,19.9103,synthetic_prototype_v1
PLT-00471,20578.794,645.4193,7.1362,16.9767,415.826,19.6515,synthetic_prototype_v1
PLT-00472,19107.8171,877.4699,9.2057,20.6367,192.1828,19.1678,synthetic_prototype_v1
PLT-00473,70061.7974,745.0546,5.9574,33.7834,249.9923,22.0049,synthetic_prototype_v1
PLT-00474,45157.2019,945.3658,3.6533,31.2373,230.2753,69.5398,synthetic_prototype_v1
PLT-00475,12846.1323,1001.059,3.6579,16.8975,77.8914,14.2911,synthetic_prototype_v1
PLT-00476,79383.0857,480.6491,8.6438,19.0593,107.853,16.444,synthetic_prototype_v1
PLT-00477,65899.1151,540.004,5.7793,34.6061,418.6916,13.795,synthetic_prototype_v1
PLT-00478,53942.5439,497.9271,2.1801,29.4071,225.4909,32.3849,synthetic_prototype_v1
PLT-00479,46349.1043,1020.8919,4.7831,26.8568,112.5836,67.8249,synthetic_prototype_v1
PLT-00480,59233.5352,506.7967,4.0539,28.916,418.8872,31.9272,synthetic_prototype_v1
PLT-00481,31937.6963,875.8901,2.0562,28.3866,184.4269,96.6142,synthetic_prototype_v1
PLT-00482,68834.872,400.792,9.9892,39.7267,242.6954,10.1728,synthetic_prototype_v1
PLT-00483,45535.7519,962.9265,8.8935,17.8263,497.9201,18.0725,synthetic_prototype_v1
PLT-00484,39230.2893,651.9028,0.5273,23.3405,402.9974,43.4614,synthetic_prototype_v1
PLT-00485,28412.9983,861.9282,3.2608,24.7868,366.7742,149.9227,synthetic_prototype_v1
PLT-00486,46412.2027,1196.5358,4.9145,32.4298,473.3755,23.0779,synthetic_prototype_v1
PLT-00487,41911.4912,598.3576,6.8685,21.0296,468.4118,36.9204,synthetic_prototype_v1
PLT-00488,38014.1221,711.3426,5.3095,24.6253,123.2653,117.7055,synthetic_prototype_v1
PLT-00489,53186.2457,736.0669,2.9216,38.2889,431.2012,16.8472,synthetic_prototype_v1
PLT-00490,29166.1755,1102.6518,7.4079,22.6072,60.987,30.2971,synthetic_prototype_v1
PLT-00491,35235.5153,551.8145,4.6206,38.7585,448.9353,10.5606,synthetic_prototype_v1
PLT-00492,5804.5734,977.0951,1.9811,20.3176,225.0636,22.9261,synthetic_prototype_v1
PLT-00493,16477.5071,617.713,5.9466,28.9038,205.1719,48.5076,synthetic_prototype_v1
PLT-00494,34746.026,677.2371,4.4592,24.26,290.7578,142.532,synthetic_prototype_v1
PLT-00495,48518.0163,627.2047,7.8493,18.0103,283.3696,16.3053,synthetic_prototype_v1
PLT-00496,39745.8425,815.7447,2.2826,27.9532,273.0677,121.8212,synthetic_prototype_v1
PLT-00497,23062.1044,967.1556,2.655,16.573,82.2387,21.757,synthetic_prototype_v1
PLT-00498,43593.7289,876.9915,4.5457,15.3616,111.7303,20.9069,synthetic_prototype_v1
PLT-00499,52212.4384,837.2856,3.2554,25.2001,211.6986,86.4878,synthetic_prototype_v1
PLT-00500,38037.9387,940.6685,3.9505,28.4968,125.0548,107.193,synthetic_prototype_v1
PLT-00501,54163.8304,1052.6667,0.8535,18.6841,170.5063,21.9435,synthetic_prototype_v1
PLT-00502,52329.9082,897.437,1.67,38.351,165.1095,12.245,synthetic_prototype_v1
PLT-00503,47558.6085,671.73,1.3868,22.3402,124.9497,47.7365,synthetic_prototype_v1
PLT-00504,24984.7488,1138.2915,7.9667,30.0215,340.5006,23.9412,synthetic_prototype_v1
PLT-00505,46267.9769,741.9434,8.6138,24.461,112.9768,24.9504,synthetic_prototype_v1
PLT-00506,65202.8732,733.0508,6.8956,37.2929,156.4622,17.7948,synthetic_prototype_v1
PLT-00507,61292.3712,726.5305,4.8015,32.0598,324.8706,31.2141,synthetic_prototype_v1
PLT-00508,58120.6655,729.9569,5.4306,26.0406,266.4077,54.0419,synthetic_prototype_v1
PLT-00509,75195.3125,676.6804,0.7453,34.35,86.7683,10.7476,synthetic_prototype_v1
PLT-00510,35367.2503,783.633,3.3688,25.3994,119.0372,153.5706,synthetic_prototype_v1
PLT-00511,57613.6482,824.7271,3.7648,20.1325,236.1316,45.4166,synthetic_prototype_v1
PLT-00512,18887.3946,998.492,5.335,26.3949,114.7496,54.7684,synthetic_prototype_v1
PLT-00513,16284.0509,676.9716,1.9782,21.0958,373.7905,41.7988,synthetic_prototype_v1
PLT-00514,54034.603,648.5913,4.6863,26.7128,168.0826,62.6671,synthetic_prototype_v1
PLT-00515,16547.2687,1094.0783,1.9894,24.2134,172.0836,32.2833,synthetic_prototype_v1
PLT-00516,25184.7876,829.0558,2.6635,29.7659,474.6358,95.7959,synthetic_prototype_v1
PLT-00517,68199.0966,499.5591,6.3033,18.9575,368.0191,18.7956,synthetic_prototype_v1
PLT-00518,15484.7749,484.7539,4.553,36.0397,228.2248,15.1079,synthetic_prototype_v1
PLT-00519,27019.5318,777.7156,5.9847,31.2055,267.7887,75.3957,synthetic_prototype_v1
PLT-00520,30022.8319,859.0762,2.344,20.0604,410.3253,71.2408,synthetic_prototype_v1
PLT-00521,61801.2075,420.4255,8.464,24.028,110.6184,19.3171,synthetic_prototype_v1
PLT-00522,33357.6422,704.5091,1.5551,25.4545,349.7978,94.6582,synthetic_prototype_v1
PLT-00523,33837.8283,594.1392,2.8687,38.307,488.6984,17.4735,synthetic_prototype_v1
PLT-00524,34398.5065,794.3736,2.3972,28.1295,281.3573,130.9896,synthetic_prototype_v1
PLT-00525,73943.4187,726.3397,0.6871,22.8092,154.7747,16.2812,synthetic_prototype_v1
PLT-00526,8543.7754,645.7609,5.7674,16.1153,319.7675,13.1667,synthetic_prototype_v1
PLT-00527,42846.3121,1092.3674,4.2865,23.7296,235.5754,57.7249,synthetic_prototype_v1
PLT-00528,60009.9832,641.4283,9.3026,22.3848,394.4059,20.2579,synthetic_prototype_v1
PLT-00529,35470.5522,802.5568,2.4477,31.5596,351.7222,81.8603,synthetic_prototype_v1
PLT-00530,8121.063,534.3504,1.8801,36.1386,453.2459,12.3992,synthetic_prototype_v1
PLT-00531,35414.2501,705.5297,4.6616,26.1838,100.6961,133.0199,synthetic_prototype_v1
PLT-00532,26422.3723,696.2728,2.2639,22.7658,270.6256,81.7979,synthetic_prototype_v1
PLT-00533,73234.8182,770.4374,7.4461,15.3457,139.9946,14.0601,synthetic_prototype_v1
PLT-00534,18552.9647,1152.9389,7.1338,36.5167,280.9503,18.3414,synthetic_prototype_v1
PLT-00535,65072.289,702.3909,3.3848,31.3889,245.0394,27.3089,synthetic_prototype_v1
PLT-00536,32674.1415,691.3558,6.6701,28.6151,55.4732,55.6307,synthetic_prototype_v1
PLT-00537,15105.6158,681.1184,2.0088,26.9739,298.1374,43.4344,synthetic_prototype_v1
PLT-00538,71028.5225,896.0252,1.9859,29.2779,449.2454,23.6591,synthetic_prototype_v1
PLT-00539,42491.2317,670.1693,5.5902,27.5839,137.5445,90.3271,synthetic_prototype_v1
PLT-00540,33155.2621,754.102,3.8962,24.7114,386.3623,174.9114,synthetic_prototype_v1
PLT-00541,73486.5313,452.2218,3.5569,38.6717,157.1165,10.0,synthetic_prototype_v1
PLT-00542,76339.5995,839.1101,3.2989,25.3308,111.715,17.7639,synthetic_prototype_v1
PLT-00543,60857.1617,465.9424,8.1024,39.1789,51.774,14.1901,synthetic_prototype_v1
PLT-00544,61269.9491,793.0428,2.4425,16.9544,80.603,16.1803,synthetic_prototype_v1
PLT-00545,15792.3127,876.6864,1.8921,15.6494,406.2077,14.0347,synthetic_prototype_v1
PLT-00546,27686.0211,848.5223,1.5776,36.8961,361.8052,16.8838,synthetic_prototype_v1
PLT-00547,39564.5034,764.845,3.8819,28.3441,124.816,139.0169,synthetic_prototype_v1
PLT-00548,38725.18,810.2459,6.075,27.5443,217.7024,103.803,synthetic_prototype_v1
PLT-00549,12419.3379,888.0196,6.2662,15.8832,298.2235,17.6956,synthetic_prototype_v1
PLT-00550,49709.2445,861.0774,3.4678,28.0064,407.0918,96.1035,synthetic_prototype_v1
PLT-00551,27676.4372,911.1975,2.3789,27.8324,314.8875,99.2611,synthetic_prototype_v1
PLT-00552,52597.1838,887.0462,7.6671,38.1424,200.9216,20.3149,synthetic_prototype_v1
PLT-00553,13838.2926,1117.2855,9.4045,33.7148,448.7721,19.5958,synthetic_prototype_v1
PLT-00554,64606.2919,740.3381,8.7032,23.6395,436.9343,21.9533,synthetic_prototype_v1
PLT-00555,19478.1118,757.9073,4.0678,24.1137,412.3829,100.9227,synthetic_prototype_v1
PLT-00556,28434.9975,733.2743,4.9423,27.1911,417.1908,143.0924,synthetic_prototype_v1
PLT-00557,70861.0568,798.1577,5.3037,22.8917,212.5895,22.5001,synthetic_prototype_v1
PLT-00558,14206.8449,991.8649,9.7945,17.3484,327.3401,18.5678,synthetic_prototype_v1
PLT-00559,27052.4119,672.7802,4.3369,25.3974,173.4352,125.221,synthetic_prototype_v1
PLT-00560,53951.5051,967.6956,4.329,24.4999,396.9238,61.3208,synthetic_prototype_v1
PLT-00561,62085.4776,891.359,0.9948,34.5258,401.9148,18.1563,synthetic_prototype_v1
PLT-00562,52250.8883,908.433,5.8457,24.3219,376.0841,60.5645,synthetic_prototype_v1
PLT-00563,12625.3927,501.487,7.5859,17.5511,493.5479,15.3647,synthetic_prototype_v1
PLT-00564,13677.8125,665.0214,7.0844,25.1705,269.1359,31.0811,synthetic_prototype_v1
PLT-00565,38912.2416,963.5177,4.4856,23.7453,224.6544,106.7284,synthetic_prototype_v1
PLT-00566,30299.6442,705.0511,2.7763,28.8174,434.8393,121.0634,synthetic_prototype_v1
PLT-00567,17453.8353,886.1811,4.5877,24.5113,270.2903,81.7443,synthetic_prototype_v1
PLT-00568,27520.3934,731.0398,0.5644,39.7048,236.4846,18.6756,synthetic_prototype_v1
PLT-00569,19476.8892,519.6094,9.6547,26.7283,130.9711,20.0028,synthetic_prototype_v1
PLT-00570,36393.1094,654.6004,6.5219,35.6599,196.6805,15.8586,synthetic_prototype_v1
PLT-00571,60955.0984,456.2489,7.2141,23.8714,283.871,23.0674,synthetic_prototype_v1
PLT-00572,46130.0021,862.2214,4.919,23.2141,124.1225,93.9487,synthetic_prototype_v1
PLT-00573,47774.9226,721.6299,5.5899,21.6612,352.7137,69.4361,synthetic_prototype_v1
PLT-00574,16496.3237,1077.2786,4.6205,16.3876,411.006,22.7951,synthetic_prototype_v1
PLT-00575,8176.2914,1109.2463,8.8921,24.8664,253.692,20.0123,synthetic_prototype_v1
PLT-00576,35215.9706,1068.708,6.0271,20.2794,213.0228,39.0279,synthetic_prototype_v1
PLT-00577,63075.1926,522.4803,1.3442,20.9731,185.7712,22.3488,synthetic_prototype_v1
PLT-00578,56228.6715,593.0515,2.741,19.6432,324.8754,30.8782,synthetic_prototype_v1
PLT-00579,32115.2059,948.1979,3.9788,24.0481,228.907,120.7156,synthetic_prototype_v1
PLT-00580,30629.7324,838.4101,2.7488,22.4173,423.25,120.0993,synthetic_prototype_v1
PLT-00581,46400.2211,788.5361,2.9889,26.9039,307.6073,109.8163,synthetic_prototype_v1
PLT-00582,43767.0658,654.366,4.349,24.2203,211.1806,96.8781,synthetic_prototype_v1
PLT-00583,38204.4576,898.3869,3.5821,27.1766,301.1256,158.4484,synthetic_prototype_v1
PLT-00584,40797.8545,729.1205,4.5947,27.5355,223.5656,144.9109,synthetic_prototype_v1
PLT-00585,50133.1067,964.192,0.8141,30.2055,321.9365,38.3814,synthetic_prototype_v1
PLT-00586,40511.7438,827.335,4.9923,22.461,398.3148,126.9012,synthetic_prototype_v1
PLT-00587,44108.2408,896.9865,9.7784,18.6672,110.6786,17.8078,synthetic_prototype_v1
PLT-00588,41583.3946,699.5409,2.5716,25.5378,340.1941,120.4738,synthetic_prototype_v1
PLT-00589,27502.5726,810.7713,2.8437,28.0563,324.5541,129.1767,synthetic_prototype_v1
PLT-00590,54714.816,443.2434,7.9617,38.6852,458.4489,12.2339,synthetic_prototype_v1
PLT-00591,61532.801,1182.4342,9.5819,30.2052,219.3002,20.8475,synthetic_prototype_v1
PLT-00592,50477.213,1030.288,6.7081,24.0147,373.6791,35.3247,synthetic_prototype_v1
PLT-00593,62647.0692,1187.668,5.5067,25.1317,230.0397,25.9573,synthetic_prototype_v1
PLT-00594,43747.4304,975.4781,2.441,29.332,376.0972,69.8136,synthetic_prototype_v1
PLT-00595,32574.4784,625.2101,2.6449,21.8381,336.3467,72.0638,synthetic_prototype_v1
PLT-00596,61099.2597,1084.7766,6.17,28.7064,499.5739,25.1615,synthetic_prototype_v1
PLT-00597,44454.5395,964.9953,5.3492,15.832,115.5639,16.9957,synthetic_prototype_v1
PLT-00598,46652.0316,585.3614,2.6908,27.5986,117.7089,63.4082,synthetic_prototype_v1
PLT-00599,50540.8573,1105.3755,8.535,32.9525,456.2875,16.998,synthetic_prototype_v1
PLT-00600,54823.5155,1040.4617,9.5971,21.8341,488.3667,12.3139,synthetic_prototype_v1
PLT-00601,12895.856,745.3449,6.6365,22.6157,391.6981,37.856,synthetic_prototype_v1
PLT-00602,72698.9858,470.751,2.8798,36.4742,100.0194,15.1033,synthetic_prototype_v1
PLT-00603,47896.2969,981.6126,8.3748,15.2646,269.3941,17.6777,synthetic_prototype_v1
PLT-00604,36447.5741,871.2167,3.8448,24.7527,281.513,165.6326,synthetic_prototype_v1
PLT-00605,34404.5017,604.1671,1.4349,29.4262,334.1676,55.7461,synthetic_prototype_v1
PLT-00606,7411.1816,432.696,6.7717,33.1026,353.2526,18.3758,synthetic_prototype_v1
PLT-00607,23427.4807,501.9413,7.2281,39.6513,222.9926,16.9306,synthetic_prototype_v1
PLT-00608,16245.6108,729.5798,9.8212,32.1679,73.5189,19.0854,synthetic_prototype_v1
PLT-00609,68958.5847,429.8482,0.9118,19.9464,192.7819,18.2221,synthetic_prototype_v1
PLT-00610,53921.8377,767.1146,3.0707,26.9235,362.7761,75.7641,synthetic_prototype_v1
PLT-00611,30526.9519,735.3441,4.9912,24.4629,305.0673,144.6161,synthetic_prototype_v1
PLT-00612,78952.2307,673.0827,2.687,22.5507,106.1993,17.6611,synthetic_prototype_v1
PLT-00613,6395.606,816.9244,1.831,30.9426,374.4734,26.9759,synthetic_prototype_v1
PLT-00614,53542.5541,691.0956,3.7802,27.518,205.9906,72.0302,synthetic_prototype_v1
PLT-00615,38989.6265,938.3587,3.7627,28.1916,211.2659,117.0562,synthetic_prototype_v1
PLT-00616,42250.7778,906.9106,3.7387,23.2206,269.4344,126.0567,synthetic_prototype_v1
PLT-00617,51510.9993,639.7175,6.7219,24.6963,298.1156,38.3828,synthetic_prototype_v1
PLT-00618,31102.3568,1043.2009,8.2974,16.9735,382.6095,18.3016,synthetic_prototype_v1
PLT-00619,71978.9364,657.1205,1.8997,30.3154,207.9029,14.6883,synthetic_prototype_v1
PLT-00620,52667.0266,1159.7083,7.852,21.8759,75.4785,22.7316,synthetic_prototype_v1
PLT-00621,13046.5293,633.0106,8.1849,29.0537,216.8639,22.545,synthetic_prototype_v1
PLT-00622,41178.2003,1152.4888,6.1524,19.0423,366.2256,31.1164,synthetic_prototype_v1
PLT-00623,53759.3762,1111.4415,7.2534,39.3332,313.3711,15.8983,synthetic_prototype_v1
PLT-00624,44891.4569,996.2249,4.0293,36.6591,318.659,21.5448,synthetic_prototype_v1
PLT-00625,60334.8167,1169.0084,0.9903,24.7545,497.0006,24.8824,synthetic_prototype_v1
PLT-00626,50916.5756,684.0481,1.0744,34.8167,144.7311,19.5808,synthetic_prototype_v1
PLT-00627,69048.8282,1032.5389,0.8362,15.5665,74.2633,16.128,synthetic_prototype_v1
PLT-00628,79385.5787,760.7322,5.868,31.0013,342.9589,20.6139,synthetic_prototype_v1
PLT-00629,54300.9453,903.6378,5.4958,25.6818,323.3417,63.3,synthetic_prototype_v1
PLT-00630,43454.9048,409.9725,4.9246,30.4375,455.3448,33.7024,synthetic_prototype_v1
PLT-00631,15518.6817,1069.9068,6.7487,37.1684,467.6713,13.5929,synthetic_prototype_v1
PLT-00632,70593.1355,491.5563,9.225,34.4686,241.4129,12.7215,synthetic_prototype_v1
PLT-00633,42549.563,594.3887,3.5548,34.7644,184.0002,20.8544,synthetic_prototype_v1
PLT-00634,40124.0401,646.5016,0.5091,34.7256,275.0934,25.694,synthetic_prototype_v1
PLT-00635,24940.2471,710.2912,7.3966,38.6291,126.9677,14.6727,synthetic_prototype_v1
PLT-00636,30357.9682,882.6868,2.6095,23.6849,423.9924,122.7051,synthetic_prototype_v1
PLT-00637,8822.0362,619.9767,2.8539,15.9505,177.2095,13.2824,synthetic_prototype_v1
PLT-00638,13185.7998,436.5298,1.9777,35.9278,189.225,16.0811,synthetic_prototype_v1
PLT-00639,37062.0613,724.8515,3.5788,25.3355,443.5334,166.9606,synthetic_prototype_v1
PLT-00640,23555.9646,820.5787,3.4286,22.8612,392.7016,104.6588,synthetic_prototype_v1
PLT-00641,69882.5174,993.1574,9.1653,17.0712,348.74,10.0,synthetic_prototype_v1
PLT-00642,21037.3116,1083.6215,1.8723,37.4416,419.5751,17.7927,synthetic_prototype_v1
PLT-00643,33407.8961,726.1627,3.8778,26.0508,310.9923,170.6794,synthetic_prototype_v1
PLT-00644,70877.43,1121.8426,5.9196,27.2745,209.1672,19.0857,synthetic_prototype_v1
PLT-00645,5038.9058,622.5174,9.4563,31.2636,482.4812,15.2283,synthetic_prototype_v1
PLT-00646,63722.0098,405.3726,1.9679,39.8032,294.6774,14.0041,synthetic_prototype_v1
PLT-00647,21134.8414,804.9185,4.659,25.4347,335.2643,104.1782,synthetic_prototype_v1
PLT-00648,34127.7931,783.1963,4.7869,22.026,316.1324,133.259,synthetic_prototype_v1
PLT-00649,19386.6341,608.0609,5.2346,28.0829,124.7436,59.0581,synthetic_prototype_v1
PLT-00650,5000.0,654.2685,6.5069,31.5513,116.9955,30.571,synthetic_prototype_v1
PLT-00651,22118.9657,685.054,6.5901,18.6399,65.9189,26.7485,synthetic_prototype_v1
PLT-00652,57109.8597,850.5084,5.4287,35.0071,369.2281,17.357,synthetic_prototype_v1
PLT-00653,43112.5517,802.3962,0.8541,23.5476,113.919,49.5542,synthetic_prototype_v1
PLT-00654,27801.3997,710.1701,5.7374,29.9452,110.2103,76.8664,synthetic_prototype_v1
PLT-00655,52373.4991,726.6074,2.4408,27.2677,448.9171,66.6105,synthetic_prototype_v1
PLT-00656,70179.034,815.4511,4.1794,19.2299,188.5137,23.914,synthetic_prototype_v1
PLT-00657,53632.2683,694.1157,3.4957,23.5785,192.1926,68.5082,synthetic_prototype_v1
PLT-00658,33429.9769,763.7809,4.0828,28.3599,352.7684,163.7147,synthetic_prototype_v1
PLT-00659,35567.9663,878.0163,3.5839,27.086,282.1735,159.161,synthetic_prototype_v1
PLT-00660,31549.7288,885.7135,5.326,24.5307,260.2689,126.5152,synthetic_prototype_v1
PLT-00661,18599.1094,989.7214,1.7609,23.6468,414.5398,43.9579,synthetic_prototype_v1
PLT-00662,20412.6937,848.3142,4.6109,30.9552,375.1057,72.9238,synthetic_prototype_v1
PLT-00663,42047.745,730.1191,5.7108,25.4284,339.849,116.2533,synthetic_prototype_v1
PLT-00664,13301.9056,1047.9492,1.7279,15.9716,443.9476,13.187,synthetic_prototype_v1
PLT-00665,57783.3271,672.2405,7.8038,38.9314,114.2702,16.7703,synthetic_prototype_v1
PLT-00666,17600.0636,598.9523,1.726,28.9347,135.2511,39.4145,synthetic_prototype_v1
PLT-00667,15657.7944,868.2479,1.0957,29.9596,387.9571,37.9397,synthetic_prototype_v1
PLT-00668,38046.2903,755.1492,3.4587,29.1447,135.6579,129.9366,synthetic_prototype_v1
PLT-00669,39151.4091,944.7733,7.504,27.7296,137.9553,42.9877,synthetic_prototype_v1
PLT-00670,77835.1364,672.2756,6.4746,34.6538,102.363,14.8883,synthetic_prototype_v1
PLT-00671,8348.6817,548.911,1.3161,28.1365,465.352,25.7409,synthetic_prototype_v1
PLT-00672,40234.7276,1058.6345,4.7978,25.5531,150.792,69.7317,synthetic_prototype_v1
PLT-00673,30004.3781,701.768,5.8764,26.1939,297.1908,107.2611,synthetic_prototype_v1
PLT-00674,46515.563,846.0789,4.8319,27.9244,497.2614,110.2762,synthetic_prototype_v1
PLT-00675,34200.8826,591.7355,2.9871,27.3842,196.1904,82.1964,synthetic_prototype_v1
PLT-00676,28884.1994,953.0055,3.5336,27.4986,169.9551,102.2816,synthetic_prototype_v1
PLT-00677,32097.4174,777.2991,3.9996,29.3685,50.0562,92.4608,synthetic_prototype_v1
PLT-00678,31217.2709,1113.9851,7.3108,18.6525,367.6041,22.7286,synthetic_prototype_v1
PLT-00679,6243.4851,507.1818,7.1808,33.2316,398.2278,20.6748,synthetic_prototype_v1
PLT-00680,17215.3625,566.9163,3.812,15.7982,245.3435,13.3549,synthetic_prototype_v1
PLT-00681,49420.6213,515.9313,9.3844,21.0835,122.1939,16.6439,synthetic_prototype_v1
PLT-00682,54051.4927,691.5039,3.4765,31.0649,346.3785,50.7738,synthetic_prototype_v1
PLT-00683,7633.7608,623.2078,1.5673,39.3346,279.1159,10.0,synthetic_prototype_v1
PLT-00684,53173.8059,1069.345,6.8282,18.3027,59.9868,24.8778,synthetic_prototype_v1
PLT-00685,55964.5257,776.1458,9.2083,37.1878,113.6558,16.668,synthetic_prototype_v1
PLT-00686,28001.6134,753.0638,4.4246,22.1646,215.1923,118.5428,synthetic_prototype_v1
PLT-00687,51949.2168,693.3793,9.2081,30.6019,129.2111,16.83,synthetic_prototype_v1
PLT-00688,39145.4836,792.0774,2.0114,27.8089,277.9732,113.0231,synthetic_prototype_v1
PLT-00689,10626.2981,928.4669,4.4655,28.2751,453.5964,52.8686,synthetic_prototype_v1
PLT-00690,29400.7048,793.2526,8.5498,37.1903,218.59,20.9051,synthetic_prototype_v1
PLT-00691,20189.1806,733.6423,1.552,38.9187,73.9628,16.7189,synthetic_prototype_v1
PLT-00692,46571.4189,525.6091,8.7067,33.1781,291.5824,20.7203,synthetic_prototype_v1
PLT-00693,32475.1616,937.9517,3.4602,38.9223,121.4787,12.9976,synthetic_prototype_v1
PLT-00694,63665.8396,802.4366,0.6401,25.5183,453.0319,20.6774,synthetic_prototype_v1
PLT-00695,52079.6319,762.1336,5.2387,26.1825,203.6105,84.2149,synthetic_prototype_v1
PLT-00696,31403.8006,1197.8486,7.1099,30.7786,237.5222,26.9739,synthetic_prototype_v1
PLT-00697,56732.1386,522.9882,9.6346,20.2586,497.4155,15.7249,synthetic_prototype_v1
PLT-00698,75952.0297,659.5245,9.73,21.3928,273.5678,12.4081,synthetic_prototype_v1
PLT-00699,45677.3302,704.7523,3.7462,33.7676,436.9099,52.8652,synthetic_prototype_v1
PLT-00700,20608.9919,690.2341,5.9675,28.8481,143.6506,57.2914,synthetic_prototype_v1
PLT-00701,79279.1343,502.3059,1.7196,39.419,147.6819,14.7882,synthetic_prototype_v1
PLT-00702,44017.255,432.3455,7.9029,16.435,275.2458,14.6772,synthetic_prototype_v1
PLT-00703,40405.1171,671.6244,2.9396,25.2813,218.5398,124.8309,synthetic_prototype_v1
PLT-00704,36719.8875,789.1472,3.5689,26.4403,321.034,176.2309,synthetic_prototype_v1
PLT-00705,43162.5961,498.5411,4.7858,30.2406,274.9381,44.4428,synthetic_prototype_v1
PLT-00706,24881.9803,903.9527,2.898,26.7416,346.9723,111.3371,synthetic_prototype_v1
PLT-00707,57862.8742,577.3577,8.1807,39.4427,404.2422,11.4758,synthetic_prototype_v1
PLT-00708,21831.192,986.6759,3.2629,30.1458,228.6717,59.2951,synthetic_prototype_v1
PLT-00709,71875.795,607.7938,2.5558,37.5774,167.6468,18.3273,synthetic_prototype_v1
PLT-00710,46714.2723,577.5205,5.0614,28.9257,92.2717,53.9404,synthetic_prototype_v1
PLT-00711,29561.7203,672.3326,3.8701,21.1909,428.8343,104.5707,synthetic_prototype_v1
PLT-00712,79481.3436,808.9384,0.5963,31.0703,190.5823,24.3734,synthetic_prototype_v1
PLT-00713,29063.7556,590.2683,9.9379,32.5136,348.9461,15.2974,synthetic_prototype_v1
PLT-00714,19070.697,674.1505,1.668,27.3998,420.204,53.2296,synthetic_prototype_v1
PLT-00715,39747.8982,707.6558,3.9888,21.3301,130.7431,95.233,synthetic_prototype_v1
PLT-00716,31151.6668,922.6362,3.5821,24.932,179.6166,132.4312,synthetic_prototype_v1
PLT-00717,42344.889,456.8699,8.9091,31.2177,107.6858,19.3679,synthetic_prototype_v1
PLT-00718,39132.3282,736.5355,3.6387,24.8401,112.5893,138.8328,synthetic_prototype_v1
PLT-00719,36005.6183,744.4879,1.2526,32.7372,240.0574,45.2014,synthetic_prototype_v1
PLT-00720,60717.9732,993.9914,0.5523,30.8274,353.6084,16.3577,synthetic_prototype_v1
PLT-00721,75203.2678,439.1003,6.1747,15.3527,230.3019,16.5608,synthetic_prototype_v1
PLT-00722,36968.3152,582.2298,6.9892,23.7837,467.8676,44.0898,synthetic_prototype_v1
PLT-00723,27651.3149,812.0325,3.5392,29.7636,435.8693,131.1852,synthetic_prototype_v1
PLT-00724,20180.3445,566.1097,8.4936,37.5707,65.8778,13.9584,synthetic_prototype_v1
PLT-00725,33255.0506,503.7825,3.851,36.6457,263.1894,15.2264,synthetic_prototype_v1
PLT-00726,74584.6573,1031.9248,4.5021,20.7715,392.1743,30.0699,synthetic_prototype_v1
PLT-00727,38814.2332,723.7664,2.9348,23.4415,124.1604,117.8361,synthetic_prototype_v1
PLT-00728,56565.0451,1178.6048,6.4219,34.1939,316.2742,19.238,synthetic_prototype_v1
PLT-00729,15374.6803,448.6639,7.364,38.6911,448.532,12.7539,synthetic_prototype_v1
PLT-00730,61004.8786,500.5226,2.9197,19.832,406.3389,29.5718,synthetic_prototype_v1
PLT-00731,35885.8172,613.8397,4.0155,23.036,400.7624,98.8647,synthetic_prototype_v1
PLT-00732,69960.8455,415.9839,2.8447,15.7626,278.1708,19.8499,synthetic_prototype_v1
PLT-00733,16142.0265,732.9057,3.6112,25.1612,325.13,79.5525,synthetic_prototype_v1
PLT-00734,29982.0621,1036.4202,1.0421,33.6484,105.5491,27.4002,synthetic_prototype_v1
PLT-00735,67044.0947,745.5728,5.8899,30.8078,325.6377,26.6388,synthetic_prototype_v1
PLT-00736,38464.7943,784.2327,3.9982,27.8996,349.7186,170.827,synthetic_prototype_v1
PLT-00737,32717.8705,979.4881,8.3151,32.0335,475.1989,17.9137,synthetic_prototype_v1
PLT-00738,43050.0748,867.6169,2.109,28.071,173.1064,89.6712,synthetic_prototype_v1
PLT-00739,21769.2741,438.934,4.5092,27.7606,251.7204,36.0135,synthetic_prototype_v1
PLT-00740,27126.4407,751.278,8.464,27.1182,115.6372,29.0118,synthetic_prototype_v1
PLT-00741,68642.0367,447.9927,3.1762,38.606,493.9832,19.3631,synthetic_prototype_v1
PLT-00742,42397.966,896.0901,9.5627,31.889,255.3329,19.5161,synthetic_prototype_v1
PLT-00743,16132.9242,985.3016,6.7431,33.2803,362.7547,24.6564,synthetic_prototype_v1
PLT-00744,23275.0591,1171.4936,9.1535,37.5252,134.3886,10.0,synthetic_prototype_v1
PLT-00745,53688.3317,756.2071,5.2171,31.909,162.2639,41.2475,synthetic_prototype_v1
PLT-00746,9221.661,582.2489,8.9,26.9025,460.166,21.6062,synthetic_prototype_v1
PLT-00747,27605.0478,462.0413,6.3155,19.3821,484.7337,28.7009,synthetic_prototype_v1
PLT-00748,49165.8873,767.9198,4.3657,28.1088,252.6193,99.0934,synthetic_prototype_v1
PLT-00749,32586.0254,805.5557,5.9903,29.5853,444.3009,99.4413,synthetic_prototype_v1
PLT-00750,69691.085,876.1448,5.5535,15.212,432.8964,18.6293,synthetic_prototype_v1
PLT-00751,40332.2155,717.2422,6.0582,15.973,347.8154,25.2186,synthetic_prototype_v1
PLT-00752,33104.1194,783.9398,4.2132,28.6574,373.6947,162.105,synthetic_prototype_v1
PLT-00753,25627.328,795.1278,3.6866,25.6189,68.1046,116.197,synthetic_prototype_v1
PLT-00754,23227.3344,1053.4215,0.9695,24.7013,104.6429,31.0164,synthetic_prototype_v1
PLT-00755,22749.6772,1006.429,9.3507,38.3982,201.0634,13.5228,synthetic_prototype_v1
PLT-00756,48381.7957,516.1359,3.7475,28.1365,146.8892,46.4931,synthetic_prototype_v1
PLT-00757,48947.1031,1001.5604,1.7509,24.8399,362.7268,49.4566,synthetic_prototype_v1
PLT-00758,50754.5362,1126.6765,1.8148,24.6855,240.7996,33.0812,synthetic_prototype_v1
PLT-00759,76474.935,1004.2972,7.7454,15.6687,150.048,12.7649,synthetic_prototype_v1
PLT-00760,55061.7442,424.168,2.184,18.4349,173.2186,19.3977,synthetic_prototype_v1
PLT-00761,8093.9774,693.0977,7.4118,34.8039,312.614,19.7609,synthetic_prototype_v1
PLT-00762,27796.2574,456.0915,8.7636,19.6067,139.8268,20.0758,synthetic_prototype_v1
PLT-00763,37985.6782,622.8932,2.5619,39.1662,129.2664,18.2306,synthetic_prototype_v1
PLT-00764,35518.2333,652.7822,6.3262,26.4117,234.9278,80.6774,synthetic_prototype_v1
PLT-00765,41643.8034,943.3163,5.1496,21.5907,248.3202,79.0251,synthetic_prototype_v1
PLT-00766,47888.1482,619.3909,5.9219,33.4167,127.3187,29.7042,synthetic_prototype_v1
PLT-00767,29733.9035,961.5054,3.5651,21.4527,476.8951,82.0009,synthetic_prototype_v1
PLT-00768,34631.361,839.0193,3.5872,20.6003,391.0335,108.1243,synthetic_prototype_v1
PLT-00769,37862.3686,944.7406,4.5335,31.2331,102.0642,71.1645,synthetic_prototype_v1
PLT-00770,17095.3834,604.0997,3.4177,32.6533,497.0701,36.7206,synthetic_prototype_v1
PLT-00771,38512.9132,700.4848,1.0115,28.2009,197.3229,65.4167,synthetic_prototype_v1
PLT-00772,75388.3594,433.6532,5.2506,39.3754,497.7222,15.4742,synthetic_prototype_v1
PLT-00773,45572.4137,740.3172,3.6049,25.5332,245.9501,120.8479,synthetic_prototype_v1
PLT-00774,72256.6529,458.5968,5.8006,25.1126,408.1572,23.1619,synthetic_prototype_v1
PLT-00775,31350.0631,854.535,4.4016,25.5835,407.7368,174.75,synthetic_prototype_v1
PLT-00776,21511.8418,840.6653,8.0145,30.6883,372.0872,28.8891,synthetic_prototype_v1
PLT-00777,47477.4187,880.4125,5.3646,25.9201,110.8889,86.4668,synthetic_prototype_v1
PLT-00778,14369.2759,894.2287,2.9944,38.1348,205.256,13.8655,synthetic_prototype_v1
PLT-00779,56329.1106,980.7133,5.0454,24.7977,176.6496,47.9115,synthetic_prototype_v1
PLT-00780,17879.5661,733.5119,5.2598,24.521,173.5959,77.807,synthetic_prototype_v1
PLT-00781,34106.5927,829.3711,4.982,27.613,282.3823,161.405,synthetic_prototype_v1
PLT-00782,31263.4472,674.1323,2.9115,23.8699,172.6957,115.505,synthetic_prototype_v1
PLT-00783,67664.7649,1026.4707,1.0191,16.4036,204.4042,12.3649,synthetic_prototype_v1
PLT-00784,42619.3724,772.9481,3.6625,27.4608,200.5707,143.8689,synthetic_prototype_v1
PLT-00785,45192.1583,893.9998,3.098,22.0029,380.8841,90.8678,synthetic_prototype_v1
PLT-00786,61045.235,800.2525,6.4882,29.2839,171.0388,30.9749,synthetic_prototype_v1
PLT-00787,25939.49,781.0675,4.5508,30.2024,173.4427,105.4781,synthetic_prototype_v1
PLT-00788,13223.1238,858.4337,4.273,24.343,380.0249,67.7696,synthetic_prototype_v1
PLT-00789,71427.8878,414.5849,9.1027,36.4359,266.1402,12.9013,synthetic_prototype_v1
PLT-00790,77656.4241,1081.4943,3.0811,26.1736,366.221,17.7453,synthetic_prototype_v1
PLT-00791,23704.0682,663.2599,3.9785,29.436,431.7194,94.0865,synthetic_prototype_v1
PLT-00792,66097.8832,836.8433,5.5256,27.5158,98.0599,28.9936,synthetic_prototype_v1
PLT-00793,56053.5895,494.7882,6.9875,39.6173,476.9881,13.9758,synthetic_prototype_v1
PLT-00794,61592.7722,956.703,3.858,22.782,113.4679,37.2913,synthetic_prototype_v1
PLT-00795,41727.4806,1049.4961,8.5324,36.0709,470.5756,10.0,synthetic_prototype_v1
PLT-00796,40792.4682,1018.7034,9.5775,27.0505,96.6724,16.3535,synthetic_prototype_v1
PLT-00797,72797.9968,1034.4166,8.7652,31.4138,111.4998,19.5064,synthetic_prototype_v1
PLT-00798,32774.5078,775.4383,6.282,22.6277,117.593,77.1253,synthetic_prototype_v1
PLT-00799,40117.3554,781.0276,7.3669,32.6379,465.2762,36.2012,synthetic_prototype_v1
PLT-00800,30372.9143,441.2636,8.582,38.886,439.9718,10.6627,synthetic_prototype_v1
PLT-00801,53765.3387,734.6496,2.3168,24.9554,322.0899,61.4761,synthetic_prototype_v1
PLT-00802,8874.3438,856.5845,6.3384,38.022,243.5173,16.2032,synthetic_prototype_v1
PLT-00803,27044.9182,898.1124,2.7411,27.144,375.2214,120.3809,synthetic_prototype_v1
PLT-00804,20920.7854,902.2017,5.5143,39.8208,205.4659,15.3031,synthetic_prototype_v1
PLT-00805,28583.8019,665.1795,9.0867,32.2938,354.8854,25.4547,synthetic_prototype_v1
PLT-00806,35093.0292,705.3924,2.687,24.1967,226.9667,131.4147,synthetic_prototype_v1
PLT-00807,33480.1574,674.9068,2.6401,24.92,190.4252,117.3737,synthetic_prototype_v1
PLT-00808,18226.7285,745.0877,1.5441,23.6122,57.0594,38.1675,synthetic_prototype_v1
PLT-00809,13958.6327,1002.6949,4.5469,29.3111,180.4195,40.3091,synthetic_prototype_v1
PLT-00810,60252.9266,1162.563,8.3249,32.6198,122.8393,21.876,synthetic_prototype_v1
PLT-00811,79895.7136,751.2281,3.8193,26.0722,436.9164,21.0454,synthetic_prototype_v1
PLT-00812,35650.2033,1131.6794,4.9198,24.0154,253.32,47.849,synthetic_prototype_v1
PLT-00813,37533.427,547.0337,9.6904,16.2687,144.6347,13.839,synthetic_prototype_v1
PLT-00814,41764.8157,445.5306,5.1855,17.888,299.7759,19.6713,synthetic_prototype_v1
PLT-00815,15504.1554,1044.9852,6.8079,31.5551,209.1353,26.9028,synthetic_prototype_v1
PLT-00816,72749.5904,1133.3442,7.7226,29.7065,445.6742,22.0668,synthetic_prototype_v1
PLT-00817,60096.5819,1011.7794,7.9475,39.865,159.9053,10.6561,synthetic_prototype_v1
PLT-00818,40073.9339,420.9675,7.199,16.8396,221.3032,12.0246,synthetic_prototype_v1
PLT-00819,74567.1913,747.6833,1.9037,23.2756,481.8061,20.1169,synthetic_prototype_v1
PLT-00820,79460.5968,742.3154,7.9772,34.6923,278.0071,11.3714,synthetic_prototype_v1
PLT-00821,20156.6076,1006.6396,5.6066,23.9626,444.2628,50.6029,synthetic_prototype_v1
PLT-00822,20526.5406,819.734,2.7782,17.7846,437.7755,22.8745,synthetic_prototype_v1
PLT-00823,59303.031,936.6441,3.912,29.2797,401.1207,44.9342,synthetic_prototype_v1
PLT-00824,42886.5046,539.5697,9.9707,31.7826,96.9208,15.6021,synthetic_prototype_v1
PLT-00825,44878.9388,845.0173,4.7936,25.9012,341.0729,141.6803,synthetic_prototype_v1
PLT-00826,8879.1119,524.5402,0.9841,27.5082,109.8324,26.2812,synthetic_prototype_v1
PLT-00827,50492.4751,504.5162,3.0699,22.6756,350.8162,38.7491,synthetic_prototype_v1
PLT-00828,27349.173,741.8221,3.5531,25.867,428.8507,158.9978,synthetic_prototype_v1
PLT-00829,68628.5566,738.3329,5.4173,20.0328,125.7538,28.8841,synthetic_prototype_v1
PLT-00830,35127.6248,795.3537,3.9085,26.4986,417.7243,179.1163,synthetic_prototype_v1
PLT-00831,29173.9723,898.2836,3.3727,26.144,302.6779,151.2636,synthetic_prototype_v1
PLT-00832,28696.3235,918.0384,4.0865,27.7714,363.5998,143.6383,synthetic_prototype_v1
PLT-00833,37688.3017,750.5979,5.105,24.0651,207.8013,139.7178,synthetic_prototype_v1
PLT-00834,22613.0122,865.081,6.8631,36.1046,359.3732,17.958,synthetic_prototype_v1
PLT-00835,6993.3324,416.1156,2.3495,15.222,135.5939,16.8566,synthetic_prototype_v1
PLT-00836,63096.7911,532.0629,4.9845,30.4618,316.8471,23.9795,synthetic_prototype_v1
PLT-00837,77905.2633,580.0189,9.4971,31.6781,185.5311,18.0437,synthetic_prototype_v1
PLT-00838,57877.1147,808.2607,8.0626,30.3213,335.9549,25.459,synthetic_prototype_v1
PLT-00839,15778.8996,1050.0062,5.2373,25.4734,123.1385,47.188,synthetic_prototype_v1
PLT-00840,48401.8257,718.6748,3.3242,28.2208,184.0099,93.3814,synthetic_prototype_v1
PLT-00841,72958.0108,796.5232,8.0682,25.0519,380.9953,24.5373,synthetic_prototype_v1
PLT-00842,26577.6659,800.7403,3.85,29.73,321.7012,122.2287,synthetic_prototype_v1
PLT-00843,68770.5724,403.4909,7.3773,25.2285,289.1625,18.958,synthetic_prototype_v1
PLT-00844,53629.8264,690.7743,9.1292,32.8439,307.7665,19.885,synthetic_prototype_v1
PLT-00845,35627.2192,921.4755,4.3185,24.2304,445.0492,151.1766,synthetic_prototype_v1
PLT-00846,51403.6084,955.8386,1.6222,31.9661,81.1746,36.0534,synthetic_prototype_v1
PLT-00847,63046.7036,728.9625,2.9444,19.878,467.3406,37.3936,synthetic_prototype_v1
PLT-00848,47994.9295,771.6854,4.312,23.6006,120.9463,98.3222,synthetic_prototype_v1
PLT-00849,49873.0067,629.192,4.6151,28.1458,140.8212,65.1312,synthetic_prototype_v1
PLT-00850,38878.7946,1107.0214,6.0995,28.3472,396.4959,39.1458,synthetic_prototype_v1
PLT-00851,76418.7287,1178.6789,8.97,24.9636,332.3894,21.5372,synthetic_prototype_v1
PLT-00852,27083.4029,985.9015,3.682,27.723,397.3359,101.8673,synthetic_prototype_v1
PLT-00853,49977.1518,662.0097,7.6248,39.8054,84.0401,12.452,synthetic_prototype_v1
PLT-00854,35942.8677,451.3671,3.8444,39.45,417.3427,11.6198,synthetic_prototype_v1
PLT-00855,34363.0131,1157.5138,9.143,35.6442,178.5834,15.2993,synthetic_prototype_v1
PLT-00856,44993.7357,596.7421,3.1604,30.8501,142.5826,54.057,synthetic_prototype_v1
PLT-00857,38085.1182,848.1003,5.043,26.9281,114.254,131.9446,synthetic_prototype_v1
PLT-00858,37048.4166,933.6091,2.19,22.9933,110.9503,78.4992,synthetic_prototype_v1
PLT-00859,43700.6215,590.113,5.9077,27.7042,328.5712,63.8393,synthetic_prototype_v1
PLT-00860,60890.2882,814.8645,1.9948,31.0609,323.02,35.0037,synthetic_prototype_v1
PLT-00861,33930.8537,676.5294,6.6652,28.4026,206.0484,69.0026,synthetic_prototype_v1
PLT-00862,35101.6668,1177.0872,9.9512,38.5476,110.0377,10.4294,synthetic_prototype_v1
PLT-00863,68673.3817,429.7285,2.3696,31.299,146.0074,16.1939,synthetic_prototype_v1
PLT-00864,38370.3321,1134.717,8.8514,35.8703,350.1557,14.5288,synthetic_prototype_v1
PLT-00865,53224.8818,760.7398,4.4298,30.1445,394.6617,68.7022,synthetic_prototype_v1
PLT-00866,22325.2308,860.7117,6.6717,27.88,269.6182,56.5364,synthetic_prototype_v1
PLT-00867,8368.2965,683.7803,6.977,37.4883,354.8754,10.0,synthetic_prototype_v1
PLT-00868,70625.3707,823.2315,5.9444,39.4614,93.6906,15.0189,synthetic_prototype_v1
PLT-00869,28874.4791,1179.9702,4.1009,38.9625,158.8298,18.1471,synthetic_prototype_v1
PLT-00870,46132.1558,823.2075,4.7947,25.4881,237.3738,120.7652,synthetic_prototype_v1
PLT-00871,66179.7977,1146.4602,0.7261,19.9881,463.566,24.3718,synthetic_prototype_v1
PLT-00872,67114.8389,405.9651,5.3343,28.1899,218.1718,22.715,synthetic_prototype_v1
PLT-00873,52346.4438,1181.264,1.9443,37.2149,318.7169,18.8519,synthetic_prototype_v1
PLT-00874,23989.4107,987.7778,3.998,22.8195,209.0173,78.9009,synthetic_prototype_v1
PLT-00875,72274.7599,976.3673,6.0909,38.2926,156.792,17.3976,synthetic_prototype_v1
PLT-00876,51380.6552,851.0498,3.7571,27.7332,242.3067,90.0816,synthetic_prototype_v1
PLT-00877,15726.6406,1158.5181,4.6843,36.2984,384.9277,15.049,synthetic_prototype_v1
PLT-00878,35587.2049,551.4772,2.7774,21.4354,206.2442,55.8281,synthetic_prototype_v1
PLT-00879,14281.5353,877.3811,9.6195,32.7468,354.8219,21.4115,synthetic_prototype_v1
PLT-00880,13311.5577,1149.8883,4.0534,27.4755,451.7603,32.6439,synthetic_prototype_v1
PLT-00881,77709.3938,1101.0757,5.6807,33.6094,136.0193,16.6553,synthetic_prototype_v1
PLT-00882,31523.3579,911.8394,3.9552,22.9503,412.1436,135.5286,synthetic_prototype_v1
PLT-00883,47492.5444,829.4646,4.4887,29.2836,214.9982,96.4183,synthetic_prototype_v1
PLT-00884,41111.8505,915.8985,8.434,23.5918,431.9838,31.1732,synthetic_prototype_v1
PLT-00885,26798.1836,926.8795,4.0218,22.604,356.6691,114.5978,synthetic_prototype_v1
PLT-00886,72623.139,1190.3511,2.9811,34.6745,302.3957,14.0782,synthetic_prototype_v1
PLT-00887,33763.527,784.7054,6.7625,25.4287,350.3779,80.813,synthetic_prototype_v1
PLT-00888,9914.7825,1079.0177,8.2641,32.3715,150.2793,21.4618,synthetic_prototype_v1
PLT-00889,23704.7691,827.1398,4.3332,26.6904,173.1188,115.2588,synthetic_prototype_v1
PLT-00890,54738.1104,926.5323,3.9928,28.3238,367.1589,69.7294,synthetic_prototype_v1
PLT-00891,28431.5678,755.2075,4.5517,24.2388,403.4958,156.3404,synthetic_prototype_v1
PLT-00892,69264.5294,835.9133,4.1511,26.9149,234.226,26.2773,synthetic_prototype_v1
PLT-00893,51223.1727,598.9397,2.2359,16.3076,277.8951,18.1833,synthetic_prototype_v1
PLT-00894,16681.8253,411.3013,3.8163,18.6534,381.6403,28.1889,synthetic_prototype_v1
PLT-00895,75209.5598,923.1243,9.8312,30.6376,448.5187,17.6444,synthetic_prototype_v1
PLT-00896,19944.5003,898.1829,5.0662,24.6476,155.5056,77.4046,synthetic_prototype_v1
PLT-00897,71604.4021,924.7625,1.6323,30.7293,419.0021,23.0007,synthetic_prototype_v1
PLT-00898,35451.9275,971.7755,5.5671,26.0736,245.8246,92.504,synthetic_prototype_v1
PLT-00899,67848.5164,584.0825,1.1757,30.1964,357.9935,19.5507,synthetic_prototype_v1
PLT-00900,23359.7376,675.2297,3.9053,34.7257,68.1792,26.6743,synthetic_prototype_v1
PLT-00901,25290.1206,920.6498,0.6781,32.2502,186.0292,37.0643,synthetic_prototype_v1
PLT-00902,44120.2633,733.1758,4.2642,24.7708,441.4366,141.0541,synthetic_prototype_v1
PLT-00903,24321.3067,534.7117,3.3431,17.4775,443.4627,20.8415,synthetic_prototype_v1
PLT-00904,41220.3792,554.7083,3.0967,23.1953,196.3106,69.4456,synthetic_prototype_v1
PLT-00905,23102.9046,1154.0074,8.4158,15.4571,436.5912,10.1125,synthetic_prototype_v1
PLT-00906,38057.1527,856.4322,6.681,28.4057,177.9383,76.3104,synthetic_prototype_v1
PLT-00907,51642.333,491.8677,4.8916,36.593,324.9289,13.7322,synthetic_prototype_v1
PLT-00908,37838.1174,1162.7362,9.6085,37.5003,295.5838,10.0,synthetic_prototype_v1
PLT-00909,58822.9361,582.4635,3.6551,27.5919,205.3335,38.9322,synthetic_prototype_v1
PLT-00910,36881.1326,644.6698,1.6628,29.2496,176.1539,57.4576,synthetic_prototype_v1
PLT-00911,10807.7064,930.3372,6.0386,34.3767,131.7667,14.3846,synthetic_prototype_v1
PLT-00912,53168.9314,985.8547,2.946,29.645,396.5148,49.7398,synthetic_prototype_v1
PLT-00913,14288.2761,1135.5786,3.5389,35.0725,136.5198,15.1907,synthetic_prototype_v1
PLT-00914,36632.4547,695.5768,6.7751,38.7436,316.2375,14.0877,synthetic_prototype_v1
PLT-00915,16014.7801,446.7315,8.7575,24.2164,119.0257,23.1856,synthetic_prototype_v1
PLT-00916,7237.6078,992.3563,5.9336,16.9247,341.4753,11.8101,synthetic_prototype_v1
PLT-00917,37489.4301,872.8571,3.8616,29.6868,172.3886,128.349,synthetic_prototype_v1
PLT-00918,50233.0368,586.0424,8.3532,32.8808,274.0674,24.3045,synthetic_prototype_v1
PLT-00919,40424.1274,971.0557,4.3202,30.9519,101.4059,65.4074,synthetic_prototype_v1
PLT-00920,9539.6338,693.35,3.0416,33.4809,401.4657,26.2787,synthetic_prototype_v1
PLT-00921,64990.2808,940.8152,4.4382,17.9858,79.7969,16.4632,synthetic_prototype_v1
PLT-00922,79825.0544,592.5944,0.7938,22.4878,304.9892,16.7046,synthetic_prototype_v1
PLT-00923,54015.4869,958.5157,2.4156,24.6644,144.1423,51.5782,synthetic_prototype_v1
PLT-00924,36300.5955,1014.0628,5.4367,30.1971,381.6107,68.3407,synthetic_prototype_v1
PLT-00925,30755.5973,693.3842,2.447,25.132,398.9113,124.7334,synthetic_prototype_v1
PLT-00926,67634.4343,854.0402,5.2671,36.505,226.0088,14.315,synthetic_prototype_v1
PLT-00927,34088.1271,478.6533,6.9678,17.007,376.241,18.4915,synthetic_prototype_v1
PLT-00928,35364.1223,778.7803,7.3886,24.4597,235.8778,56.3062,synthetic_prototype_v1
PLT-00929,12229.3222,536.3132,2.2474,27.7256,57.7799,27.2099,synthetic_prototype_v1
PLT-00930,20289.547,926.822,9.5001,39.8942,126.4801,10.0,synthetic_prototype_v1
PLT-00931,30449.1609,1081.572,7.4654,28.6345,485.1314,28.3164,synthetic_prototype_v1
PLT-00932,45307.818,980.983,4.445,29.1254,169.5043,79.1365,synthetic_prototype_v1
PLT-00933,28224.8526,961.1591,6.158,21.6967,117.7574,50.8995,synthetic_prototype_v1
PLT-00934,64583.3467,648.3243,4.0415,24.4244,114.7218,28.9629,synthetic_prototype_v1
PLT-00935,19253.3912,963.2258,5.2159,39.9109,312.807,13.1149,synthetic_prototype_v1
PLT-00936,44188.1907,1033.4566,5.3142,25.3881,148.3566,72.0959,synthetic_prototype_v1
PLT-00937,24626.0089,786.072,4.8035,29.1136,103.6824,93.1644,synthetic_prototype_v1
PLT-00938,79274.1248,450.9309,9.021,23.8698,254.578,18.5894,synthetic_prototype_v1
PLT-00939,10347.8401,494.5047,5.866,28.9176,86.4954,22.7492,synthetic_prototype_v1
PLT-00940,71274.9711,1195.8585,2.8496,16.5308,331.1724,13.3969,synthetic_prototype_v1
PLT-00941,21362.3619,834.7233,4.557,29.0086,309.527,94.5924,synthetic_prototype_v1
PLT-00942,49582.5248,766.3179,1.1036,37.0488,265.1132,14.2166,synthetic_prototype_v1
PLT-00943,72101.5915,1014.2859,6.4543,19.2931,493.4395,22.1085,synthetic_prototype_v1
PLT-00944,30954.7867,1117.0281,7.9673,17.9989,199.6245,13.0205,synthetic_prototype_v1
PLT-00945,79270.8565,661.7367,3.0968,21.5993,256.4596,19.0563,synthetic_prototype_v1
PLT-00946,33394.4591,896.0647,0.6163,29.9988,430.6961,47.2109,synthetic_prototype_v1
PLT-00947,68894.9868,522.8226,0.5515,23.9804,69.9041,22.7551,synthetic_prototype_v1
PLT-00948,77736.1338,1032.519,6.9506,30.9244,351.5512,22.8737,synthetic_prototype_v1
PLT-00949,54583.2627,719.5843,5.7649,26.8167,119.4126,52.9667,synthetic_prototype_v1
PLT-00950,48932.8494,896.7374,4.6954,37.9403,281.3133,17.2839,synthetic_prototype_v1
PLT-00951,34818.3645,1138.65,3.8574,30.6396,399.9352,44.1424,synthetic_prototype_v1
PLT-00952,48045.9251,813.2988,3.1071,31.4443,260.8464,70.2518,synthetic_prototype_v1
PLT-00953,36380.0033,653.0203,0.6443,19.1919,153.4,28.4158,synthetic_prototype_v1
PLT-00954,18090.2849,999.0616,8.7687,38.571,284.7771,13.8777,synthetic_prototype_v1
PLT-00955,70955.88,750.7257,2.25,15.3873,207.6695,11.8758,synthetic_prototype_v1
PLT-00956,21899.7904,921.5264,3.393,29.3729,176.7521,81.5887,synthetic_prototype_v1
PLT-00957,43133.7269,865.4828,3.0332,27.2197,341.1838,130.8012,synthetic_prototype_v1
PLT-00958,9991.9143,998.2318,2.3233,32.7407,255.2012,28.4555,synthetic_prototype_v1
PLT-00959,48885.463,757.8649,5.3364,25.0906,401.0521,91.7112,synthetic_prototype_v1
PLT-00960,58832.0177,448.5657,5.9023,24.3474,381.9897,20.7506,synthetic_prototype_v1
PLT-00961,56193.6199,1005.2376,1.4127,21.1936,270.7968,25.2855,synthetic_prototype_v1
PLT-00962,67008.1121,437.4856,9.5499,21.1125,429.9324,10.8673,synthetic_prototype_v1
PLT-00963,31643.9987,787.6516,5.2597,25.8721,412.8556,153.8292,synthetic_prototype_v1
PLT-00964,38423.996,902.9633,6.2363,19.2478,248.6415,51.0484,synthetic_prototype_v1
PLT-00965,18333.2806,995.6626,5.7448,28.1959,236.676,49.5088,synthetic_prototype_v1
PLT-00966,46317.4481,847.9156,2.9436,18.2418,324.2344,54.574,synthetic_prototype_v1
PLT-00967,11678.1504,522.2506,0.8173,20.082,59.5913,21.2024,synthetic_prototype_v1
PLT-00968,39369.6531,504.02,5.2341,22.0026,307.7248,44.9345,synthetic_prototype_v1
PLT-00969,42974.7449,532.6024,8.2721,29.6976,395.5419,19.8633,synthetic_prototype_v1
PLT-00970,30063.8702,820.3379,2.6083,30.9313,279.2368,95.781,synthetic_prototype_v1
PLT-00971,68946.7039,595.6503,3.0374,27.5951,165.8789,25.5471,synthetic_prototype_v1
PLT-00972,6339.5719,980.5667,7.4188,35.9506,464.8126,14.5452,synthetic_prototype_v1
PLT-00973,62360.2664,1167.2587,1.306,32.9701,231.6796,25.0137,synthetic_prototype_v1
PLT-00974,54386.0576,1082.9074,3.1628,22.6288,82.1966,27.5291,synthetic_prototype_v1
PLT-00975,53280.5349,779.1474,9.0768,29.0044,157.9854,20.1012,synthetic_prototype_v1
PLT-00976,36681.7422,936.5194,1.4309,23.1004,403.0967,61.6202,synthetic_prototype_v1
PLT-00977,36882.6974,805.8592,8.322,39.4122,473.06,11.3588,synthetic_prototype_v1
PLT-00978,57727.5099,844.0082,5.4341,28.6832,207.3585,47.4632,synthetic_prototype_v1
PLT-00979,76394.6593,456.3916,5.8056,38.917,443.3521,15.3272,synthetic_prototype_v1
PLT-00980,45266.0133,779.3238,5.9334,25.7448,112.6599,86.7392,synthetic_prototype_v1
PLT-00981,78467.801,1179.6007,9.6611,16.9363,261.41,12.0397,synthetic_prototype_v1
PLT-00982,32110.313,774.0742,1.1706,25.57,422.4094,84.3327,synthetic_prototype_v1
PLT-00983,67803.6772,917.1416,8.4734,31.6836,60.6476,19.6149,synthetic_prototype_v1
PLT-00984,41924.6412,1061.5867,4.635,29.5088,316.2849,66.9076,synthetic_prototype_v1
PLT-00985,63954.8229,586.0418,9.3339,23.4856,352.3334,23.7522,synthetic_prototype_v1
PLT-00986,33415.0967,1044.4689,4.4747,32.2575,96.5603,50.7242,synthetic_prototype_v1
PLT-00987,52205.0521,1034.0274,5.0762,25.3763,101.078,47.8551,synthetic_prototype_v1
PLT-00988,49513.6694,612.017,9.8923,27.8792,251.8506,13.9206,synthetic_prototype_v1
PLT-00989,62756.8039,1095.1082,3.011,30.7936,86.6912,27.1438,synthetic_prototype_v1
PLT-00990,31641.3376,628.4072,8.0754,33.7079,131.1023,22.0956,synthetic_prototype_v1
PLT-00991,43607.8647,668.9786,4.7689,21.7472,110.1592,75.5461,synthetic_prototype_v1
PLT-00992,45748.1882,926.7467,8.6401,21.6003,224.9888,24.0812,synthetic_prototype_v1
PLT-00993,33741.4306,884.514,4.2642,26.2566,216.5994,160.5891,synthetic_prototype_v1
PLT-00994,79428.1673,811.2386,7.355,38.9588,239.4879,13.9831,synthetic_prototype_v1
PLT-00995,36493.5823,662.3529,3.3397,25.7268,245.3181,125.2784,synthetic_prototype_v1
PLT-00996,37742.3865,517.6697,5.5203,24.8945,405.6378,58.4958,synthetic_prototype_v1
PLT-00997,21226.6771,510.6296,1.5282,28.1141,233.6628,35.7384,synthetic_prototype_v1
PLT-00998,77268.4934,797.6725,4.7625,15.6466,426.4046,16.3288,synthetic_prototype_v1
PLT-00999,15077.5185,659.0616,7.2687,22.0078,152.5395,32.4883,synthetic_prototype_v1
PLT-01000,29080.975,733.4608,4.311,25.0268,298.4212,159.6205,synthetic_prototype_v1
PLT-01001,25904.3712,753.6356,3.8544,27.375,344.3398,144.5448,synthetic_prototype_v1
PLT-01002,21402.817,650.6603,1.6595,24.0164,286.3165,50.9845,synthetic_prototype_v1
PLT-01003,32135.9458,1055.7266,9.9183,29.602,204.8703,17.6371,synthetic_prototype_v1
PLT-01004,28427.4981,1090.3411,2.9823,29.9967,328.4583,52.8728,synthetic_prototype_v1
PLT-01005,67231.2433,605.616,2.8122,16.2939,273.8428,13.7346,synthetic_prototype_v1
PLT-01006,9524.8114,480.761,4.7851,25.131,268.931,20.4172,synthetic_prototype_v1
PLT-01007,75165.6458,1148.4854,4.9337,15.5806,194.0664,15.827,synthetic_prototype_v1
PLT-01008,39557.7204,933.5697,3.4342,36.8644,169.4042,22.8165,synthetic_prototype_v1
PLT-01009,37155.012,605.8826,6.3311,28.7039,133.9965,55.9412,synthetic_prototype_v1
PLT-01010,51078.958,757.2774,3.1141,24.9889,336.9279,89.9437,synthetic_prototype_v1
PLT-01011,44929.1666,778.985,3.8895,26.0074,188.0949,143.5433,synthetic_prototype_v1
PLT-01012,40725.4106,650.4095,1.3859,28.3284,442.4574,56.9172,synthetic_prototype_v1
PLT-01013,19597.9031,737.9961,4.7017,20.1713,268.5616,56.5756,synthetic_prototype_v1
PLT-01014,40373.0143,543.9092,2.2881,38.4144,363.9417,15.0584,synthetic_prototype_v1
PLT-01015,23977.6062,959.4166,2.0954,23.5562,479.9404,67.7491,synthetic_prototype_v1
PLT-01016,32403.3847,484.2061,3.1696,35.2676,388.8454,20.3842,synthetic_prototype_v1
PLT-01017,16571.2344,1102.331,1.3103,37.3693,280.8901,11.438,synthetic_prototype_v1
PLT-01018,31349.4566,721.6703,4.9676,33.818,163.0866,53.3769,synthetic_prototype_v1
PLT-01019,72088.3623,830.6758,6.8601,37.7155,273.0042,13.4476,synthetic_prototype_v1
PLT-01020,73909.5261,1093.0206,5.6227,24.04,57.9083,17.0355,synthetic_prototype_v1
PLT-01021,32320.3819,958.9981,4.2798,28.2565,430.4283,115.5875,synthetic_prototype_v1
PLT-01022,54053.232,787.8673,4.442,25.7024,326.4534,80.574,synthetic_prototype_v1
PLT-01023,47580.9199,905.3347,1.728,24.0546,204.66,61.5733,synthetic_prototype_v1
PLT-01024,44034.3083,1191.2623,8.6135,26.5389,481.7604,16.4612,synthetic_prototype_v1
PLT-01025,20980.6201,548.4194,2.3265,29.0262,74.3022,37.2242,synthetic_prototype_v1
PLT-01026,42453.8731,693.8457,2.2132,26.588,302.6707,103.8625,synthetic_prototype_v1
PLT-01027,16295.0446,648.5922,2.0246,20.3171,312.8879,36.6582,synthetic_prototype_v1
PLT-01028,79570.1884,893.7029,5.029,21.0268,139.8274,23.2234,synthetic_prototype_v1
PLT-01029,40073.0192,850.3858,1.2912,36.6379,84.6949,16.249,synthetic_prototype_v1
PLT-01030,63522.612,479.6077,3.5812,27.7392,166.714,30.0271,synthetic_prototype_v1
PLT-01031,22025.6097,967.1756,4.6669,26.8214,220.2096,85.5642,synthetic_prototype_v1
PLT-01032,49570.4521,919.2813,6.0771,30.6313,413.9785,53.8434,synthetic_prototype_v1
PLT-01033,42645.6167,851.2658,4.9959,31.8723,239.3854,82.214,synthetic_prototype_v1
PLT-01034,77563.2299,797.2519,9.1967,32.1497,331.88,20.878,synthetic_prototype_v1
PLT-01035,77569.4769,1198.1189,4.0999,15.2984,130.3449,14.9419,synthetic_prototype_v1
PLT-01036,12521.5549,918.8098,6.2556,36.2388,371.6769,17.6842,synthetic_prototype_v1
PLT-01037,48309.3376,890.9561,5.304,23.5047,292.6244,78.0948,synthetic_prototype_v1
PLT-01038,46482.7852,681.3619,5.3807,32.1438,304.505,52.8639,synthetic_prototype_v1
PLT-01039,30384.2362,1189.2729,8.1125,25.5483,297.9964,24.4746,synthetic_prototype_v1
PLT-01040,49526.1503,534.9159,6.199,23.4504,418.347,39.8735,synthetic_prototype_v1
PLT-01041,29800.7748,624.1607,7.6891,15.1372,140.8619,11.4051,synthetic_prototype_v1
PLT-01042,24952.3154,672.2066,9.9582,38.5545,277.0144,15.1556,synthetic_prototype_v1
PLT-01043,35858.6142,1078.9765,3.1962,27.2123,428.1,76.4808,synthetic_prototype_v1
PLT-01044,46418.984,951.5044,3.5188,33.4874,171.59,43.0676,synthetic_prototype_v1
PLT-01045,63361.3567,711.4672,9.6535,29.7869,165.1671,16.5205,synthetic_prototype_v1
PLT-01046,32615.1592,967.7564,3.6813,25.5349,396.4681,126.546,synthetic_prototype_v1
PLT-01047,50767.0583,888.6596,2.6023,36.8689,203.6173,21.4805,synthetic_prototype_v1
PLT-01048,38072.1974,441.8256,9.7772,32.3731,74.9156,12.9942,synthetic_prototype_v1
PLT-01049,48693.945,843.8961,3.911,24.64,229.9139,108.344,synthetic_prototype_v1
PLT-01050,48920.2821,800.029,4.2684,38.282,174.1016,15.8938,synthetic_prototype_v1
PLT-01051,41152.307,1049.7524,6.6976,25.5366,465.4911,46.757,synthetic_prototype_v1
PLT-01052,62907.8669,951.1176,9.11,35.0339,453.1902,15.0644,synthetic_prototype_v1
PLT-01053,37632.2795,918.8774,2.9285,35.9721,398.1606,28.1484,synthetic_prototype_v1
PLT-01054,5407.2376,779.3941,6.5956,23.1991,132.4162,25.9472,synthetic_prototype_v1
PLT-01055,37369.6466,793.2367,5.3778,30.6888,168.3076,94.8675,synthetic_prototype_v1
PLT-01056,23063.7944,1063.0619,4.3399,22.511,258.7202,56.8337,synthetic_prototype_v1
PLT-01057,33028.8502,809.7491,2.3587,37.1063,130.3112,22.3813,synthetic_prototype_v1
PLT-01058,41192.9381,968.6092,2.8066,20.149,460.7819,59.2161,synthetic_prototype_v1
PLT-01059,35136.1942,560.397,3.913,23.5644,255.5303,85.9618,synthetic_prototype_v1
PLT-01060,44281.4712,486.6465,4.415,26.5678,266.2181,60.0602,synthetic_prototype_v1
PLT-01061,31725.5937,569.2687,4.7714,22.1334,364.7673,70.2297,synthetic_prototype_v1
PLT-01062,35397.6096,817.3153,2.4784,23.6694,448.9489,133.1307,synthetic_prototype_v1
PLT-01063,34640.604,865.2471,4.1773,26.0653,203.709,163.4687,synthetic_prototype_v1
PLT-01064,19638.9147,464.6174,4.0606,30.7375,464.4962,31.5087,synthetic_prototype_v1
PLT-01065,40368.3475,862.5621,4.0996,24.7903,161.322,148.2765,synthetic_prototype_v1
PLT-01066,22884.9833,1020.5807,6.6093,38.0241,148.1281,20.0704,synthetic_prototype_v1
PLT-01067,67810.6808,738.4691,7.0833,22.3137,331.4729,26.1997,synthetic_prototype_v1
PLT-01068,39731.3165,762.3864,3.4151,32.5901,422.1637,84.9011,synthetic_prototype_v1
PLT-01069,63445.2458,1049.2774,3.0728,17.2153,394.1811,15.1231,synthetic_prototype_v1
PLT-01070,34732.7177,1136.2899,9.7602,21.5579,442.0757,16.9642,synthetic_prototype_v1
PLT-01071,49957.0106,1010.5497,2.6839,36.1549,260.4942,16.8323,synthetic_prototype_v1
PLT-01072,22721.4987,705.1991,3.7179,26.1828,298.4826,110.1522,synthetic_prototype_v1
PLT-01073,62189.911,775.3067,1.9063,39.1169,65.0193,18.1891,synthetic_prototype_v1
PLT-01074,50024.5192,708.3535,3.5779,33.4579,145.783,40.2695,synthetic_prototype_v1
PLT-01075,29571.0914,800.041,5.3268,27.8129,400.2392,135.933,synthetic_prototype_v1
PLT-01076,29179.5332,739.1276,3.7802,27.6927,343.4316,158.1582,synthetic_prototype_v1
PLT-01077,27867.3327,1009.8265,2.7452,28.0017,264.1496,76.2103,synthetic_prototype_v1
PLT-01078,42840.893,618.9603,3.8991,38.1229,145.8444,22.6766,synthetic_prototype_v1
PLT-01079,41803.0246,1075.5269,0.9022,24.0677,263.0467,33.8975,synthetic_prototype_v1
PLT-01080,56651.7083,798.2492,6.7242,25.1803,311.4917,42.752,synthetic_prototype_v1
PLT-01081,53596.1362,1132.8467,1.5029,38.7283,158.8641,21.7099,synthetic_prototype_v1
PLT-01082,19732.5999,943.5882,7.0345,20.8062,81.8743,29.0061,synthetic_prototype_v1
PLT-01083,69230.7223,976.1124,0.5492,34.3337,116.3473,16.1782,synthetic_prototype_v1
PLT-01084,73507.5245,751.5854,1.6198,20.8974,335.6071,16.8597,synthetic_prototype_v1
PLT-01085,35017.4375,941.0943,2.1655,30.373,180.6608,61.3182,synthetic_prototype_v1
PLT-01086,21944.6718,634.4301,6.1979,28.4817,150.3565,46.8728,synthetic_prototype_v1
PLT-01087,18445.1231,863.7318,4.4106,23.4777,254.7512,89.6028,synthetic_prototype_v1
PLT-01088,58948.44,842.1373,8.2033,18.1833,78.1342,18.039,synthetic_prototype_v1
PLT-01089,61709.0607,1010.3922,4.0429,25.0269,498.4404,35.4605,synthetic_prototype_v1
PLT-01090,43020.8587,633.1212,5.7534,28.5615,226.194,74.8631,synthetic_prototype_v1
PLT-01091,5935.2408,611.227,4.8065,22.1146,406.6846,26.9001,synthetic_prototype_v1
PLT-01092,44855.8281,605.8645,9.9463,29.1588,172.4532,15.8975,synthetic_prototype_v1
PLT-01093,26934.5644,793.2285,6.452,19.8869,127.0513,51.6978,synthetic_prototype_v1
PLT-01094,53938.9401,853.6875,9.6841,25.5007,309.9018,18.3898,synthetic_prototype_v1
PLT-01095,66693.7318,489.6985,3.3346,15.6288,168.4281,14.656,synthetic_prototype_v1
PLT-01096,57254.3709,553.6914,2.4046,29.1372,351.4402,34.399,synthetic_prototype_v1
PLT-01097,22266.0493,480.4176,1.8508,32.2777,414.2611,26.5925,synthetic_prototype_v1
PLT-01098,69160.6523,624.9968,2.7746,21.2434,64.5207,22.1218,synthetic_prototype_v1
PLT-01099,34387.8282,1155.2921,7.3273,20.9373,437.0614,25.5299,synthetic_prototype_v1
PLT-01100,29912.2286,594.2232,3.8895,31.8755,60.1387,51.3234,synthetic_prototype_v1
PLT-01101,49089.4811,773.9389,4.6725,28.2301,132.6831,87.9786,synthetic_prototype_v1
PLT-01102,23994.1606,745.8602,3.5195,38.1341,203.3272,15.5571,synthetic_prototype_v1
PLT-01103,38793.2348,1065.0897,2.4942,20.7859,127.4983,45.7113,synthetic_prototype_v1
PLT-01104,11003.6963,969.3737,9.5628,18.5218,418.5038,18.1522,synthetic_prototype_v1
PLT-01105,28072.1364,614.9721,1.5272,30.8496,181.1061,44.2784,synthetic_prototype_v1
PLT-01106,15290.8443,679.2034,9.7743,15.7974,100.6932,12.6021,synthetic_prototype_v1
PLT-01107,44005.3934,717.9009,7.0793,25.0915,316.4036,56.986,synthetic_prototype_v1
PLT-01108,42095.0168,782.7948,1.2527,34.9173,225.8669,25.6295,synthetic_prototype_v1
PLT-01109,54057.6807,961.0166,1.2096,27.5041,433.8176,34.2281,synthetic_prototype_v1
PLT-01110,49839.2025,652.6652,8.6266,23.8987,334.4996,25.8179,synthetic_prototype_v1
PLT-01111,39401.7663,830.6439,3.4942,33.0744,130.8721,73.6505,synthetic_prototype_v1
PLT-01112,39478.2098,982.299,5.55,38.2014,415.7744,20.7267,synthetic_prototype_v1
PLT-01113,67462.7791,588.3801,7.2241,36.7691,114.4597,20.2257,synthetic_prototype_v1
PLT-01114,69707.3423,526.0812,1.9034,22.8534,372.7102,21.3587,synthetic_prototype_v1
PLT-01115,58494.3647,627.8918,5.3698,34.9653,255.0713,22.2446,synthetic_prototype_v1
PLT-01116,27624.4485,564.873,2.4965,26.4347,248.3618,66.9279,synthetic_prototype_v1
PLT-01117,44140.7326,629.4194,1.1485,19.362,484.6802,33.8676,synthetic_prototype_v1
PLT-01118,39974.1949,888.8817,3.9569,26.2327,386.6023,159.8406,synthetic_prototype_v1
PLT-01119,66204.2013,437.9074,6.6215,22.5697,494.6102,19.3793,synthetic_prototype_v1
PLT-01120,22097.5829,647.7216,8.3326,19.4357,477.2169,25.5788,synthetic_prototype_v1
PLT-01121,56187.1628,931.6638,1.4779,20.3749,71.1376,26.8103,synthetic_prototype_v1
PLT-01122,67828.7644,1167.2211,2.7827,23.7531,101.5002,19.6191,synthetic_prototype_v1
PLT-01123,68434.7718,1094.5913,3.9617,27.3241,200.7058,20.2202,synthetic_prototype_v1
PLT-01124,16298.9903,881.2852,4.1621,20.5537,143.5335,47.8176,synthetic_prototype_v1
PLT-01125,29805.1807,848.4796,5.6875,31.9418,457.6385,68.768,synthetic_prototype_v1
PLT-01126,33396.5696,456.1281,7.4417,17.3928,349.7382,11.5179,synthetic_prototype_v1
PLT-01127,24748.7962,696.3597,0.848,37.6554,98.3701,12.4093,synthetic_prototype_v1
PLT-01128,22148.4202,956.1719,5.0315,36.3223,402.9601,21.736,synthetic_prototype_v1
PLT-01129,25969.3582,781.0622,2.8648,31.0871,397.0127,90.7291,synthetic_prototype_v1
PLT-01130,55847.8889,1047.6634,1.967,17.0529,272.9844,18.9382,synthetic_prototype_v1
PLT-01131,5410.4832,676.8007,0.9223,36.8042,316.6419,21.3545,synthetic_prototype_v1
PLT-01132,39850.9728,963.5666,3.3128,15.7913,200.3715,24.5973,synthetic_prototype_v1
PLT-01133,74717.9687,601.8006,7.7561,37.3558,120.1401,14.1361,synthetic_prototype_v1
PLT-01134,33902.7111,449.276,9.4945,22.4808,399.8985,20.2329,synthetic_prototype_v1
PLT-01135,23725.146,642.8621,1.1358,26.5525,295.4313,47.2087,synthetic_prototype_v1
PLT-01136,6236.165,782.2018,2.7888,15.1904,384.0617,14.8882,synthetic_prototype_v1
PLT-01137,62315.7762,956.0307,0.6857,35.7368,183.4,13.962,synthetic_prototype_v1
PLT-01138,26474.0816,816.415,4.4992,31.6209,363.3124,93.3359,synthetic_prototype_v1
PLT-01139,55119.2536,683.7758,4.9783,31.7394,251.6665,40.0802,synthetic_prototype_v1
PLT-01140,70633.071,687.9461,4.8825,28.7363,229.55,26.4494,synthetic_prototype_v1
PLT-01141,11178.6783,701.7108,3.0697,17.3713,206.2337,18.3254,synthetic_prototype_v1
PLT-01142,30354.5564,904.5204,2.5733,33.0614,108.1744,51.5108,synthetic_prototype_v1
PLT-01143,17029.1993,520.5953,9.1923,15.0839,235.1731,13.1634,synthetic_prototype_v1
PLT-01144,37877.3547,746.6683,4.2726,31.3343,324.8039,108.769,synthetic_prototype_v1
PLT-01145,27599.0268,402.4489,7.6224,19.3973,334.1725,21.1083,synthetic_prototype_v1
PLT-01146,45190.3933,892.4141,4.8626,26.0797,208.2894,112.5483,synthetic_prototype_v1
PLT-01147,10064.5486,550.0252,4.2042,22.7337,480.5962,31.7969,synthetic_prototype_v1
PLT-01148,71977.3265,560.2167,7.0437,18.9474,343.7344,20.5482,synthetic_prototype_v1
PLT-01149,29534.95,877.758,4.2724,27.304,242.8642,152.5503,synthetic_prototype_v1
PLT-01150,7906.3499,1029.453,6.1941,36.982,176.7812,10.6138,synthetic_prototype_v1
PLT-01151,32801.7941,636.0354,5.4178,29.5268,124.9522,66.8187,synthetic_prototype_v1
PLT-01152,26717.396,682.5527,5.0453,21.818,106.118,84.247,synthetic_prototype_v1
PLT-01153,37911.6276,830.2643,3.0743,27.675,249.4262,149.6039,synthetic_prototype_v1
PLT-01154,26391.5814,450.2106,4.5326,26.7909,462.3294,44.5471,synthetic_prototype_v1
PLT-01155,38828.4875,1143.144,0.6952,28.1659,318.2221,27.6395,synthetic_prototype_v1
PLT-01156,32598.7475,1001.3995,4.792,28.2784,276.3261,91.9515,synthetic_prototype_v1
PLT-01157,42621.966,895.0735,3.5917,25.9728,219.8975,139.1552,synthetic_prototype_v1
PLT-01158,12334.0998,1062.4982,9.9107,38.708,411.7828,12.8729,synthetic_prototype_v1
PLT-01159,64857.3077,641.005,2.6489,32.2204,357.669,25.4635,synthetic_prototype_v1
PLT-01160,17023.4019,486.8692,2.8273,39.756,361.413,18.4637,synthetic_prototype_v1
PLT-01161,37321.4379,611.4003,5.9215,26.0932,313.5402,79.3161,synthetic_prototype_v1
PLT-01162,5173.1579,1106.278,1.9128,30.0065,372.3593,22.0583,synthetic_prototype_v1
PLT-01163,47926.2241,925.2693,1.3997,23.6064,193.1289,50.613,synthetic_prototype_v1
PLT-01164,42012.9935,423.8657,9.0471,31.5303,324.2995,21.2167,synthetic_prototype_v1
PLT-01165,12139.9315,858.8207,5.3375,18.5338,76.7734,27.1235,synthetic_prototype_v1
PLT-01166,12582.9624,458.433,8.9769,25.8857,310.706,22.1677,synthetic_prototype_v1
PLT-01167,33872.2795,1037.7064,3.4149,24.8836,442.5196,86.8064,synthetic_prototype_v1
PLT-01168,57069.6827,435.9714,3.0427,39.1482,141.9938,11.6489,synthetic_prototype_v1
PLT-01169,25523.2586,603.3218,4.0526,24.2861,338.8756,88.6453,synthetic_prototype_v1
PLT-01170,13589.7555,580.6202,2.343,33.5298,331.6711,25.1716,synthetic_prototype_v1
PLT-01171,40425.2659,735.589,3.7546,27.0909,121.1447,143.6836,synthetic_prototype_v1
PLT-01172,32188.4087,806.08,2.3325,24.2675,251.3612,120.9897,synthetic_prototype_v1
PLT-01173,31138.3183,909.9199,4.3196,24.976,319.9323,153.339,synthetic_prototype_v1
PLT-01174,20291.8619,678.3774,5.1857,26.4507,141.2729,69.4567,synthetic_prototype_v1
PLT-01175,5694.4836,664.2543,2.7862,24.1981,314.7805,40.9148,synthetic_prototype_v1
PLT-01176,65520.8168,673.852,8.8509,32.8135,159.2211,25.2654,synthetic_prototype_v1
PLT-01177,33821.847,769.4943,3.3083,27.0426,398.3492,173.2778,synthetic_prototype_v1
PLT-01178,52415.1875,622.5298,7.6243,19.2999,409.1717,16.9857,synthetic_prototype_v1
PLT-01179,25692.2345,770.8851,5.3066,29.2861,364.9427,108.3137,synthetic_prototype_v1
PLT-01180,18743.0739,799.5536,3.1526,25.5723,348.8753,90.1322,synthetic_prototype_v1
PLT-01181,78575.3609,618.3518,4.9217,20.2517,266.19,17.8983,synthetic_prototype_v1
PLT-01182,42680.9745,1048.719,3.5436,15.0143,179.6186,12.7646,synthetic_prototype_v1
PLT-01183,12873.4787,793.2105,4.9175,17.7081,117.9615,20.3975,synthetic_prototype_v1
PLT-01184,19470.6302,889.9564,9.3373,16.0188,157.8741,10.0,synthetic_prototype_v1
PLT-01185,44032.8849,774.0847,4.3415,26.9646,156.736,137.2888,synthetic_prototype_v1
PLT-01186,27866.4755,950.3572,3.032,28.1969,372.7974,102.277,synthetic_prototype_v1
PLT-01187,24840.4858,1111.0364,2.2984,15.2126,325.7626,15.0175,synthetic_prototype_v1
PLT-01188,23315.3751,990.2857,7.8127,33.0476,330.7102,22.3798,synthetic_prototype_v1
PLT-01189,12085.0001,831.3346,2.3122,38.6785,487.4242,20.7214,synthetic_prototype_v1
PLT-01190,19515.5181,798.8582,2.413,31.784,280.6568,51.3358,synthetic_prototype_v1
PLT-01191,79625.7063,496.462,6.2303,24.3317,348.4321,19.2065,synthetic_prototype_v1
PLT-01192,32961.2936,856.6448,3.7984,27.5413,337.8658,169.6954,synthetic_prototype_v1
PLT-01193,44019.813,1015.3656,6.1153,25.9816,107.5006,55.1232,synthetic_prototype_v1
PLT-01194,25596.277,815.9608,5.9298,23.4724,393.4775,91.6931,synthetic_prototype_v1
PLT-01195,73496.3888,564.0405,4.3689,31.619,283.1296,19.9868,synthetic_prototype_v1
PLT-01196,55129.7908,782.5393,3.5075,26.6797,375.7963,74.3039,synthetic_prototype_v1
PLT-01197,6864.4619,772.17,9.5312,24.6754,156.7192,17.9333,synthetic_prototype_v1
PLT-01198,62888.7007,759.4832,3.7118,21.1681,452.1517,38.4017,synthetic_prototype_v1
PLT-01199,20679.3244,1008.8173,9.5468,32.1234,105.7091,18.497,synthetic_prototype_v1
PLT-01200,23730.2683,803.0357,3.951,27.6436,359.2705,118.1677,synthetic_prototype_v1
PLT-01201,40963.385,818.5404,4.9801,28.955,412.7314,133.8671,synthetic_prototype_v1
PLT-01202,49717.6926,764.278,3.3317,26.4101,289.5873,102.1873,synthetic_prototype_v1
PLT-01203,49305.8596,797.5836,8.4874,37.8582,352.5351,13.7697,synthetic_prototype_v1
PLT-01204,45638.1168,884.1394,4.6936,21.4957,413.2657,84.3351,synthetic_prototype_v1
PLT-01205,32378.5435,865.7337,0.5828,20.4986,261.0605,41.3908,synthetic_prototype_v1
PLT-01206,38554.4564,556.1933,2.3692,32.0595,449.966,43.8664,synthetic_prototype_v1
PLT-01207,26536.4414,623.261,5.5201,24.1004,205.8895,73.0758,synthetic_prototype_v1
PLT-01208,33145.4551,837.2936,4.5265,29.2643,248.7995,145.4683,synthetic_prototype_v1
PLT-01209,35611.7501,573.3164,6.8526,33.2799,157.3084,22.7457,synthetic_prototype_v1
PLT-01210,14137.4378,547.0465,2.6518,36.0021,477.0907,17.5438,synthetic_prototype_v1
PLT-01211,29467.8772,705.0791,4.1282,25.7162,285.2572,159.1327,synthetic_prototype_v1
PLT-01212,55265.2442,952.5177,4.4263,39.5349,109.4224,15.3385,synthetic_prototype_v1
PLT-01213,32563.3858,938.811,3.6076,33.1939,129.1874,57.2049,synthetic_prototype_v1
PLT-01214,62107.4422,1138.1913,6.2498,19.2363,68.4481,26.8766,synthetic_prototype_v1
PLT-01215,49703.1915,1061.1284,4.5559,22.9832,335.4906,51.5322,synthetic_prototype_v1
PLT-01216,8313.1327,775.9723,2.6372,36.4253,397.4195,14.8345,synthetic_prototype_v1
PLT-01217,32843.9478,413.193,6.5913,28.2751,480.4288,31.6984,synthetic_prototype_v1
PLT-01218,16239.4913,801.9091,4.4739,31.2682,364.6053,59.7348,synthetic_prototype_v1
PLT-01219,47264.2428,447.1323,5.3328,27.775,476.3358,41.3759,synthetic_prototype_v1
PLT-01220,20177.2524,597.8053,2.8837,18.5247,402.2204,41.8743,synthetic_prototype_v1
PLT-01221,65266.5159,858.5127,3.5972,23.7009,294.8045,31.7407,synthetic_prototype_v1
PLT-01222,39233.9146,705.1282,8.9624,15.9015,381.4928,17.9345,synthetic_prototype_v1
PLT-01223,35031.5772,760.5221,3.4458,22.0929,415.5783,139.8901,synthetic_prototype_v1
PLT-01224,44783.0885,556.1145,2.3227,26.3767,499.0049,56.8522,synthetic_prototype_v1
PLT-01225,28042.1961,903.3383,2.2007,28.2737,396.4551,97.6076,synthetic_prototype_v1
PLT-01226,76888.647,587.4365,6.1675,28.0984,118.2923,21.6609,synthetic_prototype_v1
PLT-01227,13941.3145,1052.6109,3.936,39.3695,418.1374,11.3599,synthetic_prototype_v1
PLT-01228,7923.4533,720.1696,7.027,31.3878,255.004,25.6258,synthetic_prototype_v1
PLT-01229,44760.7268,831.1477,3.9491,23.512,212.474,129.1754,synthetic_prototype_v1
PLT-01230,29765.0972,642.5989,6.1786,23.1525,55.6177,47.766,synthetic_prototype_v1
PLT-01231,49750.5605,737.2505,5.0697,23.6211,233.181,85.3149,synthetic_prototype_v1
PLT-01232,65672.7202,557.5839,6.2607,19.0044,342.0497,21.6967,synthetic_prototype_v1
PLT-01233,66006.472,875.1728,3.8109,20.8684,169.9858,30.4151,synthetic_prototype_v1
PLT-01234,13980.0191,1175.835,3.9565,28.8249,358.7749,24.0919,synthetic_prototype_v1
PLT-01235,6710.2903,768.03,7.8682,22.6416,206.753,25.0673,synthetic_prototype_v1
PLT-01236,78249.8059,533.833,7.5896,35.2382,97.5043,20.6374,synthetic_prototype_v1
PLT-01237,70930.1585,809.2249,9.2331,27.5287,437.0551,21.0418,synthetic_prototype_v1
PLT-01238,49352.1957,620.9969,6.5088,34.7613,118.5706,19.5389,synthetic_prototype_v1
PLT-01239,15399.0872,562.5197,3.8917,29.9369,89.7534,34.7639,synthetic_prototype_v1
PLT-01240,32477.8014,722.9102,2.2563,27.4673,338.4059,114.6791,synthetic_prototype_v1
PLT-01241,77802.3518,582.669,1.4383,22.9389,240.7133,23.3267,synthetic_prototype_v1
PLT-01242,59984.3356,530.1998,7.4867,33.0409,119.2815,21.0746,synthetic_prototype_v1
PLT-01243,32562.3288,1027.5146,0.5642,26.4459,122.5918,40.2988,synthetic_prototype_v1
PLT-01244,24104.6263,549.4038,7.2377,35.0257,90.2462,20.7274,synthetic_prototype_v1
PLT-01245,44715.6541,1173.0375,7.883,28.1687,417.2278,26.3191,synthetic_prototype_v1
PLT-01246,54220.1779,714.6001,4.7076,22.7645,480.7672,70.4581,synthetic_prototype_v1
PLT-01247,29642.4782,616.4554,5.6048,24.6254,442.6,82.2901,synthetic_prototype_v1
PLT-01248,47930.9862,878.2235,4.476,24.1678,225.9601,97.9833,synthetic_prototype_v1
PLT-01249,56407.0791,502.8708,8.1102,25.1554,211.1118,23.1335,synthetic_prototype_v1
PLT-01250,39640.7923,937.1228,5.7708,20.4836,81.2329,50.2375,synthetic_prototype_v1
PLT-01251,22755.8653,839.7387,3.8285,16.9227,416.3979,29.5822,synthetic_prototype_v1
PLT-01252,38640.5024,551.184,6.3663,31.5662,227.1732,36.2819,synthetic_prototype_v1
PLT-01253,5346.4099,709.0991,7.645,26.8631,208.1103,28.2442,synthetic_prototype_v1
PLT-01254,12071.454,521.9732,2.6006,25.4101,283.2899,32.7658,synthetic_prototype_v1
PLT-01255,44314.9915,944.8142,4.2606,27.7764,335.4587,108.89,synthetic_prototype_v1
PLT-01256,18343.4366,889.5157,4.3238,37.2533,166.0837,20.1492,synthetic_prototype_v1
PLT-01257,43776.4615,1033.4778,8.9247,25.6413,171.2465,23.5014,synthetic_prototype_v1
PLT-01258,53066.6476,434.3661,9.0089,29.6147,277.4029,23.1038,synthetic_prototype_v1
PLT-01259,34081.2073,849.5392,4.7958,22.7163,410.55,136.7364,synthetic_prototype_v1
PLT-01260,41308.0093,872.4093,6.1215,32.9853,443.6873,55.9461,synthetic_prototype_v1
PLT-01261,77885.2864,977.0161,3.0362,19.0546,254.0099,19.3557,synthetic_prototype_v1
PLT-01262,38580.8004,1106.1619,3.5513,28.2506,280.2122,62.4469,synthetic_prototype_v1
PLT-01263,36598.7672,686.3689,4.1683,26.2038,186.5572,144.3465,synthetic_prototype_v1
PLT-01264,34029.6976,704.3522,3.1503,26.1353,423.5627,156.0136,synthetic_prototype_v1
PLT-01265,29225.2498,899.3691,4.3133,29.655,269.4582,122.2067,synthetic_prototype_v1
PLT-01266,24609.3606,839.0388,4.7162,26.0987,364.2762,127.2694,synthetic_prototype_v1
PLT-01267,46441.8628,862.3021,4.5406,29.3092,248.0233,101.944,synthetic_prototype_v1
PLT-01268,18903.1455,974.4047,6.2116,32.7718,104.5624,32.56,synthetic_prototype_v1
PLT-01269,68161.5992,1143.8146,5.3402,18.3719,469.9574,22.87,synthetic_prototype_v1
PLT-01270,36796.5315,629.3767,5.6076,21.4811,387.6971,69.0845,synthetic_prototype_v1
PLT-01271,8238.1419,805.0993,5.2716,39.2608,388.1652,10.0773,synthetic_prototype_v1
PLT-01272,18461.9054,1108.711,1.4109,19.2541,196.795,23.307,synthetic_prototype_v1
PLT-01273,62889.5406,985.097,3.4846,15.582,392.358,15.2415,synthetic_prototype_v1
PLT-01274,35981.5085,561.3474,4.1643,25.8921,414.5892,90.7222,synthetic_prototype_v1
PLT-01275,25560.0795,519.8663,4.0239,21.265,113.0847,50.6269,synthetic_prototype_v1
PLT-01276,11581.9537,412.733,8.4379,17.5791,407.4481,10.4973,synthetic_prototype_v1
PLT-01277,24642.2281,510.3197,6.6015,30.9078,110.9167,31.9794,synthetic_prototype_v1
PLT-01278,53738.4951,1045.9579,6.5247,24.8569,387.2437,33.9779,synthetic_prototype_v1
PLT-01279,14833.152,996.9068,2.7943,21.4137,469.1924,44.6537,synthetic_prototype_v1
PLT-01280,41172.9408,786.1407,4.126,25.8114,124.9574,148.5044,synthetic_prototype_v1
PLT-01281,30746.9347,910.9847,0.8993,35.9544,499.4033,17.4338,synthetic_prototype_v1
PLT-01282,32055.8508,719.1316,4.2216,27.8969,142.1198,141.1941,synthetic_prototype_v1
PLT-01283,72277.5049,958.5522,6.6912,30.1784,366.1988,18.6713,synthetic_prototype_v1
PLT-01284,50055.0439,614.8109,5.091,30.9351,209.1454,47.6248,synthetic_prototype_v1
PLT-01285,74719.9229,947.6411,2.6302,23.3716,396.7932,20.3503,synthetic_prototype_v1
PLT-01286,42073.59,767.6377,4.2231,34.2712,199.5096,43.6898,synthetic_prototype_v1
PLT-01287,57015.5352,618.5066,5.5215,24.8008,458.4311,42.1855,synthetic_prototype_v1
PLT-01288,22006.8835,692.2636,2.4528,23.3654,448.5323,76.0715,synthetic_prototype_v1
PLT-01289,13812.8287,464.5443,4.6306,28.0045,343.5309,36.2428,synthetic_prototype_v1
PLT-01290,62356.7516,504.964,1.7554,34.1864,434.46,19.3273,synthetic_prototype_v1
PLT-01291,9003.6449,416.2089,9.4726,20.6772,181.7745,16.3666,synthetic_prototype_v1
PLT-01292,71984.773,945.2887,5.2554,38.3388,240.7915,10.0,synthetic_prototype_v1
PLT-01293,32919.618,665.9017,1.1114,28.6041,343.7944,57.3867,synthetic_prototype_v1
PLT-01294,16520.9674,665.0008,1.1513,16.5842,372.7425,12.5664,synthetic_prototype_v1
PLT-01295,45651.7836,845.6829,3.4623,26.723,206.2453,116.5565,synthetic_prototype_v1
PLT-01296,72792.8142,1101.9417,6.9516,36.4874,134.7236,11.9012,synthetic_prototype_v1
PLT-01297,51212.4275,522.8623,3.2347,27.8206,190.8045,45.893,synthetic_prototype_v1
PLT-01298,79555.8329,1180.7157,1.6733,28.1932,313.1595,26.1409,synthetic_prototype_v1
PLT-01299,79514.1892,731.8034,0.6172,33.9879,260.959,15.9301,synthetic_prototype_v1
PLT-01300,25909.3469,879.9282,5.667,29.3391,425.2232,93.2793,synthetic_prototype_v1
PLT-01301,36294.0207,594.1003,4.7683,15.9422,289.1206,23.3597,synthetic_prototype_v1
PLT-01302,72172.6161,842.4104,8.7042,17.2734,214.2129,14.4367,synthetic_prototype_v1
PLT-01303,78094.281,825.4231,7.5512,25.4341,348.3563,21.2312,synthetic_prototype_v1
PLT-01304,28001.7258,914.5109,5.862,26.4255,294.2047,99.367,synthetic_prototype_v1
PLT-01305,50727.1678,802.0017,3.9713,25.7485,237.2046,104.7994,synthetic_prototype_v1
PLT-01306,73433.6597,593.1917,1.184,26.7711,396.1493,21.98,synthetic_prototype_v1
PLT-01307,77765.1179,940.5988,5.9962,15.5046,328.7801,18.1334,synthetic_prototype_v1
PLT-01308,34315.1247,820.4721,3.6051,24.8756,208.1596,163.5591,synthetic_prototype_v1
PLT-01309,48023.0502,973.3323,4.1379,18.0955,246.2326,38.4751,synthetic_prototype_v1
PLT-01310,28785.417,1072.8961,8.3681,17.1821,196.1064,16.4841,synthetic_prototype_v1
PLT-01311,34926.087,964.467,2.6408,30.7388,415.8054,70.8434,synthetic_prototype_v1
PLT-01312,14881.6125,1123.6051,3.7405,21.748,447.175,29.3994,synthetic_prototype_v1
PLT-01313,23394.423,776.7617,6.6765,25.0371,282.4576,60.8836,synthetic_prototype_v1
PLT-01314,75951.834,595.5807,5.5195,35.6877,185.0044,15.3999,synthetic_prototype_v1
PLT-01315,34757.4358,842.7325,4.1317,24.1166,202.0566,159.0847,synthetic_prototype_v1
PLT-01316,52468.8222,692.1478,9.5684,30.2196,399.6531,21.1849,synthetic_prototype_v1
PLT-01317,68500.3288,772.1345,3.6167,19.4744,458.9178,26.6563,synthetic_prototype_v1
PLT-01318,9403.9011,418.6084,1.5783,33.4016,476.7242,14.5478,synthetic_prototype_v1
PLT-01319,49740.0773,897.6194,2.8641,22.1706,142.9778,70.1795,synthetic_prototype_v1
PLT-01320,41453.3937,1102.7063,4.716,35.1655,351.5259,19.1097,synthetic_prototype_v1
PLT-01321,55342.356,626.7724,1.9836,39.4029,243.3099,10.7542,synthetic_prototype_v1
PLT-01322,38608.9186,688.4663,2.3333,26.3395,296.6803,113.5996,synthetic_prototype_v1
PLT-01323,41870.1096,746.9035,5.4722,27.2056,394.8029,126.3582,synthetic_prototype_v1
PLT-01324,46900.4918,805.4368,3.6833,28.1562,266.4044,117.3504,synthetic_prototype_v1
PLT-01325,19941.0786,725.6575,4.3498,22.4623,241.8843,81.6943,synthetic_prototype_v1
PLT-01326,49264.6537,1084.1312,5.5867,35.0627,412.0653,17.3491,synthetic_prototype_v1
PLT-01327,74507.7044,1179.5536,9.7531,15.614,429.8741,12.6599,synthetic_prototype_v1
PLT-01328,63609.938,444.3136,7.5156,30.1043,195.5479,21.2234,synthetic_prototype_v1
PLT-01329,38119.9836,817.2531,4.5609,29.8749,315.8091,135.7923,synthetic_prototype_v1
PLT-01330,40808.5143,851.753,6.425,31.1751,113.0974,53.4523,synthetic_prototype_v1
PLT-01331,32049.3001,606.1497,8.6138,15.0602,60.2439,16.5345,synthetic_prototype_v1
PLT-01332,21056.9217,632.2474,6.1919,26.5608,269.1573,54.4184,synthetic_prototype_v1
PLT-01333,52011.8737,1016.6482,3.4582,21.3507,464.0105,48.7573,synthetic_prototype_v1
PLT-01334,20133.6583,964.8789,6.8526,17.7556,85.3409,18.7962,synthetic_prototype_v1
PLT-01335,13055.2217,622.1583,3.2042,29.5279,287.3282,38.8313,synthetic_prototype_v1
PLT-01336,36395.6226,834.3534,2.8476,31.8006,182.353,86.3392,synthetic_prototype_v1
PLT-01337,21074.4802,798.374,5.965,30.3048,315.5655,54.2339,synthetic_prototype_v1
PLT-01338,28849.3323,619.6562,2.4912,15.2206,268.434,19.3197,synthetic_prototype_v1
PLT-01339,45843.3701,837.9771,3.7186,27.0501,422.3298,127.6129,synthetic_prototype_v1
PLT-01340,33900.8068,606.0762,2.4839,20.8545,428.4889,58.148,synthetic_prototype_v1
PLT-01341,29825.8204,710.0535,4.2484,27.0213,449.724,158.9208,synthetic_prototype_v1
PLT-01342,67767.2435,488.6003,6.1805,23.3762,181.9053,17.8749,synthetic_prototype_v1
PLT-01343,59143.0085,1128.0717,2.3267,37.6863,127.324,15.4269,synthetic_prototype_v1
PLT-01344,35913.0022,838.7147,4.6345,26.8359,187.7771,162.9811,synthetic_prototype_v1
PLT-01345,54169.2679,890.19,4.6835,29.4813,403.6596,66.0547,synthetic_prototype_v1
PLT-01346,12055.3972,1103.1751,5.5226,23.0355,419.76,25.0268,synthetic_prototype_v1
PLT-01347,5826.2501,871.1898,9.6002,35.3308,461.3721,13.9402,synthetic_prototype_v1
PLT-01348,28441.5091,657.1735,4.004,24.8656,125.4427,106.9242,synthetic_prototype_v1
PLT-01349,59176.9513,591.0283,7.9571,22.4509,107.8894,26.0093,synthetic_prototype_v1
PLT-01350,18226.6682,706.3984,0.5804,20.0058,160.6616,29.009,synthetic_prototype_v1
PLT-01351,8175.9585,1195.8427,9.8784,28.8272,123.3474,14.4424,synthetic_prototype_v1
PLT-01352,38618.9266,645.1843,9.2244,35.5197,147.0034,10.0,synthetic_prototype_v1
PLT-01353,54891.0474,588.5264,3.3098,17.6937,256.0392,21.4857,synthetic_prototype_v1
PLT-01354,61973.2289,416.207,3.271,26.4421,237.9565,25.8511,synthetic_prototype_v1
PLT-01355,40235.0666,1025.8271,0.8631,20.1993,72.727,25.4435,synthetic_prototype_v1
PLT-01356,29826.1254,1002.4185,5.9019,24.1707,340.1964,66.8387,synthetic_prototype_v1
PLT-01357,46777.4114,996.5184,2.189,39.2629,138.6405,13.7735,synthetic_prototype_v1
PLT-01358,38739.4475,664.0195,6.3148,29.1835,363.4986,66.0043,synthetic_prototype_v1
PLT-01359,28274.2755,1016.3163,0.8879,38.8018,454.0375,12.8858,synthetic_prototype_v1
PLT-01360,11802.6325,466.4662,0.7129,38.1465,85.6173,11.111,synthetic_prototype_v1
PLT-01361,5322.9332,943.1885,6.5248,25.0413,499.536,20.2854,synthetic_prototype_v1
PLT-01362,28786.4878,1067.5382,1.6292,16.2649,104.0617,16.4122,synthetic_prototype_v1
PLT-01363,23545.0312,751.6699,9.8635,29.2107,147.0289,16.635,synthetic_prototype_v1
PLT-01364,49409.9619,405.5024,4.0257,38.7145,344.2582,13.4725,synthetic_prototype_v1
PLT-01365,23127.4698,1185.0098,3.8899,20.5925,195.3534,27.2986,synthetic_prototype_v1
PLT-01366,36341.6978,882.9245,1.8815,25.0327,231.6555,102.7772,synthetic_prototype_v1
PLT-01367,36433.5739,760.9722,4.7077,24.1208,184.1216,151.2032,synthetic_prototype_v1
PLT-01368,77327.9896,796.2405,8.7269,30.6458,324.8637,21.9468,synthetic_prototype_v1
PLT-01369,13692.4149,959.9379,6.2618,20.6086,470.7177,31.6533,synthetic_prototype_v1
PLT-01370,39138.8899,802.4835,4.4516,27.1398,179.5305,161.3266,synthetic_prototype_v1
PLT-01371,25942.0406,759.2485,2.9025,27.3676,152.1354,123.0076,synthetic_prototype_v1
PLT-01372,52021.4255,924.7324,4.0095,25.7076,196.1441,76.4963,synthetic_prototype_v1
PLT-01373,10146.5643,747.9073,9.5031,33.4502,442.1983,20.8592,synthetic_prototype_v1
PLT-01374,57879.7437,794.8657,5.5234,20.0379,303.5108,27.8336,synthetic_prototype_v1
PLT-01375,19162.7315,541.1661,8.6818,26.0152,264.5843,25.3797,synthetic_prototype_v1
PLT-01376,35549.5845,714.0222,2.9226,26.3893,177.4691,139.1314,synthetic_prototype_v1
PLT-01377,66592.309,808.6052,4.7919,34.1254,431.113,14.1726,synthetic_prototype_v1
PLT-01378,25157.7812,747.1986,3.5496,26.0246,102.4454,129.4854,synthetic_prototype_v1
PLT-01379,23072.7931,460.1115,4.1829,38.6032,413.5633,12.2668,synthetic_prototype_v1
PLT-01380,63406.3178,967.6467,0.6164,38.8693,398.7951,19.9805,synthetic_prototype_v1
PLT-01381,49927.0461,700.1541,2.4588,25.5277,328.9259,78.2128,synthetic_prototype_v1
PLT-01382,42789.4419,739.2616,3.7263,21.8671,159.7393,105.5422,synthetic_prototype_v1
PLT-01383,34942.7982,834.6351,4.2787,24.07,196.2016,154.3977,synthetic_prototype_v1
PLT-01384,24715.3499,1059.6021,4.3631,24.8971,393.4933,60.2406,synthetic_prototype_v1
PLT-01385,32617.429,1187.4512,4.9459,19.6973,213.1293,26.7357,synthetic_prototype_v1
PLT-01386,10036.6758,731.1899,2.0345,19.0483,173.1697,30.7083,synthetic_prototype_v1
PLT-01387,50992.4116,942.2962,4.3592,24.7675,175.6374,74.1791,synthetic_prototype_v1
PLT-01388,41467.2438,708.6904,5.2864,21.2172,401.0188,90.7575,synthetic_prototype_v1
PLT-01389,22355.4865,866.9541,4.5117,23.9727,312.9305,104.1007,synthetic_prototype_v1
PLT-01390,27305.8969,920.6239,1.1193,20.139,464.3092,42.6941,synthetic_prototype_v1
PLT-01391,71381.9741,657.4633,4.3221,36.7125,376.8494,15.5307,synthetic_prototype_v1
PLT-01392,39036.2917,827.3662,5.143,25.1377,220.3547,142.8806,synthetic_prototype_v1
PLT-01393,49104.1797,948.3877,3.5344,27.6608,162.2053,79.6934,synthetic_prototype_v1
PLT-01394,20209.2839,640.2557,9.0156,27.1949,215.2007,25.3759,synthetic_prototype_v1
PLT-01395,37403.7634,781.3735,4.7835,28.1602,126.9047,135.9278,synthetic_prototype_v1
PLT-01396,50807.4671,841.0719,6.039,23.9851,207.3013,59.743,synthetic_prototype_v1
PLT-01397,22779.6558,520.5222,7.3224,20.8605,439.0071,29.703,synthetic_prototype_v1
PLT-01398,36873.1552,772.1407,3.4274,25.6256,359.153,172.4966,synthetic_prototype_v1
PLT-01399,74283.7487,435.5178,0.9194,28.9873,441.9921,20.0705,synthetic_prototype_v1
PLT-01400,48351.2912,699.1375,2.4944,31.6479,295.6231,49.2866,synthetic_prototype_v1
PLT-01401,54689.7196,1124.1542,5.7884,17.3706,478.3407,17.3741,synthetic_prototype_v1
PLT-01402,37066.907,741.1068,4.3381,30.485,340.3042,128.692,synthetic_prototype_v1
PLT-01403,20506.5543,779.2201,5.719,22.4172,105.6518,66.9702,synthetic_prototype_v1
PLT-01404,8184.3465,1145.6908,6.7311,23.3884,165.2113,25.5422,synthetic_prototype_v1
PLT-01405,20523.887,948.4738,5.3156,37.5161,398.015,14.6861,synthetic_prototype_v1
PLT-01406,36268.4403,563.4926,6.8453,15.0692,66.0217,18.9599,synthetic_prototype_v1
PLT-01407,29986.9567,860.7761,3.6504,26.0828,354.3606,163.5639,synthetic_prototype_v1
PLT-01408,19983.1739,954.8043,3.6464,31.9219,445.8972,54.9512,synthetic_prototype_v1
PLT-01409,30677.1825,1057.7018,4.4971,31.2029,201.5872,46.2516,synthetic_prototype_v1
PLT-01410,41743.3807,940.3777,4.8848,26.9622,408.0989,111.664,synthetic_prototype_v1
PLT-01411,40131.2481,731.2221,5.7522,21.9077,275.0797,91.3997,synthetic_prototype_v1
PLT-01412,37395.9246,589.0321,7.5161,35.2172,160.6906,23.2278,synthetic_prototype_v1
PLT-01413,24677.3072,774.8613,3.1896,25.6095,291.5178,122.4312,synthetic_prototype_v1
PLT-01414,13405.2778,1057.4184,6.1461,15.1866,181.6032,16.0985,synthetic_prototype_v1
PLT-01415,13028.6137,673.0856,4.695,27.9088,362.5455,51.028,synthetic_prototype_v1
PLT-01416,34908.7401,844.5083,4.5628,29.1293,394.0668,145.2801,synthetic_prototype_v1
PLT-01417,31482.2263,856.6265,3.8218,29.7788,379.9583,134.866,synthetic_prototype_v1
PLT-01418,50116.8839,932.8796,9.641,17.9573,337.2824,10.2771,synthetic_prototype_v1
PLT-01419,13689.2543,1150.1643,6.3528,39.2584,468.1197,13.9213,synthetic_prototype_v1
PLT-01420,52532.733,475.2794,9.119,33.9188,393.7328,26.0208,synthetic_prototype_v1
PLT-01421,55143.9023,999.1439,3.5554,23.4658,225.8514,47.6355,synthetic_prototype_v1
PLT-01422,66373.0902,1033.6186,5.5143,18.9275,136.6112,19.9777,synthetic_prototype_v1
PLT-01423,54143.6728,792.9677,5.4039,23.7122,338.7722,64.0898,synthetic_prototype_v1
PLT-01424,10401.4642,932.8574,4.9082,27.5756,355.9853,47.1988,synthetic_prototype_v1
PLT-01425,6101.2133,616.4886,1.4342,22.6457,411.2632,22.9465,synthetic_prototype_v1
PLT-01426,60242.982,969.6008,2.0846,36.0951,328.0297,10.0,synthetic_prototype_v1
PLT-01427,7346.2635,917.9287,3.2215,26.3809,447.6512,41.6181,synthetic_prototype_v1
PLT-01428,20136.7502,778.0432,4.4683,26.4372,443.3035,112.7873,synthetic_prototype_v1
PLT-01429,29327.1983,812.8527,6.417,25.4088,245.1796,91.7676,synthetic_prototype_v1
PLT-01430,7712.2033,993.8661,3.4618,34.5904,96.9486,19.6327,synthetic_prototype_v1
PLT-01431,36185.5552,728.2731,0.891,29.398,266.1741,55.5043,synthetic_prototype_v1
PLT-01432,29624.5723,692.3388,2.3398,31.2679,140.1285,62.6715,synthetic_prototype_v1
PLT-01433,42163.8824,712.309,2.8544,23.5098,316.5781,120.7581,synthetic_prototype_v1
PLT-01434,35677.6349,1100.0187,0.5123,39.5343,199.2703,22.9292,synthetic_prototype_v1
PLT-01435,25489.0394,1080.2269,9.5133,33.1647,395.9097,17.2164,synthetic_prototype_v1
PLT-01436,28299.0639,592.7817,2.0187,23.807,383.0411,64.3687,synthetic_prototype_v1
PLT-01437,45095.0563,864.9976,7.6187,25.0232,310.016,40.5945,synthetic_prototype_v1
PLT-01438,73143.5518,951.0018,5.7632,23.9743,214.6681,22.3135,synthetic_prototype_v1
PLT-01439,50657.2056,631.4693,2.8994,24.3633,208.576,71.5623,synthetic_prototype_v1
PLT-01440,52486.1887,770.9006,7.4818,20.1837,483.0511,24.1069,synthetic_prototype_v1
PLT-01441,31942.2302,529.2717,3.1763,26.6629,448.7847,78.8143,synthetic_prototype_v1
PLT-01442,41152.5452,990.1287,3.9556,25.1447,325.2094,108.3037,synthetic_prototype_v1
PLT-01443,20254.6187,725.8573,2.0871,26.7951,184.8723,68.2501,synthetic_prototype_v1
PLT-01444,67938.04,947.4447,2.0374,23.6119,325.827,28.7139,synthetic_prototype_v1
PLT-01445,30720.817,935.2864,2.9248,23.8147,426.7809,112.5168,synthetic_prototype_v1
PLT-01446,32960.231,1032.5658,3.1672,26.7331,254.368,82.9706,synthetic_prototype_v1
PLT-01447,20682.9232,930.3961,5.6947,22.8594,400.1904,61.0727,synthetic_prototype_v1
PLT-01448,24031.6531,938.0702,4.5266,23.999,305.5997,99.7253,synthetic_prototype_v1
PLT-01449,26329.7851,1155.4954,8.4788,28.0526,329.7707,24.3674,synthetic_prototype_v1
PLT-01450,64358.8616,911.0044,3.5139,34.0758,163.9438,16.9293,synthetic_prototype_v1
PLT-01451,18515.5555,625.8425,5.4616,28.0431,347.9303,54.4729,synthetic_prototype_v1
PLT-01452,37899.805,847.3485,3.3306,21.8279,361.8017,124.7875,synthetic_prototype_v1
PLT-01453,60621.0975,721.359,8.2081,38.9569,256.4913,14.5449,synthetic_prototype_v1
PLT-01454,78502.0385,893.8777,9.1628,34.1712,333.8493,19.9307,synthetic_prototype_v1
PLT-01455,27657.4434,798.2684,2.834,20.658,400.3906,90.7883,synthetic_prototype_v1
PLT-01456,26714.3996,859.9597,6.6002,27.6437,245.2348,69.6138,synthetic_prototype_v1
PLT-01457,11320.7878,994.1661,4.5495,22.0503,129.2537,38.5827,synthetic_prototype_v1
PLT-01458,75210.499,622.5737,4.1534,33.883,329.8665,24.9664,synthetic_prototype_v1
PLT-01459,39042.8846,735.0037,5.8426,26.509,356.592,121.7307,synthetic_prototype_v1
PLT-01460,35624.2267,1032.3306,8.0517,38.9466,480.3933,20.0151,synthetic_prototype_v1
PLT-01461,39081.9047,990.7839,3.6679,32.5751,381.1297,57.577,synthetic_prototype_v1
PLT-01462,54496.3476,924.8381,0.8071,35.5754,119.8405,15.1158,synthetic_prototype_v1
PLT-01463,76197.0142,841.8869,7.2862,28.8213,435.656,21.0127,synthetic_prototype_v1
PLT-01464,35165.7969,779.0191,4.2979,26.4535,102.2918,155.7712,synthetic_prototype_v1
PLT-01465,19069.5261,457.4217,6.6371,31.4599,153.6173,29.4592,synthetic_prototype_v1
PLT-01466,41888.0788,775.603,3.353,30.1798,303.2656,117.7298,synthetic_prototype_v1
PLT-01467,47407.1264,787.4975,6.2509,25.5309,338.9796,68.977,synthetic_prototype_v1
PLT-01468,27384.8934,886.8235,4.0239,25.8658,125.118,136.5854,synthetic_prototype_v1
PLT-01469,10830.85,865.599,1.0488,18.4246,102.1469,22.6731,synthetic_prototype_v1
PLT-01470,37570.4285,710.7489,4.6963,21.7729,344.2855,115.4127,synthetic_prototype_v1
PLT-01471,45610.1663,625.633,3.7557,26.9762,179.5321,93.9596,synthetic_prototype_v1
PLT-01472,8021.0812,780.6531,2.5969,24.73,178.1514,39.0528,synthetic_prototype_v1
PLT-01473,48827.7091,780.1856,5.2295,26.2916,211.4538,94.1097,synthetic_prototype_v1
PLT-01474,71724.2316,669.3366,4.1885,24.4846,258.3996,17.8347,synthetic_prototype_v1
PLT-01475,67930.2298,1196.8126,7.9837,31.796,263.4856,17.9673,synthetic_prototype_v1
PLT-01476,57224.0281,705.046,4.7594,37.7694,252.5153,13.1663,synthetic_prototype_v1
PLT-01477,36843.9374,635.6381,4.2074,18.2386,125.3929,49.9995,synthetic_prototype_v1
PLT-01478,30881.2839,962.0982,4.0675,20.2861,164.5565,65.978,synthetic_prototype_v1
PLT-01479,21559.8441,919.1295,8.0354,35.903,221.2975,16.1547,synthetic_prototype_v1
PLT-01480,64813.3127,859.2444,5.4541,34.5973,261.6065,19.7552,synthetic_prototype_v1
PLT-01481,38314.321,758.4722,4.0871,25.1384,394.1443,178.8266,synthetic_prototype_v1
PLT-01482,28074.91,1008.2366,2.9477,17.4372,111.357,26.1858,synthetic_prototype_v1
PLT-01483,30903.7545,1020.3396,5.1469,32.6361,242.2116,51.9097,synthetic_prototype_v1
PLT-01484,43676.5579,549.397,6.1972,20.6184,55.8354,30.9615,synthetic_prototype_v1
PLT-01485,11995.3179,488.6435,1.7358,28.7217,225.7506,28.49,synthetic_prototype_v1
PLT-01486,25239.8721,920.896,3.7083,24.3217,357.5677,125.6291,synthetic_prototype_v1
PLT-01487,44159.382,535.7575,0.7578,28.8771,199.6636,27.164,synthetic_prototype_v1
PLT-01488,69547.2801,597.6541,6.3544,34.933,360.5698,15.2698,synthetic_prototype_v1
PLT-01489,31144.328,784.8385,4.9809,26.9472,138.198,141.6907,synthetic_prototype_v1
PLT-01490,77164.9991,1121.5638,2.6749,39.2174,466.6846,13.2712,synthetic_prototype_v1
PLT-01491,18932.4601,713.634,6.5643,19.1326,380.6163,30.8672,synthetic_prototype_v1
PLT-01492,33373.2367,1040.0625,4.5302,25.7471,289.4574,91.9794,synthetic_prototype_v1
PLT-01493,63184.3315,685.3542,3.215,23.9081,73.7525,29.7627,synthetic_prototype_v1
PLT-01494,63857.2587,616.3761,2.4398,27.3022,451.7523,38.9678,synthetic_prototype_v1
PLT-01495,77044.0222,927.0072,6.4186,24.2101,240.4769,24.2644,synthetic_prototype_v1
PLT-01496,17773.9316,1086.6741,9.4922,15.1966,447.2343,10.0,synthetic_prototype_v1
PLT-01497,59588.2474,863.3225,4.9602,39.0385,377.2799,13.8371,synthetic_prototype_v1
PLT-01498,38690.5318,874.4555,2.979,26.3494,388.5679,152.0733,synthetic_prototype_v1
PLT-01499,35795.8624,862.3669,6.5368,28.3227,240.0978,81.2862,synthetic_prototype_v1
PLT-01500,7805.9417,652.6116,9.0518,32.7538,136.4193,21.2927,synthetic_prototype_v1
PLT-01501,19984.6198,715.0678,2.0269,19.0623,115.6292,39.705,synthetic_prototype_v1
PLT-01502,12139.0654,853.8884,6.4462,15.6089,456.2518,14.972,synthetic_prototype_v1
PLT-01503,39042.2662,1052.0359,7.6013,37.7219,417.4567,19.3555,synthetic_prototype_v1
PLT-01504,26923.3658,1199.7719,0.7057,27.4238,338.345,24.1345,synthetic_prototype_v1
PLT-01505,26698.1941,887.5551,2.0296,26.3031,399.424,97.5432,synthetic_prototype_v1
PLT-01506,31824.3657,692.4041,3.9983,26.5536,103.8411,133.9232,synthetic_prototype_v1
PLT-01507,66130.4822,967.4192,8.0289,29.464,211.641,17.9818,synthetic_prototype_v1
PLT-01508,27202.4647,438.9779,3.2312,20.5838,323.4367,31.3626,synthetic_prototype_v1
PLT-01509,34555.3981,898.2808,1.4982,16.1605,63.1044,21.9102,synthetic_prototype_v1
PLT-01510,64642.4194,871.4302,0.6316,17.6998,102.0798,15.3155,synthetic_prototype_v1
PLT-01511,57284.595,820.3778,4.0758,30.0442,444.4894,55.4964,synthetic_prototype_v1
PLT-01512,47807.7332,841.4604,5.2261,23.7022,243.9204,94.6892,synthetic_prototype_v1
PLT-01513,47241.1089,828.3551,4.2797,29.8955,158.8532,89.6859,synthetic_prototype_v1
PLT-01514,61480.4955,1013.4892,5.3699,25.5312,96.3647,28.9295,synthetic_prototype_v1
PLT-01515,57895.4307,543.1398,9.9302,38.1423,284.0205,10.2527,synthetic_prototype_v1
PLT-01516,23998.0701,721.7353,2.2739,18.2302,312.7197,41.164,synthetic_prototype_v1
PLT-01517,23016.9707,431.1287,7.337,34.5897,96.8408,12.3267,synthetic_prototype_v1
PLT-01518,60385.0556,982.599,5.5931,26.0976,354.8334,34.9414,synthetic_prototype_v1
PLT-01519,48848.905,867.2591,4.5161,26.665,348.5115,109.878,synthetic_prototype_v1
PLT-01520,50255.4468,1092.5496,2.7109,19.5108,281.8561,32.166,synthetic_prototype_v1
PLT-01521,13918.2761,1068.8926,8.7839,29.2389,393.6037,18.4372,synthetic_prototype_v1
PLT-01522,69810.2622,837.733,6.8598,32.6231,215.4804,21.8114,synthetic_prototype_v1
PLT-01523,49885.7894,959.9377,1.5848,32.535,131.365,24.3345,synthetic_prototype_v1
PLT-01524,42268.7447,826.6869,2.1758,26.2323,284.0188,115.0968,synthetic_prototype_v1
PLT-01525,67450.8647,1007.988,3.2861,21.7207,221.466,19.3435,synthetic_prototype_v1
PLT-01526,18566.3323,697.603,1.6769,23.0422,83.5719,42.8213,synthetic_prototype_v1
PLT-01527,10389.6624,482.4796,4.6741,20.4827,171.2569,24.2765,synthetic_prototype_v1
PLT-01528,50180.769,1139.2997,5.1451,32.0085,471.4817,29.221,synthetic_prototype_v1
PLT-01529,39117.0801,423.7055,7.2724,24.5937,475.6363,24.6866,synthetic_prototype_v1
PLT-01530,44807.7193,596.285,7.5182,26.4446,489.6713,34.6459,synthetic_prototype_v1
PLT-01531,36762.1546,1055.7814,6.177,26.0075,454.3176,51.2669,synthetic_prototype_v1
PLT-01532,33084.7952,474.5746,7.5572,18.6455,371.0044,17.0913,synthetic_prototype_v1
PLT-01533,74970.0094,532.4252,7.337,39.1447,278.263,16.498,synthetic_prototype_v1
PLT-01534,43159.5716,760.8992,5.3911,28.2688,185.7896,111.2717,synthetic_prototype_v1
PLT-01535,29535.3939,747.5342,4.3117,25.7946,208.4877,159.9839,synthetic_prototype_v1
PLT-01536,16520.1374,508.2255,2.4579,15.724,335.8721,16.0018,synthetic_prototype_v1
PLT-01537,66849.8143,820.2265,1.5516,20.826,365.8226,23.9222,synthetic_prototype_v1
PLT-01538,23636.3624,771.1979,4.3175,26.4592,184.0425,127.0349,synthetic_prototype_v1
PLT-01539,13517.9132,583.6745,2.2756,26.3003,388.2713,43.1893,synthetic_prototype_v1
PLT-01540,32665.8786,619.9454,7.2825,30.5942,195.6998,33.001,synthetic_prototype_v1
PLT-01541,31349.7959,841.1825,3.1531,31.3935,340.0728,103.8054,synthetic_prototype_v1
PLT-01542,16811.086,682.9438,2.1232,23.6322,384.7558,52.1955,synthetic_prototype_v1
PLT-01543,59432.7226,460.7587,9.9439,17.6953,383.121,11.3817,synthetic_prototype_v1
PLT-01544,34883.2949,690.6282,5.8575,20.5361,419.9005,72.2821,synthetic_prototype_v1
PLT-01545,37605.5687,929.814,7.4599,26.0002,232.4551,49.4697,synthetic_prototype_v1
PLT-01546,40389.0394,916.6655,2.6439,23.1261,146.0775,98.2848,synthetic_prototype_v1
PLT-01547,30946.8706,600.9397,4.1076,29.3786,336.8419,83.6049,synthetic_prototype_v1
PLT-01548,15305.5948,1189.3007,9.6372,22.0649,473.4879,12.7945,synthetic_prototype_v1
PLT-01549,78921.5826,918.3199,3.384,38.1974,175.2661,15.5372,synthetic_prototype_v1
PLT-01550,63543.5853,1019.0798,3.9995,33.5898,99.1468,19.8646,synthetic_prototype_v1
PLT-01551,61950.5825,1080.3449,5.9509,19.6426,372.3922,19.6789,synthetic_prototype_v1
PLT-01552,35658.7332,577.5618,8.742,26.8125,97.6171,24.8411,synthetic_prototype_v1
PLT-01553,52927.0408,539.9336,4.0793,16.9013,374.6261,10.8376,synthetic_prototype_v1
PLT-01554,76061.9784,832.4575,4.8841,21.636,173.9881,21.0983,synthetic_prototype_v1
PLT-01555,22489.2076,975.788,3.6019,25.9142,409.2959,92.8712,synthetic_prototype_v1
PLT-01556,59257.3526,754.0221,7.9224,20.5171,237.4773,22.7423,synthetic_prototype_v1
PLT-01557,50256.8341,845.4659,3.6972,15.0469,439.069,20.4305,synthetic_prototype_v1
PLT-01558,50585.2775,959.3342,6.432,30.9455,359.579,38.5258,synthetic_prototype_v1
PLT-01559,24342.0142,724.7195,4.4857,28.9987,355.0211,110.1334,synthetic_prototype_v1
PLT-01560,42051.8033,846.857,5.1957,25.7954,190.9675,131.5029,synthetic_prototype_v1
PLT-01561,14103.1659,653.349,5.2172,30.7019,118.9363,39.2481,synthetic_prototype_v1
PLT-01562,19996.9111,927.8456,2.9858,27.4636,360.0905,77.5902,synthetic_prototype_v1
PLT-01563,74247.7018,691.4857,2.6355,23.6914,103.5938,24.8552,synthetic_prototype_v1
PLT-01564,9140.7468,840.7715,2.1058,29.3438,418.5096,36.4685,synthetic_prototype_v1
PLT-01565,17552.375,487.7083,9.6386,36.5873,437.1171,14.1706,synthetic_prototype_v1
PLT-01566,26403.4419,848.2639,2.041,30.2678,182.9999,76.3669,synthetic_prototype_v1
PLT-01567,36355.2946,681.9171,4.8073,29.0068,369.2074,130.5502,synthetic_prototype_v1
PLT-01568,23476.4181,1073.6156,3.5101,35.2422,330.6336,17.2471,synthetic_prototype_v1
PLT-01569,33554.9271,562.9515,6.2685,23.0422,337.1441,46.7327,synthetic_prototype_v1
PLT-01570,45360.4525,823.3326,1.1044,27.5225,113.0199,59.76,synthetic_prototype_v1
PLT-01571,76473.1371,1189.2721,0.5536,32.2106,342.7353,20.509,synthetic_prototype_v1
PLT-01572,56462.2187,599.1366,6.0009,39.0702,375.625,13.1648,synthetic_prototype_v1
PLT-01573,64526.1613,941.7408,7.0239,34.751,59.1898,14.1476,synthetic_prototype_v1
PLT-01574,24003.7515,1038.6807,6.4058,20.1606,425.9871,36.0366,synthetic_prototype_v1
PLT-01575,39399.7156,653.9758,4.8437,24.452,277.1534,109.0622,synthetic_prototype_v1
PLT-01576,37774.1966,850.3663,4.8495,39.3925,250.6494,12.6065,synthetic_prototype_v1
PLT-01577,39569.8543,599.1038,6.6074,21.5642,99.1501,41.6358,synthetic_prototype_v1
PLT-01578,14295.3541,819.9283,9.1246,32.3233,154.1382,17.0056,synthetic_prototype_v1
PLT-01579,19042.9208,458.9697,4.5926,20.9334,179.364,24.9479,synthetic_prototype_v1
PLT-01580,33975.6093,1121.8959,4.5652,32.1834,344.6608,31.9086,synthetic_prototype_v1
PLT-01581,34143.8356,702.0884,4.4303,23.5208,257.1738,143.3703,synthetic_prototype_v1
PLT-01582,49710.0791,777.4508,3.9759,29.3996,154.2524,79.7785,synthetic_prototype_v1
PLT-01583,70753.3098,965.8138,4.1352,18.2814,313.7707,20.8527,synthetic_prototype_v1
PLT-01584,44160.6085,844.4916,6.0493,31.6432,315.5865,60.8446,synthetic_prototype_v1
PLT-01585,7772.8045,814.6434,3.6622,37.0554,497.7754,14.9612,synthetic_prototype_v1
PLT-01586,38714.9181,1065.8554,8.9584,18.6935,293.8492,21.4759,synthetic_prototype_v1
PLT-01587,58242.8523,1180.3235,2.6617,19.1932,457.6194,20.8273,synthetic_prototype_v1
PLT-01588,30986.9646,410.3947,2.4181,36.4206,231.5793,11.6452,synthetic_prototype_v1
PLT-01589,75268.0466,698.8728,5.0327,27.5349,448.6529,22.9903,synthetic_prototype_v1
PLT-01590,54190.4646,783.1347,5.0494,26.6237,499.9763,79.5768,synthetic_prototype_v1
PLT-01591,36330.7465,915.2695,3.333,33.0693,355.6775,69.7202,synthetic_prototype_v1
PLT-01592,27154.3096,1104.2839,6.531,31.167,411.1925,29.4735,synthetic_prototype_v1
PLT-01593,43752.3739,823.9723,3.1207,32.4826,410.996,77.5439,synthetic_prototype_v1
PLT-01594,58876.2922,1081.3135,7.1686,34.0655,281.9915,14.3446,synthetic_prototype_v1
PLT-01595,47941.6032,579.7662,2.2542,25.7179,349.9664,55.5212,synthetic_prototype_v1
PLT-01596,20389.6568,879.9726,3.4644,27.9721,166.226,85.6188,synthetic_prototype_v1
PLT-01597,55464.0046,1031.3136,7.2985,32.8613,310.9026,30.1907,synthetic_prototype_v1
PLT-01598,61997.5163,1045.5384,4.6601,15.4842,214.3954,19.2191,synthetic_prototype_v1
PLT-01599,50983.2064,1120.9451,6.3711,21.3174,366.0045,28.1714,synthetic_prototype_v1
PLT-01600,69246.0713,581.118,4.2626,39.5096,127.2191,17.6345,synthetic_prototype_v1
PLT-01601,37112.7398,575.4174,4.8344,18.9977,64.869,36.5135,synthetic_prototype_v1
PLT-01602,47932.2886,1130.7049,2.1729,37.1413,130.493,16.034,synthetic_prototype_v1
PLT-01603,19661.4882,730.9939,1.5364,24.9568,152.8014,53.1107,synthetic_prototype_v1
PLT-01604,78843.3561,872.1706,7.3071,22.3595,179.8322,17.6231,synthetic_prototype_v1
PLT-01605,46007.9518,915.363,2.1968,26.5988,221.2997,80.8485,synthetic_prototype_v1
PLT-01606,45945.8432,758.663,4.8535,20.9477,141.2531,72.9796,synthetic_prototype_v1
PLT-01607,59280.8968,825.2038,5.7325,27.9638,429.7211,43.6601,synthetic_prototype_v1
PLT-01608,43435.1234,851.1714,4.4036,27.1906,402.1838,148.2101,synthetic_prototype_v1
PLT-01609,20096.1362,733.7593,5.591,26.0244,399.4833,81.3268,synthetic_prototype_v1
PLT-01610,32254.1041,813.7827,4.3007,25.4737,116.7547,163.7332,synthetic_prototype_v1
PLT-01611,47655.5897,852.3727,4.5176,21.0557,128.5214,73.8485,synthetic_prototype_v1
PLT-01612,34910.4766,814.2517,3.015,24.501,138.103,140.023,synthetic_prototype_v1
PLT-01613,32014.3279,888.5725,3.792,29.0669,298.8036,135.6065,synthetic_prototype_v1
PLT-01614,42924.1282,976.1656,3.2758,24.5726,216.2224,98.1185,synthetic_prototype_v1
PLT-01615,28420.782,663.6846,5.943,32.0158,107.2795,53.1029,synthetic_prototype_v1
PLT-01616,51467.6942,712.7685,3.0987,34.6674,303.3486,20.9234,synthetic_prototype_v1
PLT-01617,43057.3414,712.5866,3.3531,27.2296,128.5401,125.0973,synthetic_prototype_v1
PLT-01618,67186.2868,891.5226,6.6018,28.7277,479.4302,31.1874,synthetic_prototype_v1
PLT-01619,15393.5414,600.7277,0.9327,36.1196,437.1352,13.7875,synthetic_prototype_v1
PLT-01620,36957.0613,861.8787,4.3432,23.4039,200.1968,139.3165,synthetic_prototype_v1
PLT-01621,30019.2017,659.4586,4.5947,30.9214,178.6092,83.3517,synthetic_prototype_v1
PLT-01622,68659.4085,894.4591,5.9331,39.4474,445.3415,18.6984,synthetic_prototype_v1
PLT-01623,37182.4154,622.9681,6.7047,39.2932,149.7854,13.7624,synthetic_prototype_v1
PLT-01624,9871.0084,1084.9561,2.7318,18.829,141.0373,20.4485,synthetic_prototype_v1
PLT-01625,11308.6501,1185.7846,1.2602,19.2949,148.1806,22.2087,synthetic_prototype_v1
PLT-01626,63786.8082,420.4013,6.4235,21.0065,252.5545,22.1604,synthetic_prototype_v1
PLT-01627,64704.5336,416.6295,4.4666,28.1649,222.1326,25.47,synthetic_prototype_v1
PLT-01628,50444.3883,651.3239,0.5988,21.6992,176.9445,26.533,synthetic_prototype_v1
PLT-01629,24335.6307,834.0353,9.9148,21.1182,126.6109,13.3879,synthetic_prototype_v1
PLT-01630,53875.2101,443.8193,4.7139,27.1898,50.707,25.9654,synthetic_prototype_v1
PLT-01631,43597.2007,1041.5255,2.585,32.0012,251.9223,38.158,synthetic_prototype_v1
PLT-01632,69005.2305,718.9159,8.3397,21.5328,395.3058,19.8555,synthetic_prototype_v1
PLT-01633,32606.9953,745.3202,1.0394,20.599,130.6843,44.0982,synthetic_prototype_v1
PLT-01634,14541.9471,1020.6646,7.584,36.4223,296.3623,12.0798,synthetic_prototype_v1
PLT-01635,31120.6913,447.0408,2.9749,27.724,184.8706,40.64,synthetic_prototype_v1
PLT-01636,34469.5544,403.2025,6.9349,28.7459,237.2887,24.9091,synthetic_prototype_v1
PLT-01637,63300.7346,619.3964,7.1114,22.0035,243.8596,24.5447,synthetic_prototype_v1
PLT-01638,34023.1072,882.6462,5.89,25.6773,371.9635,117.4991,synthetic_prototype_v1
PLT-01639,33021.0604,1153.0935,1.8602,19.3247,442.9771,21.2345,synthetic_prototype_v1
PLT-01640,73032.7717,499.0299,7.6524,19.9903,390.5228,19.4576,synthetic_prototype_v1
PLT-01641,22815.1754,579.1475,8.5459,30.2403,380.8502,26.7131,synthetic_prototype_v1
PLT-01642,28727.1093,617.1105,6.9234,28.7427,344.9396,47.751,synthetic_prototype_v1
PLT-01643,28134.4717,457.2698,3.4837,22.717,244.1251,40.0279,synthetic_prototype_v1
PLT-01644,22699.7947,864.6971,4.6642,32.1516,430.2426,64.6748,synthetic_prototype_v1
PLT-01645,28185.7769,903.0121,4.502,27.5643,101.7718,118.2945,synthetic_prototype_v1
PLT-01646,64525.4468,904.1884,8.1665,24.7021,378.6007,21.6579,synthetic_prototype_v1
PLT-01647,17969.5481,786.668,6.6239,29.1162,282.1571,41.9432,synthetic_prototype_v1
PLT-01648,79502.6374,1161.024,4.8695,18.3914,116.8843,17.3465,synthetic_prototype_v1
PLT-01649,36839.9236,689.9217,5.4784,27.1763,448.7229,123.7848,synthetic_prototype_v1
PLT-01650,34632.6378,883.799,6.4678,37.6169,326.58,21.8394,synthetic_prototype_v1
PLT-01651,48844.6288,706.7164,3.4891,24.9458,133.8463,92.202,synthetic_prototype_v1
PLT-01652,73680.8643,762.5535,3.0401,21.1321,203.1646,28.0876,synthetic_prototype_v1
PLT-01653,68587.765,1188.6826,5.7054,19.3669,260.9324,21.6729,synthetic_prototype_v1
PLT-01654,20599.8555,545.3837,6.7533,16.3781,174.55,15.0298,synthetic_prototype_v1
PLT-01655,34831.1068,888.2899,6.0697,20.9118,346.1856,71.3666,synthetic_prototype_v1
PLT-01656,48435.954,603.312,3.7007,29.9852,322.9423,64.8864,synthetic_prototype_v1
PLT-01657,29159.2686,826.2592,1.6212,21.9897,135.2655,65.0161,synthetic_prototype_v1
PLT-01658,10023.351,528.7579,3.8421,20.6122,92.8027,29.2336,synthetic_prototype_v1
PLT-01659,33209.0904,908.6442,1.9278,20.098,380.3322,61.7005,synthetic_prototype_v1
PLT-01660,68834.8325,703.7755,4.2188,16.4785,398.9551,16.213,synthetic_prototype_v1
PLT-01661,42060.6235,549.3537,1.0474,24.2684,414.2618,43.6811,synthetic_prototype_v1
PLT-01662,5563.0275,1106.6762,2.442,19.7178,283.4825,25.2905,synthetic_prototype_v1
PLT-01663,6861.7349,630.6549,4.8988,29.1484,453.2217,34.4368,synthetic_prototype_v1
PLT-01664,51105.2558,1192.1165,6.0703,37.0631,73.3582,18.2709,synthetic_prototype_v1
PLT-01665,7220.5467,778.0588,7.9607,34.8063,164.0532,17.5593,synthetic_prototype_v1
PLT-01666,23069.5337,424.9928,6.3035,24.9908,113.9239,33.2165,synthetic_prototype_v1
PLT-01667,35780.5821,966.3115,5.8219,25.314,329.6566,86.9834,synthetic_prototype_v1
PLT-01668,37369.925,802.818,4.8881,26.8132,447.4185,164.2985,synthetic_prototype_v1
PLT-01669,11020.799,1103.8212,2.0853,18.1675,487.9082,21.5122,synthetic_prototype_v1
PLT-01670,46822.4017,860.4348,1.066,23.7236,305.2415,51.8441,synthetic_prototype_v1
PLT-01671,76856.9434,1099.6045,8.3216,19.7184,496.4848,18.8957,synthetic_prototype_v1
PLT-01672,11793.4294,1079.7258,4.0807,20.2333,193.8194,28.8296,synthetic_prototype_v1
PLT-01673,19771.9657,641.1693,6.7119,26.7821,452.7092,43.8883,synthetic_prototype_v1
PLT-01674,25611.8788,463.4535,6.2156,37.9808,236.584,17.0157,synthetic_prototype_v1
PLT-01675,74352.625,751.48,6.8739,15.1974,219.992,12.906,synthetic_prototype_v1
PLT-01676,79818.5028,913.3283,1.6346,25.4128,442.3439,19.7836,synthetic_prototype_v1
PLT-01677,74724.9966,626.6447,7.726,24.8247,425.3032,15.1848,synthetic_prototype_v1
PLT-01678,44846.9566,809.0162,1.1446,32.687,421.7853,38.8073,synthetic_prototype_v1
PLT-01679,49122.9686,927.4514,2.1464,24.8336,395.3016,73.1622,synthetic_prototype_v1
PLT-01680,50472.4549,1135.0384,6.7259,26.9581,130.4282,26.1084,synthetic_prototype_v1
PLT-01681,21143.2811,460.2645,3.5884,35.3632,164.5167,19.1325,synthetic_prototype_v1
PLT-01682,36636.4285,789.004,3.6339,22.162,119.9451,127.3889,synthetic_prototype_v1
PLT-01683,23417.4529,513.145,7.2581,30.5552,376.798,32.2626,synthetic_prototype_v1
PLT-01684,18710.6578,529.2406,1.79,32.64,426.8282,21.9237,synthetic_prototype_v1
PLT-01685,34502.4585,701.0716,3.7376,33.1421,227.5957,72.4484,synthetic_prototype_v1
PLT-01686,6185.2429,973.1465,0.996,20.8793,77.8726,20.4294,synthetic_prototype_v1
PLT-01687,57039.4501,1131.2038,3.9862,31.5234,395.1571,23.5761,synthetic_prototype_v1
PLT-01688,60012.1178,1150.0522,1.7746,19.6697,153.2033,20.3617,synthetic_prototype_v1
PLT-01689,71769.7971,835.9864,0.7139,28.1002,185.5441,19.2278,synthetic_prototype_v1
PLT-01690,38654.713,577.2468,1.7982,37.0512,240.2426,18.2848,synthetic_prototype_v1
PLT-01691,27398.9856,786.5357,5.0826,27.7862,338.2058,136.2909,synthetic_prototype_v1
PLT-01692,42956.1066,829.3461,4.6136,22.0491,112.8247,103.7577,synthetic_prototype_v1
PLT-01693,56574.8787,741.4365,3.1174,19.7943,166.0348,39.9362,synthetic_prototype_v1
PLT-01694,32911.0046,698.7745,3.4044,27.4018,302.0373,150.3792,synthetic_prototype_v1
PLT-01695,15481.4363,1077.0744,8.3078,32.5796,173.6861,24.7423,synthetic_prototype_v1
PLT-01696,25036.9361,771.6497,4.0833,28.8069,397.498,127.101,synthetic_prototype_v1
PLT-01697,41373.5474,772.8989,2.7672,27.0142,381.788,147.7561,synthetic_prototype_v1
PLT-01698,33428.9521,416.3544,8.1778,29.0957,269.4334,21.299,synthetic_prototype_v1
PLT-01699,27692.6362,730.7397,4.1145,26.9177,154.7666,148.6405,synthetic_prototype_v1
PLT-01700,38295.7165,637.0038,6.1403,15.4069,67.4996,16.8679,synthetic_prototype_v1
PLT-01701,76651.2071,648.9785,3.2826,17.6418,350.9937,20.2505,synthetic_prototype_v1
PLT-01702,72212.0579,979.2098,7.655,30.3486,146.4634,23.892,synthetic_prototype_v1
PLT-01703,72030.7347,927.0534,2.1097,24.336,239.2866,25.0515,synthetic_prototype_v1
PLT-01704,48978.5798,908.5952,3.2542,23.6651,361.5995,82.4585,synthetic_prototype_v1
PLT-01705,17145.6178,1167.3364,2.5656,36.931,102.4247,13.6908,synthetic_prototype_v1
PLT-01706,21851.7106,424.3847,2.717,20.1143,211.199,26.6521,synthetic_prototype_v1
PLT-01707,66793.4271,465.5359,9.5936,36.0114,490.6961,13.8033,synthetic_prototype_v1
PLT-01708,33851.2604,709.9143,1.0639,23.1533,345.4204,65.5549,synthetic_prototype_v1
PLT-01709,36138.5962,838.7543,3.4076,28.5451,410.1306,161.068,synthetic_prototype_v1
PLT-01710,42700.9494,403.5207,5.5942,39.6106,333.0777,14.0756,synthetic_prototype_v1
PLT-01711,18364.7203,816.151,4.1173,24.8992,285.9157,96.4671,synthetic_prototype_v1
PLT-01712,27315.854,897.4398,2.2355,27.88,338.2373,103.8509,synthetic_prototype_v1
PLT-01713,32440.5,816.0283,4.6096,24.2483,270.122,160.9307,synthetic_prototype_v1
PLT-01714,53447.5443,824.4996,3.2559,27.1636,358.5582,84.2797,synthetic_prototype_v1
PLT-01715,21197.1761,967.2453,2.8343,28.8867,218.6482,69.4541,synthetic_prototype_v1
PLT-01716,36212.126,931.9229,3.1861,22.7956,395.9199,118.9022,synthetic_prototype_v1
PLT-01717,10554.3263,871.0166,2.1454,35.2691,497.3043,19.9709,synthetic_prototype_v1
PLT-01718,16514.866,777.2822,7.7813,35.6184,333.9945,12.6092,synthetic_prototype_v1
PLT-01719,36856.5354,855.7053,5.776,26.2764,137.2699,116.36,synthetic_prototype_v1
PLT-01720,8029.9422,457.4679,2.9444,39.6261,53.6628,10.0,synthetic_prototype_v1
PLT-01721,12256.4674,1148.838,2.7398,39.9764,467.2124,14.8902,synthetic_prototype_v1
PLT-01722,34792.4976,544.283,4.2434,27.4757,180.4822,81.4884,synthetic_prototype_v1
PLT-01723,19422.5509,922.4721,7.7104,38.3349,173.2153,17.111,synthetic_prototype_v1
PLT-01724,38209.5142,749.287,4.2999,26.4125,425.2051,175.258,synthetic_prototype_v1
PLT-01725,43114.4686,725.2785,1.8034,16.1251,219.5935,16.5586,synthetic_prototype_v1
PLT-01726,62937.9355,1027.1412,5.2242,37.2584,195.0583,17.3451,synthetic_prototype_v1
PLT-01727,35360.8728,925.4051,4.8335,27.0609,210.0468,133.453,synthetic_prototype_v1
PLT-01728,46890.3361,1062.7023,0.5,21.6868,350.2571,27.1024,synthetic_prototype_v1
PLT-01729,65151.941,563.2105,3.4095,28.2249,322.1835,26.4452,synthetic_prototype_v1
PLT-01730,18986.2471,505.9082,6.7392,36.5489,305.8696,15.2176,synthetic_prototype_v1
PLT-01731,48264.5719,1159.4023,5.7817,19.877,374.5437,25.3659,synthetic_prototype_v1
PLT-01732,52098.7853,798.6528,3.6401,28.4126,404.7018,89.1711,synthetic_prototype_v1
PLT-01733,41795.5937,898.1531,0.5375,24.8134,140.1834,49.5527,synthetic_prototype_v1
PLT-01734,77338.9165,552.0487,5.4998,27.2495,156.1621,22.326,synthetic_prototype_v1
PLT-01735,28253.9319,765.3686,5.0013,26.3313,381.3159,147.4612,synthetic_prototype_v1
PLT-01736,23932.7218,945.0982,3.9933,15.8865,54.8673,21.7158,synthetic_prototype_v1
PLT-01737,37938.3885,840.6071,3.3937,38.497,302.4914,22.1777,synthetic_prototype_v1
PLT-01738,37438.6695,561.9883,7.9867,31.15,255.7984,23.2774,synthetic_prototype_v1
PLT-01739,27358.435,821.7959,4.0142,29.1158,230.7606,135.9059,synthetic_prototype_v1
PLT-01740,78081.2842,461.0894,4.6147,37.5652,151.8789,16.6063,synthetic_prototype_v1
PLT-01741,34361.8985,1189.5138,2.9182,21.6575,139.5568,27.4697,synthetic_prototype_v1
PLT-01742,25131.1804,976.2793,4.3502,23.4378,304.9455,88.9178,synthetic_prototype_v1
PLT-01743,12128.6898,1100.2356,4.8205,17.3181,121.7581,19.3439,synthetic_prototype_v1
PLT-01744,19135.5727,745.6723,6.3575,19.0633,55.3386,30.0253,synthetic_prototype_v1
PLT-01745,20158.5725,653.1681,2.5097,16.88,131.146,16.7815,synthetic_prototype_v1
PLT-01746,22590.1363,639.9399,5.8904,25.3189,178.4185,62.675,synthetic_prototype_v1
PLT-01747,28324.133,933.7966,5.4956,27.0551,205.1025,90.7209,synthetic_prototype_v1
PLT-01748,52426.6288,779.0142,7.1841,19.6146,244.3534,22.3933,synthetic_prototype_v1
PLT-01749,66537.9458,684.2915,6.6957,23.944,444.513,26.235,synthetic_prototype_v1
PLT-01750,35595.6463,512.1438,2.3539,24.0208,223.9614,53.109,synthetic_prototype_v1
PLT-01751,41196.5823,919.8931,3.3646,27.1551,103.6316,111.1021,synthetic_prototype_v1
PLT-01752,29594.2913,607.4278,4.5732,15.8391,55.1034,16.5339,synthetic_prototype_v1
PLT-01753,25387.8578,648.8374,2.0932,26.3562,252.4925,71.6427,synthetic_prototype_v1
PLT-01754,19507.3724,832.651,5.969,18.9295,425.0064,36.7151,synthetic_prototype_v1
PLT-01755,42439.5669,401.7882,0.7559,29.8832,493.4927,20.8133,synthetic_prototype_v1
PLT-01756,20628.4506,1169.4664,4.8968,30.6278,299.8846,28.618,synthetic_prototype_v1
PLT-01757,50860.5553,803.6533,3.0415,30.1059,251.8545,75.5014,synthetic_prototype_v1
PLT-01758,38674.2585,645.6145,5.7944,29.7891,266.4239,67.6166,synthetic_prototype_v1
PLT-01759,16721.8491,748.9972,6.097,19.5268,191.2103,30.5117,synthetic_prototype_v1
PLT-01760,22300.9344,1073.7938,9.8068,36.243,88.4386,10.0,synthetic_prototype_v1
PLT-01761,46775.1336,507.1325,7.3329,35.4439,134.8914,19.3832,synthetic_prototype_v1
PLT-01762,31987.7781,776.9579,2.3044,25.2751,120.1239,120.1644,synthetic_prototype_v1
PLT-01763,77465.1969,469.3966,9.5803,35.9868,170.4696,15.8045,synthetic_prototype_v1
PLT-01764,27911.0459,653.6333,1.2188,37.1846,362.936,16.8422,synthetic_prototype_v1
PLT-01765,39775.6786,1157.533,1.8736,17.6886,205.9381,17.3787,synthetic_prototype_v1
PLT-01766,65986.9509,839.1825,0.9059,18.504,473.0211,25.7613,synthetic_prototype_v1
PLT-01767,42395.8914,536.5904,4.2128,22.6556,218.9507,60.9278,synthetic_prototype_v1
PLT-01768,41499.3748,474.4875,3.727,19.1923,466.3989,36.6514,synthetic_prototype_v1
PLT-01769,64941.0142,751.4176,9.5253,27.1544,149.2962,18.1537,synthetic_prototype_v1
PLT-01770,45157.6092,939.3154,6.8985,19.8844,126.2582,30.2415,synthetic_prototype_v1
PLT-01771,18927.9937,719.0666,3.5341,23.6506,246.7194,79.1562,synthetic_prototype_v1
PLT-01772,64069.2377,633.5155,3.0093,24.8507,343.3915,39.9655,synthetic_prototype_v1
PLT-01773,66192.5912,545.1636,9.0332,26.1687,386.2789,17.1397,synthetic_prototype_v1
PLT-01774,32415.9954,751.9768,3.9467,26.6093,385.3729,177.8886,synthetic_prototype_v1
PLT-01775,32335.0529,968.7399,2.8664,24.3895,213.3381,94.3022,synthetic_prototype_v1
PLT-01776,46745.6712,791.4003,4.3427,25.2213,325.5744,124.4167,synthetic_prototype_v1
PLT-01777,43141.3057,810.4066,4.8391,23.1055,415.4973,132.0859,synthetic_prototype_v1
PLT-01778,10384.7857,550.1727,5.8978,38.1036,425.4058,12.6504,synthetic_prototype_v1
PLT-01779,14290.2331,624.4709,3.832,23.3478,111.3549,47.2708,synthetic_prototype_v1
PLT-01780,26293.1328,871.9882,1.0468,24.944,180.9352,59.4554,synthetic_prototype_v1
PLT-01781,58854.6752,726.8806,9.6143,24.8947,333.9544,14.1242,synthetic_prototype_v1
PLT-01782,6670.1615,951.8016,6.4467,26.7762,58.1882,28.2123,synthetic_prototype_v1
PLT-01783,38609.4871,728.6771,5.061,31.4667,434.0972,96.051,synthetic_prototype_v1
PLT-01784,38299.9017,837.9328,4.671,28.7245,295.5042,141.8248,synthetic_prototype_v1
PLT-01785,44572.727,789.3679,7.0059,15.0003,430.5207,20.617,synthetic_prototype_v1
PLT-01786,51950.9361,712.2209,9.0565,21.9429,392.5398,17.8635,synthetic_prototype_v1
PLT-01787,30795.2979,731.1009,5.2397,22.9077,268.5151,118.3642,synthetic_prototype_v1
PLT-01788,65066.3132,1051.9008,6.1851,22.0845,62.4412,30.7408,synthetic_prototype_v1
PLT-01789,69422.4687,403.4262,8.7996,21.3762,274.9994,25.8785,synthetic_prototype_v1
PLT-01790,44604.1815,864.7103,2.9432,28.5557,221.0523,106.9485,synthetic_prototype_v1
PLT-01791,39084.3073,1137.9117,8.3602,28.3596,328.6009,23.7608,synthetic_prototype_v1
PLT-01792,34599.2613,1089.8535,4.1865,18.4189,334.9142,35.3313,synthetic_prototype_v1
PLT-01793,63998.7284,1138.3547,2.5861,23.7185,188.4509,23.7328,synthetic_prototype_v1
PLT-01794,30671.4339,781.4865,2.5714,24.8573,271.5193,138.0508,synthetic_prototype_v1
PLT-01795,27907.1181,1026.0274,3.2285,28.3844,438.8376,77.08,synthetic_prototype_v1
PLT-01796,43566.7153,1197.6552,6.4475,33.143,351.3422,24.2393,synthetic_prototype_v1
PLT-01797,42035.6048,891.7881,3.7509,27.9423,109.4913,121.5272,synthetic_prototype_v1
PLT-01798,44554.9835,444.3888,5.7348,37.8517,305.3635,11.4695,synthetic_prototype_v1
PLT-01799,30644.5204,670.9565,6.8937,31.3311,149.8304,48.448,synthetic_prototype_v1
PLT-01800,32592.8255,462.6072,8.8194,37.9716,148.5693,11.1486,synthetic_prototype_v1
PLT-01801,31802.7218,1167.2815,2.6433,22.6898,315.5878,33.4741,synthetic_prototype_v1
PLT-01802,49064.1335,1116.5847,5.2208,35.521,470.3433,13.4417,synthetic_prototype_v1
PLT-01803,46549.0583,827.2664,4.4168,26.5805,328.5492,125.0674,synthetic_prototype_v1
PLT-01804,16618.6553,726.8998,6.8231,29.6348,201.3495,34.3924,synthetic_prototype_v1
PLT-01805,22366.0494,811.9575,3.1471,25.1629,389.7699,115.321,synthetic_prototype_v1
PLT-01806,19586.224,733.1014,4.8954,18.6059,400.3058,40.5886,synthetic_prototype_v1
PLT-01807,6703.4055,628.2496,2.3974,16.495,167.6463,18.3401,synthetic_prototype_v1
PLT-01808,34360.8998,654.6679,2.2377,22.7371,448.5826,83.9267,synthetic_prototype_v1
PLT-01809,50775.1542,1038.4063,7.5599,28.2327,433.7495,23.3537,synthetic_prototype_v1
PLT-01810,68485.8902,835.2785,1.9887,31.5013,131.5426,23.0008,synthetic_prototype_v1
PLT-01811,37592.2314,803.1464,5.8375,17.5404,257.1214,35.5447,synthetic_prototype_v1
PLT-01812,64702.1417,550.2868,0.5532,39.7403,85.3506,14.2633,synthetic_prototype_v1
PLT-01813,31699.2644,956.8148,4.457,25.7205,134.3897,108.3038,synthetic_prototype_v1
PLT-01814,43952.0583,664.9562,3.6034,32.0627,281.1512,62.3203,synthetic_prototype_v1
PLT-01815,29712.419,677.822,3.9837,22.6422,418.7564,125.0845,synthetic_prototype_v1
PLT-01816,69917.9404,895.7717,5.1238,26.4219,302.5478,28.7355,synthetic_prototype_v1
PLT-01817,33012.036,795.8473,1.2648,21.8053,236.2773,65.0998,synthetic_prototype_v1
PLT-01818,25645.4685,857.5363,3.6736,26.2406,285.868,149.4487,synthetic_prototype_v1
PLT-01819,67509.3915,517.2375,3.4698,23.4785,443.6682,30.9959,synthetic_prototype_v1
PLT-01820,26494.5324,642.9161,7.9772,24.539,401.5061,34.6034,synthetic_prototype_v1
PLT-01821,23736.9566,1143.5403,9.1531,38.8059,423.0569,10.5643,synthetic_prototype_v1
PLT-01822,72104.6436,436.8519,3.5524,20.0674,463.6517,20.9754,synthetic_prototype_v1
PLT-01823,31773.2546,633.4144,5.5375,32.0037,137.554,53.4126,synthetic_prototype_v1
PLT-01824,21684.2364,495.6146,3.9336,22.5555,215.008,42.7907,synthetic_prototype_v1
PLT-01825,77240.8418,1142.5909,5.3332,38.3104,383.9703,14.1156,synthetic_prototype_v1
PLT-01826,39711.5081,918.1428,2.6129,28.8645,135.0923,99.0399,synthetic_prototype_v1
PLT-01827,10386.6605,887.5435,4.1737,19.8758,206.919,35.7356,synthetic_prototype_v1
PLT-01828,47197.0046,829.3352,2.7416,26.177,173.3882,101.0637,synthetic_prototype_v1
PLT-01829,20180.396,652.9862,3.608,20.8877,468.4066,56.1316,synthetic_prototype_v1
PLT-01830,17577.464,744.0213,9.6689,19.376,227.2461,14.1451,synthetic_prototype_v1
PLT-01831,41045.5723,892.1085,3.6778,34.423,154.9371,38.3483,synthetic_prototype_v1
PLT-01832,33788.8405,922.9877,4.0966,26.937,261.6913,150.4553,synthetic_prototype_v1
PLT-01833,37269.0102,769.1919,3.5361,27.8291,422.4792,171.6234,synthetic_prototype_v1
PLT-01834,34642.599,574.7291,5.9565,30.1076,345.3152,55.8357,synthetic_prototype_v1
PLT-01835,22454.911,493.363,3.1,32.8082,118.836,25.219,synthetic_prototype_v1
PLT-01836,49592.5707,673.8153,8.9862,30.0263,342.0962,22.8414,synthetic_prototype_v1
PLT-01837,36947.8224,855.7161,7.9435,30.5094,208.3279,38.7336,synthetic_prototype_v1
PLT-01838,33003.7657,679.9994,9.1591,16.158,342.6471,14.6015,synthetic_prototype_v1
PLT-01839,31157.7715,749.6283,4.4646,28.0249,316.2462,156.3597,synthetic_prototype_v1
PLT-01840,22033.7393,923.4962,3.7655,25.2952,269.3995,98.6387,synthetic_prototype_v1
PLT-01841,27860.6854,852.9043,5.2101,30.154,194.0654,99.7515,synthetic_prototype_v1
PLT-01842,61665.4657,963.8988,6.003,27.0093,142.8092,33.5865,synthetic_prototype_v1
PLT-01843,9654.733,629.4684,5.3062,19.4418,403.9638,30.9032,synthetic_prototype_v1
PLT-01844,36963.4896,602.103,1.9302,26.912,315.1055,72.0651,synthetic_prototype_v1
PLT-01845,34773.0847,879.8929,2.7531,30.1424,313.5021,109.3672,synthetic_prototype_v1
PLT-01846,42932.1736,476.3867,5.1945,26.6349,371.6385,50.8987,synthetic_prototype_v1
PLT-01847,79611.117,859.1874,8.9712,16.1601,67.5008,15.2623,synthetic_prototype_v1
PLT-01848,67072.3379,1058.4541,3.282,39.3202,58.0291,11.1074,synthetic_prototype_v1
PLT-01849,74251.0226,1094.5239,6.5436,33.8598,289.3265,22.6423,synthetic_prototype_v1
PLT-01850,22074.586,1052.4022,0.9125,30.5219,484.0272,28.2238,synthetic_prototype_v1
PLT-01851,28716.0614,1171.665,8.6283,15.2151,258.7309,17.0801,synthetic_prototype_v1
PLT-01852,46413.8696,1039.4837,2.2507,26.745,406.3364,54.031,synthetic_prototype_v1
PLT-01853,19202.2619,830.7148,7.4555,15.7299,353.3766,13.5652,synthetic_prototype_v1
PLT-01854,31553.8029,777.6236,1.9951,23.149,140.9707,90.6905,synthetic_prototype_v1
PLT-01855,30357.7996,544.4697,6.8151,25.3067,178.4609,39.1498,synthetic_prototype_v1
PLT-01856,37541.4543,760.8707,2.9078,18.5225,289.0724,64.3838,synthetic_prototype_v1
PLT-01857,35320.7342,1064.5079,4.1575,24.7237,408.6437,81.009,synthetic_prototype_v1
PLT-01858,12270.0906,903.6133,1.8116,32.6846,339.1729,30.2859,synthetic_prototype_v1
PLT-01859,70202.137,908.2674,6.1818,17.6408,451.24,13.7289,synthetic_prototype_v1
PLT-01860,79310.7324,674.6094,3.9311,27.4838,218.9352,23.9512,synthetic_prototype_v1
PLT-01861,73800.3254,446.1541,2.8139,19.2973,370.1575,16.0084,synthetic_prototype_v1
PLT-01862,44973.0175,729.9668,2.4901,25.455,246.9732,110.4262,synthetic_prototype_v1
PLT-01863,76940.6955,736.8439,2.0015,16.5856,315.6852,15.5844,synthetic_prototype_v1
PLT-01864,31975.8218,736.1923,5.7755,20.26,211.288,76.8092,synthetic_prototype_v1
PLT-01865,20326.9659,1087.88,3.2891,31.3953,103.6949,40.6607,synthetic_prototype_v1
PLT-01866,22214.3977,571.4421,5.9334,25.5498,399.0135,55.9994,synthetic_prototype_v1
PLT-01867,37246.7787,759.0451,4.5315,32.5482,393.6598,79.9732,synthetic_prototype_v1
PLT-01868,56727.0662,759.6245,2.717,21.7686,167.9655,49.6674,synthetic_prototype_v1
PLT-01869,12051.5902,945.8318,7.2972,33.15,478.718,24.9237,synthetic_prototype_v1
PLT-01870,39582.4573,580.6227,8.5375,37.0107,134.5811,17.5355,synthetic_prototype_v1
PLT-01871,53805.2973,1013.8351,3.9955,27.0213,113.1851,48.5,synthetic_prototype_v1
PLT-01872,37336.3218,497.3522,8.5586,38.6818,120.0794,14.5965,synthetic_prototype_v1
PLT-01873,74842.7177,1037.8098,9.3297,24.7879,133.3794,22.2189,synthetic_prototype_v1
PLT-01874,34742.292,815.2599,4.8846,24.2157,298.6571,154.5334,synthetic_prototype_v1
PLT-01875,36900.2493,901.7422,3.6255,28.605,183.1686,137.0136,synthetic_prototype_v1
PLT-01876,35665.5699,684.0581,1.8234,25.0606,253.0586,94.0362,synthetic_prototype_v1
PLT-01877,38091.7061,1085.3893,3.6183,33.8682,495.5037,28.2252,synthetic_prototype_v1
PLT-01878,34436.3551,809.0448,7.9707,39.6064,326.3397,17.825,synthetic_prototype_v1
PLT-01879,34586.1138,1151.8977,8.8711,36.6491,424.6333,20.9156,synthetic_prototype_v1
PLT-01880,72942.6664,600.3013,8.1828,30.0994,146.7676,18.1049,synthetic_prototype_v1
PLT-01881,60393.529,455.0619,4.827,28.4085,380.9641,31.0818,synthetic_prototype_v1
PLT-01882,49733.3825,574.5193,9.9825,31.2847,469.5759,15.27,synthetic_prototype_v1
PLT-01883,63696.8078,626.8809,5.7311,30.1206,397.7858,30.216,synthetic_prototype_v1
PLT-01884,29574.7612,772.6624,3.9644,21.6787,402.2467,122.853,synthetic_prototype_v1
PLT-01885,30604.0301,712.3572,7.3349,30.4013,113.093,44.6089,synthetic_prototype_v1
PLT-01886,16324.4849,433.4892,4.2352,15.0757,94.0841,10.0,synthetic_prototype_v1
PLT-01887,5092.4797,482.8082,8.2531,39.3545,61.5527,11.8677,synthetic_prototype_v1
PLT-01888,47886.9087,931.5143,5.7265,25.3125,110.8549,67.3778,synthetic_prototype_v1
PLT-01889,51418.7286,782.81,5.8889,17.4252,120.9814,22.7168,synthetic_prototype_v1
PLT-01890,8680.5536,583.7219,1.1059,16.1842,242.2858,13.0372,synthetic_prototype_v1
PLT-01891,6033.3016,910.873,5.4759,28.3446,267.4083,34.0698,synthetic_prototype_v1
PLT-01892,48441.4677,511.5991,6.563,36.8343,233.3404,14.0012,synthetic_prototype_v1
PLT-01893,43681.6757,1077.467,7.1733,32.082,465.3993,21.7508,synthetic_prototype_v1
PLT-01894,53706.3926,759.4036,2.04,28.5303,105.6246,49.1653,synthetic_prototype_v1
PLT-01895,29029.7903,914.1803,9.1534,18.4828,84.4301,23.0133,synthetic_prototype_v1
PLT-01896,67409.0056,1085.1968,8.8676,16.7238,242.5429,15.0115,synthetic_prototype_v1
PLT-01897,74895.8277,722.2715,9.0173,23.9624,181.8287,17.1037,synthetic_prototype_v1
PLT-01898,28606.2214,742.251,4.7729,31.2659,201.6589,93.0199,synthetic_prototype_v1
PLT-01899,10388.7752,703.4128,5.4607,32.5178,150.1729,32.0329,synthetic_prototype_v1
PLT-01900,26681.2686,732.2251,5.7902,39.3244,371.2201,15.7704,synthetic_prototype_v1
PLT-01901,11753.5896,991.3379,1.5667,23.9928,335.8203,33.5861,synthetic_prototype_v1
PLT-01902,16581.7316,654.3876,6.4395,34.4166,492.4706,14.3189,synthetic_prototype_v1
PLT-01903,33558.5584,655.5786,4.3256,31.305,253.3179,77.8457,synthetic_prototype_v1
PLT-01904,7692.4165,752.8149,6.2167,17.4957,288.5293,11.6136,synthetic_prototype_v1
PLT-01905,11055.146,561.8469,6.4353,39.9386,61.4673,15.0592,synthetic_prototype_v1
PLT-01906,27227.1543,1161.2338,1.7188,28.062,238.0231,30.0964,synthetic_prototype_v1
PLT-01907,29191.2068,833.8697,3.2467,25.1852,104.6952,132.8977,synthetic_prototype_v1
PLT-01908,30703.5232,882.0454,2.8529,38.7211,476.2135,16.5316,synthetic_prototype_v1
PLT-01909,12755.2226,714.7657,4.6588,15.1188,99.2557,13.6002,synthetic_prototype_v1
PLT-01910,39629.5398,675.8926,4.6627,27.2807,470.9187,138.9872,synthetic_prototype_v1
PLT-01911,20974.3518,971.4117,5.2273,24.6828,192.0751,70.5225,synthetic_prototype_v1
PLT-01912,39667.0948,901.3241,6.6762,27.593,297.5604,74.1777,synthetic_prototype_v1
PLT-01913,76617.3794,401.9823,1.6066,23.1658,212.5786,19.849,synthetic_prototype_v1
PLT-01914,54862.2157,893.6484,3.6069,21.0688,244.4992,59.0565,synthetic_prototype_v1
PLT-01915,17254.3775,716.7738,2.6824,25.1879,311.5514,67.2257,synthetic_prototype_v1
PLT-01916,52967.2453,446.0808,4.3002,35.9974,297.6394,17.3476,synthetic_prototype_v1
PLT-01917,30163.3644,882.83,4.5586,24.7518,210.178,147.6992,synthetic_prototype_v1
PLT-01918,30132.593,808.0405,3.6907,23.7734,174.8898,150.6814,synthetic_prototype_v1
PLT-01919,40952.7173,885.0005,7.3111,15.8485,162.4109,16.8757,synthetic_prototype_v1
PLT-01920,66971.8943,580.2379,9.1756,31.3822,466.1298,20.413,synthetic_prototype_v1
PLT-01921,31394.7457,404.8465,5.7095,31.0604,323.3345,30.3524,synthetic_prototype_v1
PLT-01922,6989.9328,835.88,6.6868,29.1916,373.5014,29.5687,synthetic_prototype_v1
PLT-01923,51334.1681,935.2299,9.8977,23.5719,163.1485,13.3544,synthetic_prototype_v1
PLT-01924,33222.0899,660.0839,4.848,28.7323,262.2793,108.3055,synthetic_prototype_v1
PLT-01925,41097.7963,841.3373,4.1308,26.8845,200.1526,159.8262,synthetic_prototype_v1
PLT-01926,22891.4615,613.5469,7.4811,32.4524,360.7708,24.0854,synthetic_prototype_v1
PLT-01927,64057.4166,772.4,7.62,32.2037,357.5949,27.4434,synthetic_prototype_v1
PLT-01928,41464.4057,903.6683,2.4832,28.6952,226.9081,103.7233,synthetic_prototype_v1
PLT-01929,45777.5478,849.4908,1.5571,27.1005,222.1171,65.0392,synthetic_prototype_v1
PLT-01930,69808.1265,674.9167,2.1518,36.2942,103.0842,15.5131,synthetic_prototype_v1
PLT-01931,24513.8492,1148.5469,6.6664,32.4002,91.3259,24.5359,synthetic_prototype_v1
PLT-01932,74597.7956,643.9644,9.8738,19.1987,374.6119,15.1917,synthetic_prototype_v1
PLT-01933,24410.5906,901.4966,3.4894,22.4209,338.1853,96.129,synthetic_prototype_v1
PLT-01934,23250.5991,800.3213,4.8763,24.8535,319.7332,112.5273,synthetic_prototype_v1
PLT-01935,39937.0523,679.8359,4.1097,23.9216,389.9866,137.8554,synthetic_prototype_v1
PLT-01936,25299.52,777.8857,5.5617,27.1087,148.8847,105.2172,synthetic_prototype_v1
PLT-01937,59733.5575,1004.0211,7.3204,21.252,466.1818,23.5747,synthetic_prototype_v1
PLT-01938,15101.9019,626.3836,5.9626,16.1102,486.8873,19.8482,synthetic_prototype_v1
PLT-01939,35046.689,927.3996,3.9565,24.496,311.3107,147.1475,synthetic_prototype_v1
PLT-01940,77732.8684,924.3931,3.8299,18.1466,261.0208,23.4835,synthetic_prototype_v1
PLT-01941,34522.2843,573.4353,1.7188,27.2172,308.4229,54.2109,synthetic_prototype_v1
PLT-01942,47432.8925,1135.2697,8.9744,21.2448,77.1834,20.2186,synthetic_prototype_v1
PLT-01943,33664.1807,891.716,5.0053,26.072,209.0938,139.6078,synthetic_prototype_v1
PLT-01944,9461.5019,899.4898,1.7964,16.9783,351.9806,17.0004,synthetic_prototype_v1
PLT-01945,26340.5656,682.1959,9.6815,20.1756,298.7374,14.0266,synthetic_prototype_v1
PLT-01946,15111.0005,714.8157,3.3196,26.5508,412.7998,71.4468,synthetic_prototype_v1
PLT-01947,33794.7331,819.2436,3.8639,25.2067,224.3282,175.1993,synthetic_prototype_v1
PLT-01948,41079.3164,771.8393,4.0604,25.3077,150.7149,147.7065,synthetic_prototype_v1
PLT-01949,67181.5688,1133.3561,6.2003,24.273,84.6459,21.8898,synthetic_prototype_v1
PLT-01950,17728.5579,817.5979,9.7037,32.8281,186.8535,15.2961,synthetic_prototype_v1
PLT-01951,37121.1719,747.8461,5.0069,26.9755,345.3103,149.6004,synthetic_prototype_v1
PLT-01952,32067.0448,1015.3107,2.9517,24.6066,176.3887,80.4759,synthetic_prototype_v1
PLT-01953,45655.9276,1103.5735,5.0808,21.3304,454.1668,32.7417,synthetic_prototype_v1
PLT-01954,37406.978,409.7127,4.3654,38.2442,317.5414,14.803,synthetic_prototype_v1
PLT-01955,54499.6789,934.7549,5.3426,36.9934,84.7501,17.2179,synthetic_prototype_v1
PLT-01956,43668.3698,708.5826,4.8294,27.03,396.1948,132.4544,synthetic_prototype_v1
PLT-01957,18612.3807,474.8531,0.503,30.3816,423.9731,25.8431,synthetic_prototype_v1
PLT-01958,59591.0669,876.1726,6.6599,23.0389,142.5374,29.8061,synthetic_prototype_v1
PLT-01959,47200.101,814.9614,7.4507,18.8819,189.3258,27.3175,synthetic_prototype_v1
PLT-01960,36069.5804,739.917,2.7175,27.1171,372.0896,146.8226,synthetic_prototype_v1
PLT-01961,46581.2414,1069.7612,3.7841,29.1267,334.1825,62.1181,synthetic_prototype_v1
PLT-01962,68824.784,809.4579,3.8679,20.8903,246.2239,29.9654,synthetic_prototype_v1
PLT-01963,45212.8776,817.7503,4.5432,22.0632,119.0446,90.2917,synthetic_prototype_v1
PLT-01964,38351.6021,717.9793,0.9253,18.1777,219.4246,37.453,synthetic_prototype_v1
PLT-01965,50295.8499,919.0775,6.5309,16.928,269.9805,17.6555,synthetic_prototype_v1
PLT-01966,20048.5595,990.9021,5.1144,21.9025,217.4899,53.9882,synthetic_prototype_v1
PLT-01967,72359.006,573.3698,6.0446,23.9873,164.2241,24.7529,synthetic_prototype_v1
PLT-01968,8071.022,664.4804,4.3955,17.3383,358.7958,18.114,synthetic_prototype_v1
PLT-01969,13118.7081,805.2889,4.8565,17.699,96.6473,26.0942,synthetic_prototype_v1
PLT-01970,7038.66,854.8375,5.7112,26.0553,435.812,36.7459,synthetic_prototype_v1
PLT-01971,42695.9437,912.0883,2.5596,32.8313,433.3073,55.3036,synthetic_prototype_v1
PLT-01972,55418.007,1038.0138,9.3189,31.9466,463.8507,17.8965,synthetic_prototype_v1
PLT-01973,53117.0994,791.4874,3.595,27.5165,363.9577,90.9388,synthetic_prototype_v1
PLT-01974,24898.5645,875.7427,2.9335,25.6755,202.4613,109.0242,synthetic_prototype_v1
PLT-01975,35153.5849,456.5206,3.7008,18.4379,301.0006,24.9779,synthetic_prototype_v1
PLT-01976,70474.0412,534.895,4.5157,35.9185,304.437,13.8658,synthetic_prototype_v1
PLT-01977,69317.9108,703.3,8.8115,32.4795,131.5799,26.1624,synthetic_prototype_v1
PLT-01978,10755.532,402.5662,5.2967,15.5449,387.2782,14.6331,synthetic_prototype_v1
PLT-01979,24431.43,901.7506,2.7744,23.4633,112.0796,81.6879,synthetic_prototype_v1
PLT-01980,16819.2062,802.1968,5.3104,25.6618,272.4079,73.6399,synthetic_prototype_v1
PLT-01981,46274.2629,1015.8001,8.6302,33.7392,472.318,19.0017,synthetic_prototype_v1
PLT-01982,49498.1183,735.8044,5.1319,30.0186,267.7742,68.942,synthetic_prototype_v1
PLT-01983,38706.8434,815.2541,4.7581,29.0654,337.1928,144.6642,synthetic_prototype_v1
PLT-01984,55171.0744,1104.9866,0.9431,26.2273,85.9633,26.0095,synthetic_prototype_v1
PLT-01985,62399.0918,1103.2908,1.5117,31.5753,79.2515,21.5747,synthetic_prototype_v1
PLT-01986,42859.3612,432.1453,0.8568,29.4112,175.6412,30.3589,synthetic_prototype_v1
PLT-01987,11655.087,754.4416,2.8106,16.3543,449.2383,12.9701,synthetic_prototype_v1
PLT-01988,35789.9297,829.8006,2.2005,24.2951,340.583,121.4931,synthetic_prototype_v1
PLT-01989,37437.1586,934.9782,4.437,27.2486,192.347,120.5097,synthetic_prototype_v1
PLT-01990,12035.5868,842.8113,7.5809,29.2601,364.0564,28.4226,synthetic_prototype_v1
PLT-01991,36135.8498,850.313,1.8403,24.0029,300.97,101.0856,synthetic_prototype_v1
PLT-01992,34182.2534,553.8512,6.0707,39.2529,415.8177,14.962,synthetic_prototype_v1
PLT-01993,48579.5855,844.0338,2.8442,16.7501,205.0923,29.2733,synthetic_prototype_v1
PLT-01994,33885.0184,969.3687,5.102,28.5338,141.6112,92.5231,synthetic_prototype_v1
PLT-01995,44667.5883,775.3005,4.9672,23.9599,326.6105,127.5153,synthetic_prototype_v1
PLT-01996,59835.1982,1031.6466,4.3299,21.9655,445.2866,29.3107,synthetic_prototype_v1
PLT-01997,35597.1073,691.4893,9.9683,22.9848,340.2868,19.4063,synthetic_prototype_v1
PLT-01998,51765.9777,997.2808,9.065,19.8811,388.138,24.7437,synthetic_prototype_v1
PLT-01999,19662.1871,845.3275,6.3897,32.2167,205.119,41.3135,synthetic_prototype_v1
PLT-02000,10343.3358,562.1774,5.1807,16.1238,74.5239,16.4097,synthetic_prototype_v1
PLT-02001,38831.7621,1115.9343,5.6357,18.5795,332.4557,26.9911,synthetic_prototype_v1
PLT-02002,6586.1012,428.9779,1.4179,39.5107,96.1671,13.6975,synthetic_prototype_v1
PLT-02003,65154.484,786.8093,8.0224,29.8099,471.5328,18.0995,synthetic_prototype_v1
PLT-02004,75886.1216,481.4148,2.794,28.5371,282.1968,17.5465,synthetic_prototype_v1
PLT-02005,73031.4745,732.5467,2.6437,29.2,431.472,23.4719,synthetic_prototype_v1
PLT-02006,31409.0355,659.1836,7.3052,15.2627,118.6025,15.5296,synthetic_prototype_v1
PLT-02007,8694.059,419.3835,8.865,38.4894,422.5457,15.8587,synthetic_prototype_v1
PLT-02008,32979.5441,829.2921,3.3756,21.4299,254.1281,116.0209,synthetic_prototype_v1
PLT-02009,33905.2118,718.3197,4.5557,30.0187,174.3916,116.7654,synthetic_prototype_v1
PLT-02010,63424.7266,707.1615,2.1264,19.9762,393.9251,23.033,synthetic_prototype_v1
PLT-02011,23680.7555,853.9111,2.079,23.2149,155.7093,68.6461,synthetic_prototype_v1
PLT-02012,50466.4718,711.1997,5.2317,23.5333,369.765,77.1331,synthetic_prototype_v1
PLT-02013,39586.7526,733.1098,4.0812,30.6352,231.8599,108.1249,synthetic_prototype_v1
PLT-02014,45291.4163,612.0618,0.7442,24.1119,280.9137,33.2539,synthetic_prototype_v1
PLT-02015,13048.4272,735.7269,5.3452,38.0382,359.8422,10.0,synthetic_prototype_v1
PLT-02016,41992.0469,841.9621,6.1961,24.4702,158.5646,89.5449,synthetic_prototype_v1
PLT-02017,54854.0636,931.1191,4.3271,22.6739,128.8189,55.6248,synthetic_prototype_v1
PLT-02018,34887.9968,1168.1808,3.1193,22.0245,399.3608,34.9059,synthetic_prototype_v1
PLT-02019,46518.455,1044.6536,0.9725,26.6025,437.9715,34.3235,synthetic_prototype_v1
PLT-02020,58959.074,793.8815,5.0104,23.5561,119.4554,49.9352,synthetic_prototype_v1
PLT-02021,42912.7115,767.3569,8.1859,29.3328,68.1914,34.3971,synthetic_prototype_v1
PLT-02022,30460.8316,870.6148,1.1304,27.6498,425.6837,73.2234,synthetic_prototype_v1
PLT-02023,45099.5556,966.9479,2.6911,27.1192,223.9319,85.1229,synthetic_prototype_v1
PLT-02024,37050.8008,791.8987,5.0355,27.8107,185.4062,143.1858,synthetic_prototype_v1
PLT-02025,79236.7302,780.2668,5.6095,21.1441,259.8313,22.4337,synthetic_prototype_v1
PLT-02026,39695.0046,537.4025,4.6308,15.6642,278.3977,14.8972,synthetic_prototype_v1
PLT-02027,50489.9075,507.1113,5.5476,29.979,309.6144,34.5948,synthetic_prototype_v1
PLT-02028,16451.76,485.1045,2.1497,26.0192,342.0387,30.4343,synthetic_prototype_v1
PLT-02029,15525.4698,577.5632,3.8944,29.7787,124.1947,44.7051,synthetic_prototype_v1
PLT-02030,42772.4694,1008.6711,7.7067,26.6002,264.6572,35.4725,synthetic_prototype_v1
PLT-02031,30698.7722,934.8684,9.847,35.6288,463.5786,14.2706,synthetic_prototype_v1
PLT-02032,18834.6783,756.8448,5.0495,23.2017,346.4959,75.796,synthetic_prototype_v1
PLT-02033,46474.4799,890.8843,7.1333,21.3666,259.2422,37.5764,synthetic_prototype_v1
PLT-02034,35520.9345,907.2738,7.0537,24.1317,374.594,60.4663,synthetic_prototype_v1
PLT-02035,18138.5426,522.0525,4.1997,28.2535,207.0732,41.1215,synthetic_prototype_v1
PLT-02036,36263.7955,1030.4354,6.2262,26.3367,267.6209,60.6053,synthetic_prototype_v1
PLT-02037,74575.1302,555.0341,2.1389,22.636,386.3514,22.9432,synthetic_prototype_v1
PLT-02038,52421.211,1148.4407,1.8981,34.5482,326.449,13.2428,synthetic_prototype_v1
PLT-02039,10861.7105,979.2858,9.568,28.115,157.2156,17.974,synthetic_prototype_v1
PLT-02040,61881.6678,663.0285,9.1672,21.5079,247.4857,16.0661,synthetic_prototype_v1
PLT-02041,50158.9544,566.624,0.7665,33.3092,57.0088,18.8162,synthetic_prototype_v1
PLT-02042,16820.8736,804.5798,3.5969,16.8878,117.2872,25.5195,synthetic_prototype_v1
PLT-02043,33237.1204,854.5346,6.5198,24.3666,201.5162,83.4878,synthetic_prototype_v1
PLT-02044,35017.4631,945.0699,6.3903,25.6728,411.9318,76.1479,synthetic_prototype_v1
PLT-02045,30844.2611,784.5873,4.2609,21.8731,203.7564,125.0089,synthetic_prototype_v1
PLT-02046,12529.6734,642.8661,4.7278,30.9884,147.9089,35.7215,synthetic_prototype_v1
PLT-02047,39931.808,1093.4736,4.7624,39.0005,296.5463,10.0,synthetic_prototype_v1
PLT-02048,48800.9269,791.303,4.4603,30.5856,385.6295,85.6043,synthetic_prototype_v1
PLT-02049,31625.7395,623.7164,0.8663,22.1749,121.2715,37.3551,synthetic_prototype_v1
PLT-02050,8999.3814,760.4318,5.34,30.1252,450.1688,44.8401,synthetic_prototype_v1
PLT-02051,28322.1132,1155.1577,3.3379,26.8913,211.9847,48.0734,synthetic_prototype_v1
PLT-02052,52907.9609,718.2716,5.2264,19.6737,359.3088,41.3933,synthetic_prototype_v1
PLT-02053,55647.9222,1163.2866,8.8029,25.5115,283.3109,17.7204,synthetic_prototype_v1
PLT-02054,42025.4057,773.6339,8.7293,23.6767,351.2845,31.7017,synthetic_prototype_v1
PLT-02055,54624.5947,953.5081,7.9015,20.0497,357.7548,20.6593,synthetic_prototype_v1
PLT-02056,75526.3559,531.7649,2.219,27.6973,394.2945,19.7329,synthetic_prototype_v1
PLT-02057,30145.2181,847.8871,3.2355,28.3453,150.8839,131.3462,synthetic_prototype_v1
PLT-02058,61363.967,634.7001,2.5215,24.9096,80.5224,34.6586,synthetic_prototype_v1
PLT-02059,26737.5585,1005.2127,4.2182,23.6479,165.2926,79.3477,synthetic_prototype_v1
PLT-02060,8683.8233,1002.8005,8.2734,27.3409,435.8585,19.6911,synthetic_prototype_v1
PLT-02061,41084.2326,416.2948,9.7816,35.7069,339.4285,13.7705,synthetic_prototype_v1
PLT-02062,48856.4527,495.9033,5.9002,31.9219,399.4986,34.224,synthetic_prototype_v1
PLT-02063,13557.8053,450.0569,8.3883,32.8144,341.3701,20.828,synthetic_prototype_v1
PLT-02064,78498.3905,606.8719,6.8327,21.2572,380.4471,16.8374,synthetic_prototype_v1
PLT-02065,46897.1,655.0134,3.006,28.6519,436.3036,84.7585,synthetic_prototype_v1
PLT-02066,28974.9176,1115.4314,3.2344,23.9844,168.0855,48.8847,synthetic_prototype_v1
PLT-02067,35012.9621,866.1889,1.2034,26.063,368.5953,77.7313,synthetic_prototype_v1
PLT-02068,24740.7156,719.4243,4.4867,23.3905,203.633,101.6904,synthetic_prototype_v1
PLT-02069,35228.9846,607.7174,5.3305,21.6729,407.5638,79.582,synthetic_prototype_v1
PLT-02070,75692.63,463.2553,9.7441,31.4372,440.4835,14.1572,synthetic_prototype_v1
PLT-02071,59524.5961,939.3225,3.9555,17.6201,412.1004,16.0212,synthetic_prototype_v1
PLT-02072,40710.0366,815.6688,7.2954,28.1269,138.6628,52.582,synthetic_prototype_v1
PLT-02073,7444.4332,711.7369,1.062,16.8478,182.7852,14.0824,synthetic_prototype_v1
PLT-02074,8387.9838,400.5138,8.5249,20.2502,481.6242,18.8263,synthetic_prototype_v1
PLT-02075,47371.2959,518.3575,3.8272,29.3534,356.4766,49.4745,synthetic_prototype_v1
PLT-02076,21138.3706,780.7299,4.406,23.4117,355.0285,100.5067,synthetic_prototype_v1
PLT-02077,30329.741,637.0106,3.742,26.7313,442.3216,118.0949,synthetic_prototype_v1
PLT-02078,25306.9063,999.612,6.4158,38.5967,146.4991,14.6934,synthetic_prototype_v1
PLT-02079,44020.6682,820.6148,3.7766,26.028,336.9956,153.2538,synthetic_prototype_v1
PLT-02080,56244.3768,796.3931,4.5872,34.7944,140.1588,18.1273,synthetic_prototype_v1
PLT-02081,21194.3593,419.9582,5.853,20.8957,387.8306,24.3768,synthetic_prototype_v1
PLT-02082,39804.7176,954.8909,4.5305,25.259,228.7872,118.1411,synthetic_prototype_v1
PLT-02083,36266.7026,519.3473,5.6033,21.5043,245.7413,44.3673,synthetic_prototype_v1
PLT-02084,61649.763,1086.7476,9.7022,15.579,258.0828,10.7016,synthetic_prototype_v1
PLT-02085,47837.789,846.4787,1.8941,28.8767,427.3634,67.5277,synthetic_prototype_v1
PLT-02086,24157.4608,578.0904,4.4648,24.5036,188.293,71.5722,synthetic_prototype_v1
PLT-02087,33881.7122,1174.3254,2.1007,21.499,491.3052,35.2602,synthetic_prototype_v1
PLT-02088,73179.8611,789.5857,0.7617,30.1278,69.3872,17.4916,synthetic_prototype_v1
PLT-02089,58355.7011,945.1116,4.859,21.2675,114.7289,38.2786,synthetic_prototype_v1
PLT-02090,27117.1685,941.6633,3.8744,27.6456,221.2207,106.7171,synthetic_prototype_v1
PLT-02091,68090.278,714.168,6.6945,31.5409,360.8034,22.3975,synthetic_prototype_v1
PLT-02092,17775.5895,851.0447,2.8705,23.9661,365.9416,77.1724,synthetic_prototype_v1
PLT-02093,64941.7191,786.03,5.9663,27.1618,277.5431,30.3407,synthetic_prototype_v1
PLT-02094,22002.3989,1013.3613,8.3934,27.7229,427.2257,26.5149,synthetic_prototype_v1
PLT-02095,23988.8455,1009.5585,9.8193,17.5726,126.812,11.5274,synthetic_prototype_v1
PLT-02096,66707.121,1018.3161,9.1544,21.2671,283.2129,19.9776,synthetic_prototype_v1
PLT-02097,33285.851,727.6019,2.2384,19.5571,141.6968,61.6822,synthetic_prototype_v1
PLT-02098,43046.9526,804.7804,7.9369,21.5073,415.3662,37.5241,synthetic_prototype_v1
PLT-02099,30059.753,761.0391,1.4894,20.118,469.2673,51.8358,synthetic_prototype_v1
PLT-02100,38695.7514,939.7894,5.4905,22.418,252.2151,87.4877,synthetic_prototype_v1
PLT-02101,79932.8548,1000.6691,7.2359,39.0234,471.0544,10.0,synthetic_prototype_v1
PLT-02102,68574.9851,1128.5312,2.9561,36.8259,95.099,14.8022,synthetic_prototype_v1
PLT-02103,32535.5226,835.442,4.5007,19.7784,266.6793,91.9956,synthetic_prototype_v1
PLT-02104,55824.4005,984.8239,2.0525,35.3836,470.3381,15.6965,synthetic_prototype_v1
PLT-02105,43937.5426,1034.8622,4.1748,17.6919,52.001,18.0127,synthetic_prototype_v1
PLT-02106,63806.0711,572.4566,1.766,33.9872,353.6587,27.1287,synthetic_prototype_v1
PLT-02107,50356.5258,829.1564,6.104,20.3189,210.1267,47.2433,synthetic_prototype_v1
PLT-02108,46690.8054,1019.2193,7.8968,27.7885,467.7375,22.2911,synthetic_prototype_v1
PLT-02109,41216.0238,871.4316,4.2627,27.5277,156.1817,137.9041,synthetic_prototype_v1
PLT-02110,25486.7406,882.1125,1.8527,24.3972,403.4483,88.7271,synthetic_prototype_v1
PLT-02111,54499.623,688.073,3.9685,26.2847,447.8177,69.9483,synthetic_prototype_v1
PLT-02112,61188.0618,593.1912,2.4776,22.2476,174.2629,33.0382,synthetic_prototype_v1
PLT-02113,71264.7377,1055.7908,7.5288,35.1847,125.2026,14.1148,synthetic_prototype_v1
PLT-02114,35177.8162,857.9917,2.7709,19.8315,148.1753,78.4246,synthetic_prototype_v1
PLT-02115,54029.7854,1127.1784,9.3249,31.2614,381.5978,16.4851,synthetic_prototype_v1
PLT-02116,18569.4989,683.0869,7.7169,35.1898,213.5994,22.8925,synthetic_prototype_v1
PLT-02117,34241.1499,996.5297,3.2812,24.3636,119.6243,86.2864,synthetic_prototype_v1
PLT-02118,13492.3813,932.2111,3.7118,22.8207,267.7038,50.3765,synthetic_prototype_v1
PLT-02119,8447.2437,846.3093,9.9787,35.1174,131.28,13.412,synthetic_prototype_v1
PLT-02120,8652.3854,531.4027,5.7199,34.0768,438.4321,10.2562,synthetic_prototype_v1
PLT-02121,44903.1038,605.8862,6.4269,29.3301,165.2477,42.1862,synthetic_prototype_v1
PLT-02122,33459.806,595.2953,2.1724,29.5593,278.4311,65.1412,synthetic_prototype_v1
PLT-02123,27377.3432,911.4224,4.9646,27.3885,153.3512,117.8342,synthetic_prototype_v1
PLT-02124,30379.7351,972.8474,3.1904,23.9865,158.6336,89.9514,synthetic_prototype_v1
PLT-02125,25275.6341,511.0811,5.3728,22.0451,365.0791,44.569,synthetic_prototype_v1
PLT-02126,68705.6632,1087.7442,7.8029,19.0712,286.8746,22.3289,synthetic_prototype_v1
PLT-02127,42483.6738,797.5814,2.8818,27.5123,396.9521,137.0571,synthetic_prototype_v1
PLT-02128,58766.7642,774.7243,6.5062,19.6898,390.2219,31.1012,synthetic_prototype_v1
PLT-02129,75336.9841,539.9823,8.7531,32.1972,122.1235,24.3887,synthetic_prototype_v1
PLT-02130,44484.5068,1173.5577,1.6311,30.1897,336.4069,23.1929,synthetic_prototype_v1
PLT-02131,36740.0499,885.3206,2.6546,30.5466,403.1699,99.4445,synthetic_prototype_v1
PLT-02132,15235.2916,458.9567,1.3504,37.4148,54.2854,13.1446,synthetic_prototype_v1
PLT-02133,74372.1855,627.0065,6.2085,18.3312,155.1671,18.1431,synthetic_prototype_v1
PLT-02134,27059.6481,931.3285,3.447,31.6633,322.8636,76.0285,synthetic_prototype_v1
PLT-02135,26350.4051,1013.2341,4.5545,25.6499,433.3641,87.2984,synthetic_prototype_v1
PLT-02136,36229.2462,703.9324,5.0925,25.9311,284.4736,141.5932,synthetic_prototype_v1
PLT-02137,44968.1702,730.6708,3.8548,26.7132,322.3089,144.2041,synthetic_prototype_v1
PLT-02138,5903.8897,946.6213,7.4797,37.2936,276.4828,18.5842,synthetic_prototype_v1
PLT-02139,29947.3262,721.9637,3.5132,25.0857,377.0689,154.2761,synthetic_prototype_v1
PLT-02140,21704.8434,900.0255,6.2187,25.4002,279.0892,61.379,synthetic_prototype_v1
PLT-02141,12018.7209,1076.3663,8.0089,35.231,258.4776,15.7319,synthetic_prototype_v1
PLT-02142,19444.3117,987.3561,7.2395,20.8656,187.6568,26.9359,synthetic_prototype_v1
PLT-02143,64664.4145,589.3472,9.2356,23.5032,409.0691,13.461,synthetic_prototype_v1
PLT-02144,38615.5496,421.4846,7.0617,25.8738,371.7816,22.1362,synthetic_prototype_v1
PLT-02145,32297.5792,729.8551,3.6999,26.8736,406.3692,170.6899,synthetic_prototype_v1
PLT-02146,64475.3734,889.4083,4.2519,39.9688,83.2734,15.9111,synthetic_prototype_v1
PLT-02147,17449.4684,824.3801,8.5428,30.0373,65.3821,26.3308,synthetic_prototype_v1
PLT-02148,65309.3395,431.9572,2.293,24.0355,113.8622,23.1294,synthetic_prototype_v1
PLT-02149,62970.3041,763.9402,2.0226,30.5432,464.3696,26.1209,synthetic_prototype_v1
PLT-02150,36462.6692,938.6096,2.9159,27.4232,271.9912,114.8427,synthetic_prototype_v1
PLT-02151,60051.242,810.3636,4.7833,25.6088,447.0904,54.6692,synthetic_prototype_v1
PLT-02152,74687.1974,431.167,8.2906,30.9861,151.7032,17.1315,synthetic_prototype_v1
PLT-02153,38812.72,719.4517,3.6704,27.8926,175.0701,146.146,synthetic_prototype_v1
PLT-02154,5364.3003,1111.0302,6.7867,18.4877,397.6562,22.5208,synthetic_prototype_v1
PLT-02155,56226.1217,635.6449,5.5183,29.3244,376.2505,43.8929,synthetic_prototype_v1
PLT-02156,6185.4167,723.3236,5.0204,35.4149,183.1301,13.5412,synthetic_prototype_v1
PLT-02157,26463.4796,656.6727,4.9906,24.8119,180.8525,91.4765,synthetic_prototype_v1
PLT-02158,24584.1303,974.4246,3.3094,22.516,197.9773,72.3892,synthetic_prototype_v1
PLT-02159,46120.4988,1184.5122,2.601,23.5035,116.6486,32.4115,synthetic_prototype_v1
PLT-02160,25173.1403,991.2419,3.8498,28.7395,369.6671,85.7663,synthetic_prototype_v1
PLT-02161,47329.451,886.6406,5.4209,31.896,180.7046,56.8749,synthetic_prototype_v1
PLT-02162,38080.8072,773.6147,6.2136,16.387,477.0755,25.1791,synthetic_prototype_v1
PLT-02163,49335.7862,599.6385,2.4734,26.2282,390.668,62.6747,synthetic_prototype_v1
PLT-02164,35639.6483,757.8205,8.8148,16.0833,307.9678,15.1738,synthetic_prototype_v1
PLT-02165,62194.2569,1161.8287,9.7013,29.9628,441.7769,18.798,synthetic_prototype_v1
PLT-02166,5922.7014,850.4086,5.9135,37.598,115.9619,20.6562,synthetic_prototype_v1
PLT-02167,34891.438,539.0215,8.7276,22.8159,112.7946,24.4427,synthetic_prototype_v1
PLT-02168,40110.2558,769.7211,2.4739,25.7337,350.1292,134.579,synthetic_prototype_v1
PLT-02169,29290.286,637.5207,3.4799,29.0266,139.6605,92.0574,synthetic_prototype_v1
PLT-02170,26361.2363,755.1669,4.1204,25.5087,213.1638,145.8869,synthetic_prototype_v1
PLT-02171,33794.7106,956.787,4.0377,27.8509,289.5943,120.245,synthetic_prototype_v1
PLT-02172,55677.6251,970.9256,5.4617,20.9367,205.1358,40.2571,synthetic_prototype_v1
PLT-02173,42221.6557,1136.3204,3.9453,26.2611,229.2132,52.0074,synthetic_prototype_v1
PLT-02174,11750.1043,1183.0469,4.2619,30.634,373.6659,27.4648,synthetic_prototype_v1
PLT-02175,51268.0088,919.3963,3.4053,27.4862,198.9077,76.92,synthetic_prototype_v1
PLT-02176,79750.7909,465.154,7.2723,35.871,497.352,13.7873,synthetic_prototype_v1
PLT-02177,76882.1886,833.3909,6.6799,32.4842,301.017,22.4526,synthetic_prototype_v1
PLT-02178,37842.8028,968.0008,6.929,29.2917,264.4464,50.289,synthetic_prototype_v1
PLT-02179,70037.9207,565.8983,2.8119,16.747,143.487,16.3856,synthetic_prototype_v1
PLT-02180,75279.7044,630.4657,4.8986,18.0754,365.855,25.3022,synthetic_prototype_v1
PLT-02181,16518.4834,1050.8212,8.0814,22.2986,329.7714,18.8991,synthetic_prototype_v1
PLT-02182,35935.2928,953.2596,2.6004,31.5797,259.575,68.2719,synthetic_prototype_v1
PLT-02183,49255.6922,1166.1547,6.8738,35.659,241.1534,13.8047,synthetic_prototype_v1
PLT-02184,40498.9253,868.5449,3.6656,23.7624,398.3279,150.4076,synthetic_prototype_v1
PLT-02185,26303.8483,901.9569,4.0181,16.8311,57.8065,28.4584,synthetic_prototype_v1
PLT-02186,55088.6869,637.8636,8.4158,24.774,426.8586,28.6537,synthetic_prototype_v1
PLT-02187,74559.5344,556.0236,8.2899,31.7269,324.1337,19.0152,synthetic_prototype_v1
PLT-02188,67038.0068,618.2688,1.4531,25.7149,50.4672,22.5129,synthetic_prototype_v1
PLT-02189,46572.8131,591.0902,3.6976,24.2322,200.8764,70.6737,synthetic_prototype_v1
PLT-02190,39350.0538,881.3487,3.8689,29.0568,262.0195,137.2878,synthetic_prototype_v1
PLT-02191,68249.2164,789.6364,1.3231,15.6169,364.5344,11.1755,synthetic_prototype_v1
PLT-02192,41667.3726,1086.9385,3.3418,27.1921,155.2187,58.3763,synthetic_prototype_v1
PLT-02193,13484.3677,757.4086,3.3026,20.8968,116.9195,41.9691,synthetic_prototype_v1
PLT-02194,11503.3613,530.7434,5.5188,24.1602,116.7428,30.0056,synthetic_prototype_v1
PLT-02195,38686.0021,780.1486,5.6248,21.9022,198.0381,98.1534,synthetic_prototype_v1
PLT-02196,28822.6726,1179.2877,9.6521,36.7878,347.3565,16.923,synthetic_prototype_v1
PLT-02197,42236.6421,857.189,3.4895,30.4984,403.7712,113.791,synthetic_prototype_v1
PLT-02198,69467.085,942.3229,2.9591,19.5259,402.466,21.5246,synthetic_prototype_v1
PLT-02199,56957.8677,402.9804,9.1355,32.0071,185.2527,12.9901,synthetic_prototype_v1
PLT-02200,38933.7676,619.7185,2.3791,22.1188,400.1286,69.5484,synthetic_prototype_v1
PLT-02201,28124.9903,984.9115,8.1586,30.5966,404.8336,29.4079,synthetic_prototype_v1
PLT-02202,67251.4384,611.0288,7.2944,38.6369,483.9189,15.6146,synthetic_prototype_v1
PLT-02203,36983.6226,1047.625,3.6202,25.8779,366.801,90.61,synthetic_prototype_v1
PLT-02204,48038.2677,544.9282,3.5496,24.9035,153.7801,56.471,synthetic_prototype_v1
PLT-02205,17522.969,866.146,4.0946,32.712,340.5725,55.2719,synthetic_prototype_v1
PLT-02206,38854.6534,856.885,4.032,28.0433,196.3917,150.2088,synthetic_prototype_v1
PLT-02207,61856.5805,1101.9816,1.4725,31.2054,127.178,22.9296,synthetic_prototype_v1
PLT-02208,33944.0969,715.8727,0.9595,23.3035,236.8839,62.1078,synthetic_prototype_v1
PLT-02209,71733.46,1088.0052,9.1438,30.7656,389.2032,15.4984,synthetic_prototype_v1
PLT-02210,73763.6306,756.5861,4.5671,33.8117,482.0369,23.6866,synthetic_prototype_v1
PLT-02211,64084.4638,816.2841,7.5974,29.78,254.5887,20.7242,synthetic_prototype_v1
PLT-02212,76299.8631,834.2994,3.0758,35.1237,295.0098,13.2716,synthetic_prototype_v1
PLT-02213,69542.7439,419.8223,3.1492,22.9859,290.0203,20.615,synthetic_prototype_v1
PLT-02214,34469.6756,864.4731,1.9978,23.0665,376.6504,103.1056,synthetic_prototype_v1
PLT-02215,34558.0237,941.115,5.1703,34.5273,482.6214,27.9161,synthetic_prototype_v1
PLT-02216,22752.6496,805.2358,3.2909,32.338,478.8742,69.7021,synthetic_prototype_v1
PLT-02217,27151.0336,756.746,4.4336,21.9067,183.0111,110.2062,synthetic_prototype_v1
PLT-02218,40775.7732,920.3734,3.7136,28.8889,183.421,116.5652,synthetic_prototype_v1
PLT-02219,27655.3677,1106.5015,4.2408,38.723,457.8336,16.5697,synthetic_prototype_v1
PLT-02220,76163.233,758.8782,5.4884,34.4485,451.5872,15.1655,synthetic_prototype_v1
PLT-02221,34366.8623,1006.2067,5.4895,25.1286,144.5384,82.8198,synthetic_prototype_v1
PLT-02222,28917.6125,636.3855,4.0588,24.6846,305.3899,109.6182,synthetic_prototype_v1
PLT-02223,30425.5805,1043.4215,9.6964,31.6128,371.1889,16.4258,synthetic_prototype_v1
PLT-02224,42162.9917,797.2471,9.8079,18.2157,166.889,16.7389,synthetic_prototype_v1
PLT-02225,46644.1715,892.184,6.2,35.2266,336.5488,20.4139,synthetic_prototype_v1
PLT-02226,46475.8046,710.8826,4.0802,29.4147,394.2352,96.4552,synthetic_prototype_v1
PLT-02227,68850.0987,1198.1184,3.6004,36.4148,75.7617,14.1719,synthetic_prototype_v1
PLT-02228,66458.8067,1062.3393,1.5582,29.5774,405.6608,22.3893,synthetic_prototype_v1
PLT-02229,36769.9141,698.8112,3.4768,27.1288,200.3062,146.5934,synthetic_prototype_v1
PLT-02230,18888.4509,451.178,6.1486,29.0557,274.1866,24.6441,synthetic_prototype_v1
PLT-02231,31683.4773,815.0624,3.861,23.8871,120.8205,142.6786,synthetic_prototype_v1
PLT-02232,36528.6329,902.7813,2.9754,38.5491,379.2954,19.1506,synthetic_prototype_v1
PLT-02233,51835.5571,743.8771,3.4881,26.8056,102.3812,79.9706,synthetic_prototype_v1
PLT-02234,17752.5751,931.0624,4.1123,25.1907,349.5613,80.717,synthetic_prototype_v1
PLT-02235,35486.6228,725.1589,3.28,26.621,122.2127,135.1939,synthetic_prototype_v1
PLT-02236,33290.4487,999.7835,8.1036,18.1858,178.1209,21.7751,synthetic_prototype_v1
PLT-02237,15334.5152,537.7365,1.7522,16.403,56.3242,18.8013,synthetic_prototype_v1
PLT-02238,11780.6059,641.641,6.7137,16.6622,158.4941,10.0,synthetic_prototype_v1
PLT-02239,47019.6332,699.3812,4.6243,34.9854,438.5712,25.6225,synthetic_prototype_v1
PLT-02240,65464.3224,659.2994,8.6255,30.0783,344.9335,16.7545,synthetic_prototype_v1
PLT-02241,28778.0683,1024.7352,6.0485,27.6045,437.6137,61.2597,synthetic_prototype_v1
PLT-02242,18622.4997,688.463,4.231,25.453,192.2174,78.7769,synthetic_prototype_v1
PLT-02243,32581.1447,728.3255,3.1689,24.6372,433.3653,155.7357,synthetic_prototype_v1
PLT-02244,42839.4678,721.0451,4.784,21.0632,387.5572,96.4724,synthetic_prototype_v1
PLT-02245,30680.2758,1023.486,6.4173,23.2107,125.7272,48.5411,synthetic_prototype_v1
PLT-02246,55610.9564,1197.5275,9.3586,20.6346,312.9748,22.1135,synthetic_prototype_v1
PLT-02247,24860.5383,806.6753,1.9547,16.6382,131.6497,19.5225,synthetic_prototype_v1
PLT-02248,68335.9155,937.5876,8.8205,28.7188,448.7653,24.0213,synthetic_prototype_v1
PLT-02249,78180.2018,714.1803,2.9977,22.6281,437.5006,20.7486,synthetic_prototype_v1
PLT-02250,20896.5958,469.4404,5.1167,33.6085,242.5753,27.2964,synthetic_prototype_v1
PLT-02251,33479.5492,772.1283,3.1998,25.9843,188.8864,159.4161,synthetic_prototype_v1
PLT-02252,57373.8806,804.3181,5.0801,37.0913,478.9189,17.2273,synthetic_prototype_v1
PLT-02253,52312.418,464.436,7.5069,24.6463,149.7371,22.8793,synthetic_prototype_v1
PLT-02254,13879.9312,636.2621,3.1598,17.821,391.6903,14.9313,synthetic_prototype_v1
PLT-02255,28936.7371,597.1807,3.2541,34.7131,217.5925,25.3535,synthetic_prototype_v1
PLT-02256,49640.963,963.2951,2.0734,22.0755,480.4302,49.2693,synthetic_prototype_v1
PLT-02257,50865.7704,914.0207,1.272,16.8278,74.624,12.4547,synthetic_prototype_v1
PLT-02258,20816.8991,793.1973,3.3967,28.5225,407.738,98.1759,synthetic_prototype_v1
PLT-02259,40970.4906,987.6631,2.1372,22.1106,342.6578,63.9478,synthetic_prototype_v1
PLT-02260,36774.134,863.4034,5.8431,16.4507,429.3629,25.4821,synthetic_prototype_v1
PLT-02261,24496.1846,785.7485,4.3284,28.7122,374.0733,113.6439,synthetic_prototype_v1
PLT-02262,7540.8346,850.6049,2.0204,21.125,159.043,27.4682,synthetic_prototype_v1
PLT-02263,64016.8536,467.4759,6.4123,24.9168,275.124,25.6033,synthetic_prototype_v1
PLT-02264,31357.3674,948.888,4.1519,26.1265,447.3206,135.6085,synthetic_prototype_v1
PLT-02265,20404.2723,964.3595,4.9521,25.217,207.3562,77.6188,synthetic_prototype_v1
PLT-02266,74500.2866,1015.2495,4.3266,30.9611,221.7247,18.0731,synthetic_prototype_v1
PLT-02267,68268.1214,1189.3586,8.6741,16.1151,399.3794,15.0999,synthetic_prototype_v1
PLT-02268,61383.5532,952.3265,5.4957,35.8373,244.1239,18.7303,synthetic_prototype_v1
PLT-02269,15484.0693,940.1366,6.7581,30.7401,461.7723,30.4761,synthetic_prototype_v1
PLT-02270,19370.2257,514.6391,8.2119,25.7345,166.9624,24.91,synthetic_prototype_v1
PLT-02271,6890.371,728.0238,4.5504,27.7136,123.4479,38.5688,synthetic_prototype_v1
PLT-02272,46007.6183,731.9264,4.7469,25.5648,274.8532,114.2907,synthetic_prototype_v1
PLT-02273,65111.1358,513.0314,6.2731,18.4389,342.0538,23.3573,synthetic_prototype_v1
PLT-02274,26264.0575,654.1242,9.1706,28.6776,387.3406,19.8716,synthetic_prototype_v1
PLT-02275,27235.1295,735.7569,3.4825,21.7553,252.3952,107.9764,synthetic_prototype_v1
PLT-02276,26904.4498,456.1867,1.8573,31.8667,476.4534,25.7582,synthetic_prototype_v1
PLT-02277,32682.5911,669.6826,3.3941,25.0786,244.6652,140.4293,synthetic_prototype_v1
PLT-02278,51493.6985,438.7957,4.5623,34.3956,81.291,14.679,synthetic_prototype_v1
PLT-02279,41643.7789,884.3792,3.8492,30.8087,275.8524,105.5583,synthetic_prototype_v1
PLT-02280,25795.0265,725.951,4.4942,22.8377,323.8363,119.7484,synthetic_prototype_v1
PLT-02281,27129.0414,950.7389,4.037,29.967,433.753,95.1325,synthetic_prototype_v1
PLT-02282,78169.6734,522.8173,1.7668,24.1358,351.8253,21.5724,synthetic_prototype_v1
PLT-02283,30264.2408,1147.8057,3.8186,37.1141,221.8624,21.0676,synthetic_prototype_v1
PLT-02284,23612.2911,702.1176,4.4143,24.4927,319.831,110.1731,synthetic_prototype_v1
PLT-02285,25372.7504,835.2564,2.2682,27.3012,142.3393,104.0901,synthetic_prototype_v1
PLT-02286,33907.7367,671.4404,5.1723,26.7296,153.4772,117.6152,synthetic_prototype_v1
PLT-02287,12589.5025,839.707,7.8758,25.2688,84.8048,23.1115,synthetic_prototype_v1
PLT-02288,74958.4715,431.4555,8.9408,17.3269,428.7455,10.0,synthetic_prototype_v1
PLT-02289,15300.1146,794.076,6.5382,22.697,196.3946,46.1558,synthetic_prototype_v1
PLT-02290,6951.3053,926.3134,7.7516,32.045,147.4233,18.8077,synthetic_prototype_v1
PLT-02291,39443.9786,857.4372,3.1762,25.6925,327.9821,156.9837,synthetic_prototype_v1
PLT-02292,31164.5489,762.4657,1.6088,34.344,246.8705,31.4429,synthetic_prototype_v1
PLT-02293,38471.1754,826.8959,3.6172,18.806,202.6476,70.3302,synthetic_prototype_v1
PLT-02294,9345.9008,978.9427,3.6069,36.1212,165.5811,13.6128,synthetic_prototype_v1
PLT-02295,47047.4308,825.1691,3.463,27.6558,314.4947,116.9177,synthetic_prototype_v1
PLT-02296,34455.1259,1137.5715,9.0225,18.5773,385.7638,20.1402,synthetic_prototype_v1
PLT-02297,23447.3256,829.7015,5.5778,28.0359,358.8813,96.9493,synthetic_prototype_v1
PLT-02298,50932.9497,595.6293,8.2327,37.6812,465.6206,13.7336,synthetic_prototype_v1
PLT-02299,34835.2663,732.9637,4.3808,29.5101,407.4007,136.8083,synthetic_prototype_v1
PLT-02300,36858.2694,979.789,3.701,15.4452,123.8737,15.0019,synthetic_prototype_v1
PLT-02301,12807.7818,930.1232,7.2956,22.3306,333.224,24.5024,synthetic_prototype_v1
PLT-02302,36020.9435,825.4099,2.5485,28.3163,184.2295,121.9981,synthetic_prototype_v1
PLT-02303,28827.0605,938.9496,2.9214,28.8839,132.1302,82.7004,synthetic_prototype_v1
PLT-02304,33708.7372,1038.4316,6.2265,25.9065,243.2435,57.4444,synthetic_prototype_v1
PLT-02305,54290.1746,614.7184,4.2369,25.2799,160.2672,58.3829,synthetic_prototype_v1
PLT-02306,17984.5885,1026.2705,3.9236,35.8341,376.0603,23.9249,synthetic_prototype_v1
PLT-02307,78842.6456,1177.0091,9.5445,32.8919,129.1171,16.5719,synthetic_prototype_v1
PLT-02308,29793.3304,783.3464,2.2609,23.7627,321.3726,112.2237,synthetic_prototype_v1
PLT-02309,60104.3848,618.7926,8.2299,31.057,90.2037,24.4439,synthetic_prototype_v1
PLT-02310,14603.9458,1199.232,1.5928,33.5329,52.3671,16.6689,synthetic_prototype_v1
PLT-02311,40677.8695,567.4219,1.523,32.969,460.7868,33.3406,synthetic_prototype_v1
PLT-02312,29114.9744,657.8558,4.5427,31.8941,78.2113,53.5311,synthetic_prototype_v1
PLT-02313,40156.9473,977.9823,6.7754,21.3051,290.0715,45.046,synthetic_prototype_v1
PLT-02314,23602.2274,787.0997,4.3265,27.6595,300.0304,119.7413,synthetic_prototype_v1
PLT-02315,72419.1182,470.1902,2.8264,34.6049,71.1902,15.5504,synthetic_prototype_v1
PLT-02316,79912.2228,819.0259,0.9177,21.983,270.0393,20.2792,synthetic_prototype_v1
PLT-02317,55236.0496,558.7064,5.8659,23.1801,239.4503,29.275,synthetic_prototype_v1
PLT-02318,78604.0326,831.4208,9.4503,36.8134,489.9536,15.0305,synthetic_prototype_v1
PLT-02319,30478.7791,655.1757,8.2543,15.4544,323.5121,17.8971,synthetic_prototype_v1
PLT-02320,76467.4546,1192.8002,3.4991,16.0707,470.4918,13.165,synthetic_prototype_v1
PLT-02321,6797.7767,874.6721,4.1194,37.8607,351.9754,13.6918,synthetic_prototype_v1
PLT-02322,8366.0242,551.7171,9.9781,23.7054,400.8496,11.621,synthetic_prototype_v1
PLT-02323,44777.9296,708.2902,5.3333,27.9803,322.7321,112.0809,synthetic_prototype_v1
PLT-02324,28198.1763,737.4366,3.6866,28.0478,173.9759,137.08,synthetic_prototype_v1
PLT-02325,38282.4224,830.6984,3.7095,26.5165,387.8519,178.2378,synthetic_prototype_v1
PLT-02326,61592.9854,1026.4103,7.17,29.0768,81.3109,28.0493,synthetic_prototype_v1
PLT-02327,39636.3434,513.9665,2.9796,31.5541,141.2174,38.6711,synthetic_prototype_v1
PLT-02328,37330.7268,469.8719,8.297,25.6755,70.1513,20.8061,synthetic_prototype_v1
PLT-02329,65788.9787,785.1843,4.5123,19.4056,185.5807,22.7536,synthetic_prototype_v1
PLT-02330,30544.3097,805.7873,1.3324,25.5742,310.2081,80.3093,synthetic_prototype_v1
PLT-02331,6637.3544,618.347,3.3785,34.8539,167.0635,17.8211,synthetic_prototype_v1
PLT-02332,23269.7559,1084.77,6.3545,15.2857,123.5978,14.5237,synthetic_prototype_v1
PLT-02333,24069.7613,629.3951,5.2583,29.6017,152.2776,58.9544,synthetic_prototype_v1
PLT-02334,62648.5619,820.0746,8.2812,38.5269,429.2892,16.0302,synthetic_prototype_v1
PLT-02335,69394.844,765.3965,2.1172,23.8541,277.681,27.7156,synthetic_prototype_v1
PLT-02336,43379.8271,689.3379,6.7069,22.8111,403.1914,60.43,synthetic_prototype_v1
PLT-02337,40479.4403,916.4706,4.7296,26.7055,217.7684,132.6841,synthetic_prototype_v1
PLT-02338,77116.2222,1057.3126,5.2703,31.1216,287.9264,14.0437,synthetic_prototype_v1
PLT-02339,64420.3128,930.3422,9.853,34.2347,344.8147,10.7639,synthetic_prototype_v1
PLT-02340,19394.0871,493.9837,7.8406,29.1258,76.8426,24.4569,synthetic_prototype_v1
PLT-02341,58456.227,978.8759,8.2968,18.6219,247.7325,19.3998,synthetic_prototype_v1
PLT-02342,46212.021,497.6119,5.5478,34.963,267.4498,23.4749,synthetic_prototype_v1
PLT-02343,54718.2286,541.1681,8.021,29.977,72.7679,21.0138,synthetic_prototype_v1
PLT-02344,40061.3405,779.5328,1.4012,30.7564,133.2375,57.9288,synthetic_prototype_v1
PLT-02345,40702.1684,725.1293,4.4412,31.124,298.3961,105.5375,synthetic_prototype_v1
PLT-02346,54863.8142,995.6638,8.1383,27.0862,138.9345,20.1411,synthetic_prototype_v1
PLT-02347,20643.2937,832.488,5.4744,25.0246,309.2093,84.6579,synthetic_prototype_v1
PLT-02348,18395.3132,812.5841,6.0517,25.1058,274.3302,63.1043,synthetic_prototype_v1
PLT-02349,46671.3737,959.7178,5.5301,23.713,312.3139,73.6468,synthetic_prototype_v1
PLT-02350,37781.9003,947.7503,3.2496,27.6542,292.3887,111.24,synthetic_prototype_v1
PLT-02351,15949.9534,760.4781,4.7926,31.2853,256.2541,53.5141,synthetic_prototype_v1
PLT-02352,67718.3883,523.3527,8.4671,23.577,93.4335,22.4733,synthetic_prototype_v1
PLT-02353,51264.9233,748.9268,5.6214,22.9796,300.3286,67.6284,synthetic_prototype_v1
PLT-02354,8383.6059,1197.0121,5.3801,31.4773,134.7644,21.0946,synthetic_prototype_v1
PLT-02355,24694.426,841.1829,4.6158,29.9229,384.3315,101.9141,synthetic_prototype_v1
PLT-02356,26441.1608,736.4788,3.3063,19.6505,433.4644,76.308,synthetic_prototype_v1
PLT-02357,24844.8204,449.2992,9.5255,18.1665,458.5736,19.6402,synthetic_prototype_v1
PLT-02358,67559.0669,623.8366,6.5021,33.5339,114.8877,20.6421,synthetic_prototype_v1
PLT-02359,47690.9038,429.0445,0.9446,38.5924,368.8521,13.5001,synthetic_prototype_v1
PLT-02360,68184.1251,867.5769,4.8781,35.004,323.1349,12.4722,synthetic_prototype_v1
PLT-02361,44640.6297,1193.5163,4.5566,38.0951,70.9398,12.1422,synthetic_prototype_v1
PLT-02362,60874.3644,475.6443,5.8269,18.824,283.664,20.9124,synthetic_prototype_v1
PLT-02363,29112.2648,841.569,3.3452,27.1237,399.3747,160.9607,synthetic_prototype_v1
PLT-02364,70907.2715,848.046,9.9951,38.9619,73.447,10.2956,synthetic_prototype_v1
PLT-02365,29055.0589,868.9096,8.5711,36.2546,412.3833,13.4447,synthetic_prototype_v1
PLT-02366,56982.157,812.7191,6.726,20.5591,278.7816,34.0337,synthetic_prototype_v1
PLT-02367,59016.2022,737.3508,2.6132,39.554,487.3625,11.497,synthetic_prototype_v1
PLT-02368,8778.4804,578.6581,5.5217,18.3587,228.4963,27.4276,synthetic_prototype_v1
PLT-02369,30615.3697,533.8858,1.7009,22.9717,434.5348,43.5157,synthetic_prototype_v1
PLT-02370,5000.0,884.8621,4.6267,23.4833,142.7045,33.0889,synthetic_prototype_v1
PLT-02371,34092.3806,845.732,2.3255,24.4521,350.8631,126.5197,synthetic_prototype_v1
PLT-02372,61138.585,665.7702,0.5918,39.9867,93.7965,15.4421,synthetic_prototype_v1
PLT-02373,14424.789,547.5568,5.9201,31.638,187.7555,26.6873,synthetic_prototype_v1
PLT-02374,39391.1061,1183.3946,5.9574,26.1987,473.0608,29.6699,synthetic_prototype_v1
PLT-02375,36852.4879,827.8932,3.6275,30.8433,120.9788,105.9894,synthetic_prototype_v1
PLT-02376,26243.52,974.9517,4.9163,32.027,440.3884,52.7126,synthetic_prototype_v1
PLT-02377,62908.1299,451.5659,2.2078,20.2205,68.9443,22.9642,synthetic_prototype_v1
PLT-02378,74363.1402,894.1282,2.7529,21.6137,81.1794,18.505,synthetic_prototype_v1
PLT-02379,30518.7425,659.4065,2.5902,25.3959,295.0191,107.0866,synthetic_prototype_v1
PLT-02380,25023.1747,1026.2091,1.1595,21.2727,429.2696,38.3824,synthetic_prototype_v1
PLT-02381,38909.3055,772.0804,3.8272,21.5058,352.5192,128.6218,synthetic_prototype_v1
PLT-02382,36596.0096,617.0193,4.0516,32.7692,488.4075,56.6466,synthetic_prototype_v1
PLT-02383,41279.6541,786.6539,3.1673,28.0939,415.9934,150.1453,synthetic_prototype_v1
PLT-02384,69560.073,1032.0238,3.9106,19.1853,244.3862,20.5824,synthetic_prototype_v1
PLT-02385,79073.5586,1075.5308,5.5807,21.3521,175.3918,22.406,synthetic_prototype_v1
PLT-02386,44357.1465,848.9116,3.7119,24.2261,259.6535,134.9202,synthetic_prototype_v1
PLT-02387,75195.4867,408.9494,0.51,23.0866,220.282,22.3643,synthetic_prototype_v1
PLT-02388,41533.6565,557.5732,4.3308,32.6007,143.045,46.4128,synthetic_prototype_v1
PLT-02389,17414.8792,499.0855,8.1928,18.9149,330.4052,21.9265,synthetic_prototype_v1
PLT-02390,40876.7322,846.1381,3.5953,30.0775,101.5374,108.5716,synthetic_prototype_v1
PLT-02391,63081.2903,495.062,3.9349,31.3612,428.9538,22.882,synthetic_prototype_v1
PLT-02392,18098.1103,766.1881,1.0978,28.3403,408.022,44.2224,synthetic_prototype_v1
PLT-02393,60673.8462,1005.0354,1.6077,18.9881,73.3429,25.6429,synthetic_prototype_v1
PLT-02394,33927.1691,854.7149,5.6697,23.9422,231.6062,119.6859,synthetic_prototype_v1
PLT-02395,50451.1866,567.5418,9.625,38.2788,336.5849,10.0,synthetic_prototype_v1
PLT-02396,31996.0057,907.0702,5.5259,20.3029,289.5442,78.8235,synthetic_prototype_v1
PLT-02397,37092.741,669.9918,2.0667,25.5621,154.6846,92.5433,synthetic_prototype_v1
PLT-02398,30862.3445,660.7709,2.3693,32.7475,100.9213,44.8103,synthetic_prototype_v1
PLT-02399,25988.1435,726.7093,5.0311,28.7857,297.0189,110.3342,synthetic_prototype_v1
PLT-02400,50727.3595,906.192,4.3977,22.1755,116.935,63.7826,synthetic_prototype_v1
PLT-02401,48847.9126,443.5056,6.448,16.7452,85.872,16.1205,synthetic_prototype_v1
PLT-02402,16252.9684,491.4104,8.1621,15.0431,353.6147,12.5553,synthetic_prototype_v1
PLT-02403,45901.34,786.8913,2.6849,30.49,442.5378,82.7961,synthetic_prototype_v1
PLT-02404,36852.2933,979.8001,5.8279,27.0751,439.3419,84.5879,synthetic_prototype_v1
PLT-02405,55606.2767,774.6702,8.9565,19.5688,283.8816,21.7061,synthetic_prototype_v1
PLT-02406,40466.6333,865.4041,3.6995,27.7736,391.9445,154.9663,synthetic_prototype_v1
PLT-02407,53894.8269,704.1885,0.5556,24.8307,376.1756,32.1106,synthetic_prototype_v1
PLT-02408,38618.421,911.5955,1.1426,27.7665,481.9061,66.5399,synthetic_prototype_v1
PLT-02409,34559.4333,633.8706,6.7283,17.8047,265.5653,21.1236,synthetic_prototype_v1
PLT-02410,40840.7956,963.5175,1.4609,22.3979,423.6748,49.9617,synthetic_prototype_v1
PLT-02411,43734.4552,1125.5219,9.5973,22.0313,72.3592,16.7835,synthetic_prototype_v1
PLT-02412,20140.0439,974.0156,3.4581,35.7154,76.1799,17.8018,synthetic_prototype_v1
PLT-02413,29301.0656,869.1052,4.7576,25.4243,399.0648,154.4324,synthetic_prototype_v1
PLT-02414,22042.9041,795.4078,4.7629,22.9597,484.5514,102.6633,synthetic_prototype_v1
PLT-02415,30982.2046,799.2569,5.3107,25.5335,417.981,146.4677,synthetic_prototype_v1
PLT-02416,39629.66,738.1167,3.0503,24.8884,141.9991,135.3036,synthetic_prototype_v1
PLT-02417,29498.0942,894.5934,4.8562,33.2392,180.4272,61.9334,synthetic_prototype_v1
PLT-02418,11578.1759,873.743,2.1595,20.5586,420.4869,40.5962,synthetic_prototype_v1
PLT-02419,43914.377,910.232,7.9424,38.1735,279.1506,14.2003,synthetic_prototype_v1
PLT-02420,70464.4219,849.8636,6.2107,25.7049,237.5282,23.9082,synthetic_prototype_v1
PLT-02421,38468.7516,635.4584,9.9233,32.4129,455.6795,17.2254,synthetic_prototype_v1
PLT-02422,13388.3602,811.9518,4.0958,33.6807,74.7322,33.1863,synthetic_prototype_v1
PLT-02423,9390.9318,771.0141,1.6644,25.2617,221.4884,40.6517,synthetic_prototype_v1
PLT-02424,11448.6763,1146.384,6.7564,30.9673,199.9889,21.4464,synthetic_prototype_v1
PLT-02425,37901.345,817.0188,4.0202,31.6176,336.9614,108.7183,synthetic_prototype_v1
PLT-02426,26617.1184,517.1489,5.4745,17.2203,488.7584,20.2314,synthetic_prototype_v1
PLT-02427,37606.981,625.0521,8.1591,26.7435,208.1626,29.6861,synthetic_prototype_v1
PLT-02428,73883.1422,875.2768,1.1394,39.5226,162.2947,10.9982,synthetic_prototype_v1
PLT-02429,62926.4741,964.1008,3.6273,34.0797,97.812,14.098,synthetic_prototype_v1
PLT-02430,74859.6447,749.9557,8.5233,32.4616,288.5142,20.9279,synthetic_prototype_v1
PLT-02431,35654.6138,853.9421,3.9942,26.0072,434.4989,180.0,synthetic_prototype_v1
PLT-02432,25428.3465,863.2308,4.895,24.718,309.9422,130.1763,synthetic_prototype_v1
PLT-02433,23454.9959,725.2018,8.2843,35.5217,209.4313,15.0853,synthetic_prototype_v1
PLT-02434,49678.5331,469.0877,1.941,22.5585,182.0034,30.9967,synthetic_prototype_v1
PLT-02435,44704.3516,1038.5695,4.1008,22.0615,364.4651,61.4924,synthetic_prototype_v1
PLT-02436,76891.941,545.2185,7.1031,20.368,360.4596,21.6104,synthetic_prototype_v1
PLT-02437,46659.6283,918.4751,5.4912,39.1022,272.1284,20.6998,synthetic_prototype_v1
PLT-02438,14907.7128,933.4666,8.4763,21.4602,166.1238,25.4758,synthetic_prototype_v1
PLT-02439,52780.5413,1032.6921,4.5539,31.7115,471.9789,35.6116,synthetic_prototype_v1
PLT-02440,44444.1231,925.4131,3.1712,28.2258,357.8876,115.8018,synthetic_prototype_v1
PLT-02441,40441.6988,411.1782,0.7592,16.7751,204.452,11.4304,synthetic_prototype_v1
PLT-02442,46987.2901,745.3521,5.1396,29.642,179.8859,77.7961,synthetic_prototype_v1
PLT-02443,79602.6312,1146.7107,9.6311,22.2011,223.5084,15.2167,synthetic_prototype_v1
PLT-02444,14435.5264,827.5028,5.8762,32.3609,432.178,37.3146,synthetic_prototype_v1
PLT-02445,45235.8665,667.5631,5.2677,29.3976,203.9075,75.2434,synthetic_prototype_v1
PLT-02446,41559.9866,822.4609,5.288,23.884,248.0762,128.4734,synthetic_prototype_v1
PLT-02447,51013.7364,624.1841,6.1153,26.1744,130.0923,48.8182,synthetic_prototype_v1
PLT-02448,49981.8063,802.78,4.3259,24.6025,423.5173,103.1473,synthetic_prototype_v1
PLT-02449,40755.2885,690.8214,5.2528,29.8003,120.9617,97.4614,synthetic_prototype_v1
PLT-02450,51475.1394,1193.7978,9.5443,30.5161,312.9768,16.8982,synthetic_prototype_v1
PLT-02451,53471.8072,424.8673,7.9371,27.1375,353.2528,20.5125,synthetic_prototype_v1
PLT-02452,31486.1694,460.2775,2.0624,25.2956,289.8579,41.3529,synthetic_prototype_v1
PLT-02453,19848.556,1071.9473,7.5479,32.9425,174.8453,22.7025,synthetic_prototype_v1
PLT-02454,21162.1356,1132.2612,6.2568,23.5639,232.283,23.4373,synthetic_prototype_v1
PLT-02455,53032.9409,546.3225,6.1562,37.9796,66.4636,13.0687,synthetic_prototype_v1
PLT-02456,40368.0763,637.4503,2.3443,26.2705,108.4807,81.8245,synthetic_prototype_v1
PLT-02457,11336.9914,595.7017,4.0092,34.2448,374.63,15.3279,synthetic_prototype_v1
PLT-02458,60423.8003,846.9394,4.9512,21.0236,220.2133,37.5543,synthetic_prototype_v1
PLT-02459,65822.2177,548.5262,2.8435,38.5995,241.0156,12.3047,synthetic_prototype_v1
PLT-02460,43981.7182,659.1715,3.5706,26.6972,257.6196,111.6581,synthetic_prototype_v1
PLT-02461,33920.622,757.7318,3.3918,28.2871,290.6791,155.0733,synthetic_prototype_v1
PLT-02462,45890.3676,539.5134,6.9985,33.148,65.3333,22.8367,synthetic_prototype_v1
PLT-02463,29054.3106,688.0532,4.0983,27.6507,373.8181,140.5408,synthetic_prototype_v1
PLT-02464,35749.8963,671.8284,5.7123,29.8243,118.5427,83.6107,synthetic_prototype_v1
PLT-02465,35245.5187,620.6097,4.89,17.2615,61.3173,23.7504,synthetic_prototype_v1
PLT-02466,57478.035,826.1923,6.3269,30.5907,73.5064,37.4135,synthetic_prototype_v1
PLT-02467,19464.4274,974.9887,3.3632,26.5111,266.1358,71.9471,synthetic_prototype_v1
PLT-02468,43629.2847,1039.6101,9.9718,18.7506,281.5295,17.0564,synthetic_prototype_v1
PLT-02469,25418.1171,583.9584,3.2982,35.722,88.1412,15.6172,synthetic_prototype_v1
PLT-02470,25214.2646,708.3683,2.5228,28.7143,448.668,96.2719,synthetic_prototype_v1
PLT-02471,31687.9872,652.6164,3.3524,26.4073,391.0928,116.6066,synthetic_prototype_v1
PLT-02472,38005.1048,944.0665,4.5034,25.6906,410.9276,128.2283,synthetic_prototype_v1
PLT-02473,42035.1876,413.0053,3.968,30.6247,394.3906,38.8924,synthetic_prototype_v1
PLT-02474,52940.9495,540.1483,4.6625,36.1297,307.8618,16.9588,synthetic_prototype_v1
PLT-02475,34026.2008,804.2083,2.5834,26.3662,203.6738,142.6455,synthetic_prototype_v1
PLT-02476,42208.231,900.7077,4.0114,27.8489,418.1603,143.5375,synthetic_prototype_v1
PLT-02477,57714.6594,961.5093,7.3608,32.8686,392.6989,26.453,synthetic_prototype_v1
PLT-02478,34519.8765,636.6017,5.4237,26.989,250.2536,100.1014,synthetic_prototype_v1
PLT-02479,43541.3778,642.5685,3.9624,26.3201,139.0293,98.3416,synthetic_prototype_v1
PLT-02480,11879.2759,621.2576,6.5807,19.4762,194.5601,24.5181,synthetic_prototype_v1
PLT-02481,38002.2766,938.2284,4.5402,25.1318,281.0185,127.291,synthetic_prototype_v1
PLT-02482,25542.9626,757.4371,0.9511,20.1169,230.351,46.2929,synthetic_prototype_v1
PLT-02483,58111.8165,1197.2042,4.5276,26.7452,135.8402,27.8499,synthetic_prototype_v1
PLT-02484,42779.4661,678.0418,3.5042,27.3054,181.639,126.6708,synthetic_prototype_v1
PLT-02485,34111.5376,509.2835,4.9905,39.0534,136.5352,11.9505,synthetic_prototype_v1
PLT-02486,21322.1395,491.1258,4.0436,29.8302,435.6512,36.8972,synthetic_prototype_v1
PLT-02487,33290.2871,609.431,4.3757,24.2878,167.7435,100.6952,synthetic_prototype_v1
PLT-02488,36857.0804,939.6433,5.5466,31.5461,337.8248,67.3099,synthetic_prototype_v1
PLT-02489,20882.9123,927.5738,5.9757,16.4334,127.2897,21.5526,synthetic_prototype_v1
PLT-02490,30108.1967,839.1549,3.6801,24.3421,131.1513,139.8165,synthetic_prototype_v1
PLT-02491,36274.555,570.9035,6.4214,26.2256,347.7264,52.0635,synthetic_prototype_v1
PLT-02492,43537.1275,897.3792,3.8809,26.7231,290.4539,141.371,synthetic_prototype_v1
PLT-02493,41534.1951,969.07,2.4201,19.9213,253.6751,53.2265,synthetic_prototype_v1
PLT-02494,70940.0018,1019.5343,5.7873,24.2655,313.0211,23.434,synthetic_prototype_v1
PLT-02495,74778.8463,784.4873,1.2152,33.4255,444.3433,24.098,synthetic_prototype_v1
PLT-02496,36299.3113,592.7223,4.6303,28.9313,421.9703,87.2168,synthetic_prototype_v1
PLT-02497,11573.7439,425.7195,2.7934,16.8511,363.2041,18.931,synthetic_prototype_v1
PLT-02498,77406.1965,428.8199,0.9813,29.6827,103.1718,21.2765,synthetic_prototype_v1
PLT-02499,40294.4916,967.411,3.1444,29.7341,276.9573,86.0703,synthetic_prototype_v1
PLT-02500,27062.0453,943.028,4.7691,21.4431,275.9938,80.1861,synthetic_prototype_v1
PLT-02501,39524.1212,787.319,3.0139,23.4874,317.6818,144.5637,synthetic_prototype_v1
PLT-02502,14819.0984,859.4378,7.2615,27.963,408.3047,29.6738,synthetic_prototype_v1
PLT-02503,28640.8578,1045.8975,3.7094,28.6022,300.737,74.23,synthetic_prototype_v1
PLT-02504,37918.3595,797.6207,6.8287,22.1741,300.3725,60.979,synthetic_prototype_v1
PLT-02505,16571.7119,630.8424,2.3333,35.1088,241.6365,18.7775,synthetic_prototype_v1
PLT-02506,31851.8395,821.8333,2.7453,25.0883,339.1195,154.5884,synthetic_prototype_v1
PLT-02507,38014.8593,624.8927,4.2837,20.7592,135.4318,76.1379,synthetic_prototype_v1
PLT-02508,22632.2838,863.2213,5.4185,25.105,355.1504,97.7618,synthetic_prototype_v1
PLT-02509,57934.7753,576.1049,0.5332,33.6512,334.336,21.4416,synthetic_prototype_v1
PLT-02510,51997.9413,766.4468,9.6423,27.4452,302.6436,17.0704,synthetic_prototype_v1
PLT-02511,44546.9251,857.0435,2.9611,19.8461,173.2632,73.7638,synthetic_prototype_v1
PLT-02512,24853.3783,481.8898,2.002,31.6988,327.7332,28.8527,synthetic_prototype_v1
PLT-02513,29186.926,655.3392,0.7595,34.4408,92.4888,15.6018,synthetic_prototype_v1
PLT-02514,70665.4283,1151.9861,9.8797,33.0765,187.215,14.1575,synthetic_prototype_v1
PLT-02515,11879.0754,891.685,3.243,32.1954,453.1895,39.0254,synthetic_prototype_v1
PLT-02516,26360.5691,560.5333,5.9059,29.8717,429.199,49.3124,synthetic_prototype_v1
PLT-02517,28060.4924,916.6225,5.0799,26.2911,440.013,125.5877,synthetic_prototype_v1
PLT-02518,26560.4764,1051.9218,5.3686,25.9013,166.2783,55.741,synthetic_prototype_v1
PLT-02519,38006.6525,476.2828,7.672,32.0254,447.8137,20.2238,synthetic_prototype_v1
PLT-02520,65618.8604,940.2756,7.9486,36.2114,424.1481,16.4392,synthetic_prototype_v1
PLT-02521,28442.7462,1155.3165,9.9284,31.0513,158.2205,19.9798,synthetic_prototype_v1
PLT-02522,30810.2768,790.8702,3.2127,29.4953,106.629,117.9672,synthetic_prototype_v1
PLT-02523,24508.9781,1009.0069,5.01,22.8052,330.7433,70.8267,synthetic_prototype_v1
PLT-02524,17773.4113,983.0143,1.7336,26.9757,271.7347,43.599,synthetic_prototype_v1
PLT-02525,65745.5552,667.5703,5.1539,29.2153,195.2511,31.8265,synthetic_prototype_v1
PLT-02526,30414.1727,1091.2596,8.2393,29.5683,499.4923,27.0291,synthetic_prototype_v1
PLT-02527,9733.7878,685.6925,1.5868,39.0595,234.2303,10.0,synthetic_prototype_v1
PLT-02528,73839.4997,777.4286,3.9205,32.2714,115.746,21.8353,synthetic_prototype_v1
PLT-02529,36449.6937,657.3985,3.1999,24.5214,300.0828,114.9504,synthetic_prototype_v1
PLT-02530,37061.2304,1010.3702,5.2852,25.1071,266.9033,89.5115,synthetic_prototype_v1
PLT-02531,37176.9591,921.4524,9.6187,15.9047,476.8719,18.2114,synthetic_prototype_v1
PLT-02532,39988.1947,982.8749,2.2787,37.8783,146.944,15.4896,synthetic_prototype_v1
PLT-02533,47434.2665,459.9988,1.886,17.768,230.8444,15.3565,synthetic_prototype_v1
PLT-02534,45158.0944,781.9812,5.226,31.0899,264.1591,72.7725,synthetic_prototype_v1
PLT-02535,25299.4336,701.7919,3.8814,23.3425,114.8973,105.2158,synthetic_prototype_v1
PLT-02536,37201.1835,903.3078,4.5546,27.2106,373.1273,154.9452,synthetic_prototype_v1
PLT-02537,16640.9744,1139.4243,8.0712,38.9493,335.8853,19.3714,synthetic_prototype_v1
PLT-02538,6217.2842,1042.1168,5.3824,32.4548,426.3779,29.3011,synthetic_prototype_v1
PLT-02539,47200.4308,1048.2331,3.6064,28.0049,401.6468,64.712,synthetic_prototype_v1
PLT-02540,33243.221,727.5644,1.9549,23.6878,370.4888,101.5489,synthetic_prototype_v1
PLT-02541,67009.2411,699.4943,7.8435,33.2573,103.2088,22.9791,synthetic_prototype_v1
PLT-02542,40053.6201,919.8619,8.3849,25.7361,486.0463,34.6387,synthetic_prototype_v1
PLT-02543,69241.1018,529.7439,7.7522,15.9136,287.1572,17.1377,synthetic_prototype_v1
PLT-02544,57364.2294,681.0797,5.7503,20.7668,468.4548,32.9609,synthetic_prototype_v1
PLT-02545,34665.5989,792.1163,3.007,30.5502,299.3054,114.1633,synthetic_prototype_v1
PLT-02546,58518.9957,469.1579,1.1896,28.6857,366.9148,24.8566,synthetic_prototype_v1
PLT-02547,28065.1304,842.7451,1.7583,26.1927,302.4135,98.1846,synthetic_prototype_v1
PLT-02548,24306.6772,824.276,8.8359,32.9161,276.453,25.3935,synthetic_prototype_v1
PLT-02549,27632.365,773.4023,9.684,30.2028,195.0746,20.475,synthetic_prototype_v1
PLT-02550,19597.1159,939.1129,2.6184,35.4253,323.6567,25.1876,synthetic_prototype_v1
PLT-02551,35370.8361,790.6226,4.6971,28.6393,250.2324,151.4403,synthetic_prototype_v1
PLT-02552,32998.3163,642.0228,5.1114,22.6244,271.4848,94.5331,synthetic_prototype_v1
PLT-02553,76949.9261,974.5406,4.5815,26.9483,398.8936,21.7877,synthetic_prototype_v1
PLT-02554,38637.8495,681.8803,4.1407,23.6921,193.1367,133.6513,synthetic_prototype_v1
PLT-02555,49199.8375,734.8689,3.8029,23.3899,213.9583,94.4059,synthetic_prototype_v1
PLT-02556,32115.9155,598.5531,4.0379,19.6561,354.1325,58.2736,synthetic_prototype_v1
PLT-02557,39941.0682,946.7328,5.1914,28.6808,327.4882,98.3848,synthetic_prototype_v1
PLT-02558,49862.591,945.9914,6.4044,36.5156,205.323,17.9999,synthetic_prototype_v1
PLT-02559,26091.2586,768.8734,2.5616,24.9619,252.4644,122.2857,synthetic_prototype_v1
PLT-02560,17955.5688,622.6188,4.2756,28.117,217.9026,68.8265,synthetic_prototype_v1
PLT-02561,44088.7088,861.589,3.6795,24.917,157.8033,134.5638,synthetic_prototype_v1
PLT-02562,64398.0819,449.5084,6.5366,29.2328,409.9044,23.0042,synthetic_prototype_v1
PLT-02563,36985.4756,705.1703,3.1746,29.3146,427.8099,122.8256,synthetic_prototype_v1
PLT-02564,41712.6505,937.5101,3.0098,27.6076,357.2983,107.5335,synthetic_prototype_v1
PLT-02565,8191.3863,692.8845,1.9841,31.4878,329.1484,29.9511,synthetic_prototype_v1
PLT-02566,34824.2824,870.4417,4.2707,25.564,154.8792,160.0869,synthetic_prototype_v1
PLT-02567,26045.8577,925.159,7.0175,22.7076,343.4999,51.2747,synthetic_prototype_v1
PLT-02568,35479.0146,1082.9205,3.3753,15.7352,73.2862,21.5048,synthetic_prototype_v1
PLT-02569,8943.1993,837.613,6.0932,35.2794,258.1757,14.1174,synthetic_prototype_v1
PLT-02570,17284.1764,850.663,4.7059,28.7174,425.0946,85.7723,synthetic_prototype_v1
PLT-02571,78677.5012,1135.1278,4.4101,15.0986,97.1592,14.7208,synthetic_prototype_v1
PLT-02572,45216.8779,881.288,4.2664,25.5717,303.9891,125.1254,synthetic_prototype_v1
PLT-02573,48794.4217,873.8541,4.4686,31.9505,267.7951,66.1369,synthetic_prototype_v1
PLT-02574,5355.6045,805.7989,9.7054,38.7703,311.2117,10.6654,synthetic_prototype_v1
PLT-02575,26611.6711,957.8258,8.2003,26.003,453.4494,25.2953,synthetic_prototype_v1
PLT-02576,29292.5947,733.3858,5.6082,17.6442,287.6381,30.8891,synthetic_prototype_v1
PLT-02577,38479.2119,1138.4117,3.7671,30.1885,406.3282,40.9326,synthetic_prototype_v1
PLT-02578,36017.5948,580.1982,6.5816,33.1118,138.0693,30.2978,synthetic_prototype_v1
PLT-02579,27106.6395,927.2033,1.7628,19.9033,84.5059,38.0248,synthetic_prototype_v1
PLT-02580,27108.0462,622.4592,6.2031,23.7545,152.348,57.2066,synthetic_prototype_v1
PLT-02581,15937.4226,881.174,5.6292,23.6597,276.713,61.3257,synthetic_prototype_v1
PLT-02582,72008.498,482.6583,7.1187,37.4046,236.8744,15.2812,synthetic_prototype_v1
PLT-02583,46613.9352,457.964,8.9027,19.0192,333.0391,19.8307,synthetic_prototype_v1
PLT-02584,62040.9517,708.1976,1.7284,31.9548,388.1592,23.982,synthetic_prototype_v1
PLT-02585,71310.9284,478.0358,4.7266,18.4598,239.23,16.563,synthetic_prototype_v1
PLT-02586,5929.791,581.9128,1.3727,22.753,393.471,25.0218,synthetic_prototype_v1
PLT-02587,74292.53,779.6241,1.9102,24.1197,74.4592,26.1079,synthetic_prototype_v1
PLT-02588,36710.0249,1006.6978,8.5365,27.518,498.8917,21.5874,synthetic_prototype_v1
PLT-02589,43913.3257,802.9067,5.9749,25.2188,125.7919,92.4517,synthetic_prototype_v1
PLT-02590,29694.6845,1079.5132,6.7611,35.4993,170.9051,18.7759,synthetic_prototype_v1
PLT-02591,44954.1707,870.5171,2.3827,32.4629,325.3356,61.4939,synthetic_prototype_v1
PLT-02592,62376.8304,560.8129,1.7154,33.1098,344.3213,17.3109,synthetic_prototype_v1
PLT-02593,76932.2048,729.7845,0.8013,22.6304,368.4829,19.5942,synthetic_prototype_v1
PLT-02594,37860.0923,824.5486,5.3178,28.9569,266.3816,128.1705,synthetic_prototype_v1
PLT-02595,15622.9226,574.2387,0.885,16.4163,143.0827,15.7288,synthetic_prototype_v1
PLT-02596,23782.4815,435.9531,6.0482,38.2792,190.4195,14.3778,synthetic_prototype_v1
PLT-02597,22442.7455,826.7099,4.9468,38.6639,273.8795,15.5372,synthetic_prototype_v1
PLT-02598,34712.4875,1187.6859,1.6822,15.1304,74.489,18.6592,synthetic_prototype_v1
PLT-02599,46318.1576,565.3039,2.473,21.1514,107.402,41.8591,synthetic_prototype_v1
PLT-02600,47483.8858,607.3786,3.5028,23.6501,421.4411,77.1054,synthetic_prototype_v1
PLT-02601,34130.7806,701.2943,4.5131,32.2176,178.6361,78.9661,synthetic_prototype_v1
PLT-02602,42816.4517,1127.4411,4.1959,36.9426,189.0,13.1869,synthetic_prototype_v1
PLT-02603,12811.362,863.2129,2.509,22.9718,431.6094,51.5468,synthetic_prototype_v1
PLT-02604,34934.2775,874.4859,2.4701,24.9796,115.5279,120.8862,synthetic_prototype_v1
PLT-02605,10011.9316,619.3619,8.9333,39.7975,423.9905,11.3933,synthetic_prototype_v1
PLT-02606,17205.7615,1132.3175,3.777,21.5003,365.5795,35.294,synthetic_prototype_v1
PLT-02607,58106.8427,918.3707,8.279,25.2624,94.0782,21.9952,synthetic_prototype_v1
PLT-02608,57887.4034,762.2961,7.6414,21.5314,217.4358,30.81,synthetic_prototype_v1
PLT-02609,42054.7703,467.8198,4.292,33.2541,258.313,35.7114,synthetic_prototype_v1
PLT-02610,38289.0117,1013.932,5.9754,20.9549,184.3854,50.3496,synthetic_prototype_v1
PLT-02611,42743.8679,785.6671,4.7878,25.2165,331.5274,147.3287,synthetic_prototype_v1
PLT-02612,78813.8949,971.0885,5.5074,30.9132,240.7435,20.3698,synthetic_prototype_v1
PLT-02613,24891.0092,803.0051,7.8159,26.2618,202.8076,38.0832,synthetic_prototype_v1
PLT-02614,31141.8744,837.4932,3.4073,26.922,390.5495,165.5172,synthetic_prototype_v1
PLT-02615,8758.0017,787.3708,2.9941,31.4816,367.765,37.5084,synthetic_prototype_v1
PLT-02616,45073.6975,1055.9626,4.9618,28.7617,183.2012,57.2286,synthetic_prototype_v1
PLT-02617,34759.3821,791.3911,4.2037,26.6201,415.972,180.0,synthetic_prototype_v1
PLT-02618,67603.0748,590.1715,9.9954,27.1669,351.1283,12.4537,synthetic_prototype_v1
PLT-02619,13297.2101,508.0406,6.3982,32.3577,377.4927,27.9733,synthetic_prototype_v1
PLT-02620,43502.1505,878.9278,3.7849,26.6174,410.27,146.8439,synthetic_prototype_v1
PLT-02621,36219.6819,577.4586,9.1695,35.4665,288.7501,13.0176,synthetic_prototype_v1
PLT-02622,35041.5914,666.6495,5.9754,21.903,267.1043,79.5778,synthetic_prototype_v1
PLT-02623,9292.3955,881.9336,1.0603,38.7341,325.0388,23.1942,synthetic_prototype_v1
PLT-02624,67007.177,1030.0501,4.2172,27.0901,159.67,25.0561,synthetic_prototype_v1
PLT-02625,7330.22,1099.7083,7.5279,23.8362,262.7323,25.8928,synthetic_prototype_v1
PLT-02626,7688.2064,966.1447,7.5951,39.1909,354.3657,19.0652,synthetic_prototype_v1
PLT-02627,23630.4803,842.5589,7.3491,25.3479,238.2704,43.4122,synthetic_prototype_v1
PLT-02628,31991.6838,810.6464,1.0285,26.1743,307.9229,68.4214,synthetic_prototype_v1
PLT-02629,39378.2218,617.1515,0.865,35.3204,301.0312,24.7002,synthetic_prototype_v1
PLT-02630,64584.2773,634.0757,6.304,35.4708,181.4569,14.7537,synthetic_prototype_v1
PLT-02631,46167.1055,730.1694,1.692,25.1616,303.5744,76.243,synthetic_prototype_v1
PLT-02632,59834.239,832.4931,3.6139,25.3894,284.9465,51.4306,synthetic_prototype_v1
PLT-02633,65329.3871,947.2001,3.4103,25.4844,373.9316,35.7956,synthetic_prototype_v1
PLT-02634,37436.5273,828.9951,5.1267,25.408,283.9078,149.7943,synthetic_prototype_v1
PLT-02635,79515.7248,587.3805,2.1915,39.5955,364.6738,13.335,synthetic_prototype_v1
PLT-02636,42170.3809,561.2414,3.6716,17.145,498.9929,23.8007,synthetic_prototype_v1
PLT-02637,62350.0421,678.4104,5.2943,16.1945,479.6252,13.6494,synthetic_prototype_v1
PLT-02638,22656.5443,775.0089,1.7526,22.8839,384.5917,67.9102,synthetic_prototype_v1
PLT-02639,76916.0184,577.9858,5.7215,21.4823,405.3463,20.3854,synthetic_prototype_v1
PLT-02640,44050.4302,549.3297,7.613,25.347,227.3419,36.1604,synthetic_prototype_v1
PLT-02641,22288.5323,1034.588,1.3447,24.9099,285.4241,37.5628,synthetic_prototype_v1
PLT-02642,34254.6943,936.0745,8.5618,35.3381,51.6398,14.3405,synthetic_prototype_v1
PLT-02643,16203.0617,662.4806,3.0285,26.5067,162.5936,60.6542,synthetic_prototype_v1
PLT-02644,76490.4144,1088.5867,6.2236,34.9481,127.2631,12.173,synthetic_prototype_v1
PLT-02645,22912.583,813.9234,2.2772,31.8562,190.2333,56.7601,synthetic_prototype_v1
PLT-02646,18948.0815,770.1043,5.396,15.9164,120.6894,19.357,synthetic_prototype_v1
PLT-02647,71491.8172,956.8931,0.7913,31.388,309.538,23.4464,synthetic_prototype_v1
PLT-02648,14677.2543,800.9673,5.8085,18.1954,124.3539,30.5761,synthetic_prototype_v1
PLT-02649,23508.5821,628.6655,5.7595,22.7774,149.441,57.9609,synthetic_prototype_v1
PLT-02650,17594.5724,966.9614,4.0933,27.905,204.8333,63.3556,synthetic_prototype_v1
PLT-02651,27372.2333,607.2673,4.8559,24.9705,170.5136,86.4747,synthetic_prototype_v1
PLT-02652,58676.2918,944.4424,4.7775,23.905,135.7584,47.9025,synthetic_prototype_v1
PLT-02653,47058.3031,1176.1092,9.5809,25.1507,345.4839,15.8192,synthetic_prototype_v1
PLT-02654,39576.6898,829.7359,5.2816,25.8996,436.0668,145.9985,synthetic_prototype_v1
PLT-02655,58289.9579,542.5655,5.484,15.7429,497.1155,12.4734,synthetic_prototype_v1
PLT-02656,11630.1718,588.3616,5.503,20.92,210.3302,32.413,synthetic_prototype_v1
PLT-02657,63378.7623,856.9706,5.0649,39.6968,327.4597,17.7648,synthetic_prototype_v1
PLT-02658,14119.1683,770.4327,4.1342,25.3925,201.512,71.3182,synthetic_prototype_v1
PLT-02659,41759.8481,912.9717,5.9854,29.5584,353.5476,81.3063,synthetic_prototype_v1
PLT-02660,36617.624,675.9364,4.7539,25.5894,397.7693,144.4892,synthetic_prototype_v1
PLT-02661,32120.0311,774.2304,5.5742,28.2424,361.7576,124.2588,synthetic_prototype_v1
PLT-02662,71567.8316,745.8683,5.4729,33.2243,208.8567,23.5894,synthetic_prototype_v1
PLT-02663,18077.584,904.7812,2.9019,24.7289,198.3206,71.3589,synthetic_prototype_v1
PLT-02664,72209.1562,523.5557,2.2402,34.624,278.4571,16.1617,synthetic_prototype_v1
PLT-02665,49639.2014,876.3998,6.3539,15.0112,137.114,14.1063,synthetic_prototype_v1
PLT-02666,39548.2098,782.6215,3.4802,28.4538,148.8984,142.7613,synthetic_prototype_v1
PLT-02667,35977.5888,905.3875,4.5583,31.5396,223.6456,88.5551,synthetic_prototype_v1
PLT-02668,78997.3659,593.0348,9.5306,38.2151,441.0464,15.8977,synthetic_prototype_v1
PLT-02669,45949.0836,946.081,3.7922,28.472,284.4547,100.2048,synthetic_prototype_v1
PLT-02670,21879.6412,641.9342,3.4509,23.0192,185.9235,79.5944,synthetic_prototype_v1
PLT-02671,43853.7755,778.6814,2.7649,27.2047,384.179,126.9668,synthetic_prototype_v1
PLT-02672,58113.8365,624.4194,9.9998,17.5847,308.8267,10.0,synthetic_prototype_v1
PLT-02673,28418.1327,967.6438,5.494,23.2579,114.0089,71.0081,synthetic_prototype_v1
PLT-02674,75615.4143,582.6374,9.5904,28.4369,160.0269,19.4068,synthetic_prototype_v1
PLT-02675,30437.8215,1034.6673,4.5931,25.9528,241.8114,86.8102,synthetic_prototype_v1
PLT-02676,67302.7954,526.9989,9.1833,18.6616,417.8043,20.4285,synthetic_prototype_v1
PLT-02677,47905.3145,922.2846,4.3652,20.7662,149.3858,68.6056,synthetic_prototype_v1
PLT-02678,45236.5943,808.133,7.1941,25.4955,483.9656,53.359,synthetic_prototype_v1
PLT-02679,58377.9366,802.5271,3.4394,16.9242,89.3245,20.6041,synthetic_prototype_v1
PLT-02680,20511.0146,1036.2588,2.8456,21.8505,65.9511,39.2441,synthetic_prototype_v1
PLT-02681,10053.0729,880.6795,7.399,16.486,182.0411,14.9743,synthetic_prototype_v1
PLT-02682,62217.7264,476.9528,3.9049,17.9908,280.9581,20.1632,synthetic_prototype_v1
PLT-02683,68729.7644,822.3839,1.6881,36.4209,73.5373,14.0549,synthetic_prototype_v1
PLT-02684,24717.356,770.442,4.0677,20.2216,436.9147,73.3275,synthetic_prototype_v1
PLT-02685,49509.2204,685.9905,3.9946,22.2868,356.5825,76.1119,synthetic_prototype_v1
PLT-02686,39787.1083,610.6739,1.2578,22.0652,365.8888,46.2385,synthetic_prototype_v1
PLT-02687,34479.1273,822.4837,5.0191,27.9721,438.4365,155.3174,synthetic_prototype_v1
PLT-02688,21246.6773,815.1443,9.1161,37.8313,88.5353,14.8917,synthetic_prototype_v1
PLT-02689,74801.3366,808.7017,6.9339,16.648,107.048,13.6183,synthetic_prototype_v1
PLT-02690,32393.0681,875.5282,3.6906,19.862,310.9217,86.4378,synthetic_prototype_v1
PLT-02691,76254.5821,1112.2063,6.1875,39.0647,299.9238,10.9168,synthetic_prototype_v1
PLT-02692,6382.8352,587.4933,8.587,30.1795,150.6604,15.7661,synthetic_prototype_v1
PLT-02693,24507.3942,863.7192,3.2462,24.3235,285.8855,110.4599,synthetic_prototype_v1
PLT-02694,29739.5909,1027.7671,6.2216,19.6246,482.9656,34.5143,synthetic_prototype_v1
PLT-02695,39031.546,624.9547,6.2777,25.9687,166.1875,66.7245,synthetic_prototype_v1
PLT-02696,32748.8276,472.9052,5.8153,26.2879,118.7065,36.7228,synthetic_prototype_v1
PLT-02697,44197.3832,669.1049,8.8505,39.3408,259.6851,18.9069,synthetic_prototype_v1
PLT-02698,22346.0405,1102.7777,1.6095,37.6396,372.9127,14.6187,synthetic_prototype_v1
PLT-02699,59736.1435,924.2455,9.01,19.4387,310.0518,20.1531,synthetic_prototype_v1
PLT-02700,16465.7842,1132.1107,2.385,33.1659,200.1393,29.0862,synthetic_prototype_v1
PLT-02701,24758.6986,509.4654,0.8274,23.4876,276.9213,29.6744,synthetic_prototype_v1
PLT-02702,40858.7166,754.5612,3.9711,27.0981,118.9291,147.6152,synthetic_prototype_v1
PLT-02703,45457.8319,718.3605,7.1954,23.4413,150.124,43.6093,synthetic_prototype_v1
PLT-02704,13782.7674,480.6092,1.4614,20.8128,146.5811,22.4115,synthetic_prototype_v1
PLT-02705,6781.738,952.9056,0.5681,31.8991,202.9375,27.2008,synthetic_prototype_v1
PLT-02706,64633.6129,734.6219,3.2555,29.5891,282.4222,30.8312,synthetic_prototype_v1
PLT-02707,33852.5126,905.1898,2.4213,31.7819,269.9132,75.6112,synthetic_prototype_v1
PLT-02708,30590.3311,899.4852,4.3592,31.5412,317.801,97.0647,synthetic_prototype_v1
PLT-02709,55594.8108,1149.5252,1.4956,28.2204,283.9818,25.3166,synthetic_prototype_v1
PLT-02710,21114.9653,789.1705,4.5269,28.104,351.9072,106.0614,synthetic_prototype_v1
PLT-02711,49001.7854,722.4274,4.4009,24.6161,134.3136,98.298,synthetic_prototype_v1
PLT-02712,32809.8518,1109.3164,4.7863,18.3236,278.0462,33.3632,synthetic_prototype_v1
PLT-02713,43635.6376,925.33,3.488,25.6561,103.2139,113.6185,synthetic_prototype_v1
PLT-02714,24843.0708,675.813,8.759,29.1066,280.7902,24.317,synthetic_prototype_v1
PLT-02715,21268.7092,860.6669,2.078,31.12,462.7876,57.5874,synthetic_prototype_v1
PLT-02716,10858.1295,422.675,9.1255,26.4127,316.4739,22.9234,synthetic_prototype_v1
PLT-02717,45977.2781,794.5236,3.1972,26.618,327.4932,122.4188,synthetic_prototype_v1
PLT-02718,15877.5734,674.3424,2.6554,21.7748,305.8014,46.4027,synthetic_prototype_v1
PLT-02719,27613.4067,1099.8807,7.7428,24.5862,455.2,29.2947,synthetic_prototype_v1
PLT-02720,49073.3429,1114.324,3.7662,32.3213,279.1724,33.816,synthetic_prototype_v1
PLT-02721,29517.3764,456.6404,9.5243,22.9477,171.3243,15.3223,synthetic_prototype_v1
PLT-02722,26313.8546,708.6926,2.5757,30.2444,203.9389,88.4028,synthetic_prototype_v1
PLT-02723,39242.9492,706.74,3.9736,26.6885,399.1697,159.7536,synthetic_prototype_v1
PLT-02724,11958.9091,1020.1531,9.109,16.7583,365.7155,14.5083,synthetic_prototype_v1
PLT-02725,48629.5473,415.0813,3.7249,16.6202,119.4953,16.2149,synthetic_prototype_v1
PLT-02726,20559.7543,901.6774,5.5626,30.5251,392.0728,61.1406,synthetic_prototype_v1
PLT-02727,40490.2333,839.3288,3.6821,25.9122,437.2612,170.4901,synthetic_prototype_v1
PLT-02728,63248.6327,923.1785,1.7394,39.8333,360.7309,20.1057,synthetic_prototype_v1
PLT-02729,33116.8226,827.7503,6.6625,24.648,246.9959,86.7163,synthetic_prototype_v1
PLT-02730,69497.7908,521.0463,8.197,33.5178,96.3528,17.6662,synthetic_prototype_v1
PLT-02731,34939.6477,1164.9499,2.5427,29.6699,224.8845,35.7025,synthetic_prototype_v1
PLT-02732,28542.0027,527.5945,8.3493,37.9686,242.0202,10.4921,synthetic_prototype_v1
PLT-02733,26516.931,867.2507,1.8334,16.2023,51.8957,21.0115,synthetic_prototype_v1
PLT-02734,19338.1323,892.7138,3.0917,26.1496,223.6964,85.6061,synthetic_prototype_v1
PLT-02735,24091.1986,743.2601,1.9637,31.4677,176.679,51.1685,synthetic_prototype_v1
PLT-02736,12746.2609,1162.343,4.5245,32.2037,475.4275,28.008,synthetic_prototype_v1
PLT-02737,34043.8108,1111.8834,5.1567,33.6786,323.1447,28.7537,synthetic_prototype_v1
PLT-02738,44813.7796,1090.9456,8.1447,33.0674,74.1288,20.1464,synthetic_prototype_v1
PLT-02739,54758.9943,910.6296,2.6936,25.257,232.1418,66.5233,synthetic_prototype_v1
PLT-02740,35514.188,675.6039,8.822,24.9126,209.6007,25.1389,synthetic_prototype_v1
PLT-02741,29244.9413,1051.8203,5.6498,22.595,141.8435,51.0747,synthetic_prototype_v1
PLT-02742,73297.867,587.7378,1.153,35.2992,209.771,14.7137,synthetic_prototype_v1
PLT-02743,51256.7134,487.7247,7.0255,33.1989,280.3234,23.3289,synthetic_prototype_v1
PLT-02744,42133.2333,804.2603,2.9263,29.0421,344.7418,125.9282,synthetic_prototype_v1
PLT-02745,50824.066,888.7669,5.9916,33.6883,273.2021,30.0523,synthetic_prototype_v1
PLT-02746,63711.5424,442.4259,7.9285,15.2171,276.7706,13.3814,synthetic_prototype_v1
PLT-02747,25912.5668,1118.275,3.239,25.9046,328.715,52.6293,synthetic_prototype_v1
PLT-02748,23504.379,459.9374,1.1056,37.1203,181.7464,10.3094,synthetic_prototype_v1
PLT-02749,50519.7065,705.0351,4.7468,24.0562,333.3519,81.8486,synthetic_prototype_v1
PLT-02750,19092.7684,917.695,3.5465,33.9214,324.0229,35.8506,synthetic_prototype_v1
PLT-02751,27430.8778,590.7868,4.2623,27.3635,107.6755,80.2824,synthetic_prototype_v1
PLT-02752,67141.0194,649.9102,0.5229,27.2241,168.1025,23.6821,synthetic_prototype_v1
PLT-02753,37784.6032,1107.612,5.9399,23.9868,275.5272,44.3603,synthetic_prototype_v1
PLT-02754,23714.0646,868.6364,4.0122,26.0259,104.988,108.9575,synthetic_prototype_v1
PLT-02755,70056.7655,1005.5491,5.853,20.6463,342.056,22.7127,synthetic_prototype_v1
PLT-02756,18417.3124,643.2109,2.6858,29.0376,322.2039,53.9617,synthetic_prototype_v1
PLT-02757,28416.0705,642.7543,5.2856,24.3482,454.7411,96.8997,synthetic_prototype_v1
PLT-02758,7563.4558,823.8405,1.9976,39.8586,219.5609,15.0659,synthetic_prototype_v1
PLT-02759,8788.9772,1088.6142,9.8003,38.4024,217.1743,10.3746,synthetic_prototype_v1
PLT-02760,30128.5158,545.4524,8.8972,22.1686,218.5907,16.2497,synthetic_prototype_v1
PLT-02761,50626.5829,808.2385,4.8121,24.5,157.7169,83.525,synthetic_prototype_v1
PLT-02762,71627.409,589.0141,6.9953,39.8067,202.5171,10.0,synthetic_prototype_v1
PLT-02763,45229.8819,661.8812,5.1876,32.1667,381.4823,56.474,synthetic_prototype_v1
PLT-02764,48261.8496,639.276,2.2396,26.8621,372.8266,70.31,synthetic_prototype_v1
PLT-02765,54285.4265,657.666,5.3707,24.475,346.1148,56.6281,synthetic_prototype_v1
PLT-02766,13638.954,792.8655,2.9777,22.2934,338.1303,58.1546,synthetic_prototype_v1
PLT-02767,29855.515,602.2001,4.9401,22.9863,215.8869,85.6008,synthetic_prototype_v1
PLT-02768,19835.7385,680.0346,9.4068,35.2338,404.7834,10.9474,synthetic_prototype_v1
PLT-02769,68789.0659,630.7094,2.2206,17.3827,472.9198,18.848,synthetic_prototype_v1
PLT-02770,30394.3582,802.5417,5.3612,20.5811,127.3589,79.9625,synthetic_prototype_v1
PLT-02771,60031.5123,998.3213,8.0411,35.6929,306.9525,10.1364,synthetic_prototype_v1
PLT-02772,60759.4971,928.3689,2.5007,30.465,309.8258,31.816,synthetic_prototype_v1
PLT-02773,33744.0034,669.785,5.4836,22.5203,284.7841,95.5352,synthetic_prototype_v1
PLT-02774,17280.1047,813.848,4.1666,26.0772,241.3205,94.496,synthetic_prototype_v1
PLT-02775,40079.6358,735.2365,3.6971,27.5025,387.2041,159.571,synthetic_prototype_v1
PLT-02776,28593.6177,945.4398,6.6026,22.1139,180.7952,52.8156,synthetic_prototype_v1
PLT-02777,27640.6835,724.2052,2.8907,25.4041,319.2754,135.2523,synthetic_prototype_v1
PLT-02778,52318.4006,809.6335,2.8632,25.4431,179.8653,82.1833,synthetic_prototype_v1
PLT-02779,42630.7038,985.9304,2.5804,26.3797,444.7111,84.6286,synthetic_prototype_v1
PLT-02780,74384.0089,639.0073,7.5544,28.9325,79.416,24.0453,synthetic_prototype_v1
PLT-02781,5000.0,983.7548,5.4541,32.8722,429.9428,27.3268,synthetic_prototype_v1
PLT-02782,54643.7386,1054.2682,7.337,34.4306,245.2017,17.2625,synthetic_prototype_v1
PLT-02783,38938.0949,500.9931,8.6074,24.0098,360.9487,21.9646,synthetic_prototype_v1
PLT-02784,12725.2013,883.4458,5.8342,18.4047,479.5102,32.0376,synthetic_prototype_v1
PLT-02785,7890.6499,716.7301,1.9203,25.8416,429.2086,38.9687,synthetic_prototype_v1
PLT-02786,72934.389,1178.9313,2.6016,35.0239,106.7224,13.2731,synthetic_prototype_v1
PLT-02787,33874.3355,755.8319,2.943,23.5706,113.1549,125.7853,synthetic_prototype_v1
PLT-02788,39770.5367,885.2522,3.9047,28.0185,429.0855,151.4952,synthetic_prototype_v1
PLT-02789,44394.5131,991.6938,2.9844,25.1906,295.1503,85.2828,synthetic_prototype_v1
PLT-02790,35374.5546,817.5097,6.6293,15.6192,203.7179,21.6015,synthetic_prototype_v1
PLT-02791,79912.1458,667.4187,4.1368,35.4942,457.0896,10.0,synthetic_prototype_v1
PLT-02792,68910.9003,744.4018,3.3876,36.2805,492.54,14.3657,synthetic_prototype_v1
PLT-02793,51325.2095,1192.96,3.8387,35.5825,117.3506,12.566,synthetic_prototype_v1
PLT-02794,40115.3532,962.8635,5.7844,30.8026,340.1797,61.5481,synthetic_prototype_v1
PLT-02795,28069.1822,540.8902,4.9004,25.2847,246.9352,69.4592,synthetic_prototype_v1
PLT-02796,24625.3702,719.854,2.8826,22.5642,106.1736,78.7023,synthetic_prototype_v1
PLT-02797,16083.7529,1055.6224,1.7175,37.3343,200.8774,14.6129,synthetic_prototype_v1
PLT-02798,65206.4188,1005.0457,3.7061,34.7438,344.9964,18.4016,synthetic_prototype_v1
PLT-02799,69553.9301,1105.5258,3.7941,35.6065,493.0711,13.6071,synthetic_prototype_v1
PLT-02800,32308.5955,728.8565,4.2445,23.1701,118.0998,127.1287,synthetic_prototype_v1
PLT-02801,25387.2401,1007.4984,2.74,30.4238,134.1327,57.8518,synthetic_prototype_v1
PLT-02802,56391.0965,407.3911,8.8967,38.8366,107.708,17.4524,synthetic_prototype_v1
PLT-02803,22644.2291,996.945,8.9072,32.74,128.6482,20.4027,synthetic_prototype_v1
PLT-02804,25297.4114,1147.7466,5.143,36.6882,153.5603,12.0783,synthetic_prototype_v1
PLT-02805,43202.1615,798.9251,3.5875,29.5584,308.0483,127.9092,synthetic_prototype_v1
PLT-02806,18250.0236,794.7772,1.4014,31.0846,446.0007,38.8921,synthetic_prototype_v1
PLT-02807,45454.8493,838.2663,2.8472,31.4485,155.1685,69.2677,synthetic_prototype_v1
PLT-02808,70407.8227,772.0815,9.0759,17.2225,198.7285,13.8211,synthetic_prototype_v1
PLT-02809,49959.6596,799.9273,4.2503,26.8429,392.4973,110.568,synthetic_prototype_v1
PLT-02810,41132.2664,552.7081,9.2684,20.6949,496.9003,16.2656,synthetic_prototype_v1
PLT-02811,73726.1015,1199.512,4.7149,24.4068,128.0503,20.4044,synthetic_prototype_v1
PLT-02812,7898.3232,947.6216,9.7063,39.3963,148.0301,16.7188,synthetic_prototype_v1
PLT-02813,35727.6786,844.7783,3.828,24.433,260.1253,165.8009,synthetic_prototype_v1
PLT-02814,75906.2429,948.9034,8.8979,18.8284,413.6493,23.894,synthetic_prototype_v1
PLT-02815,28603.8086,841.9078,1.417,33.127,492.7305,47.72,synthetic_prototype_v1
PLT-02816,14621.9944,1089.9827,3.8263,17.0604,69.407,10.0,synthetic_prototype_v1
PLT-02817,36044.7739,1191.7268,7.7719,29.4049,95.7863,21.6056,synthetic_prototype_v1
PLT-02818,15962.9933,731.5418,7.0105,31.1579,109.4143,34.9092,synthetic_prototype_v1
PLT-02819,18750.9268,839.8519,4.3524,27.3123,422.4747,95.1512,synthetic_prototype_v1
PLT-02820,62288.305,576.7423,8.5417,39.1279,236.2327,16.8735,synthetic_prototype_v1
PLT-02821,45564.2478,746.6991,1.3061,32.7192,315.1903,38.9125,synthetic_prototype_v1
PLT-02822,24457.988,856.4073,2.3788,28.7377,494.399,83.9884,synthetic_prototype_v1
PLT-02823,44128.5661,1103.5477,9.6623,23.172,156.2913,10.9376,synthetic_prototype_v1
PLT-02824,65772.6916,1079.5695,0.7555,37.738,342.7514,16.0626,synthetic_prototype_v1
PLT-02825,63705.142,965.3567,8.3796,20.3705,283.3303,20.7049,synthetic_prototype_v1
PLT-02826,59361.2617,638.8338,7.0552,17.1558,289.9148,16.4241,synthetic_prototype_v1
PLT-02827,74126.3738,589.4885,6.3151,38.7317,444.1099,18.2272,synthetic_prototype_v1
PLT-02828,67745.9781,636.0481,9.7826,39.217,194.603,10.0,synthetic_prototype_v1
PLT-02829,76164.3445,967.0897,5.9168,33.1351,303.762,25.1565,synthetic_prototype_v1
PLT-02830,22824.3773,791.1804,2.887,39.3524,238.4643,18.5682,synthetic_prototype_v1
PLT-02831,63045.4579,439.628,5.1384,21.8193,293.9213,21.7749,synthetic_prototype_v1
PLT-02832,41915.9202,839.3226,3.4275,25.9591,238.3281,154.9077,synthetic_prototype_v1
PLT-02833,48983.388,1132.821,2.777,37.3885,271.346,14.0214,synthetic_prototype_v1
PLT-02834,48812.1612,999.677,1.7211,35.3561,261.6187,16.4416,synthetic_prototype_v1
PLT-02835,27946.7468,599.7363,3.7961,25.2732,123.2548,88.8565,synthetic_prototype_v1
PLT-02836,57905.4774,1120.8843,8.9208,30.9961,404.9572,19.6742,synthetic_prototype_v1
PLT-02837,26483.467,1184.606,9.3585,21.1247,273.4876,22.3927,synthetic_prototype_v1
PLT-02838,76983.0892,1041.0791,3.3723,25.3852,84.7353,25.4579,synthetic_prototype_v1
PLT-02839,32747.4781,825.0498,3.8603,26.0603,132.4273,162.0813,synthetic_prototype_v1
PLT-02840,39837.5438,680.8291,3.7431,26.0263,114.7166,124.4999,synthetic_prototype_v1
PLT-02841,16814.2506,836.9116,6.0044,37.7335,248.545,12.6307,synthetic_prototype_v1
PLT-02842,23813.9669,1098.2444,3.9131,19.7359,62.7182,37.6126,synthetic_prototype_v1
PLT-02843,31886.7635,780.5606,3.6334,34.391,112.1371,37.7214,synthetic_prototype_v1
PLT-02844,39630.5796,765.8223,4.8371,30.2051,239.8624,116.1379,synthetic_prototype_v1
PLT-02845,75927.0239,716.0923,7.9864,24.7988,327.689,24.7345,synthetic_prototype_v1
PLT-02846,34413.8803,910.3002,6.4912,22.8769,230.1602,72.03,synthetic_prototype_v1
PLT-02847,30570.5452,743.7856,2.5965,17.7342,366.207,37.0862,synthetic_prototype_v1
PLT-02848,34625.543,943.2594,4.2311,32.1195,156.5861,70.921,synthetic_prototype_v1
PLT-02849,67333.4504,1190.7579,4.9053,36.5991,242.7705,12.7562,synthetic_prototype_v1
PLT-02850,53989.3914,495.0217,2.9232,18.7698,214.7237,25.0223,synthetic_prototype_v1
PLT-02851,26015.4114,733.9917,3.8379,21.4055,290.6941,105.4563,synthetic_prototype_v1
PLT-02852,58268.3901,784.0641,7.8464,32.3517,381.2455,27.0619,synthetic_prototype_v1
PLT-02853,13150.0228,1150.8885,2.3823,37.8011,183.8751,10.0,synthetic_prototype_v1
PLT-02854,42446.0193,470.371,3.0386,27.306,108.0984,45.6169,synthetic_prototype_v1
PLT-02855,35753.659,604.6245,7.5746,35.8466,280.1827,14.2535,synthetic_prototype_v1
PLT-02856,58959.7217,1192.698,9.2205,16.2739,344.0603,10.0,synthetic_prototype_v1
PLT-02857,69359.3978,844.9748,8.9474,15.5514,412.1553,12.5373,synthetic_prototype_v1
PLT-02858,27740.1557,1124.4939,6.8207,21.972,441.2007,30.6127,synthetic_prototype_v1
PLT-02859,57302.6022,1002.7684,4.8622,27.085,313.1277,49.6247,synthetic_prototype_v1
PLT-02860,9372.7056,865.5993,4.1278,28.5487,228.9514,45.1659,synthetic_prototype_v1
PLT-02861,48395.6973,953.2433,5.0336,15.5135,96.7623,21.1958,synthetic_prototype_v1
PLT-02862,75544.5807,545.5544,8.9729,19.8652,73.2091,22.8365,synthetic_prototype_v1
PLT-02863,78171.6764,515.3257,0.6873,32.1523,140.4366,19.7116,synthetic_prototype_v1
PLT-02864,50786.3801,985.8553,7.0559,21.6202,312.3251,27.0378,synthetic_prototype_v1
PLT-02865,46467.3691,1012.3012,0.504,15.9907,161.4773,18.3276,synthetic_prototype_v1
PLT-02866,73498.8723,1179.3767,7.4857,26.0145,220.7843,24.8767,synthetic_prototype_v1
PLT-02867,52548.1334,1050.0131,9.3145,39.0529,434.8001,21.2272,synthetic_prototype_v1
PLT-02868,51910.8618,943.5607,7.1921,29.899,180.3848,33.803,synthetic_prototype_v1
PLT-02869,62574.5775,886.7334,7.2724,32.0802,263.362,22.1658,synthetic_prototype_v1
PLT-02870,22448.0556,750.5907,8.2777,36.0066,403.7546,12.0595,synthetic_prototype_v1
PLT-02871,39816.7506,801.8339,4.9799,24.1126,105.007,132.157,synthetic_prototype_v1
PLT-02872,7612.8763,1190.5411,3.8079,21.0942,431.9902,25.005,synthetic_prototype_v1
PLT-02873,48277.2039,920.4724,4.3804,25.4387,349.2953,103.6923,synthetic_prototype_v1
PLT-02874,29183.0194,1097.4961,3.7712,27.6781,417.0631,63.356,synthetic_prototype_v1
PLT-02875,52279.5946,1001.4331,3.0328,30.2368,145.859,44.2664,synthetic_prototype_v1
PLT-02876,43743.0879,732.0859,3.1715,31.991,395.6047,80.1299,synthetic_prototype_v1
PLT-02877,39574.3902,910.0605,2.9497,26.9742,283.3534,136.4906,synthetic_prototype_v1
PLT-02878,31826.1974,815.0165,0.8284,28.0132,226.5143,62.912,synthetic_prototype_v1
PLT-02879,25715.5523,1000.8649,7.8418,30.2624,164.8888,24.1375,synthetic_prototype_v1
PLT-02880,42035.8045,570.7186,3.1578,25.3734,277.6151,85.1357,synthetic_prototype_v1
PLT-02881,35233.0965,568.4776,4.8875,27.6496,217.0789,83.5587,synthetic_prototype_v1
PLT-02882,26846.3721,623.2279,2.9903,25.3962,149.0314,87.7339,synthetic_prototype_v1
PLT-02883,44242.3149,823.406,3.7409,23.4844,223.989,131.8302,synthetic_prototype_v1
PLT-02884,38494.5689,677.8933,4.3428,25.7056,228.3054,145.012,synthetic_prototype_v1
PLT-02885,16294.8715,1106.8411,6.759,37.5736,388.8982,21.8779,synthetic_prototype_v1
PLT-02886,44745.3661,852.8133,4.1512,24.0311,254.2613,133.769,synthetic_prototype_v1
PLT-02887,40823.6577,789.0867,1.643,24.3772,242.5772,86.7185,synthetic_prototype_v1
PLT-02888,21468.4694,552.5142,0.5544,17.6911,135.3933,13.553,synthetic_prototype_v1
PLT-02889,17685.1031,833.4791,2.1692,18.5043,332.8299,33.5933,synthetic_prototype_v1
PLT-02890,74562.8645,934.7954,0.887,33.2268,242.0575,18.3402,synthetic_prototype_v1
PLT-02891,28099.1823,701.722,3.5605,25.5097,313.4862,141.884,synthetic_prototype_v1
PLT-02892,23056.4803,823.1786,3.9402,15.1056,254.7373,19.9044,synthetic_prototype_v1
PLT-02893,43974.1719,661.7156,4.4057,25.5263,213.6825,111.0982,synthetic_prototype_v1
PLT-02894,59249.0248,762.2007,9.3858,30.0925,60.9555,16.9644,synthetic_prototype_v1
PLT-02895,27696.2211,888.6787,2.873,30.7068,197.4072,90.7408,synthetic_prototype_v1
PLT-02896,36147.9253,831.7206,2.9062,29.7232,174.7077,120.5063,synthetic_prototype_v1
PLT-02897,78915.5127,1007.9411,7.3487,31.3954,484.2937,19.6584,synthetic_prototype_v1
PLT-02898,35848.0837,763.0773,4.732,25.1192,418.3313,169.6687,synthetic_prototype_v1
PLT-02899,63631.7786,549.1642,8.2724,17.0614,409.1765,18.1618,synthetic_prototype_v1
PLT-02900,39183.2217,1177.5955,4.5414,39.619,297.2194,15.7222,synthetic_prototype_v1
PLT-02901,7732.2647,843.5357,5.4531,33.6393,131.8017,30.393,synthetic_prototype_v1
PLT-02902,30399.2995,748.6146,3.7756,26.8344,323.2808,158.3951,synthetic_prototype_v1
PLT-02903,11956.7058,904.5172,7.1695,28.3587,316.9216,35.0666,synthetic_prototype_v1
PLT-02904,23525.6308,746.2452,5.0708,30.6547,403.0005,76.4098,synthetic_prototype_v1
PLT-02905,77467.3934,770.2392,6.7513,29.1158,495.4701,20.6694,synthetic_prototype_v1
PLT-02906,46940.5371,1116.1313,3.6149,15.4323,222.7505,17.22,synthetic_prototype_v1
PLT-02907,34438.6185,771.3465,4.1294,27.2923,244.7926,169.4153,synthetic_prototype_v1
PLT-02908,25961.553,427.9326,0.6999,31.4159,147.2443,22.3952,synthetic_prototype_v1
PLT-02909,59078.0416,619.3839,2.5529,24.2377,402.3423,40.3597,synthetic_prototype_v1
PLT-02910,44381.6227,1074.4466,6.3211,35.7011,403.3124,15.698,synthetic_prototype_v1
PLT-02911,27001.7643,671.7295,2.501,26.687,334.9122,106.2608,synthetic_prototype_v1
PLT-02912,42049.3114,992.6522,1.8907,19.8443,245.143,39.3444,synthetic_prototype_v1
PLT-02913,74639.4631,589.3407,6.7507,20.123,262.0873,17.3998,synthetic_prototype_v1
PLT-02914,14147.6723,883.0916,6.8393,35.9055,145.9047,10.5688,synthetic_prototype_v1
PLT-02915,29020.7793,1065.4256,1.8859,29.2797,289.2537,47.5815,synthetic_prototype_v1
PLT-02916,39794.1715,1057.0993,1.5971,17.9553,84.8706,18.3648,synthetic_prototype_v1
PLT-02917,17846.7477,738.0204,5.4549,21.5238,381.1576,55.3094,synthetic_prototype_v1
PLT-02918,27368.5382,850.7021,4.3322,26.0493,136.5144,140.3364,synthetic_prototype_v1
PLT-02919,44804.2468,513.8264,7.69,23.9419,360.0408,28.183,synthetic_prototype_v1
PLT-02920,7704.4876,1008.7624,4.4954,17.6427,452.7472,15.4348,synthetic_prototype_v1
PLT-02921,75784.8776,1076.9452,1.8253,28.3157,465.2981,20.0791,synthetic_prototype_v1
PLT-02922,31666.8294,693.2546,4.0755,25.6531,185.7218,146.51,synthetic_prototype_v1
PLT-02923,28743.9068,900.1303,5.1198,25.7344,428.1436,131.5358,synthetic_prototype_v1
PLT-02924,39263.5517,896.7296,2.8172,27.2616,205.3541,128.898,synthetic_prototype_v1
PLT-02925,34829.4418,870.7256,2.2803,24.6766,447.429,121.3414,synthetic_prototype_v1
PLT-02926,38023.6398,840.2555,4.3319,24.0743,104.0412,140.8582,synthetic_prototype_v1
PLT-02927,52885.0646,872.4299,5.8316,16.3048,477.7806,18.0977,synthetic_prototype_v1
PLT-02928,56142.1929,587.9564,7.7993,15.2321,372.6275,21.6193,synthetic_prototype_v1
PLT-02929,36002.0804,615.384,7.1603,27.0259,308.4172,48.7743,synthetic_prototype_v1
PLT-02930,27834.9895,834.6811,8.6999,28.2836,361.6051,33.2507,synthetic_prototype_v1
PLT-02931,26707.2281,1083.5918,2.606,28.5672,322.0133,48.1587,synthetic_prototype_v1
PLT-02932,76065.17,1108.1303,5.1127,33.0335,425.6534,20.9181,synthetic_prototype_v1
PLT-02933,47136.4198,485.1109,9.1254,16.6048,109.4942,12.3811,synthetic_prototype_v1
PLT-02934,75153.6027,1070.6589,5.9407,34.4219,275.7649,12.8228,synthetic_prototype_v1
PLT-02935,69173.1591,610.8397,2.1306,32.386,458.7522,21.518,synthetic_prototype_v1
PLT-02936,39906.596,984.198,3.1775,25.9928,446.373,99.8366,synthetic_prototype_v1
PLT-02937,26820.4992,812.7064,5.7748,24.3282,163.8584,101.1367,synthetic_prototype_v1
PLT-02938,43407.4537,771.09,3.4367,30.8398,144.3708,95.9504,synthetic_prototype_v1
PLT-02939,54339.7464,605.7204,9.3611,24.5347,336.0754,18.6868,synthetic_prototype_v1
PLT-02940,33887.5803,669.2856,3.8181,39.2922,118.6457,19.5738,synthetic_prototype_v1
PLT-02941,8285.2824,674.0819,0.5423,18.6647,403.1334,25.3099,synthetic_prototype_v1
PLT-02942,15057.0957,978.8475,5.7168,33.1534,167.6462,26.9655,synthetic_prototype_v1
PLT-02943,32368.9521,554.406,8.8749,20.3547,131.9642,21.1693,synthetic_prototype_v1
PLT-02944,8080.932,1077.4994,2.1084,35.85,191.8439,10.8267,synthetic_prototype_v1
PLT-02945,63554.6773,1141.5592,8.8203,34.8016,401.1081,13.3953,synthetic_prototype_v1
PLT-02946,63029.0512,684.1635,4.9969,38.4383,298.7987,21.3937,synthetic_prototype_v1
PLT-02947,45205.1027,519.3822,1.5708,33.7179,114.0122,24.2227,synthetic_prototype_v1
PLT-02948,24478.078,952.0655,3.1415,30.9228,107.5688,58.7286,synthetic_prototype_v1
PLT-02949,34227.4063,697.6509,3.3068,24.8255,322.4091,154.2609,synthetic_prototype_v1
PLT-02950,19490.6242,401.5438,8.008,35.4629,183.3969,16.0647,synthetic_prototype_v1
PLT-02951,47349.5756,681.2417,5.4022,23.9502,336.4364,81.5482,synthetic_prototype_v1
PLT-02952,78343.7734,511.2041,3.9791,23.567,159.1226,22.2428,synthetic_prototype_v1
PLT-02953,40984.8877,1096.0763,0.9642,17.3763,444.1904,16.5501,synthetic_prototype_v1
PLT-02954,31900.4594,973.9821,7.695,26.6678,231.9405,31.775,synthetic_prototype_v1
PLT-02955,46618.2902,666.9529,6.3477,25.4352,198.4501,60.1871,synthetic_prototype_v1
PLT-02956,23501.0283,1087.3428,4.0971,39.4131,294.4348,16.0103,synthetic_prototype_v1
PLT-02957,12132.1811,657.2673,3.3298,28.8455,212.5735,46.796,synthetic_prototype_v1
PLT-02958,26624.6078,1038.9999,2.4138,22.159,87.7125,46.0858,synthetic_prototype_v1
PLT-02959,11847.2032,701.1117,3.0929,24.229,332.1455,50.1048,synthetic_prototype_v1
PLT-02960,38702.1127,1113.9875,9.9876,30.4702,312.6567,12.1127,synthetic_prototype_v1
PLT-02961,19211.8458,776.9193,7.1852,32.0618,72.0627,29.6111,synthetic_prototype_v1
PLT-02962,30058.345,442.6677,1.0636,27.2696,430.5082,27.4862,synthetic_prototype_v1
PLT-02963,71602.1569,487.2434,3.0111,32.4243,385.0928,22.4827,synthetic_prototype_v1
PLT-02964,79003.3934,1108.9747,5.9381,27.1019,196.3732,21.0399,synthetic_prototype_v1
PLT-02965,36249.9499,472.1096,3.1986,34.6482,213.4487,17.2644,synthetic_prototype_v1
PLT-02966,42491.2659,1021.3165,1.5118,24.7267,319.9659,50.1486,synthetic_prototype_v1
PLT-02967,59636.14,576.7031,3.6563,15.9051,361.2732,11.1029,synthetic_prototype_v1
PLT-02968,40726.0856,834.5385,3.4795,20.0843,383.5916,84.6055,synthetic_prototype_v1
PLT-02969,5042.6097,1062.99,1.4756,29.2805,357.3376,24.4497,synthetic_prototype_v1
PLT-02970,65881.4278,441.562,6.5036,17.5772,285.9841,15.3095,synthetic_prototype_v1
PLT-02971,30209.7476,595.2502,5.246,37.5368,283.9869,15.2715,synthetic_prototype_v1
PLT-02972,40435.1508,843.0097,5.5782,32.3361,294.0438,76.1022,synthetic_prototype_v1
PLT-02973,35285.8177,603.4528,4.7721,23.8446,286.1693,96.9939,synthetic_prototype_v1
PLT-02974,30467.9835,795.3574,4.7602,22.7527,316.4821,138.3533,synthetic_prototype_v1
PLT-02975,50063.0306,763.3432,8.9438,38.4652,215.9552,13.828,synthetic_prototype_v1
PLT-02976,36516.6859,519.7874,5.2775,27.8859,490.7384,62.571,synthetic_prototype_v1
PLT-02977,34233.4708,724.9308,5.332,31.5397,205.6474,85.6795,synthetic_prototype_v1
PLT-02978,37001.5576,775.2786,5.6712,23.1578,135.4865,102.6918,synthetic_prototype_v1
PLT-02979,63490.2383,784.0248,2.4151,34.5419,160.9612,11.8272,synthetic_prototype_v1
PLT-02980,67714.9813,707.93,3.2992,30.3574,85.1672,27.067,synthetic_prototype_v1
PLT-02981,38700.4968,1007.9513,4.8355,26.726,348.6417,100.2107,synthetic_prototype_v1
PLT-02982,59052.196,919.5141,5.8614,35.8575,485.8549,13.4155,synthetic_prototype_v1
PLT-02983,40667.088,542.5073,5.0171,16.9883,55.2059,20.923,synthetic_prototype_v1
PLT-02984,33711.0709,891.346,4.3402,26.6202,298.2738,160.9865,synthetic_prototype_v1
PLT-02985,16260.8348,749.943,5.0567,27.6736,246.1734,67.0002,synthetic_prototype_v1
PLT-02986,55130.2221,1072.5569,6.6826,30.3218,487.9516,26.5724,synthetic_prototype_v1
PLT-02987,47492.6225,872.6524,6.2285,32.2575,235.3689,45.7941,synthetic_prototype_v1
PLT-02988,48115.3947,875.81,3.2495,35.0468,102.7847,24.8114,synthetic_prototype_v1
PLT-02989,38461.7207,1100.5908,8.6953,17.5785,477.5397,11.6189,synthetic_prototype_v1
PLT-02990,65557.3704,551.0231,8.3495,24.743,454.3276,22.9963,synthetic_prototype_v1
PLT-02991,19153.4158,489.6794,3.0799,36.5802,396.8552,13.5342,synthetic_prototype_v1
PLT-02992,8260.6297,529.4955,0.7463,20.2623,274.4711,20.5411,synthetic_prototype_v1
PLT-02993,67219.6557,717.5638,6.1484,18.4372,204.2523,21.6612,synthetic_prototype_v1
PLT-02994,26309.1264,792.5603,5.5452,28.1791,268.5214,112.9053,synthetic_prototype_v1
PLT-02995,49969.5081,1131.2161,1.9181,23.6194,455.2111,36.3329,synthetic_prototype_v1
PLT-02996,44150.9226,1083.362,1.8262,17.822,338.9787,15.2859,synthetic_prototype_v1
PLT-02997,12709.8272,472.044,6.9294,29.7439,270.2533,20.1479,synthetic_prototype_v1
PLT-02998,40647.9213,569.0718,8.0618,19.7897,82.3497,22.0788,synthetic_prototype_v1
PLT-02999,30052.6785,632.6922,2.0717,27.4377,201.42,76.8088,synthetic_prototype_v1
PLT-03000,38269.0963,759.399,2.222,28.3974,199.2068,111.7717,synthetic_prototype_v1
PLT-03001,58366.8531,654.4513,0.6371,22.6178,134.8509,26.5725,synthetic_prototype_v1
PLT-03002,36063.3141,452.1725,3.1232,26.1588,322.6522,53.6678,synthetic_prototype_v1
PLT-03003,23928.324,806.6798,3.4381,21.9857,341.6103,99.8342,synthetic_prototype_v1
PLT-03004,57519.8827,859.8952,3.4065,16.7466,495.2026,18.7086,synthetic_prototype_v1
PLT-03005,16385.13,757.2649,8.3165,23.4175,162.2203,22.9708,synthetic_prototype_v1
PLT-03006,6045.2216,495.2193,5.7511,34.3914,244.3337,15.3364,synthetic_prototype_v1
PLT-03007,42323.5777,539.8552,4.6333,30.5337,51.513,42.7924,synthetic_prototype_v1
PLT-03008,61033.3155,1182.0048,4.835,20.6371,381.2495,23.3849,synthetic_prototype_v1
PLT-03009,14330.7792,939.9417,4.4181,29.1953,135.6602,55.3633,synthetic_prototype_v1
PLT-03010,7311.3376,859.8566,9.2111,29.7192,260.5762,18.894,synthetic_prototype_v1
PLT-03011,64883.6259,923.656,4.8872,17.7317,250.4521,22.3298,synthetic_prototype_v1
PLT-03012,18691.6221,715.844,3.4916,27.8148,386.037,85.0186,synthetic_prototype_v1
PLT-03013,28721.4579,771.2852,5.8781,28.4587,325.1849,102.2996,synthetic_prototype_v1
PLT-03014,54159.4545,639.4963,6.6549,33.7835,377.9198,26.7141,synthetic_prototype_v1
PLT-03015,41172.7578,823.7002,6.8256,20.7212,398.9934,53.5046,synthetic_prototype_v1
PLT-03016,27058.7606,550.9589,4.9244,33.9726,195.336,31.5071,synthetic_prototype_v1
PLT-03017,6427.5611,459.8252,6.0164,31.5039,57.5024,21.7333,synthetic_prototype_v1
PLT-03018,63854.1516,646.8923,3.8849,22.0262,121.9402,26.7372,synthetic_prototype_v1
PLT-03019,11729.8458,884.1415,3.1295,34.855,345.164,11.8639,synthetic_prototype_v1
PLT-03020,8642.6967,942.3542,6.8465,22.4992,133.1686,27.4429,synthetic_prototype_v1
PLT-03021,46697.7071,538.4191,6.5832,29.1631,468.1575,31.9988,synthetic_prototype_v1
PLT-03022,38722.4516,1171.4261,4.6454,37.407,473.9286,12.8205,synthetic_prototype_v1
PLT-03023,36479.7599,745.0148,3.073,27.6681,171.23,139.7681,synthetic_prototype_v1
PLT-03024,32819.1713,1155.8441,9.5424,35.3533,243.7838,10.0,synthetic_prototype_v1
PLT-03025,33063.8033,1014.0059,5.6053,28.7403,169.4042,71.2011,synthetic_prototype_v1
PLT-03026,42244.2859,868.8875,9.9276,33.3547,219.7231,18.5044,synthetic_prototype_v1
PLT-03027,7403.2692,839.4545,7.2981,15.1331,51.1765,10.7319,synthetic_prototype_v1
PLT-03028,78515.3589,768.7847,6.0139,18.8671,367.9906,23.688,synthetic_prototype_v1
PLT-03029,12931.2603,733.3608,4.791,25.9547,193.3989,60.6653,synthetic_prototype_v1
PLT-03030,36250.5619,792.8213,1.7719,24.7753,218.5559,104.3458,synthetic_prototype_v1
PLT-03031,56759.5077,484.802,8.8167,20.7538,184.8951,19.679,synthetic_prototype_v1
PLT-03032,35579.0191,904.1528,3.3251,27.9964,260.0021,139.6295,synthetic_prototype_v1
PLT-03033,74693.1683,429.1456,5.5999,15.8864,391.0702,10.0,synthetic_prototype_v1
PLT-03034,17044.1234,1127.9497,1.2943,31.2392,131.4364,23.1853,synthetic_prototype_v1
PLT-03035,17938.4023,649.9507,3.3452,23.8051,431.7129,73.9637,synthetic_prototype_v1
PLT-03036,31969.1956,1009.1996,4.454,21.6869,403.3543,76.2221,synthetic_prototype_v1
PLT-03037,24913.6822,898.416,4.7591,30.4454,155.4382,86.6657,synthetic_prototype_v1
PLT-03038,54217.2236,557.3383,0.8501,15.1112,290.3677,11.8224,synthetic_prototype_v1
PLT-03039,8011.3475,1188.2916,1.5756,37.3434,198.3403,21.2012,synthetic_prototype_v1
PLT-03040,25951.6109,613.8662,4.2324,29.8701,472.3868,77.8986,synthetic_prototype_v1
PLT-03041,49034.2955,691.7426,5.7153,35.9101,148.9472,19.4493,synthetic_prototype_v1
PLT-03042,45843.5337,672.1224,5.2388,31.5454,313.6645,60.9126,synthetic_prototype_v1
PLT-03043,29709.233,784.2787,5.0293,26.8312,311.7426,152.5242,synthetic_prototype_v1
PLT-03044,41815.8587,829.5924,5.6671,27.1178,334.3189,117.8451,synthetic_prototype_v1
PLT-03045,25571.7428,832.6095,4.5868,32.4284,365.1439,73.128,synthetic_prototype_v1
PLT-03046,53519.5902,741.7331,2.8534,30.9855,310.0553,59.0234,synthetic_prototype_v1
PLT-03047,48723.3697,527.2942,3.5127,15.9379,68.9045,13.4178,synthetic_prototype_v1
PLT-03048,35919.3947,843.7756,5.3451,20.0052,287.712,82.6839,synthetic_prototype_v1
PLT-03049,8553.0515,868.1183,5.2268,36.6774,162.504,13.3748,synthetic_prototype_v1
PLT-03050,41964.9992,959.7253,2.7002,28.0735,297.1207,86.3722,synthetic_prototype_v1
PLT-03051,13885.8933,528.2705,5.1505,30.599,63.6011,28.5155,synthetic_prototype_v1
PLT-03052,65327.0687,914.534,1.3726,36.6524,82.4736,15.6715,synthetic_prototype_v1
PLT-03053,29266.6615,652.8745,3.9356,27.9663,243.388,112.9006,synthetic_prototype_v1
PLT-03054,51399.5459,937.6126,1.1393,27.9232,304.0944,39.8074,synthetic_prototype_v1
PLT-03055,16521.0046,845.547,1.8432,25.3236,63.5794,55.3894,synthetic_prototype_v1
PLT-03056,23122.9182,1114.1649,4.1628,30.6976,82.3213,31.7176,synthetic_prototype_v1
PLT-03057,25275.5728,617.9909,1.369,15.2518,137.9696,13.618,synthetic_prototype_v1
PLT-03058,42839.8243,403.988,7.2584,28.0012,370.1726,23.822,synthetic_prototype_v1
PLT-03059,57566.0758,967.9411,1.9722,15.639,197.2225,10.0,synthetic_prototype_v1
PLT-03060,36941.1565,701.1755,4.7332,32.3046,154.1337,73.724,synthetic_prototype_v1
PLT-03061,75278.8573,566.9815,2.9203,32.7809,460.3969,19.3816,synthetic_prototype_v1
PLT-03062,13149.2827,1031.2426,5.4057,29.3413,96.7332,33.353,synthetic_prototype_v1
PLT-03063,62515.6676,1023.3108,8.8403,34.6591,87.346,10.0,synthetic_prototype_v1
PLT-03064,20013.7573,437.2489,1.3158,18.0661,340.7045,25.1116,synthetic_prototype_v1
PLT-03065,29443.7854,835.1413,4.8785,27.8081,158.1255,133.8316,synthetic_prototype_v1
PLT-03066,29178.5099,825.9748,3.4848,30.8264,160.2075,108.5798,synthetic_prototype_v1
PLT-03067,21640.477,799.0669,2.7711,25.9107,162.1781,97.4321,synthetic_prototype_v1
PLT-03068,9087.5236,1134.9317,4.6287,24.7817,409.6792,20.4755,synthetic_prototype_v1
PLT-03069,17665.4781,544.8079,8.5253,36.8121,147.5023,15.224,synthetic_prototype_v1
PLT-03070,47162.805,989.9684,8.0804,38.2177,124.6233,10.0,synthetic_prototype_v1
PLT-03071,28810.8085,681.0711,5.371,27.9149,175.8492,107.1758,synthetic_prototype_v1
PLT-03072,15910.0091,724.8865,4.1975,24.0167,373.418,74.8233,synthetic_prototype_v1
PLT-03073,16005.7425,648.0019,7.9742,24.4618,414.5321,27.4548,synthetic_prototype_v1
PLT-03074,6629.2592,764.0174,2.9331,17.8821,254.4119,15.4354,synthetic_prototype_v1
PLT-03075,21840.9822,792.4028,5.9107,21.066,260.3208,57.6151,synthetic_prototype_v1
PLT-03076,66439.9909,929.6397,5.7573,37.8232,248.9383,10.0,synthetic_prototype_v1
PLT-03077,66051.5288,522.7938,9.8685,23.2353,408.0859,19.3573,synthetic_prototype_v1
PLT-03078,27605.9608,865.9969,5.2752,30.9198,373.9295,87.4226,synthetic_prototype_v1
PLT-03079,23663.5015,991.8285,4.5694,25.9353,118.9308,75.3039,synthetic_prototype_v1
PLT-03080,39969.3152,683.941,3.4811,27.81,148.0335,129.2483,synthetic_prototype_v1
PLT-03081,62807.991,1173.4559,3.6582,39.6206,478.3355,16.6077,synthetic_prototype_v1
PLT-03082,29162.3797,776.4598,6.7432,25.0432,256.2483,78.0682,synthetic_prototype_v1
PLT-03083,6586.7009,485.7687,7.8058,16.451,333.0645,13.7042,synthetic_prototype_v1
PLT-03084,8790.1991,1034.4635,6.6614,28.9047,88.7348,25.0498,synthetic_prototype_v1
PLT-03085,45344.2939,975.2976,2.3569,23.6467,159.5329,65.5256,synthetic_prototype_v1
PLT-03086,68204.8977,898.4682,4.0559,16.2144,352.2832,16.4838,synthetic_prototype_v1
PLT-03087,27852.8453,1125.4458,9.086,24.2868,303.4689,19.2678,synthetic_prototype_v1
PLT-03088,60701.9425,938.6626,9.9692,36.7584,327.6856,10.0,synthetic_prototype_v1
PLT-03089,46997.3739,693.5164,3.6531,30.482,434.0556,84.9889,synthetic_prototype_v1
PLT-03090,79777.5993,467.5847,5.7066,22.5063,297.5381,18.0745,synthetic_prototype_v1
PLT-03091,33226.9605,453.0822,7.3088,24.9774,495.2092,25.1845,synthetic_prototype_v1
PLT-03092,34232.1462,590.0081,4.9153,22.8217,311.3985,80.8752,synthetic_prototype_v1
PLT-03093,62764.0212,691.2867,9.553,35.3582,332.8525,13.4001,synthetic_prototype_v1
PLT-03094,56780.1466,1018.3976,9.7507,26.3629,119.0578,12.9947,synthetic_prototype_v1
PLT-03095,34657.6496,684.6459,3.6857,30.1377,434.529,120.3599,synthetic_prototype_v1
PLT-03096,61397.2341,472.1376,8.5062,34.9809,440.203,11.0715,synthetic_prototype_v1
PLT-03097,41723.4185,850.513,3.664,23.441,358.0061,143.517,synthetic_prototype_v1
PLT-03098,18930.4135,668.0758,4.4642,25.1833,132.6639,75.5662,synthetic_prototype_v1
PLT-03099,69521.1415,946.0478,5.2015,17.7733,377.5331,19.6206,synthetic_prototype_v1
PLT-03100,47392.708,715.2673,1.9712,18.1814,57.2878,27.9131,synthetic_prototype_v1
PLT-03101,69423.7145,400.794,8.5661,39.4918,158.0406,14.9323,synthetic_prototype_v1
PLT-03102,5000.0,907.5594,4.6493,31.7165,320.7832,28.1994,synthetic_prototype_v1
PLT-03103,45643.7016,915.0313,5.243,29.4862,401.1173,86.5324,synthetic_prototype_v1
PLT-03104,29295.2502,940.728,7.2937,26.9542,185.6083,48.6246,synthetic_prototype_v1
PLT-03105,76671.7443,1164.6884,0.5579,25.3295,310.1482,23.2892,synthetic_prototype_v1
PLT-03106,9413.6403,1164.3058,7.514,18.5001,214.645,16.9213,synthetic_prototype_v1
PLT-03107,28582.9985,1144.4754,8.6959,28.4912,313.5119,21.5747,synthetic_prototype_v1
PLT-03108,60313.6353,873.7657,1.4543,34.6179,79.8615,20.3552,synthetic_prototype_v1
PLT-03109,24779.7314,781.031,4.7537,30.2692,102.569,79.2681,synthetic_prototype_v1
PLT-03110,29558.4809,541.8915,4.8713,27.5714,348.126,77.117,synthetic_prototype_v1
PLT-03111,30907.8229,666.1215,4.6981,25.1407,123.8014,114.2692,synthetic_prototype_v1
PLT-03112,31168.8639,926.2067,2.8149,28.9005,234.8001,110.7337,synthetic_prototype_v1
PLT-03113,43554.7259,765.6664,3.817,29.495,280.2111,125.4205,synthetic_prototype_v1
PLT-03114,38778.9453,680.9783,1.1952,15.7653,170.1444,21.0001,synthetic_prototype_v1
PLT-03115,20880.5827,914.7698,8.3874,25.6004,313.118,30.7757,synthetic_prototype_v1
PLT-03116,66831.1657,684.4152,8.594,35.0871,410.058,18.168,synthetic_prototype_v1
PLT-03117,62693.1936,637.11,8.9267,30.2611,486.3938,23.5069,synthetic_prototype_v1
PLT-03118,37878.9694,879.6951,3.2762,38.6579,242.8898,20.5019,synthetic_prototype_v1
PLT-03119,60951.071,1151.6359,5.5388,29.7163,170.645,25.9498,synthetic_prototype_v1
PLT-03120,23287.0586,544.3913,4.213,25.3731,355.8997,66.9458,synthetic_prototype_v1
PLT-03121,47837.5522,456.9351,2.3059,33.4206,461.4753,27.9456,synthetic_prototype_v1
PLT-03122,68790.0259,888.3259,6.3303,35.0419,128.9356,14.9413,synthetic_prototype_v1
PLT-03123,28576.0957,501.9089,4.1494,25.4719,155.0158,57.7526,synthetic_prototype_v1
PLT-03124,35526.4582,722.4582,2.5286,25.1627,391.6942,136.0718,synthetic_prototype_v1
PLT-03125,17398.3493,804.7715,1.13,27.6691,117.2255,39.6879,synthetic_prototype_v1
PLT-03126,27488.4413,958.9587,3.1452,21.6412,285.3763,74.9544,synthetic_prototype_v1
PLT-03127,43484.0106,840.9663,4.4392,24.0489,147.8036,130.5434,synthetic_prototype_v1
PLT-03128,44931.149,807.9911,4.0438,32.5802,190.8741,73.2652,synthetic_prototype_v1
PLT-03129,75680.3188,672.291,3.9635,19.2599,93.4927,23.2507,synthetic_prototype_v1
PLT-03130,29766.2825,846.0961,3.4615,20.1595,242.9037,97.9033,synthetic_prototype_v1
PLT-03131,17897.0264,978.3472,1.2614,33.0707,420.0155,28.1924,synthetic_prototype_v1
PLT-03132,13648.044,648.3694,3.8513,29.3974,140.7668,43.7416,synthetic_prototype_v1
PLT-03133,27047.0353,621.4426,8.2125,35.7118,429.6066,16.948,synthetic_prototype_v1
PLT-03134,20101.1239,1184.0101,3.7233,31.62,118.7902,21.9029,synthetic_prototype_v1
PLT-03135,36245.7225,816.6165,8.4422,21.4268,126.7436,27.2874,synthetic_prototype_v1
PLT-03136,37786.3939,973.2982,1.8177,36.9057,186.8014,19.2756,synthetic_prototype_v1
PLT-03137,12489.6858,648.2901,3.2436,29.924,72.3506,40.8467,synthetic_prototype_v1
PLT-03138,23513.3163,1144.1555,2.79,23.3561,303.678,33.2752,synthetic_prototype_v1
PLT-03139,67722.8218,701.231,4.1172,33.338,463.4546,20.2655,synthetic_prototype_v1
PLT-03140,23243.9499,741.0142,3.2594,26.8897,414.6674,113.1045,synthetic_prototype_v1
PLT-03141,48597.9581,728.4407,3.4955,21.2429,448.1687,79.1953,synthetic_prototype_v1
PLT-03142,29490.2541,830.3261,5.6058,27.3166,290.254,125.7108,synthetic_prototype_v1
PLT-03143,76048.9847,515.986,5.5586,31.9275,278.0679,20.3395,synthetic_prototype_v1
PLT-03144,29115.9262,973.6156,6.5603,32.3844,363.1192,40.1015,synthetic_prototype_v1
PLT-03145,58983.6901,1172.1137,5.1544,28.8905,65.7887,22.2005,synthetic_prototype_v1
PLT-03146,32314.4013,502.5457,5.2617,29.807,240.2829,50.7605,synthetic_prototype_v1
PLT-03147,79905.7528,1010.729,7.2977,27.5783,244.2143,18.3352,synthetic_prototype_v1
PLT-03148,40538.9256,712.8967,3.7071,21.2087,352.2608,108.062,synthetic_prototype_v1
PLT-03149,64943.3537,409.4473,3.6624,20.3685,268.2494,18.9368,synthetic_prototype_v1
PLT-03150,17268.2658,786.3263,4.8719,39.6128,410.3279,10.2993,synthetic_prototype_v1
PLT-03151,11681.8781,714.4227,2.0181,25.5333,100.0067,47.7684,synthetic_prototype_v1
PLT-03152,51317.2044,628.2393,3.3823,29.0612,338.6523,63.9801,synthetic_prototype_v1
PLT-03153,27784.7464,971.9335,1.2462,39.3088,305.2791,14.6503,synthetic_prototype_v1
PLT-03154,53530.3849,449.4496,1.2133,17.0402,292.9664,14.7063,synthetic_prototype_v1
PLT-03155,19559.2523,726.7186,3.9231,30.1786,373.9445,78.0972,synthetic_prototype_v1
PLT-03156,35302.5793,413.0057,6.3443,27.1879,254.6098,28.4057,synthetic_prototype_v1
PLT-03157,19868.6065,819.0934,4.9565,23.4894,314.5508,89.4918,synthetic_prototype_v1
PLT-03158,45117.3615,476.1869,2.8218,29.1349,270.2346,38.0763,synthetic_prototype_v1
PLT-03159,12296.5306,770.4424,5.1559,31.4311,183.6272,40.94,synthetic_prototype_v1
PLT-03160,25460.3248,732.5426,7.0733,15.5685,247.2055,23.821,synthetic_prototype_v1
PLT-03161,61570.3636,1043.4335,4.9844,30.9136,200.5806,27.5528,synthetic_prototype_v1
PLT-03162,72506.8459,719.961,6.6387,28.5973,339.4809,22.2071,synthetic_prototype_v1
PLT-03163,62236.6617,405.0597,1.2741,22.7647,347.0196,22.6766,synthetic_prototype_v1
PLT-03164,61263.9009,780.512,7.8403,24.6695,113.331,23.5246,synthetic_prototype_v1
PLT-03165,12487.3293,739.2137,3.3055,17.2299,239.8699,16.9158,synthetic_prototype_v1
PLT-03166,59137.7249,950.4494,9.501,20.3042,324.1193,16.5676,synthetic_prototype_v1
PLT-03167,13649.4829,693.3945,5.1629,37.991,303.2928,16.3416,synthetic_prototype_v1
PLT-03168,58307.1069,787.7935,4.8802,26.4747,321.1018,60.8134,synthetic_prototype_v1
PLT-03169,17418.9741,713.0555,2.8669,26.3935,351.0701,78.4179,synthetic_prototype_v1
PLT-03170,30908.4835,692.844,4.6759,30.9576,221.8957,99.1024,synthetic_prototype_v1
PLT-03171,63792.3657,673.1028,7.4482,38.7102,453.2652,17.0656,synthetic_prototype_v1
PLT-03172,24308.8969,944.547,9.7467,35.6859,195.1364,13.7216,synthetic_prototype_v1
PLT-03173,14518.2482,639.61,1.6446,17.8761,120.1757,22.4858,synthetic_prototype_v1
PLT-03174,42515.7237,922.7238,4.0069,19.0762,392.124,64.3217,synthetic_prototype_v1
PLT-03175,31637.3665,971.6417,1.5034,19.2474,374.9752,35.9548,synthetic_prototype_v1
PLT-03176,39018.4745,615.9246,3.1818,28.1564,101.8823,85.7463,synthetic_prototype_v1
PLT-03177,26838.9953,786.3508,4.2354,22.697,406.3456,135.3537,synthetic_prototype_v1
PLT-03178,58276.9394,637.551,4.7983,32.7136,70.9644,27.2923,synthetic_prototype_v1
PLT-03179,31015.2353,667.2751,2.0279,19.2661,372.6865,55.2251,synthetic_prototype_v1
PLT-03180,31500.3271,568.955,8.7938,18.4581,428.9644,22.9755,synthetic_prototype_v1
PLT-03181,62001.1229,531.503,3.0028,27.0112,236.7643,28.0019,synthetic_prototype_v1
PLT-03182,48817.0895,1070.0938,5.5806,18.1466,423.4904,31.4867,synthetic_prototype_v1
PLT-03183,54771.5785,722.0904,8.8446,31.9886,266.4075,22.2893,synthetic_prototype_v1
PLT-03184,14545.7149,901.453,5.6555,16.1794,318.2152,17.8155,synthetic_prototype_v1
PLT-03185,25302.2571,744.7079,5.5757,39.3554,435.8789,20.5845,synthetic_prototype_v1
PLT-03186,44020.6336,912.7565,5.595,33.8087,160.3991,41.1058,synthetic_prototype_v1
PLT-03187,32433.7246,667.099,5.0613,26.7418,426.5733,139.1705,synthetic_prototype_v1
PLT-03188,79343.3471,578.8353,8.9356,38.0238,334.2804,11.8806,synthetic_prototype_v1
PLT-03189,26384.18,747.6883,1.7414,15.4412,150.5622,20.9653,synthetic_prototype_v1
PLT-03190,57295.5246,891.9902,1.6051,34.5362,172.0022,14.3691,synthetic_prototype_v1
PLT-03191,36449.3225,870.0601,6.1172,23.3997,206.8827,91.7402,synthetic_prototype_v1
PLT-03192,68734.1898,419.5868,2.3343,16.9123,464.7126,15.1729,synthetic_prototype_v1
PLT-03193,76903.0644,697.6627,5.0507,33.8408,337.4306,25.0397,synthetic_prototype_v1
PLT-03194,61512.8422,503.3091,9.7384,34.8156,270.2311,11.6477,synthetic_prototype_v1
PLT-03195,70541.6373,1139.4318,9.2762,25.2785,353.3469,12.4776,synthetic_prototype_v1
PLT-03196,40420.9294,764.3011,3.6144,23.2971,361.65,148.4917,synthetic_prototype_v1
PLT-03197,51961.9464,843.4385,4.2926,29.5105,142.0565,78.1525,synthetic_prototype_v1
PLT-03198,26589.1157,503.8058,8.1173,30.9602,355.3748,16.9241,synthetic_prototype_v1
PLT-03199,13864.4229,834.1611,3.7735,24.2452,403.5494,75.1929,synthetic_prototype_v1
PLT-03200,37528.0607,913.7935,3.0838,21.9435,266.6584,110.2991,synthetic_prototype_v1
PLT-03201,41327.281,646.394,3.1714,23.921,338.6001,101.9138,synthetic_prototype_v1
PLT-03202,55370.9607,616.7363,0.7251,18.8237,442.39,16.9319,synthetic_prototype_v1
PLT-03203,24197.3818,1109.9383,0.7871,28.1237,240.4877,29.5333,synthetic_prototype_v1
PLT-03204,31356.4833,900.7142,5.5555,22.6878,383.7458,103.4189,synthetic_prototype_v1
PLT-03205,22018.2012,1058.3487,4.6573,33.534,463.085,32.9734,synthetic_prototype_v1
PLT-03206,36058.6015,718.4268,4.8667,29.5132,333.836,133.1707,synthetic_prototype_v1
PLT-03207,72691.5477,893.3111,3.0894,39.0006,241.2796,18.0238,synthetic_prototype_v1
PLT-03208,16423.4077,1158.9172,3.655,28.3874,163.9502,35.0122,synthetic_prototype_v1
PLT-03209,42726.8352,731.0277,4.2976,20.8775,157.4597,95.5648,synthetic_prototype_v1
PLT-03210,8709.4353,525.9581,7.3803,32.6363,95.514,24.3906,synthetic_prototype_v1
PLT-03211,35825.5404,770.8231,4.0018,27.286,101.2491,148.7735,synthetic_prototype_v1
PLT-03212,47332.1541,752.5102,4.3864,27.067,417.6719,115.9971,synthetic_prototype_v1
PLT-03213,29846.7677,740.6939,5.1385,27.872,147.2058,130.7496,synthetic_prototype_v1
PLT-03214,37942.4356,684.0915,2.9161,25.3128,116.0403,121.4228,synthetic_prototype_v1
PLT-03215,41119.3692,510.4838,2.8851,24.0222,279.4133,61.5931,synthetic_prototype_v1
PLT-03216,10063.886,675.0528,5.2489,24.3038,244.0006,42.5257,synthetic_prototype_v1
PLT-03217,29803.705,565.8827,3.7531,36.4977,71.129,18.7125,synthetic_prototype_v1
PLT-03218,14829.3314,626.0275,0.7971,34.098,185.905,13.617,synthetic_prototype_v1
PLT-03219,10404.436,641.4347,7.8365,37.3676,369.666,15.2384,synthetic_prototype_v1
PLT-03220,60857.8196,405.8785,1.0975,39.1545,455.8842,19.0709,synthetic_prototype_v1
PLT-03221,43455.4433,535.9525,1.0103,23.6124,96.8523,37.4701,synthetic_prototype_v1
PLT-03222,13072.3096,688.7775,3.856,29.8016,176.5924,56.195,synthetic_prototype_v1
PLT-03223,21795.9249,519.1823,8.6389,25.6408,366.7987,24.2568,synthetic_prototype_v1
PLT-03224,72724.1865,1192.3537,8.7066,33.8555,397.791,20.317,synthetic_prototype_v1
PLT-03225,19825.0237,786.84,4.7698,17.3876,248.7035,16.9873,synthetic_prototype_v1
PLT-03226,79038.9749,906.4846,1.8843,29.4954,369.6528,17.0547,synthetic_prototype_v1
PLT-03227,39195.7442,845.7475,4.3177,27.7535,319.8249,161.6004,synthetic_prototype_v1
PLT-03228,78239.53,489.092,4.228,35.7101,344.0707,10.4291,synthetic_prototype_v1
PLT-03229,66541.7812,712.388,6.1864,16.3456,292.9814,17.0411,synthetic_prototype_v1
PLT-03230,47307.1353,623.8607,2.4275,24.7981,115.9584,57.8843,synthetic_prototype_v1
PLT-03231,29060.4485,741.6047,2.0523,26.7167,284.1268,107.2633,synthetic_prototype_v1
PLT-03232,60910.6217,767.4151,4.4666,28.2008,415.4616,48.9155,synthetic_prototype_v1
PLT-03233,18901.4882,734.589,5.4215,26.4101,407.5544,80.1741,synthetic_prototype_v1
PLT-03234,45925.6771,600.4871,4.4133,39.5349,339.7057,19.1724,synthetic_prototype_v1
PLT-03235,74722.4141,800.4855,8.8375,34.8081,264.5902,15.8904,synthetic_prototype_v1
PLT-03236,32570.7542,863.8266,1.5199,24.4839,137.6238,80.5244,synthetic_prototype_v1
PLT-03237,59628.1224,723.7987,0.7475,28.6812,243.4482,27.2097,synthetic_prototype_v1
PLT-03238,54205.5409,1022.6884,1.9774,26.6022,264.2228,44.0729,synthetic_prototype_v1
PLT-03239,32060.7921,426.7869,1.0758,35.9031,157.9402,12.5842,synthetic_prototype_v1
PLT-03240,28620.1925,1017.2395,4.3276,27.3055,322.9735,96.1391,synthetic_prototype_v1
PLT-03241,43230.0995,1074.217,4.6848,32.9141,206.607,40.5292,synthetic_prototype_v1
PLT-03242,17094.0547,815.3809,3.1888,35.7263,115.994,17.679,synthetic_prototype_v1
PLT-03243,31535.6016,1011.7089,2.0201,25.0858,291.9368,72.6857,synthetic_prototype_v1
PLT-03244,24901.1456,1013.6997,4.3993,20.4478,299.0665,50.4686,synthetic_prototype_v1
PLT-03245,32153.9671,728.8337,4.5775,24.2348,102.0122,135.2283,synthetic_prototype_v1
PLT-03246,24526.1408,426.2941,3.7968,30.2141,112.6964,34.9862,synthetic_prototype_v1
PLT-03247,49781.7344,706.5435,4.9494,27.4111,436.1997,93.2257,synthetic_prototype_v1
PLT-03248,74976.7416,947.0757,7.4509,15.0273,336.2505,12.5149,synthetic_prototype_v1
PLT-03249,13370.0276,420.9612,3.4396,19.9223,131.8083,25.8542,synthetic_prototype_v1
PLT-03250,44566.4739,892.4492,3.6378,26.2327,194.6488,129.1124,synthetic_prototype_v1
PLT-03251,21214.0234,1035.8335,5.69,28.0295,345.213,53.7663,synthetic_prototype_v1
PLT-03252,8960.5326,609.3239,3.6177,31.8291,141.8366,26.768,synthetic_prototype_v1
PLT-03253,37872.9684,670.4247,3.1398,32.5243,444.359,75.6154,synthetic_prototype_v1
PLT-03254,47867.7338,1199.1132,2.9119,34.6389,290.914,10.0,synthetic_prototype_v1
PLT-03255,32070.9361,760.6478,4.7707,25.4999,187.1716,156.7553,synthetic_prototype_v1
PLT-03256,36399.2065,1038.5346,2.5124,15.8059,51.6841,16.188,synthetic_prototype_v1
PLT-03257,78209.6293,735.8484,8.4645,26.8245,380.4556,21.9538,synthetic_prototype_v1
PLT-03258,12341.246,732.0965,7.23,33.6147,87.1224,21.1375,synthetic_prototype_v1
PLT-03259,24133.0198,1112.0117,1.0159,36.3307,343.7351,11.3216,synthetic_prototype_v1
PLT-03260,27903.7625,870.9836,4.6137,28.5301,338.7326,128.7505,synthetic_prototype_v1
PLT-03261,45420.6325,669.5893,2.4538,22.9842,379.9906,80.1826,synthetic_prototype_v1
PLT-03262,34031.9874,504.8349,3.4003,27.3569,252.5093,59.7703,synthetic_prototype_v1
PLT-03263,53613.7797,1068.7369,8.9776,32.5851,319.4878,21.5111,synthetic_prototype_v1
PLT-03264,44355.6603,706.0523,3.1188,28.6345,396.0906,121.0485,synthetic_prototype_v1
PLT-03265,40267.0669,624.5289,4.5292,18.5541,398.3591,52.3856,synthetic_prototype_v1
PLT-03266,46713.0363,900.3921,5.4325,22.0981,350.4394,68.0276,synthetic_prototype_v1
PLT-03267,15834.4212,932.0011,4.4256,25.4196,307.4046,70.4545,synthetic_prototype_v1
PLT-03268,45484.5656,1141.859,3.5271,21.2857,369.5179,33.7836,synthetic_prototype_v1
PLT-03269,27092.4822,835.9721,4.0231,26.6434,307.6849,157.8707,synthetic_prototype_v1
PLT-03270,19755.6636,959.9848,1.4097,21.1559,438.235,34.0241,synthetic_prototype_v1
PLT-03271,47879.6039,1011.8496,6.0331,27.8418,397.8192,55.2948,synthetic_prototype_v1
PLT-03272,43315.4695,975.5306,3.6762,25.0156,213.668,95.9331,synthetic_prototype_v1
PLT-03273,18383.1321,953.5037,4.6026,23.0581,258.1287,69.394,synthetic_prototype_v1
PLT-03274,47781.5493,833.4368,5.1013,29.3373,370.7749,87.0747,synthetic_prototype_v1
PLT-03275,12642.0618,481.4288,7.8832,19.0703,213.3733,22.458,synthetic_prototype_v1
PLT-03276,31973.418,760.5718,5.0462,27.4065,234.7536,146.8605,synthetic_prototype_v1
PLT-03277,76287.2202,418.2402,5.7492,30.274,403.6424,18.9564,synthetic_prototype_v1
PLT-03278,74072.7854,731.8816,1.0244,38.4841,150.4005,12.1511,synthetic_prototype_v1
PLT-03279,26103.7919,800.7866,7.6865,18.0925,80.0617,26.0854,synthetic_prototype_v1
PLT-03280,8820.8067,674.9339,4.3794,36.1498,174.959,15.7741,synthetic_prototype_v1
PLT-03281,39073.8471,778.3097,6.5192,27.9787,301.6177,87.296,synthetic_prototype_v1
PLT-03282,31634.4178,708.9976,4.2115,32.7915,353.7773,77.6951,synthetic_prototype_v1
PLT-03283,72378.1538,729.0246,7.6131,20.3643,472.8645,14.8472,synthetic_prototype_v1
PLT-03284,29761.989,696.3094,3.6096,23.4812,346.8854,136.6206,synthetic_prototype_v1
PLT-03285,54249.3681,843.1319,5.6636,26.9915,149.9042,60.7498,synthetic_prototype_v1
PLT-03286,66904.9633,924.0911,9.195,30.6186,132.45,22.4818,synthetic_prototype_v1
PLT-03287,44168.817,472.2871,7.0581,24.9318,80.7312,29.0295,synthetic_prototype_v1
PLT-03288,44650.9201,860.2268,3.5485,28.8251,438.3069,127.3222,synthetic_prototype_v1
PLT-03289,16654.7839,768.3165,1.0919,21.9947,251.9255,38.3045,synthetic_prototype_v1
PLT-03290,25851.658,710.4428,6.4419,28.502,422.5877,73.3124,synthetic_prototype_v1
PLT-03291,17214.2413,677.1254,4.2484,36.4748,357.0952,17.0077,synthetic_prototype_v1
PLT-03292,12097.9826,648.8511,4.6988,26.5406,379.4378,54.0882,synthetic_prototype_v1
PLT-03293,41885.9436,544.2492,9.8078,33.3125,282.1221,13.9425,synthetic_prototype_v1
PLT-03294,78441.8475,841.8662,0.622,39.6374,481.2832,14.7505,synthetic_prototype_v1
PLT-03295,18640.3265,721.317,3.8677,28.0776,269.0299,85.8575,synthetic_prototype_v1
PLT-03296,51022.0976,889.763,2.1179,25.0377,342.5525,65.5539,synthetic_prototype_v1
PLT-03297,20671.9706,572.8896,7.9149,15.2754,441.9338,18.21,synthetic_prototype_v1
PLT-03298,28538.5079,748.0702,4.8269,32.46,285.5,78.4916,synthetic_prototype_v1
PLT-03299,14744.1129,771.5213,2.2493,21.5184,153.879,39.9752,synthetic_prototype_v1
PLT-03300,36726.7398,772.877,3.2921,31.3074,427.0738,106.1007,synthetic_prototype_v1
PLT-03301,21879.179,881.1142,3.1667,26.3826,424.2721,106.0121,synthetic_prototype_v1
PLT-03302,39325.3055,767.9589,2.5457,27.3073,425.8219,130.5578,synthetic_prototype_v1
PLT-03303,65479.9047,628.74,1.0172,29.3261,295.5589,24.3688,synthetic_prototype_v1
PLT-03304,18037.0549,728.5389,4.126,25.1297,174.2151,86.5094,synthetic_prototype_v1
PLT-03305,35033.8434,605.3407,3.9123,34.952,185.343,25.4829,synthetic_prototype_v1
PLT-03306,47612.5513,965.4713,6.0384,17.1045,151.9176,19.1359,synthetic_prototype_v1
PLT-03307,67439.6964,1080.8296,8.7198,15.1749,437.4138,12.2656,synthetic_prototype_v1
PLT-03308,50487.105,879.0017,3.6492,29.2895,191.3147,82.7622,synthetic_prototype_v1
PLT-03309,45287.9486,524.8067,9.2053,28.407,270.3795,18.3533,synthetic_prototype_v1
PLT-03310,32938.0098,605.6596,5.4707,30.058,203.2202,65.4298,synthetic_prototype_v1
PLT-03311,25789.8605,1060.3751,4.5605,36.7282,116.4136,17.5284,synthetic_prototype_v1
PLT-03312,46548.5844,1196.9018,8.451,33.3955,149.517,28.643,synthetic_prototype_v1
PLT-03313,34427.682,1055.8489,5.039,20.7935,191.8523,49.7101,synthetic_prototype_v1
PLT-03314,17292.6397,584.8667,4.728,24.7229,153.1345,54.5867,synthetic_prototype_v1
PLT-03315,37058.7411,756.4382,4.1186,27.8516,181.3178,156.0322,synthetic_prototype_v1
PLT-03316,39133.8382,805.1786,8.8358,33.7203,88.1015,23.7384,synthetic_prototype_v1
PLT-03317,11783.0545,1009.6584,3.2255,31.6949,185.7086,33.3155,synthetic_prototype_v1
PLT-03318,21811.2576,839.6571,4.6584,24.0076,239.8053,104.4655,synthetic_prototype_v1
PLT-03319,13304.3194,871.6051,7.529,37.1729,407.6635,16.7351,synthetic_prototype_v1
PLT-03320,65204.0454,1040.16,9.5583,23.697,366.5024,20.611,synthetic_prototype_v1
PLT-03321,6362.0408,822.9299,8.7753,16.2322,161.7279,14.5621,synthetic_prototype_v1
PLT-03322,36614.7943,748.0437,3.9319,27.3251,399.8339,168.2908,synthetic_prototype_v1
PLT-03323,61248.7653,683.8415,3.3524,38.5786,282.5399,11.3395,synthetic_prototype_v1
PLT-03324,18257.9587,1088.4508,3.7778,37.512,463.6262,11.9864,synthetic_prototype_v1
PLT-03325,63257.5956,473.2479,8.4385,29.3495,377.0006,19.978,synthetic_prototype_v1
PLT-03326,35845.5022,791.5741,2.6794,26.8616,110.2399,125.5716,synthetic_prototype_v1
PLT-03327,61030.685,1098.2002,5.8041,34.5356,326.0426,16.0661,synthetic_prototype_v1
PLT-03328,48974.2015,730.3713,3.9992,26.8728,277.7423,110.2094,synthetic_prototype_v1
PLT-03329,36078.2915,582.8374,5.4587,27.356,247.4312,73.8885,synthetic_prototype_v1
PLT-03330,35189.8977,895.9987,1.1762,26.8105,257.3609,79.4545,synthetic_prototype_v1
PLT-03331,42578.3581,808.915,6.2803,31.4774,336.3664,62.3969,synthetic_prototype_v1
PLT-03332,50148.2328,728.5727,2.6944,19.8001,215.0115,48.199,synthetic_prototype_v1
PLT-03333,33916.2316,757.3825,3.5795,20.2964,264.7776,102.4059,synthetic_prototype_v1
PLT-03334,56002.6202,1008.0574,2.0034,31.1612,87.8729,27.849,synthetic_prototype_v1
PLT-03335,40989.755,663.1549,0.933,32.7548,387.9098,32.3994,synthetic_prototype_v1
PLT-03336,77744.8912,1116.7228,5.6438,28.6178,170.1386,18.5113,synthetic_prototype_v1
PLT-03337,30118.1194,732.2529,3.9237,27.9869,343.6609,157.3007,synthetic_prototype_v1
PLT-03338,40956.2806,1180.9607,5.1923,27.4086,137.6127,32.907,synthetic_prototype_v1
PLT-03339,74507.3742,1055.4075,2.8285,29.7197,60.3815,21.2692,synthetic_prototype_v1
PLT-03340,41103.1548,596.6277,7.0953,22.8406,130.7753,37.0003,synthetic_prototype_v1
PLT-03341,47842.4489,838.7182,8.8965,18.148,364.0428,22.9419,synthetic_prototype_v1
PLT-03342,34975.7101,568.9768,1.209,17.2583,244.5325,17.8013,synthetic_prototype_v1
PLT-03343,34468.8633,659.8165,6.4472,19.5131,156.5137,39.245,synthetic_prototype_v1
PLT-03344,22727.0327,753.9117,0.7251,22.3852,461.0641,42.5668,synthetic_prototype_v1
PLT-03345,25590.5961,598.4733,4.4675,27.0253,189.7415,82.5813,synthetic_prototype_v1
PLT-03346,45761.1227,838.0345,3.3397,25.77,111.0592,112.2661,synthetic_prototype_v1
PLT-03347,41913.0693,749.1838,6.2588,23.5239,123.0559,76.4002,synthetic_prototype_v1
PLT-03348,20748.8941,866.5405,3.8841,24.1444,188.8595,98.8351,synthetic_prototype_v1
PLT-03349,40790.0475,829.1892,8.2876,34.1262,283.226,17.4276,synthetic_prototype_v1
PLT-03350,56888.5296,657.6848,9.068,16.8505,122.0267,12.7878,synthetic_prototype_v1
PLT-03351,27522.6321,894.4844,5.8024,24.3072,374.3776,108.1117,synthetic_prototype_v1
PLT-03352,29314.9196,840.9829,3.0156,19.6418,386.5866,82.1456,synthetic_prototype_v1
PLT-03353,42895.7692,573.1114,3.0111,27.7752,118.659,69.5369,synthetic_prototype_v1
PLT-03354,19965.6495,847.3938,5.6778,38.7193,401.227,16.7377,synthetic_prototype_v1
PLT-03355,38199.2011,875.7621,5.9683,39.4837,457.2983,17.4122,synthetic_prototype_v1
PLT-03356,71077.7039,1053.0857,4.0582,27.2426,432.508,23.4424,synthetic_prototype_v1
PLT-03357,37356.3646,466.8496,1.677,31.8411,184.6345,26.6407,synthetic_prototype_v1
PLT-03358,29348.275,857.7306,7.4879,22.1138,422.8442,42.4684,synthetic_prototype_v1
PLT-03359,24552.7836,580.0612,3.1069,20.6133,468.6741,51.8253,synthetic_prototype_v1
PLT-03360,51078.4805,777.4332,7.6456,25.4851,258.5595,37.2996,synthetic_prototype_v1
PLT-03361,14958.5612,554.4016,5.0525,24.5174,285.0628,50.7149,synthetic_prototype_v1
PLT-03362,27905.0713,833.5357,4.7731,30.7881,318.104,103.3669,synthetic_prototype_v1
PLT-03363,17974.5834,905.957,2.3838,28.6813,483.9376,61.1755,synthetic_prototype_v1
PLT-03364,36321.4469,1100.5968,7.3554,24.1938,189.4999,29.8534,synthetic_prototype_v1
PLT-03365,18292.6626,955.6262,1.9763,22.831,387.2688,43.2938,synthetic_prototype_v1
PLT-03366,32529.3197,650.2989,5.4789,30.649,284.8964,70.9249,synthetic_prototype_v1
PLT-03367,29638.9001,938.4567,3.3583,26.5385,335.5112,118.0273,synthetic_prototype_v1
PLT-03368,53299.2403,765.7513,2.4835,22.749,150.0752,54.6422,synthetic_prototype_v1
PLT-03369,50742.7986,587.3285,3.1961,30.3998,154.9881,46.4415,synthetic_prototype_v1
PLT-03370,26720.8001,990.9521,6.9706,28.3848,192.162,46.447,synthetic_prototype_v1
PLT-03371,46987.4594,1073.5846,1.752,29.1525,288.5796,36.6071,synthetic_prototype_v1
PLT-03372,23520.5872,781.388,4.5377,27.4315,390.9662,119.4965,synthetic_prototype_v1
PLT-03373,13950.1505,846.0663,5.2656,25.9118,178.5019,60.2101,synthetic_prototype_v1
PLT-03374,64742.8797,656.0838,9.673,16.5883,414.2891,12.6551,synthetic_prototype_v1
PLT-03375,79666.6475,665.4501,7.0685,39.6849,216.2749,14.8445,synthetic_prototype_v1
PLT-03376,68155.2614,1132.2218,6.4774,36.3531,225.5016,12.8755,synthetic_prototype_v1
PLT-03377,69464.8094,526.0141,8.6702,16.0994,379.875,13.7773,synthetic_prototype_v1
PLT-03378,62294.2543,525.6204,3.3762,36.7838,427.8474,16.3422,synthetic_prototype_v1
PLT-03379,34427.5533,684.5285,2.2693,28.6952,447.4982,104.2145,synthetic_prototype_v1
PLT-03380,34971.9415,621.3487,2.462,25.4551,275.3556,87.377,synthetic_prototype_v1
PLT-03381,48423.3144,1092.3455,2.204,27.4417,92.9029,32.1646,synthetic_prototype_v1
PLT-03382,35888.258,537.4955,2.0421,28.8894,440.5104,51.8444,synthetic_prototype_v1
PLT-03383,40199.5201,400.6597,0.8496,37.598,222.5484,11.2116,synthetic_prototype_v1
PLT-03384,61105.3219,1135.5175,6.3709,21.0777,400.2007,25.1318,synthetic_prototype_v1
PLT-03385,75810.7735,973.8486,9.7426,39.596,191.0877,18.8458,synthetic_prototype_v1
PLT-03386,47248.7181,645.4671,8.7031,28.1497,465.8747,29.2882,synthetic_prototype_v1
PLT-03387,14492.2844,492.2166,0.5331,38.1075,250.1438,17.637,synthetic_prototype_v1
PLT-03388,29135.7931,790.5748,4.9393,26.844,226.7085,147.3434,synthetic_prototype_v1
PLT-03389,40706.8818,662.2736,4.2525,35.6746,490.304,22.9744,synthetic_prototype_v1
PLT-03390,46150.2962,811.5866,2.0768,26.6961,436.5938,88.6116,synthetic_prototype_v1
PLT-03391,43047.4933,1066.6165,3.4382,23.0983,184.3641,53.8394,synthetic_prototype_v1
PLT-03392,43824.6141,1140.6737,0.9098,19.152,465.2293,21.7253,synthetic_prototype_v1
PLT-03393,71163.1303,532.5065,9.5366,32.9526,299.725,26.0783,synthetic_prototype_v1
PLT-03394,37576.1936,580.5104,3.208,20.7335,298.5965,56.94,synthetic_prototype_v1
PLT-03395,59463.5096,559.1654,0.7982,37.7367,280.7803,10.1342,synthetic_prototype_v1
PLT-03396,37071.1343,686.6822,4.4729,21.2023,116.5255,95.1035,synthetic_prototype_v1
PLT-03397,26699.0102,473.8061,9.1241,33.7997,62.6784,16.4353,synthetic_prototype_v1
PLT-03398,29711.2397,833.5649,1.9092,25.913,392.8506,107.1119,synthetic_prototype_v1
PLT-03399,27509.4663,896.584,3.3193,24.5959,171.1387,127.4536,synthetic_prototype_v1
PLT-03400,32764.6176,722.9085,4.0205,20.1913,358.2439,93.3699,synthetic_prototype_v1
PLT-03401,20702.9621,763.7485,4.5451,27.8405,448.8084,101.0781,synthetic_prototype_v1
PLT-03402,52926.0237,1095.5657,7.9881,26.9356,427.319,25.2763,synthetic_prototype_v1
PLT-03403,44559.3223,960.0081,1.5328,32.9835,226.6045,32.5532,synthetic_prototype_v1
PLT-03404,46552.7108,464.6283,6.684,16.4635,64.1035,10.0,synthetic_prototype_v1
PLT-03405,27698.3371,652.6941,3.2276,26.1231,408.7758,118.6351,synthetic_prototype_v1
PLT-03406,40042.3243,603.075,3.7473,23.9936,196.139,92.1825,synthetic_prototype_v1
PLT-03407,29366.6852,847.0524,5.8495,23.245,255.8648,108.1416,synthetic_prototype_v1
PLT-03408,34708.2766,791.5492,3.6917,26.6077,147.4227,160.0006,synthetic_prototype_v1
PLT-03409,42411.2719,1149.612,9.9575,27.4173,202.0265,14.3994,synthetic_prototype_v1
PLT-03410,75250.2269,714.2863,3.9913,16.6096,67.4123,14.2627,synthetic_prototype_v1
PLT-03411,70573.5774,1199.5271,8.0793,29.9685,325.6784,24.896,synthetic_prototype_v1
PLT-03412,47091.7301,851.2575,4.623,37.2433,153.9018,18.4996,synthetic_prototype_v1
PLT-03413,38634.6249,689.4443,5.2925,25.1418,273.831,127.398,synthetic_prototype_v1
PLT-03414,25858.5018,973.6456,1.1182,18.7431,378.1766,26.1677,synthetic_prototype_v1
PLT-03415,32776.9183,858.0319,5.5371,29.0477,133.221,105.7249,synthetic_prototype_v1
PLT-03416,21919.4651,762.8913,2.3551,37.8735,432.465,10.0,synthetic_prototype_v1
PLT-03417,41996.7482,649.6822,1.005,19.0171,494.4382,34.2366,synthetic_prototype_v1
PLT-03418,64059.7906,551.1683,9.1031,17.9296,72.3057,16.8097,synthetic_prototype_v1
PLT-03419,71363.6795,780.1659,6.2031,33.6842,306.3789,20.0647,synthetic_prototype_v1
PLT-03420,28395.5182,746.1637,5.8561,24.7207,443.8507,116.4363,synthetic_prototype_v1
PLT-03421,9167.5938,968.9302,9.8386,15.7773,345.6583,11.3869,synthetic_prototype_v1
PLT-03422,32952.6756,479.9454,6.707,31.132,288.805,27.1166,synthetic_prototype_v1
PLT-03423,40349.6831,860.0826,4.0264,26.831,309.9338,166.396,synthetic_prototype_v1
PLT-03424,73804.6692,948.6938,5.5203,39.3919,196.3361,15.3483,synthetic_prototype_v1
PLT-03425,40458.798,892.0195,4.1289,29.66,418.8377,130.3302,synthetic_prototype_v1
PLT-03426,50780.3082,653.6965,6.8231,24.4189,337.8507,43.1667,synthetic_prototype_v1
PLT-03427,15793.1522,467.8868,7.8391,22.3782,110.1309,22.4794,synthetic_prototype_v1
PLT-03428,23038.7227,872.7294,2.9018,24.2404,291.2183,91.2986,synthetic_prototype_v1
PLT-03429,56103.0162,818.2417,3.937,24.9759,363.6295,78.9624,synthetic_prototype_v1
PLT-03430,61888.9647,802.5428,0.8803,37.1212,77.6871,14.3842,synthetic_prototype_v1
PLT-03431,5124.5531,672.1112,7.081,19.5658,197.0962,16.4335,synthetic_prototype_v1
PLT-03432,36740.5224,685.9487,3.6976,25.4998,231.1996,151.031,synthetic_prototype_v1
PLT-03433,18110.554,1078.9349,3.9048,34.4419,131.8765,19.8346,synthetic_prototype_v1
PLT-03434,73450.3876,536.8028,3.05,38.4336,330.8284,14.2,synthetic_prototype_v1
PLT-03435,21677.5946,697.0244,1.1993,38.5755,408.4689,13.224,synthetic_prototype_v1
PLT-03436,50807.76,850.0225,4.0019,27.7165,77.7898,79.1232,synthetic_prototype_v1
PLT-03437,52048.1631,845.1889,3.6174,25.7042,478.4137,91.6406,synthetic_prototype_v1
PLT-03438,69000.8503,481.148,6.0234,38.8048,147.013,14.5073,synthetic_prototype_v1
PLT-03439,35298.9721,746.8317,3.6451,25.315,239.3243,168.5812,synthetic_prototype_v1
PLT-03440,37700.6381,994.7665,3.3354,23.948,434.28,99.1585,synthetic_prototype_v1
PLT-03441,33183.4887,964.9838,5.0646,21.3688,441.4663,77.7236,synthetic_prototype_v1
PLT-03442,13196.1718,506.0371,1.4157,34.6004,459.9757,13.1412,synthetic_prototype_v1
PLT-03443,72377.4911,546.6545,8.8528,24.8215,408.2727,19.4815,synthetic_prototype_v1
PLT-03444,13661.7548,1144.5689,5.4246,18.1403,130.9203,29.307,synthetic_prototype_v1
PLT-03445,19542.004,871.3025,3.8441,25.2601,273.5558,97.7555,synthetic_prototype_v1
PLT-03446,48999.9579,780.9468,6.1008,29.3436,377.3466,63.3642,synthetic_prototype_v1
PLT-03447,27442.8854,630.5,4.0835,24.969,331.3757,107.2055,synthetic_prototype_v1
PLT-03448,26059.9553,792.7184,2.8522,27.04,292.138,130.8882,synthetic_prototype_v1
PLT-03449,34060.8784,983.5284,5.3392,27.6797,431.5294,95.8715,synthetic_prototype_v1
PLT-03450,39577.0404,745.0034,3.5503,26.5686,308.1092,164.725,synthetic_prototype_v1
PLT-03451,40319.2055,801.7768,2.6278,28.2595,351.371,130.7861,synthetic_prototype_v1
PLT-03452,61312.8939,662.4569,1.7927,36.3767,254.4651,11.8724,synthetic_prototype_v1
PLT-03453,34597.2416,1061.3719,6.4455,34.4359,110.4989,22.0084,synthetic_prototype_v1
PLT-03454,68707.65,530.5425,9.9564,25.0052,480.4859,16.8881,synthetic_prototype_v1
PLT-03455,9955.9408,1072.7556,7.0636,35.4048,157.642,18.1491,synthetic_prototype_v1
PLT-03456,42557.4612,1169.5089,8.5421,33.7183,84.1204,22.7077,synthetic_prototype_v1
PLT-03457,12063.3011,425.2651,2.1162,20.5705,144.4665,26.4155,synthetic_prototype_v1
PLT-03458,23982.3022,895.1872,1.0247,23.4565,320.3324,49.1963,synthetic_prototype_v1
PLT-03459,56099.7105,815.3126,5.7775,31.7385,412.1182,40.0364,synthetic_prototype_v1
PLT-03460,31947.4654,776.0684,5.1479,26.2932,108.0141,129.7631,synthetic_prototype_v1
PLT-03461,10905.7467,772.4868,5.6792,22.4424,153.958,41.9897,synthetic_prototype_v1
PLT-03462,31250.7533,719.6664,3.7897,24.8478,240.9355,163.4253,synthetic_prototype_v1
PLT-03463,38616.8772,756.5157,3.118,31.2579,217.6556,100.5697,synthetic_prototype_v1
PLT-03464,35160.3556,1007.0914,4.526,33.8538,422.2239,36.3846,synthetic_prototype_v1
PLT-03465,45771.5341,630.7594,3.9934,25.5895,205.4746,92.8211,synthetic_prototype_v1
PLT-03466,41736.8192,857.2126,6.736,32.2604,435.7138,49.548,synthetic_prototype_v1
PLT-03467,78756.2807,657.871,3.2033,24.8096,390.7096,21.2213,synthetic_prototype_v1
PLT-03468,20148.4278,426.888,2.6232,19.3563,358.9111,24.9861,synthetic_prototype_v1
PLT-03469,62764.4835,895.7419,8.9146,38.3245,188.0124,15.8604,synthetic_prototype_v1
PLT-03470,22602.7617,590.3279,3.3341,16.1021,308.4235,18.3487,synthetic_prototype_v1
PLT-03471,22626.6485,712.1728,4.4917,23.6686,307.0713,104.098,synthetic_prototype_v1
PLT-03472,32805.0973,937.6176,3.1597,26.1347,404.6037,124.7215,synthetic_prototype_v1
PLT-03473,8881.2309,527.2574,3.285,29.0181,304.04,29.9781,synthetic_prototype_v1
PLT-03474,43418.2228,783.3706,3.5344,19.1337,240.0585,68.2039,synthetic_prototype_v1
PLT-03475,41844.3085,647.6574,5.2011,26.2157,174.3822,96.3791,synthetic_prototype_v1
PLT-03476,32611.5126,746.9088,2.3595,22.945,281.3816,112.5549,synthetic_prototype_v1
PLT-03477,68901.1638,942.4092,2.6227,30.8919,323.6275,28.3,synthetic_prototype_v1
PLT-03478,19993.1152,1194.4791,5.0534,28.675,264.1049,25.8674,synthetic_prototype_v1
PLT-03479,73443.7058,428.0726,2.6398,17.9918,139.9933,15.0433,synthetic_prototype_v1
PLT-03480,68879.1637,1079.8868,7.0544,31.5208,398.9841,21.5679,synthetic_prototype_v1
PLT-03481,19993.9488,846.6534,4.84,28.8191,425.9396,89.5339,synthetic_prototype_v1
PLT-03482,50149.7723,582.7492,5.0857,33.5794,375.1569,33.0062,synthetic_prototype_v1
PLT-03483,55821.5573,598.3214,0.696,30.9276,421.5865,28.2885,synthetic_prototype_v1
PLT-03484,33357.762,1004.0251,5.4803,22.7181,320.0533,73.3423,synthetic_prototype_v1
PLT-03485,10223.0477,1065.8931,5.3054,21.5986,208.952,30.9108,synthetic_prototype_v1
PLT-03486,66734.3457,810.0423,4.6095,27.6371,255.1886,34.9869,synthetic_prototype_v1
PLT-03487,46146.0544,443.0198,7.8066,39.3567,177.6144,10.3656,synthetic_prototype_v1
PLT-03488,38213.8641,729.3246,6.5935,33.8791,193.8485,38.1247,synthetic_prototype_v1
PLT-03489,7254.0934,512.3601,4.5352,39.2125,245.3389,14.7151,synthetic_prototype_v1
PLT-03490,30741.2127,806.9913,4.5285,27.2673,345.9795,169.2161,synthetic_prototype_v1
PLT-03491,38173.5595,478.4639,5.0125,20.0676,440.7253,38.7473,synthetic_prototype_v1
PLT-03492,7324.6091,641.4154,5.8716,32.736,430.3489,28.7455,synthetic_prototype_v1
PLT-03493,32493.5798,424.9246,9.1087,37.3196,321.2916,19.4533,synthetic_prototype_v1
PLT-03494,52374.8299,1121.7197,1.6654,26.3924,376.366,29.0158,synthetic_prototype_v1
PLT-03495,52590.5199,552.5817,5.1787,34.3412,190.099,18.8704,synthetic_prototype_v1
PLT-03496,19210.3519,742.8743,6.4558,23.4387,498.3173,59.0595,synthetic_prototype_v1
PLT-03497,27165.7311,710.2974,2.4557,22.8531,317.4679,98.5044,synthetic_prototype_v1
PLT-03498,47039.0926,977.8483,4.4512,24.0721,357.7661,81.8866,synthetic_prototype_v1
PLT-03499,33966.046,617.2377,2.3371,23.2622,169.2946,72.4204,synthetic_prototype_v1
PLT-03500,13975.4417,552.3356,8.1043,36.6733,183.04,10.1653,synthetic_prototype_v1
PLT-03501,45313.0747,619.7484,7.7367,22.6639,333.783,30.142,synthetic_prototype_v1
PLT-03502,12273.3417,816.6857,1.0314,35.0661,208.132,11.9498,synthetic_prototype_v1
PLT-03503,47748.7178,651.7503,2.3753,18.6508,150.3101,37.5662,synthetic_prototype_v1
PLT-03504,22090.084,819.9377,5.0585,26.1976,362.0774,105.0298,synthetic_prototype_v1
PLT-03505,17281.3478,445.4541,6.8463,17.7381,327.859,10.0,synthetic_prototype_v1
PLT-03506,30585.5212,1032.764,2.3474,24.6309,340.4623,65.3923,synthetic_prototype_v1
PLT-03507,78997.156,500.5,8.2625,30.6385,340.35,16.6515,synthetic_prototype_v1
PLT-03508,37757.3981,774.2587,4.5,23.6796,395.5729,155.98,synthetic_prototype_v1
PLT-03509,45326.0635,720.5036,2.4366,27.796,327.2297,93.6365,synthetic_prototype_v1
PLT-03510,38825.7069,848.9905,3.822,27.4499,248.7853,167.2846,synthetic_prototype_v1
PLT-03511,70080.4215,870.2575,3.0701,20.2329,194.5514,25.5502,synthetic_prototype_v1
PLT-03512,32629.7415,730.8931,4.2613,22.7287,408.9169,139.9787,synthetic_prototype_v1
PLT-03513,37707.3186,691.8088,4.117,20.8896,100.2394,90.0683,synthetic_prototype_v1
PLT-03514,78848.715,562.1422,6.8374,36.2105,79.6889,13.0857,synthetic_prototype_v1
PLT-03515,58088.2921,889.7787,0.596,33.6284,429.2615,25.6692,synthetic_prototype_v1
PLT-03516,33296.1379,431.9085,4.6834,38.2387,195.3723,15.7378,synthetic_prototype_v1
PLT-03517,13143.1806,1105.6622,9.0914,35.942,396.1415,12.6983,synthetic_prototype_v1
PLT-03518,40475.3744,682.2142,3.866,28.9619,373.9435,129.9189,synthetic_prototype_v1
PLT-03519,42715.6203,1127.8348,4.5431,31.0773,332.8143,38.6095,synthetic_prototype_v1
PLT-03520,28902.8008,688.7296,2.8938,31.1131,341.1885,88.1832,synthetic_prototype_v1
PLT-03521,20195.8083,798.8227,5.2003,24.7652,218.2902,93.8041,synthetic_prototype_v1
PLT-03522,35868.2002,1046.2671,2.0049,28.7868,372.1909,55.0972,synthetic_prototype_v1
PLT-03523,51462.102,930.0987,4.8611,29.3259,350.2384,66.117,synthetic_prototype_v1
PLT-03524,28758.8867,926.1544,2.9007,22.8593,324.6536,103.4929,synthetic_prototype_v1
PLT-03525,36873.4539,567.8085,0.8375,20.9609,180.0537,37.648,synthetic_prototype_v1
PLT-03526,45464.5576,883.3074,7.5896,17.9262,232.0829,18.3185,synthetic_prototype_v1
PLT-03527,45702.4373,676.8751,2.5928,24.5691,333.6093,90.0997,synthetic_prototype_v1
PLT-03528,72716.9516,788.9266,3.9651,28.0386,103.9853,22.6636,synthetic_prototype_v1
PLT-03529,62031.6264,827.7734,4.1246,15.2543,242.7879,19.1518,synthetic_prototype_v1
PLT-03530,74757.9139,726.8133,1.0186,25.5883,400.377,16.8799,synthetic_prototype_v1
PLT-03531,15839.3142,509.3307,9.2517,26.0094,343.6196,17.763,synthetic_prototype_v1
PLT-03532,33435.447,844.5362,2.7523,27.0674,308.5724,150.8095,synthetic_prototype_v1
PLT-03533,47434.0106,762.5929,4.5144,26.5611,266.1067,118.7923,synthetic_prototype_v1
PLT-03534,26019.4212,852.4982,4.5327,28.6403,399.4562,134.965,synthetic_prototype_v1
PLT-03535,41694.8893,1085.7269,5.6658,32.2572,287.4566,39.6196,synthetic_prototype_v1
PLT-03536,30280.7156,867.2891,4.1445,23.9454,198.2439,150.8223,synthetic_prototype_v1
PLT-03537,79145.2924,1012.5913,0.8488,29.899,341.9413,16.1864,synthetic_prototype_v1
PLT-03538,42382.7876,636.7059,4.1868,29.9795,230.8409,85.357,synthetic_prototype_v1
PLT-03539,75260.9863,1068.6904,5.8378,29.0294,78.4581,25.3493,synthetic_prototype_v1
PLT-03540,55419.8323,752.9724,7.2812,38.3402,413.3201,12.5604,synthetic_prototype_v1
PLT-03541,64522.6538,1044.7925,2.351,23.27,366.1559,22.7619,synthetic_prototype_v1
PLT-03542,27453.7469,421.1833,1.0807,15.1523,244.6563,11.2218,synthetic_prototype_v1
PLT-03543,35852.6707,878.3036,4.9613,27.2942,416.4636,153.7317,synthetic_prototype_v1
PLT-03544,70010.1079,402.893,7.2,19.7242,413.3192,18.3747,synthetic_prototype_v1
PLT-03545,71809.4368,493.5578,2.5816,24.9587,399.4952,21.5782,synthetic_prototype_v1
PLT-03546,15091.4156,1144.9947,5.3149,19.4921,233.4624,20.4338,synthetic_prototype_v1
PLT-03547,44565.8656,664.9426,7.9744,24.7898,281.3264,31.4953,synthetic_prototype_v1
PLT-03548,28037.5267,514.1493,3.0971,28.5476,365.7423,62.0963,synthetic_prototype_v1
PLT-03549,42302.1676,987.8678,4.7723,27.9523,322.54,86.2358,synthetic_prototype_v1
PLT-03550,76469.1851,570.1398,8.9067,20.348,271.734,21.855,synthetic_prototype_v1
PLT-03551,38976.7797,804.4563,5.2716,30.1923,250.9766,108.9088,synthetic_prototype_v1
PLT-03552,23156.9666,802.0569,5.3912,26.4096,372.416,107.9759,synthetic_prototype_v1
PLT-03553,34704.8938,986.7926,0.5367,20.4739,379.3241,31.2487,synthetic_prototype_v1
PLT-03554,19023.4261,684.1652,4.6722,30.181,102.1195,56.5473,synthetic_prototype_v1
PLT-03555,35004.6085,860.6573,0.7667,31.2088,390.6771,45.8197,synthetic_prototype_v1
PLT-03556,73415.4005,842.0384,8.6378,20.4516,477.034,20.182,synthetic_prototype_v1
PLT-03557,49072.6231,983.7456,0.6299,18.9284,389.7183,26.0829,synthetic_prototype_v1
PLT-03558,9145.2807,886.5031,8.2216,30.1833,323.9611,27.1595,synthetic_prototype_v1
PLT-03559,41319.3041,772.7011,4.6164,26.2409,346.083,157.0635,synthetic_prototype_v1
PLT-03560,46593.859,557.9856,4.0636,28.8522,262.1681,64.81,synthetic_prototype_v1
PLT-03561,45427.1611,747.3028,5.0778,30.1623,358.5612,89.8229,synthetic_prototype_v1
PLT-03562,38089.9056,718.4633,5.1685,27.3541,339.5848,140.9925,synthetic_prototype_v1
PLT-03563,34442.9537,988.0644,2.2398,30.6749,482.3453,58.7483,synthetic_prototype_v1
PLT-03564,49274.0188,852.2532,5.7673,31.3931,471.1589,49.5884,synthetic_prototype_v1
PLT-03565,33906.2949,656.1178,2.0588,22.5788,111.1043,67.3959,synthetic_prototype_v1
PLT-03566,32808.3976,584.0041,4.4515,25.3379,215.1046,96.0781,synthetic_prototype_v1
PLT-03567,22509.4625,986.3216,2.3583,23.3588,127.3157,55.2551,synthetic_prototype_v1
PLT-03568,65909.2221,1125.9321,4.8556,15.3343,175.328,16.4015,synthetic_prototype_v1
PLT-03569,44730.925,811.4555,9.3492,19.8258,98.2339,12.8728,synthetic_prototype_v1
PLT-03570,40679.7446,881.9644,2.5535,29.7529,125.4996,90.5382,synthetic_prototype_v1
PLT-03571,33255.1459,903.8302,1.3277,17.6642,94.7198,24.1142,synthetic_prototype_v1
PLT-03572,17411.5818,488.136,8.2513,31.2359,128.5083,20.1335,synthetic_prototype_v1
PLT-03573,46479.6755,1075.2206,2.6665,26.1841,420.754,55.5119,synthetic_prototype_v1
PLT-03574,74360.6322,991.2597,6.6369,27.1777,357.2761,24.188,synthetic_prototype_v1
PLT-03575,34241.7102,928.0941,7.2437,20.0605,318.5869,37.8292,synthetic_prototype_v1
PLT-03576,35185.1842,799.6483,5.1688,21.7637,338.1726,113.0914,synthetic_prototype_v1
PLT-03577,51639.6523,1022.6421,7.5495,28.5236,391.143,27.2702,synthetic_prototype_v1
PLT-03578,33750.7095,730.8825,8.4268,19.6284,432.0733,26.1601,synthetic_prototype_v1
PLT-03579,39844.5343,630.9286,3.0175,25.0942,223.9603,100.8872,synthetic_prototype_v1
PLT-03580,44711.2484,995.525,4.6247,29.2148,211.0018,76.2743,synthetic_prototype_v1
PLT-03581,21220.1982,944.3448,3.1085,19.3754,345.0392,53.4441,synthetic_prototype_v1
PLT-03582,24760.6571,678.2965,9.1787,36.6499,344.0865,10.0,synthetic_prototype_v1
PLT-03583,60239.2413,871.9142,2.495,29.7596,226.4392,44.2686,synthetic_prototype_v1
PLT-03584,29001.5893,848.2599,3.1888,31.3372,375.6362,95.2383,synthetic_prototype_v1
PLT-03585,29491.0132,1004.7022,1.3661,29.9223,61.5429,40.8744,synthetic_prototype_v1
PLT-03586,38380.7173,676.6038,3.6741,26.9064,298.0564,148.5934,synthetic_prototype_v1
PLT-03587,43126.4554,758.7666,8.4067,23.7326,487.9156,34.5968,synthetic_prototype_v1
PLT-03588,75501.4258,633.9742,4.5139,18.4323,258.1369,14.0752,synthetic_prototype_v1
PLT-03589,47963.638,956.2391,1.5729,28.0288,152.3175,49.0546,synthetic_prototype_v1
PLT-03590,16295.4285,756.8301,5.7637,28.0263,156.0152,58.92,synthetic_prototype_v1
PLT-03591,43923.0849,560.669,5.1403,23.367,171.5441,60.4826,synthetic_prototype_v1
PLT-03592,69909.2411,657.6645,2.3852,19.3043,431.4828,22.1102,synthetic_prototype_v1
PLT-03593,44970.6789,808.8194,4.326,27.0225,397.2161,147.3178,synthetic_prototype_v1
PLT-03594,55748.9287,948.6644,8.8413,32.7778,179.0117,22.5936,synthetic_prototype_v1
PLT-03595,37723.7495,1142.2783,5.3257,15.061,373.8415,17.3532,synthetic_prototype_v1
PLT-03596,64684.1424,838.6111,1.6912,33.5989,375.9599,23.7605,synthetic_prototype_v1
PLT-03597,56046.326,607.8866,2.4891,27.2016,299.2659,42.9241,synthetic_prototype_v1
PLT-03598,40880.3695,783.4187,3.1137,16.4862,386.5999,32.8861,synthetic_prototype_v1
PLT-03599,24626.14,964.9663,4.249,28.0684,226.7111,97.0795,synthetic_prototype_v1
PLT-03600,21090.4229,514.6801,9.191,22.8548,225.4249,17.6479,synthetic_prototype_v1
PLT-03601,37820.9772,753.063,4.4242,28.013,194.3595,157.5854,synthetic_prototype_v1
PLT-03602,32882.1837,849.0106,4.4885,28.7848,104.0022,129.6045,synthetic_prototype_v1
PLT-03603,66085.5407,891.542,4.1061,26.598,495.9374,29.5378,synthetic_prototype_v1
PLT-03604,13080.5709,922.2298,6.6238,18.5478,201.3158,24.7554,synthetic_prototype_v1
PLT-03605,40544.9553,409.7724,5.0377,29.4837,323.9913,32.5052,synthetic_prototype_v1
PLT-03606,63301.9035,798.6233,4.7872,21.7497,283.4399,34.8589,synthetic_prototype_v1
PLT-03607,24470.2875,977.1773,2.3719,25.9443,330.946,72.6483,synthetic_prototype_v1
PLT-03608,37210.9905,745.5049,2.9193,27.8447,262.5902,145.3476,synthetic_prototype_v1
PLT-03609,15465.9547,870.7197,5.1882,22.1127,362.6456,53.7127,synthetic_prototype_v1
PLT-03610,28934.9366,1127.2408,3.8985,31.8068,106.9619,33.1272,synthetic_prototype_v1
PLT-03611,76486.1285,596.2127,6.6926,15.1987,436.4201,13.1448,synthetic_prototype_v1
PLT-03612,37255.8181,788.5263,4.7966,25.7914,270.0885,164.7019,synthetic_prototype_v1
PLT-03613,30016.2445,1091.5603,6.5095,18.5223,332.733,31.2126,synthetic_prototype_v1
PLT-03614,13900.8025,749.4816,5.6048,33.0182,382.0227,35.0711,synthetic_prototype_v1
PLT-03615,13850.4427,714.6415,2.9918,38.9606,347.2243,18.6639,synthetic_prototype_v1
PLT-03616,35652.4713,857.5184,4.6166,27.2014,405.4043,167.2796,synthetic_prototype_v1
PLT-03617,24679.1355,871.6245,0.7659,31.483,232.9519,37.7933,synthetic_prototype_v1
PLT-03618,45686.9415,746.1325,2.3861,24.2435,154.2038,88.0102,synthetic_prototype_v1
PLT-03619,31656.006,792.929,2.0926,19.5268,384.0035,70.7599,synthetic_prototype_v1
PLT-03620,23587.9672,656.6695,2.1582,32.5764,114.6576,37.3209,synthetic_prototype_v1
PLT-03621,77688.2283,1049.8376,3.6867,31.5672,327.4492,23.4417,synthetic_prototype_v1
PLT-03622,47642.7286,607.8386,1.4496,29.8452,266.9787,41.0167,synthetic_prototype_v1
PLT-03623,9749.6359,1139.7202,3.7208,21.3247,290.6481,21.177,synthetic_prototype_v1
PLT-03624,73070.3669,556.6173,2.4173,21.1848,292.6619,25.0394,synthetic_prototype_v1
PLT-03625,18312.9937,981.6087,8.8526,39.3339,103.0897,20.0301,synthetic_prototype_v1
PLT-03626,11361.4454,555.8701,2.8576,20.8498,421.8802,27.933,synthetic_prototype_v1
PLT-03627,19139.7675,755.8686,9.2997,16.9219,224.2813,10.0,synthetic_prototype_v1
PLT-03628,35864.4314,743.7926,4.8191,25.377,402.9788,160.915,synthetic_prototype_v1
PLT-03629,14806.386,755.4929,6.7671,20.0525,86.1616,20.512,synthetic_prototype_v1
PLT-03630,54719.3339,1006.4014,7.8087,27.0227,226.6987,28.7522,synthetic_prototype_v1
PLT-03631,13294.1308,996.54,9.1489,29.8277,77.6088,16.066,synthetic_prototype_v1
PLT-03632,45038.001,771.6821,3.0993,26.8685,366.5874,123.6089,synthetic_prototype_v1
PLT-03633,44148.5086,1159.6582,5.6156,19.3254,262.4855,28.9441,synthetic_prototype_v1
PLT-03634,33525.1361,891.1198,5.5155,24.5335,272.7635,125.4552,synthetic_prototype_v1
PLT-03635,61201.4646,892.4134,4.2789,39.9765,195.6162,11.9886,synthetic_prototype_v1
PLT-03636,23545.1109,806.2214,4.0953,26.1715,303.2495,124.4813,synthetic_prototype_v1
PLT-03637,49917.647,1007.6634,3.6754,25.6631,265.234,65.0166,synthetic_prototype_v1
PLT-03638,78353.4309,1105.668,4.7589,31.4783,152.5026,18.7442,synthetic_prototype_v1
PLT-03639,30125.2789,1024.5083,4.3462,24.1684,283.0233,88.9496,synthetic_prototype_v1
PLT-03640,38543.1482,942.895,1.088,30.5415,217.9769,40.1779,synthetic_prototype_v1
PLT-03641,31544.9878,792.7172,3.9138,25.132,279.2893,169.7129,synthetic_prototype_v1
PLT-03642,58218.3714,918.7585,6.1124,33.2632,322.9835,22.2328,synthetic_prototype_v1
PLT-03643,61737.7286,630.7941,7.4578,34.2758,373.5003,10.0,synthetic_prototype_v1
PLT-03644,47380.8433,1062.9183,0.7508,30.2552,361.6132,27.2869,synthetic_prototype_v1
PLT-03645,57611.7353,601.4188,3.7202,29.2249,263.9886,41.7486,synthetic_prototype_v1
PLT-03646,30221.4373,770.9637,6.209,15.9035,252.2882,20.648,synthetic_prototype_v1
PLT-03647,35685.4983,753.7188,2.323,18.3943,91.277,45.0879,synthetic_prototype_v1
PLT-03648,45623.02,709.7789,2.155,21.3999,163.0401,66.9049,synthetic_prototype_v1
PLT-03649,47792.6199,813.797,4.3156,26.682,150.9533,109.1912,synthetic_prototype_v1
PLT-03650,39873.0092,956.4416,2.1529,39.1674,395.4384,13.2211,synthetic_prototype_v1
PLT-03651,5820.1041,684.2879,8.2063,26.7869,51.1832,18.7987,synthetic_prototype_v1
PLT-03652,31713.5238,723.7992,2.8442,23.6759,442.0394,138.3296,synthetic_prototype_v1
PLT-03653,56453.7402,523.3949,1.0182,28.2012,128.2719,23.1435,synthetic_prototype_v1
PLT-03654,28275.1005,654.1779,1.5091,28.6027,496.5429,60.8466,synthetic_prototype_v1
PLT-03655,78724.0379,453.7302,4.3068,34.2981,193.2724,15.3341,synthetic_prototype_v1
PLT-03656,34642.6693,732.939,5.5016,22.5406,437.9886,114.9275,synthetic_prototype_v1
PLT-03657,75213.2699,703.074,8.0419,34.6936,335.7342,15.9462,synthetic_prototype_v1
PLT-03658,24391.7884,1074.1194,9.9987,24.3353,341.7269,14.701,synthetic_prototype_v1
PLT-03659,43237.2775,860.7018,0.7071,17.1265,155.674,21.3389,synthetic_prototype_v1
PLT-03660,17240.5014,898.1037,2.3631,35.1823,300.4648,21.4128,synthetic_prototype_v1
PLT-03661,15130.9844,415.5382,6.1873,32.2591,332.696,24.3968,synthetic_prototype_v1
PLT-03662,60457.3601,1118.6004,4.0814,34.1034,484.0971,11.653,synthetic_prototype_v1
PLT-03663,20867.2642,809.0042,3.9045,23.131,362.177,100.9584,synthetic_prototype_v1
PLT-03664,62168.8511,666.2443,4.0852,17.2203,201.1537,18.2752,synthetic_prototype_v1
PLT-03665,75687.8464,1002.6477,4.1057,37.5063,427.871,13.6708,synthetic_prototype_v1
PLT-03666,30860.5947,780.3736,3.6577,24.4054,225.8323,163.0555,synthetic_prototype_v1
PLT-03667,51037.1192,962.9893,2.0719,21.1172,497.3944,46.4465,synthetic_prototype_v1
PLT-03668,37837.59,971.0487,2.5085,31.1735,191.9747,63.963,synthetic_prototype_v1
PLT-03669,47934.345,837.4508,7.8086,23.734,219.8246,31.4961,synthetic_prototype_v1
PLT-03670,75580.7214,1129.5901,2.7042,17.5229,420.1593,16.7933,synthetic_prototype_v1
PLT-03671,69995.6624,1072.2008,6.6176,37.9329,441.602,11.6868,synthetic_prototype_v1
PLT-03672,41774.9635,857.0387,3.9287,28.7998,447.777,145.5028,synthetic_prototype_v1
PLT-03673,36760.6466,961.9306,1.3806,27.055,432.7893,60.6483,synthetic_prototype_v1
PLT-03674,29867.6748,565.0183,7.3724,38.3179,314.215,10.0,synthetic_prototype_v1
PLT-03675,10244.8724,807.4403,1.4337,31.417,449.1767,31.0949,synthetic_prototype_v1
PLT-03676,24342.0507,804.6066,2.9756,20.3612,134.4541,63.4056,synthetic_prototype_v1
PLT-03677,30810.5809,514.6738,9.0343,22.5779,150.2367,21.7988,synthetic_prototype_v1
PLT-03678,54300.0471,580.4188,8.2879,34.7552,369.8056,15.833,synthetic_prototype_v1
PLT-03679,42649.7837,823.3212,3.7334,24.3864,258.1674,149.6869,synthetic_prototype_v1
PLT-03680,23553.9422,684.2335,3.0777,27.3169,445.6446,104.2993,synthetic_prototype_v1
PLT-03681,41100.1758,988.7822,4.0381,25.7254,165.5863,101.5957,synthetic_prototype_v1
PLT-03682,34770.5051,434.3801,2.8983,28.7858,86.7154,42.784,synthetic_prototype_v1
PLT-03683,73234.7467,687.4712,8.0705,27.3326,162.0602,19.4416,synthetic_prototype_v1
PLT-03684,12567.5473,726.5124,4.4949,28.4095,399.948,54.0417,synthetic_prototype_v1
PLT-03685,36482.4025,889.7199,7.9037,27.2133,178.5962,42.4507,synthetic_prototype_v1
PLT-03686,40450.7865,744.8183,4.6057,24.0927,129.0105,134.9323,synthetic_prototype_v1
PLT-03687,33024.3297,949.4797,1.317,38.6239,323.9304,14.5997,synthetic_prototype_v1
PLT-03688,65104.2075,1101.1158,7.407,33.0822,206.2439,20.9353,synthetic_prototype_v1
PLT-03689,35964.9148,736.2472,4.6891,28.8105,272.1398,139.3903,synthetic_prototype_v1
PLT-03690,59931.0127,487.5899,1.0942,37.0039,202.4718,15.1715,synthetic_prototype_v1
PLT-03691,47289.6803,413.4608,0.635,23.6674,442.0664,24.4724,synthetic_prototype_v1
PLT-03692,29497.7825,816.6406,4.1495,24.8403,238.2305,164.2512,synthetic_prototype_v1
PLT-03693,27880.1924,983.1345,5.0758,27.4408,320.5712,91.2732,synthetic_prototype_v1
PLT-03694,53300.7051,1016.4875,4.7801,22.461,171.0426,49.5998,synthetic_prototype_v1
PLT-03695,43007.1983,786.9629,3.8388,26.1191,297.4852,152.7149,synthetic_prototype_v1
PLT-03696,70592.1531,682.6316,3.5941,26.9784,262.6253,31.3406,synthetic_prototype_v1
PLT-03697,13979.6016,730.3247,4.5031,22.1251,206.2495,58.211,synthetic_prototype_v1
PLT-03698,25156.5823,630.4488,3.3655,26.57,180.3382,91.8396,synthetic_prototype_v1
PLT-03699,19858.8306,787.9682,7.8272,38.7536,348.5774,17.4456,synthetic_prototype_v1
PLT-03700,12433.4856,888.232,3.5725,39.7556,151.0214,15.6965,synthetic_prototype_v1
PLT-03701,19124.1481,955.236,7.8416,37.4515,54.0222,15.9916,synthetic_prototype_v1
PLT-03702,27644.5544,1063.3769,5.5507,15.5494,95.8095,22.1738,synthetic_prototype_v1
PLT-03703,11333.3241,684.2252,8.7063,35.3417,58.6208,11.1603,synthetic_prototype_v1
PLT-03704,44526.7559,824.9691,2.7345,28.5704,162.5285,110.3019,synthetic_prototype_v1
PLT-03705,42555.589,449.0433,4.15,21.9515,443.522,41.6801,synthetic_prototype_v1
PLT-03706,33129.5923,833.3073,6.0148,24.433,268.327,108.893,synthetic_prototype_v1
PLT-03707,47520.3346,849.5527,8.8282,26.9687,316.2928,27.6219,synthetic_prototype_v1
PLT-03708,27434.3858,953.5947,9.04,36.7176,280.6212,16.8294,synthetic_prototype_v1
PLT-03709,78289.4547,1057.2442,4.1673,39.0255,57.1044,14.6799,synthetic_prototype_v1
PLT-03710,24320.9462,779.245,7.1203,27.3453,410.3342,50.7931,synthetic_prototype_v1
PLT-03711,44231.7874,722.3702,1.6771,19.0198,225.6165,41.0227,synthetic_prototype_v1
PLT-03712,39786.3932,1034.8554,2.3758,24.9438,325.5757,68.4705,synthetic_prototype_v1
PLT-03713,35928.1186,675.4062,8.1803,19.6541,96.5093,32.3633,synthetic_prototype_v1
PLT-03714,31234.7614,743.4052,4.2503,23.9604,161.8601,149.7904,synthetic_prototype_v1
PLT-03715,16514.4142,1001.0497,4.6153,39.2437,100.1766,14.7552,synthetic_prototype_v1
PLT-03716,52943.7755,1110.1449,9.1047,15.6313,381.8304,15.5691,synthetic_prototype_v1
PLT-03717,53358.89,751.33,5.8305,26.2028,347.3776,65.8327,synthetic_prototype_v1
PLT-03718,48963.2221,437.1392,8.9258,23.3677,72.2615,15.4012,synthetic_prototype_v1
PLT-03719,44340.5029,553.3149,3.2397,30.4094,432.8124,56.4654,synthetic_prototype_v1
PLT-03720,74142.313,993.3523,9.1367,31.8635,491.3102,14.629,synthetic_prototype_v1
PLT-03721,20911.0556,1192.6927,0.7628,23.5955,263.3834,17.0425,synthetic_prototype_v1
PLT-03722,17734.998,794.5959,8.5395,15.3231,350.0612,17.7411,synthetic_prototype_v1
PLT-03723,43075.7748,590.2912,2.2118,39.0025,363.6742,14.915,synthetic_prototype_v1
PLT-03724,65065.3694,850.3727,3.6618,22.6948,197.7449,36.4148,synthetic_prototype_v1
PLT-03725,37915.883,933.9175,2.1355,35.1043,118.7742,28.6004,synthetic_prototype_v1
PLT-03726,38616.2066,801.3295,5.0511,26.4914,171.0448,148.6962,synthetic_prototype_v1
PLT-03727,54007.9407,783.3781,5.5272,28.9165,120.5244,54.3139,synthetic_prototype_v1
PLT-03728,39411.7641,715.9119,3.5884,24.5606,318.1839,156.4622,synthetic_prototype_v1
PLT-03729,48591.3294,991.0256,2.8546,25.2145,385.2681,76.139,synthetic_prototype_v1
PLT-03730,38109.5645,795.1242,3.9665,22.8503,350.9731,152.0992,synthetic_prototype_v1
PLT-03731,35251.5802,707.4453,1.0312,21.9856,277.4893,55.5841,synthetic_prototype_v1
PLT-03732,42866.0535,677.5512,3.7983,28.8969,377.8623,122.0597,synthetic_prototype_v1
PLT-03733,25315.3108,734.5973,2.997,28.9507,153.2895,99.9195,synthetic_prototype_v1
PLT-03734,44118.7073,757.0884,5.3398,22.3859,166.5418,94.76,synthetic_prototype_v1
PLT-03735,29872.8694,797.5998,5.2828,25.3278,434.9898,141.927,synthetic_prototype_v1
PLT-03736,54406.5057,930.6522,6.8156,28.5378,385.8268,30.8771,synthetic_prototype_v1
PLT-03737,48103.689,778.8695,3.4897,31.5758,174.2529,69.1818,synthetic_prototype_v1
PLT-03738,50649.4814,632.3763,4.0019,18.1447,253.8261,34.8831,synthetic_prototype_v1
PLT-03739,26849.709,1160.8359,4.2389,33.509,383.6927,26.7982,synthetic_prototype_v1
PLT-03740,61706.9861,928.3618,4.579,31.8355,61.0988,27.4066,synthetic_prototype_v1
PLT-03741,39590.6664,604.014,4.5605,20.4458,274.4765,68.4757,synthetic_prototype_v1
PLT-03742,25069.613,670.9582,5.225,25.4255,233.0685,101.3412,synthetic_prototype_v1
PLT-03743,26383.9888,733.6863,5.472,24.974,107.5525,104.6245,synthetic_prototype_v1
PLT-03744,69636.0813,426.2058,6.3748,20.1538,331.4932,12.9452,synthetic_prototype_v1
PLT-03745,32134.9094,661.7367,2.2607,25.0873,391.6647,99.8215,synthetic_prototype_v1
PLT-03746,36447.8789,607.4548,5.3277,28.1242,187.0937,79.0958,synthetic_prototype_v1
PLT-03747,68427.455,665.1711,7.1956,16.4542,92.1889,11.1918,synthetic_prototype_v1
PLT-03748,11360.8693,781.6663,7.4771,36.0921,176.4556,15.4566,synthetic_prototype_v1
PLT-03749,38995.9937,475.3839,9.6182,28.7663,368.8836,18.6034,synthetic_prototype_v1
PLT-03750,66485.6644,750.0291,7.3761,39.8731,344.7591,10.0,synthetic_prototype_v1
PLT-03751,41012.1585,732.1193,2.8748,27.8061,114.7677,120.2709,synthetic_prototype_v1
PLT-03752,21898.7035,874.7056,4.5027,24.8191,211.9353,104.5043,synthetic_prototype_v1
PLT-03753,56430.7509,1083.5142,2.3311,23.3341,394.9507,34.3917,synthetic_prototype_v1
PLT-03754,55796.555,1103.5387,1.451,17.7604,216.3901,13.2443,synthetic_prototype_v1
PLT-03755,20436.4845,499.2159,8.0284,17.8991,170.1228,15.3882,synthetic_prototype_v1
PLT-03756,40845.9936,760.5548,4.8447,38.1466,329.0941,23.6434,synthetic_prototype_v1
PLT-03757,40719.2981,457.2516,1.77,36.5043,212.803,18.0744,synthetic_prototype_v1
PLT-03758,11351.1819,986.8378,3.5042,28.8757,169.4237,38.3798,synthetic_prototype_v1
PLT-03759,37363.9253,970.309,8.7507,17.9354,440.5237,21.7173,synthetic_prototype_v1
PLT-03760,14940.6561,517.2985,6.1776,16.8922,174.4323,10.0,synthetic_prototype_v1
PLT-03761,13921.4983,645.6415,4.2259,31.9809,107.9768,38.4109,synthetic_prototype_v1
PLT-03762,46630.1908,972.0541,4.728,29.88,240.9985,71.2286,synthetic_prototype_v1
PLT-03763,42219.0278,804.0114,6.2481,23.604,381.6702,95.523,synthetic_prototype_v1
PLT-03764,49804.5897,1050.3243,9.4565,20.038,284.1646,19.7689,synthetic_prototype_v1
PLT-03765,38376.2041,972.88,0.6655,19.0632,393.7228,31.499,synthetic_prototype_v1
PLT-03766,70047.728,529.2629,1.5316,21.1383,139.0175,17.3273,synthetic_prototype_v1
PLT-03767,40169.1679,856.8266,4.0879,27.5182,431.7805,159.7979,synthetic_prototype_v1
PLT-03768,29012.0727,408.603,3.8986,30.5572,404.1516,30.2485,synthetic_prototype_v1
PLT-03769,37391.3486,808.4566,1.2395,28.7628,299.2275,76.3094,synthetic_prototype_v1
PLT-03770,69217.1753,872.8621,3.7577,17.5344,204.1747,20.9525,synthetic_prototype_v1
PLT-03771,22492.4042,839.7669,6.1722,29.3777,368.166,64.8506,synthetic_prototype_v1
PLT-03772,50102.9572,540.6798,5.0796,36.2635,295.0395,15.8331,synthetic_prototype_v1
PLT-03773,25507.2277,1126.8942,5.9905,30.0292,425.0148,35.5299,synthetic_prototype_v1
PLT-03774,20820.0791,1053.5585,3.5852,18.9314,407.4098,35.7805,synthetic_prototype_v1
PLT-03775,70575.0692,455.1512,2.0193,26.7504,350.959,25.2601,synthetic_prototype_v1
PLT-03776,41361.5016,920.5348,2.2048,26.7627,150.254,95.5264,synthetic_prototype_v1
PLT-03777,30279.1306,761.8439,3.928,25.3607,445.5003,173.5838,synthetic_prototype_v1
PLT-03778,47623.1131,877.8874,4.7801,28.6697,160.4966,93.6092,synthetic_prototype_v1
PLT-03779,20042.1853,807.0345,3.7229,22.4701,73.9748,72.2106,synthetic_prototype_v1
PLT-03780,14702.2103,568.1541,2.4448,18.7486,482.1704,27.783,synthetic_prototype_v1
PLT-03781,30985.8992,1141.5443,4.0747,34.3207,324.8562,17.3772,synthetic_prototype_v1
PLT-03782,36590.575,713.3294,3.0719,21.0578,255.4958,101.58,synthetic_prototype_v1
PLT-03783,41620.7714,807.6569,2.653,29.4936,442.5797,119.8353,synthetic_prototype_v1
PLT-03784,18159.6685,1107.688,2.3054,36.5834,232.1838,10.9357,synthetic_prototype_v1
PLT-03785,31293.5008,621.5112,4.8325,28.3373,269.66,97.7338,synthetic_prototype_v1
PLT-03786,37729.7324,554.8557,2.3952,23.3398,317.62,60.0797,synthetic_prototype_v1
PLT-03787,16242.1588,641.4327,3.0862,25.9375,195.5866,62.6848,synthetic_prototype_v1
PLT-03788,51478.9542,808.5285,5.757,33.1118,361.0693,45.1146,synthetic_prototype_v1
PLT-03789,28193.4829,779.111,5.9362,23.2413,338.3383,94.418,synthetic_prototype_v1
PLT-03790,43226.7406,831.422,3.4678,28.6886,185.0507,128.5396,synthetic_prototype_v1
PLT-03791,58393.8358,894.8322,4.4912,15.7946,139.651,16.4342,synthetic_prototype_v1
PLT-03792,18221.8524,580.9511,7.6545,35.6645,222.2385,14.5186,synthetic_prototype_v1
PLT-03793,61325.6565,1069.7682,1.3376,17.7843,422.9956,15.143,synthetic_prototype_v1
PLT-03794,57604.3326,445.8326,2.8306,20.1721,52.3837,20.6734,synthetic_prototype_v1
PLT-03795,79184.9752,642.6701,7.336,19.0926,346.8527,21.1194,synthetic_prototype_v1
PLT-03796,16918.0842,790.134,5.2531,25.1311,244.1778,76.929,synthetic_prototype_v1
PLT-03797,70750.8604,631.2826,6.9398,23.0374,106.8014,21.2488,synthetic_prototype_v1
PLT-03798,32317.8141,646.3344,4.3174,24.0744,288.5987,112.9809,synthetic_prototype_v1
PLT-03799,33918.9991,903.7423,6.9787,28.1659,114.3421,59.9701,synthetic_prototype_v1
PLT-03800,20660.6263,860.211,5.1793,26.3991,355.2146,90.3679,synthetic_prototype_v1
PLT-03801,56787.1663,575.6033,3.6767,28.8903,263.1434,42.2195,synthetic_prototype_v1
PLT-03802,77925.9686,651.1093,5.7254,30.9896,371.8677,15.4658,synthetic_prototype_v1
PLT-03803,31974.972,1080.4496,8.7502,24.281,213.1213,19.733,synthetic_prototype_v1
PLT-03804,52271.1945,532.6928,6.0432,31.3971,440.9641,28.2811,synthetic_prototype_v1
PLT-03805,71936.5767,897.4491,4.7242,24.6048,374.7831,25.8998,synthetic_prototype_v1
PLT-03806,52819.1525,971.9394,9.3523,24.3223,360.1377,15.4551,synthetic_prototype_v1
PLT-03807,38764.5516,890.0406,1.543,20.5868,136.0928,54.9449,synthetic_prototype_v1
PLT-03808,26371.9939,762.1483,2.8076,21.6082,210.6303,96.304,synthetic_prototype_v1
PLT-03809,47745.0364,630.5594,4.3135,38.0919,179.0778,18.588,synthetic_prototype_v1
PLT-03810,41714.8329,801.4028,5.4802,28.9587,310.0047,116.4758,synthetic_prototype_v1
PLT-03811,21658.9769,946.4345,3.598,29.436,176.9845,69.4699,synthetic_prototype_v1
PLT-03812,52820.6735,832.1136,2.6156,27.1986,191.4731,64.8306,synthetic_prototype_v1
PLT-03813,37744.6354,783.7355,4.8491,30.0261,291.9205,125.7204,synthetic_prototype_v1
PLT-03814,29679.5186,782.8368,6.6037,29.205,202.9792,71.4604,synthetic_prototype_v1
PLT-03815,52750.271,908.7354,8.4695,15.6946,477.7971,15.2103,synthetic_prototype_v1
PLT-03816,38003.7581,1043.6368,8.4626,19.3546,389.8544,21.4102,synthetic_prototype_v1
PLT-03817,14886.6663,663.0239,3.8692,28.6373,218.0142,60.2592,synthetic_prototype_v1
PLT-03818,49119.35,647.6348,6.0538,17.8493,285.3842,22.3912,synthetic_prototype_v1
PLT-03819,40918.5732,933.8439,3.7763,30.4882,244.4726,90.6634,synthetic_prototype_v1
PLT-03820,60770.0274,751.3697,9.2266,16.6747,193.5866,12.2597,synthetic_prototype_v1
PLT-03821,27151.9269,568.0697,4.4304,20.3203,187.8929,46.8451,synthetic_prototype_v1
PLT-03822,25856.4144,801.2251,1.9142,26.4101,365.5865,97.7637,synthetic_prototype_v1
PLT-03823,33717.8986,1030.2548,2.9358,26.1912,117.8534,77.1681,synthetic_prototype_v1
PLT-03824,46649.9527,917.7224,3.8124,27.711,153.9481,94.673,synthetic_prototype_v1
PLT-03825,60388.3035,914.1838,4.7963,19.4657,83.3669,28.0621,synthetic_prototype_v1
PLT-03826,20853.007,990.9579,3.3158,26.6168,245.9161,73.7376,synthetic_prototype_v1
PLT-03827,8812.5096,1138.5788,3.8517,17.5578,229.0646,15.6132,synthetic_prototype_v1
PLT-03828,28899.4863,1034.9479,4.3345,23.3255,416.1209,81.1344,synthetic_prototype_v1
PLT-03829,36661.6912,846.5873,3.6616,24.0765,440.9667,166.1335,synthetic_prototype_v1
PLT-03830,45242.601,968.8555,7.0487,29.8885,421.3745,43.7538,synthetic_prototype_v1
PLT-03831,35552.1791,1169.6115,3.8108,37.2127,398.6156,17.1442,synthetic_prototype_v1
PLT-03832,34502.4198,870.0119,4.4459,24.4093,168.4026,155.5766,synthetic_prototype_v1
PLT-03833,18275.1058,686.0786,3.0031,24.5698,393.8342,73.8301,synthetic_prototype_v1
PLT-03834,16632.6623,753.2279,4.2742,18.8408,305.4362,42.4639,synthetic_prototype_v1
PLT-03835,12075.6127,754.5424,3.7282,35.4737,431.5563,20.325,synthetic_prototype_v1
PLT-03836,14451.9756,1102.3927,1.0791,31.5548,103.2396,18.7778,synthetic_prototype_v1
PLT-03837,20115.1232,454.6783,9.6872,17.8761,453.9425,10.0,synthetic_prototype_v1
PLT-03838,28787.2599,667.7864,2.8328,26.8666,164.3496,110.1871,synthetic_prototype_v1
PLT-03839,51857.0476,1053.4561,2.5354,32.2896,469.5995,29.6713,synthetic_prototype_v1
PLT-03840,74079.2898,1167.5034,1.1012,20.4794,231.3442,27.9423,synthetic_prototype_v1
PLT-03841,50792.0421,872.1907,4.0371,26.6624,126.8336,87.5655,synthetic_prototype_v1
PLT-03842,25387.2158,695.0913,1.6684,23.0322,212.5338,63.4107,synthetic_prototype_v1
PLT-03843,28943.3945,774.9442,3.4042,28.2801,343.945,146.1069,synthetic_prototype_v1
PLT-03844,69161.8656,1163.4146,6.8262,18.9204,319.8898,19.001,synthetic_prototype_v1
PLT-03845,44507.9924,1175.4831,1.0874,35.8687,140.9605,18.9865,synthetic_prototype_v1
PLT-03846,63305.3629,1198.5828,6.9773,28.983,378.9313,22.5177,synthetic_prototype_v1
PLT-03847,67860.2416,1133.0416,9.4775,39.6513,321.568,11.8601,synthetic_prototype_v1
PLT-03848,28069.8568,826.401,1.357,25.7413,189.6621,77.9591,synthetic_prototype_v1
PLT-03849,58756.3813,1085.2601,5.9556,15.9799,446.2621,14.2604,synthetic_prototype_v1
PLT-03850,27947.445,711.0988,3.9303,22.0374,343.9089,116.9368,synthetic_prototype_v1
PLT-03851,69525.9418,710.0004,4.5333,32.9522,154.9256,23.5947,synthetic_prototype_v1
PLT-03852,24601.559,923.3398,3.3191,24.7984,184.584,101.8552,synthetic_prototype_v1
PLT-03853,47662.5354,544.2737,7.482,19.5341,115.7575,25.7082,synthetic_prototype_v1
PLT-03854,33748.9867,972.9048,8.5816,28.4875,384.8645,31.8817,synthetic_prototype_v1
PLT-03855,70117.733,691.0376,5.3213,33.3877,191.259,21.1273,synthetic_prototype_v1
PLT-03856,19865.317,660.9301,6.2531,25.3603,169.2506,51.4129,synthetic_prototype_v1
PLT-03857,77046.9714,826.4325,6.2176,39.4238,439.5157,10.6029,synthetic_prototype_v1
PLT-03858,14144.1259,1057.5046,8.0158,36.2514,417.3304,14.9463,synthetic_prototype_v1
PLT-03859,19385.9778,801.752,4.407,27.206,319.8208,95.9459,synthetic_prototype_v1
PLT-03860,71211.9175,1109.6312,4.4747,18.391,379.44,19.6051,synthetic_prototype_v1
PLT-03861,66734.5488,470.7122,5.4405,32.6587,248.6618,23.703,synthetic_prototype_v1
PLT-03862,33042.2453,609.7838,3.3543,25.4167,341.2423,106.3025,synthetic_prototype_v1
PLT-03863,52845.2558,658.5658,3.1547,24.8077,123.6977,57.9358,synthetic_prototype_v1
PLT-03864,30472.9752,760.1775,2.2675,24.0959,414.293,117.4094,synthetic_prototype_v1
PLT-03865,33337.8233,664.7366,3.5333,27.4044,450.1794,129.5216,synthetic_prototype_v1
PLT-03866,12207.1425,760.5901,7.7505,23.2413,309.3995,28.5487,synthetic_prototype_v1
PLT-03867,15471.7741,526.5343,5.2663,18.1152,389.5588,24.1748,synthetic_prototype_v1
PLT-03868,54124.6943,499.32,9.7886,27.4511,75.2241,22.4066,synthetic_prototype_v1
PLT-03869,52603.874,793.2883,4.0004,33.6585,162.8892,45.1883,synthetic_prototype_v1
PLT-03870,42804.793,763.8154,5.6935,16.4984,106.4767,25.4073,synthetic_prototype_v1
PLT-03871,61361.8108,467.9798,7.2045,28.3123,272.683,23.8948,synthetic_prototype_v1
PLT-03872,55054.6251,920.2649,3.4965,21.9782,134.8186,49.1687,synthetic_prototype_v1
PLT-03873,53932.4792,1080.2099,5.577,26.4781,441.5282,37.3059,synthetic_prototype_v1
PLT-03874,59726.4282,1100.0799,7.6453,24.7979,268.1503,22.3396,synthetic_prototype_v1
PLT-03875,70720.0425,1061.2383,4.6244,38.5472,349.9459,19.5682,synthetic_prototype_v1
PLT-03876,15365.4029,877.146,3.4488,21.1755,469.1524,54.4978,synthetic_prototype_v1
PLT-03877,47150.6881,929.7703,9.5514,29.3068,139.6709,19.9355,synthetic_prototype_v1
PLT-03878,36051.957,958.9069,7.0344,16.0881,102.7803,13.1694,synthetic_prototype_v1
PLT-03879,45841.1302,657.6273,2.4966,36.9916,118.7926,21.4021,synthetic_prototype_v1
PLT-03880,50655.5847,1145.6882,1.1524,34.4049,233.3528,12.9543,synthetic_prototype_v1
PLT-03881,59428.6721,468.709,6.2634,16.1048,225.7104,11.0754,synthetic_prototype_v1
PLT-03882,28939.2841,791.8396,1.984,26.3303,416.8528,114.8931,synthetic_prototype_v1
PLT-03883,13719.4753,761.2113,4.7393,24.9568,251.8918,67.2969,synthetic_prototype_v1
PLT-03884,44883.6168,753.4121,5.4524,26.019,217.432,116.408,synthetic_prototype_v1
PLT-03885,26604.4977,1187.0564,9.7732,18.4442,311.4314,19.7604,synthetic_prototype_v1
PLT-03886,37827.7974,969.3344,2.8156,25.8175,317.4,105.5759,synthetic_prototype_v1
PLT-03887,55857.0546,692.4026,5.5672,36.5858,395.9434,20.594,synthetic_prototype_v1
PLT-03888,29081.422,729.8486,0.9316,18.1634,147.0699,35.6832,synthetic_prototype_v1
PLT-03889,28144.9321,825.1132,4.6406,27.9007,389.3856,150.5811,synthetic_prototype_v1
PLT-03890,34800.4436,752.9822,4.0559,30.3189,123.482,117.1458,synthetic_prototype_v1
PLT-03891,18764.9922,796.4278,2.4277,20.0124,172.8252,46.9714,synthetic_prototype_v1
PLT-03892,37106.2773,752.5927,4.4848,27.5576,437.6412,166.952,synthetic_prototype_v1
PLT-03893,72297.665,585.6644,1.0573,30.8462,91.2014,24.6075,synthetic_prototype_v1
PLT-03894,62305.704,934.3391,6.8881,28.5659,379.8974,27.2081,synthetic_prototype_v1
PLT-03895,37849.2202,1198.1404,4.4481,29.8157,355.9035,33.264,synthetic_prototype_v1
PLT-03896,33365.0392,1032.4812,4.646,27.9193,239.974,79.6908,synthetic_prototype_v1
PLT-03897,77886.982,793.9703,2.4114,37.4433,392.1421,11.0686,synthetic_prototype_v1
PLT-03898,73700.8884,1135.2877,1.234,21.486,283.367,26.2079,synthetic_prototype_v1
PLT-03899,70468.4012,1119.0535,7.3676,19.3016,448.7207,18.718,synthetic_prototype_v1
PLT-03900,50576.3674,628.3115,2.5502,26.586,228.2427,65.783,synthetic_prototype_v1
PLT-03901,48889.3513,1184.1957,7.1524,38.2662,327.9766,15.6854,synthetic_prototype_v1
PLT-03902,16658.1173,604.7513,1.8145,19.0484,350.2178,25.2752,synthetic_prototype_v1
PLT-03903,55389.0641,636.0321,2.724,34.7014,95.5428,20.5944,synthetic_prototype_v1
PLT-03904,24639.9799,801.0196,4.4445,27.6333,312.2072,125.6364,synthetic_prototype_v1
PLT-03905,49512.867,506.3019,6.0937,19.1198,384.3203,27.3267,synthetic_prototype_v1
PLT-03906,79403.1504,1005.5356,2.8733,23.765,321.0382,18.2868,synthetic_prototype_v1
PLT-03907,60906.8584,759.9499,2.906,25.3039,284.4683,45.2361,synthetic_prototype_v1
PLT-03908,35294.5537,926.0836,3.5591,27.5978,218.3163,132.0903,synthetic_prototype_v1
PLT-03909,61221.3964,622.0089,2.5518,25.0014,97.515,31.7247,synthetic_prototype_v1
PLT-03910,33972.76,692.8148,2.7266,27.7081,302.8671,129.8076,synthetic_prototype_v1
PLT-03911,55362.96,897.0662,3.2048,27.9456,386.9245,67.0204,synthetic_prototype_v1
PLT-03912,75410.4016,1045.4676,5.2972,27.8657,185.2954,24.1093,synthetic_prototype_v1
PLT-03913,77803.2621,996.8834,7.5706,25.9604,242.7668,20.4124,synthetic_prototype_v1
PLT-03914,30370.9027,748.325,2.9795,29.081,443.004,135.1959,synthetic_prototype_v1
PLT-03915,49063.9619,500.2608,6.2302,25.3161,349.3679,36.2897,synthetic_prototype_v1
PLT-03916,40216.6858,816.7805,7.2686,30.0905,183.9743,47.2449,synthetic_prototype_v1
PLT-03917,69002.7095,739.4691,2.5997,28.1144,278.6188,27.2496,synthetic_prototype_v1
PLT-03918,6878.0152,659.8017,1.6442,27.1324,168.9738,29.7793,synthetic_prototype_v1
PLT-03919,32346.3663,732.5235,2.7521,19.965,198.4627,77.0689,synthetic_prototype_v1
PLT-03920,41471.046,524.993,0.8426,22.8377,71.8546,31.719,synthetic_prototype_v1
PLT-03921,29306.344,611.712,4.0077,27.8022,413.2552,101.5967,synthetic_prototype_v1
PLT-03922,75190.5577,1183.6973,2.9144,26.6017,372.2925,21.6295,synthetic_prototype_v1
PLT-03923,68320.4268,910.672,9.0682,32.653,348.8814,15.9331,synthetic_prototype_v1
PLT-03924,8007.1257,619.0787,9.4709,29.4577,116.709,19.7541,synthetic_prototype_v1
PLT-03925,52980.0247,692.0112,2.5363,26.6551,270.2704,67.6203,synthetic_prototype_v1
PLT-03926,36648.2363,847.7828,3.8935,24.7586,249.391,169.4626,synthetic_prototype_v1
PLT-03927,29830.6337,915.7752,2.7381,28.4002,402.9175,122.0504,synthetic_prototype_v1
PLT-03928,26708.5636,1122.5735,5.1114,23.8867,152.2709,41.858,synthetic_prototype_v1
PLT-03929,64066.6689,400.7409,3.254,20.3033,339.0375,22.2932,synthetic_prototype_v1
PLT-03930,64761.2816,746.3986,8.2128,25.2655,425.0185,27.6706,synthetic_prototype_v1
PLT-03931,24935.706,1133.1466,8.3533,27.5151,208.6678,27.2774,synthetic_prototype_v1
PLT-03932,71475.1118,594.9574,4.68,28.4803,373.7501,22.3062,synthetic_prototype_v1
PLT-03933,40812.9405,1009.2062,4.4324,27.5947,411.271,91.0759,synthetic_prototype_v1
PLT-03934,76772.8688,558.537,0.5245,21.2334,107.394,20.4239,synthetic_prototype_v1
PLT-03935,17454.6974,720.0532,4.9844,24.6896,288.8084,77.0615,synthetic_prototype_v1
PLT-03936,74176.8229,742.4225,6.7528,38.3812,121.3077,10.0,synthetic_prototype_v1
PLT-03937,33152.3628,834.1292,5.331,25.8115,296.5501,146.6531,synthetic_prototype_v1
PLT-03938,24412.6728,1099.9178,9.1727,19.1543,161.2555,21.0501,synthetic_prototype_v1
PLT-03939,5337.5094,676.4296,9.4428,25.8482,448.9188,16.8233,synthetic_prototype_v1
PLT-03940,22461.9148,951.1206,2.9435,24.8409,435.405,88.7072,synthetic_prototype_v1
PLT-03941,33168.129,697.4355,3.7979,29.7681,215.655,124.1342,synthetic_prototype_v1
PLT-03942,15450.3146,807.0364,5.6266,25.8523,448.6076,66.1507,synthetic_prototype_v1
PLT-03943,16056.9465,1038.7458,7.6431,16.2845,372.3116,15.6064,synthetic_prototype_v1
PLT-03944,19591.6773,855.414,2.9662,21.6075,365.7207,68.3274,synthetic_prototype_v1
PLT-03945,78397.5608,605.9101,7.4918,29.9043,450.0496,20.8098,synthetic_prototype_v1
PLT-03946,47519.0521,665.8183,4.7124,22.7307,147.2,74.0429,synthetic_prototype_v1
PLT-03947,9120.1242,1016.4474,0.5973,20.507,115.2853,19.8239,synthetic_prototype_v1
PLT-03948,68269.1289,514.057,7.5741,27.1154,483.432,23.9516,synthetic_prototype_v1
PLT-03949,38467.8514,716.9802,5.9051,23.7156,210.2528,100.8253,synthetic_prototype_v1
PLT-03950,40519.4102,747.6213,5.0483,29.5705,302.7501,121.7293,synthetic_prototype_v1
PLT-03951,36750.1841,689.1942,4.2816,35.4733,377.4206,32.3305,synthetic_prototype_v1
PLT-03952,24684.5387,708.3314,9.3367,36.432,308.0837,13.7899,synthetic_prototype_v1
PLT-03953,10555.2915,1135.3777,8.2099,27.67,235.2292,21.1147,synthetic_prototype_v1
PLT-03954,50609.6909,709.6137,9.9109,19.4904,79.4675,14.4156,synthetic_prototype_v1
PLT-03955,36752.8521,775.4918,2.4127,24.9296,304.3738,135.5413,synthetic_prototype_v1
PLT-03956,33259.9817,611.1902,3.9522,20.7938,318.493,73.4874,synthetic_prototype_v1
PLT-03957,46024.0841,572.0606,2.3711,24.7455,322.5781,60.9536,synthetic_prototype_v1
PLT-03958,29514.9021,972.9305,4.4625,20.1706,446.9263,64.1348,synthetic_prototype_v1
PLT-03959,39778.9796,764.1843,3.8047,31.8536,485.4895,97.2474,synthetic_prototype_v1
PLT-03960,74290.5875,740.57,4.2007,30.858,105.7693,27.4211,synthetic_prototype_v1
PLT-03961,25855.6659,1095.2735,5.401,21.6727,498.0319,41.6877,synthetic_prototype_v1
PLT-03962,36542.6295,745.5314,5.5826,23.249,128.0697,107.2283,synthetic_prototype_v1
PLT-03963,40462.7724,821.4394,3.0416,23.1247,302.0065,135.4814,synthetic_prototype_v1
PLT-03964,37349.5265,871.6999,6.8406,28.777,71.7313,56.9727,synthetic_prototype_v1
PLT-03965,76165.5318,799.0631,5.2646,39.3742,291.2279,16.7374,synthetic_prototype_v1
PLT-03966,31589.4476,1167.677,5.8282,29.451,134.5156,29.8995,synthetic_prototype_v1
PLT-03967,33035.4972,793.5014,3.8362,25.6511,201.3771,171.1592,synthetic_prototype_v1
PLT-03968,52730.6257,615.9195,7.5939,29.1849,271.8503,24.0622,synthetic_prototype_v1
PLT-03969,18150.9884,819.849,2.1466,29.9222,439.5353,54.6145,synthetic_prototype_v1
PLT-03970,24704.7197,779.5057,2.2986,19.0879,93.3845,50.8551,synthetic_prototype_v1
PLT-03971,71599.1621,1039.286,1.4218,20.9508,120.881,20.9964,synthetic_prototype_v1
PLT-03972,44143.8853,712.2069,1.9961,36.1135,115.1749,19.409,synthetic_prototype_v1
PLT-03973,29184.7489,819.8361,5.9813,21.8779,120.5437,82.9585,synthetic_prototype_v1
PLT-03974,20157.1021,888.2536,4.6517,25.4648,369.6698,96.583,synthetic_prototype_v1
PLT-03975,41126.4384,906.6139,4.879,23.5744,402.1136,125.2078,synthetic_prototype_v1
PLT-03976,25443.9873,614.3005,8.4721,38.5308,417.3755,13.9362,synthetic_prototype_v1
PLT-03977,61705.6462,1083.9561,9.1044,17.9704,116.6431,13.1284,synthetic_prototype_v1
PLT-03978,51511.1965,752.8335,8.0926,34.851,404.5583,19.1339,synthetic_prototype_v1
PLT-03979,26512.2991,725.4201,0.9442,26.4338,295.7331,59.785,synthetic_prototype_v1
PLT-03980,22875.3897,525.0192,9.5919,21.3042,395.0949,19.2828,synthetic_prototype_v1
PLT-03981,17794.4726,402.1658,7.7755,22.4013,363.0277,21.9725,synthetic_prototype_v1
PLT-03982,26898.844,625.5785,4.3127,31.6777,326.6495,68.5331,synthetic_prototype_v1
PLT-03983,22511.8127,679.3108,3.4183,26.419,429.9517,104.2449,synthetic_prototype_v1
PLT-03984,21057.4085,591.4699,4.6173,28.3791,228.6124,66.7217,synthetic_prototype_v1
PLT-03985,45180.9865,485.99,3.097,30.5863,259.8833,35.9438,synthetic_prototype_v1
PLT-03986,44886.7892,996.7555,9.0664,22.2845,479.0602,22.3836,synthetic_prototype_v1
PLT-03987,49471.7473,983.417,6.141,26.9101,316.5201,52.3821,synthetic_prototype_v1
PLT-03988,60116.9872,875.4355,3.7598,31.2436,283.6873,41.6306,synthetic_prototype_v1
PLT-03989,18210.3724,1036.0219,8.6161,24.0121,460.4186,25.6653,synthetic_prototype_v1
PLT-03990,53692.4866,727.7609,2.9428,38.3528,64.9549,18.3395,synthetic_prototype_v1
PLT-03991,42688.4037,967.5303,9.2918,28.3299,258.7407,24.062,synthetic_prototype_v1
PLT-03992,23440.669,829.6,9.8421,27.9437,375.0837,17.8226,synthetic_prototype_v1
PLT-03993,41679.5591,732.4591,2.2868,18.5313,309.6749,56.2375,synthetic_prototype_v1
PLT-03994,18658.5375,850.2124,4.3214,28.2845,112.5951,80.9726,synthetic_prototype_v1
PLT-03995,35748.6791,738.8683,8.0622,17.9938,213.4877,16.551,synthetic_prototype_v1
PLT-03996,79956.6432,1149.0228,4.65,30.2629,309.9519,22.183,synthetic_prototype_v1
PLT-03997,30929.8104,1139.6953,8.5549,20.5631,188.058,16.7246,synthetic_prototype_v1
PLT-03998,60628.7308,760.9166,6.5336,21.8139,302.2864,33.4702,synthetic_prototype_v1
PLT-03999,40496.8082,889.9896,2.9566,28.4495,139.6009,114.4432,synthetic_prototype_v1
PLT-04000,36055.3756,818.7722,3.0447,26.1334,419.5014,166.1238,synthetic_prototype_v1
