experiment_id,cell_thickness_nm,doping_concentration,annealing_temperature_c,light_intensity_lux,operating_temperature_c,energy_conversion_efficiency,source
SOL-00001,108.2131,9891176176907610.0,743.7956,99611.7101,73.2235,8.0,synthetic_prototype_v1
SOL-00002,126.4494,1.5355789215419626e+17,718.784,46044.8217,29.761,16.5768,synthetic_prototype_v1
SOL-00003,298.8661,2435747211386149.0,629.0146,76802.0382,70.1582,8.3187,synthetic_prototype_v1
SOL-00004,164.5324,3.0658243417626016e+17,761.8819,88551.4631,43.7431,17.6857,synthetic_prototype_v1
SOL-00005,89.4431,8.219592891097579e+16,699.8242,97946.7033,15.0,19.4461,synthetic_prototype_v1
SOL-00006,103.6462,6.963788161670654e+16,882.536,23342.8313,29.1493,12.7185,synthetic_prototype_v1
SOL-00007,85.2568,7.187902478798674e+17,615.2834,56336.4084,65.7126,8.0,synthetic_prototype_v1
SOL-00008,195.2792,4.1660052130843437e+17,809.881,91971.1948,26.667,15.1326,synthetic_prototype_v1
SOL-00009,199.8457,7.590986044066539e+16,624.872,33532.5643,28.6672,15.0877,synthetic_prototype_v1
SOL-00010,198.4576,5.267349309833719e+17,562.5715,118789.4174,25.7034,11.8697,synthetic_prototype_v1
SOL-00011,144.4756,1.0836232322878002e+16,603.0489,59089.9858,37.1876,18.2916,synthetic_prototype_v1
SOL-00012,180.4499,4.3268552077878824e+16,653.6181,59426.0863,15.0,18.3594,synthetic_prototype_v1
SOL-00013,237.2052,5630061753054829.0,881.882,25329.1845,50.3548,9.5085,synthetic_prototype_v1
SOL-00014,136.9184,1.1488461564678293e+17,788.7159,85229.2045,37.9932,13.2079,synthetic_prototype_v1
SOL-00015,122.1348,1.6718603894460986e+16,723.1304,85743.2745,30.5115,19.6122,synthetic_prototype_v1
SOL-00016,164.0458,1.2848917451771e+16,717.8997,57783.8849,39.443,21.2852,synthetic_prototype_v1
SOL-00017,255.7769,6.075397195720256e+17,850.9631,94858.0763,73.3325,9.4209,synthetic_prototype_v1
SOL-00018,168.5422,7.799039269237979e+17,847.5398,35696.5431,23.8237,12.9831,synthetic_prototype_v1
SOL-00019,51.8286,8.782788866142867e+16,808.7689,26086.2583,65.8231,8.0,synthetic_prototype_v1
SOL-00020,170.2276,1053049989947335.4,599.8229,77874.4799,31.763,13.6966,synthetic_prototype_v1
SOL-00021,185.8739,2.28199787327532e+16,840.6598,119281.7753,29.2359,14.229,synthetic_prototype_v1
SOL-00022,245.2096,4313280920950785.0,590.5741,56486.8226,48.3965,11.9658,synthetic_prototype_v1
SOL-00023,151.4843,4.949293919090059e+16,673.524,52336.3316,21.1187,23.0,synthetic_prototype_v1
SOL-00024,209.5559,1.1243292954149158e+16,626.8679,40670.4,51.0373,14.9556,synthetic_prototype_v1
SOL-00025,176.7975,7.318830219357062e+16,703.0751,97202.516,55.6042,12.1238,synthetic_prototype_v1
SOL-00026,107.414,5423693395895766.0,791.7402,90237.766,22.1182,13.4457,synthetic_prototype_v1
SOL-00027,160.3452,4.665502616434794e+16,784.8975,61907.0694,40.407,16.8148,synthetic_prototype_v1
SOL-00028,90.5872,8302663436777177.0,677.9264,70402.3095,15.0,15.1982,synthetic_prototype_v1
SOL-00029,239.1624,5.6026702666087366e+17,854.2555,88075.2098,48.5345,9.5895,synthetic_prototype_v1
SOL-00030,263.0956,4567411364999633.0,798.6922,112823.1796,50.9672,12.2788,synthetic_prototype_v1
SOL-00031,232.3738,2.383345151228274e+17,509.6202,43256.2234,47.395,12.797,synthetic_prototype_v1
SOL-00032,167.489,6489678047163606.0,545.7811,96093.0552,27.5532,12.838,synthetic_prototype_v1
SOL-00033,164.0642,1.01019162345113e+16,723.5202,53665.498,19.8823,19.8261,synthetic_prototype_v1
SOL-00034,105.4345,5.831280898611244e+17,558.1401,50085.7748,51.8284,12.0466,synthetic_prototype_v1
SOL-00035,52.1543,3032971465393901.5,816.2598,24916.5526,45.2763,11.9056,synthetic_prototype_v1
SOL-00036,55.403,1255474927646335.0,581.5124,110432.6184,46.9685,13.2609,synthetic_prototype_v1
SOL-00037,101.0993,7.948622851145696e+17,554.5881,108925.24,26.133,10.8348,synthetic_prototype_v1
SOL-00038,233.5366,2.9355345862559684e+16,868.9333,89333.3868,61.7999,8.78,synthetic_prototype_v1
SOL-00039,201.5491,4.444364856726519e+16,817.3593,108821.1188,17.2829,11.8869,synthetic_prototype_v1
SOL-00040,182.1639,9.201577959677413e+16,677.0247,45156.3386,22.6743,18.4543,synthetic_prototype_v1
SOL-00041,268.1329,3.3352356985821376e+16,538.0632,24392.8144,22.5897,11.9066,synthetic_prototype_v1
SOL-00042,280.4631,2688996353157385.0,658.3067,22364.3119,55.5516,8.0279,synthetic_prototype_v1
SOL-00043,178.4201,5.7052220502065464e+16,759.7576,41880.6905,29.7544,18.9384,synthetic_prototype_v1
SOL-00044,190.3723,1387047455224765.2,852.5555,47936.5593,25.3641,12.9742,synthetic_prototype_v1
SOL-00045,212.4855,6.766110805764098e+16,671.9687,57505.912,19.5699,17.5511,synthetic_prototype_v1
SOL-00046,132.0591,2.98406993612482e+16,707.4187,64922.6718,31.9342,22.0096,synthetic_prototype_v1
SOL-00047,223.2316,5.4728141910051264e+17,629.972,57556.341,50.138,13.567,synthetic_prototype_v1
SOL-00048,237.152,2544861116043462.0,831.6153,64401.8018,20.2119,9.3317,synthetic_prototype_v1
SOL-00049,275.6506,8.480301500116923e+16,612.7068,56217.3676,61.9285,8.0,synthetic_prototype_v1
SOL-00050,117.0391,7373163256445535.0,689.4319,92411.6651,41.1779,17.6847,synthetic_prototype_v1
SOL-00051,218.6841,1773408021767276.5,867.911,38423.5379,16.2781,9.6148,synthetic_prototype_v1
SOL-00052,121.8139,1.7371531763529894e+17,653.9208,61695.7051,35.2111,16.4232,synthetic_prototype_v1
SOL-00053,141.5981,2.3374478064374508e+16,544.0642,32686.6118,51.8808,10.8305,synthetic_prototype_v1
SOL-00054,182.1644,6.930775206918369e+16,634.9092,114972.5827,57.5649,16.4814,synthetic_prototype_v1
SOL-00055,64.5271,3678580259135186.5,746.5228,95694.8849,71.6533,8.0,synthetic_prototype_v1
SOL-00056,195.2473,4.93047337016156e+16,842.4633,89372.1572,33.3835,12.9456,synthetic_prototype_v1
SOL-00057,134.754,6.0372557520059624e+16,833.003,77686.1498,35.086,14.6908,synthetic_prototype_v1
SOL-00058,293.9744,3289286326542333.0,602.6467,58080.9706,42.989,14.7749,synthetic_prototype_v1
SOL-00059,136.6797,6.012371069205049e+16,622.2076,46876.6163,30.6763,18.6088,synthetic_prototype_v1
SOL-00060,136.0252,4.708645128153224e+16,758.3401,48522.6075,17.6209,18.9679,synthetic_prototype_v1
SOL-00061,99.6455,2.5052433551807622e+17,794.855,95728.8617,18.8214,13.1669,synthetic_prototype_v1
SOL-00062,233.7824,2.838917536962795e+16,546.6584,56323.8179,72.7095,8.0,synthetic_prototype_v1
SOL-00063,80.5724,3.2555989897046804e+16,580.6224,72174.1895,23.9615,13.3745,synthetic_prototype_v1
SOL-00064,200.9013,4.6356716255443704e+16,751.0718,77819.5396,42.3794,13.8721,synthetic_prototype_v1
SOL-00065,202.6305,2.1199171274502664e+16,804.8921,34995.6949,71.0272,8.2455,synthetic_prototype_v1
SOL-00066,142.7281,4.777146251459436e+16,891.6921,44487.0645,42.4255,12.5548,synthetic_prototype_v1
SOL-00067,158.1913,5.071206107477269e+16,700.0861,59704.122,18.3772,22.695,synthetic_prototype_v1
SOL-00068,245.5013,1.7787393354037002e+16,790.7603,102531.0379,22.1948,10.8741,synthetic_prototype_v1
SOL-00069,296.8282,8.536407655238782e+16,565.1829,41633.881,60.0498,8.8158,synthetic_prototype_v1
SOL-00070,160.8535,6507492237116247.0,661.8973,75407.1097,33.5803,21.0411,synthetic_prototype_v1
SOL-00071,150.3162,1215230319701991.2,795.5372,111670.0391,40.0351,14.4325,synthetic_prototype_v1
SOL-00072,213.4476,2.1200158511070454e+17,627.2863,97912.4288,32.8482,14.1993,synthetic_prototype_v1
SOL-00073,119.7342,9.520487506504347e+16,673.9449,56349.3437,18.7296,17.8496,synthetic_prototype_v1
SOL-00074,82.0284,9.957650929828544e+16,529.1845,114507.9385,53.8313,10.3408,synthetic_prototype_v1
SOL-00075,221.1405,3.126969470092319e+16,791.6964,102521.3564,28.714,15.4365,synthetic_prototype_v1
SOL-00076,150.5371,2.4336687505803485e+17,736.5259,92770.9225,35.0331,15.8572,synthetic_prototype_v1
SOL-00077,142.8064,1.642929505831967e+16,723.0138,67610.9375,29.7664,23.0,synthetic_prototype_v1
SOL-00078,98.7811,2.764901552724769e+16,751.2924,57400.3508,42.1756,15.7695,synthetic_prototype_v1
SOL-00079,221.5241,4.434693385281288e+16,503.7743,112459.2553,73.1268,8.0655,synthetic_prototype_v1
SOL-00080,150.4154,1.2539237578956853e+17,746.7893,69124.0897,42.0762,17.3988,synthetic_prototype_v1
SOL-00081,171.4772,1.7785906349456958e+16,776.3162,68205.2137,21.3844,17.9139,synthetic_prototype_v1
SOL-00082,91.4767,2.1415152177567818e+17,865.6242,60026.8552,37.6129,9.0986,synthetic_prototype_v1
SOL-00083,167.2513,7.0969007305384e+16,854.39,76053.7233,21.4515,15.0796,synthetic_prototype_v1
SOL-00084,93.236,5690257570407320.0,841.6589,94520.9362,53.729,11.8417,synthetic_prototype_v1
SOL-00085,179.0692,9.46873129633015e+16,750.7415,58077.8103,19.9884,19.9478,synthetic_prototype_v1
SOL-00086,231.2958,1.1908890317010104e+17,844.4949,62691.4002,24.9343,11.2883,synthetic_prototype_v1
SOL-00087,131.6709,1.2550394205646485e+17,662.3625,51006.1489,15.688,17.724,synthetic_prototype_v1
SOL-00088,186.4496,2.1168971419978547e+17,887.0208,63778.3838,19.212,12.8168,synthetic_prototype_v1
SOL-00089,174.4996,7245628723170194.0,568.9458,58314.8872,53.9414,9.1155,synthetic_prototype_v1
SOL-00090,206.0746,1771235041015145.5,742.8286,92780.2534,26.1753,15.2504,synthetic_prototype_v1
SOL-00091,140.3998,2.4513196402598256e+17,505.0141,24904.9187,56.7325,10.0297,synthetic_prototype_v1
SOL-00092,87.5324,1.3929017484487498e+17,857.3503,94448.3207,39.3251,12.424,synthetic_prototype_v1
SOL-00093,107.815,5.06471602227846e+16,653.6127,94681.1513,19.2677,20.3476,synthetic_prototype_v1
SOL-00094,129.5998,6.816932560297766e+17,651.206,63791.5857,45.1006,14.2726,synthetic_prototype_v1
SOL-00095,134.934,1.546880494380641e+17,721.545,23515.5312,60.8267,11.9313,synthetic_prototype_v1
SOL-00096,84.4994,1.5516625802041056e+17,712.5997,73534.7298,74.1636,9.713,synthetic_prototype_v1
SOL-00097,174.1044,4503102947180734.0,887.59,80920.016,20.6786,11.6817,synthetic_prototype_v1
SOL-00098,146.1429,4.7769722629306904e+16,720.0062,42051.2808,28.153,21.6754,synthetic_prototype_v1
SOL-00099,125.7412,2.061011161903505e+16,810.9571,54701.9289,19.9699,14.5355,synthetic_prototype_v1
SOL-00100,131.4563,4.605587387687957e+17,662.3778,29011.8244,31.971,12.849,synthetic_prototype_v1
SOL-00101,125.3357,4.4506966677188346e+17,552.0186,113965.2921,27.4832,12.9472,synthetic_prototype_v1
SOL-00102,259.1602,6.014158956635258e+17,518.1141,104859.032,71.0539,8.3258,synthetic_prototype_v1
SOL-00103,59.8809,2.7715603299901176e+16,797.5105,86041.6179,63.4087,8.0,synthetic_prototype_v1
SOL-00104,257.4474,2.166688099608738e+16,671.1404,71028.7269,25.4649,13.3681,synthetic_prototype_v1
SOL-00105,142.8447,1.0090872416951922e+17,756.3334,75327.9677,29.8172,19.304,synthetic_prototype_v1
SOL-00106,57.2499,6852012678769038.0,750.8504,43710.3852,21.0865,16.3789,synthetic_prototype_v1
SOL-00107,142.6149,7.770624227576654e+16,662.0107,89317.7119,44.6622,18.3581,synthetic_prototype_v1
SOL-00108,243.0031,4465810748116759.5,595.1946,96831.7235,40.8683,10.3934,synthetic_prototype_v1
SOL-00109,66.1448,1.0809817596991592e+16,712.2233,95982.8716,29.2643,15.8868,synthetic_prototype_v1
SOL-00110,68.165,1.2623889105281818e+16,667.9537,45333.2032,37.9541,14.9425,synthetic_prototype_v1
SOL-00111,60.6894,2089203480460601.0,704.2861,43574.2534,22.4725,14.1216,synthetic_prototype_v1
SOL-00112,240.7548,1011329190987417.0,899.704,52092.718,42.7041,12.9219,synthetic_prototype_v1
SOL-00113,109.4935,2.4800480383502196e+16,734.0863,63146.4286,27.6979,21.8985,synthetic_prototype_v1
SOL-00114,179.7287,1102259717852066.9,874.5804,23428.5734,41.9726,11.9427,synthetic_prototype_v1
SOL-00115,140.1897,9.075783918949918e+16,835.1919,56483.629,39.3071,14.5359,synthetic_prototype_v1
SOL-00116,135.4372,5.003861514057194e+16,661.5413,85648.6617,32.574,20.8786,synthetic_prototype_v1
SOL-00117,158.2431,2.0049652381213736e+16,503.7338,56568.3203,48.0225,13.7861,synthetic_prototype_v1
SOL-00118,176.0447,2.383830109929145e+17,613.7195,49811.9026,63.3631,9.2209,synthetic_prototype_v1
SOL-00119,84.2053,7.569089795931574e+17,754.8434,64811.8409,72.8469,8.2314,synthetic_prototype_v1
SOL-00120,132.9063,1.554334371976578e+16,703.322,56291.8715,24.1922,23.0,synthetic_prototype_v1
SOL-00121,235.9987,1.986553290683102e+17,789.414,87447.1435,39.5326,12.7255,synthetic_prototype_v1
SOL-00122,275.0695,8.035700608616112e+16,666.9344,93958.9926,54.4152,14.171,synthetic_prototype_v1
SOL-00123,282.5008,5.28551987966615e+17,819.4915,118303.8871,60.3794,8.0,synthetic_prototype_v1
SOL-00124,131.2739,1.3739161199148068e+16,700.3669,77004.8577,24.9991,19.9375,synthetic_prototype_v1
SOL-00125,195.636,1.2881362279648332e+16,808.6743,95554.5148,30.891,13.9868,synthetic_prototype_v1
SOL-00126,50.9735,1455034407328523.8,651.5719,96342.6535,38.6666,11.457,synthetic_prototype_v1
SOL-00127,227.5042,1.5511050272715494e+17,653.0517,79777.4862,38.2882,12.4645,synthetic_prototype_v1
SOL-00128,223.023,2.7099370331932344e+16,791.4601,60104.9228,15.0,14.3315,synthetic_prototype_v1
SOL-00129,213.2305,1805813614899965.5,847.5207,75048.5603,41.5777,9.1131,synthetic_prototype_v1
SOL-00130,74.2025,7.270255436854333e+17,779.725,37118.4616,37.6243,10.0393,synthetic_prototype_v1
SOL-00131,126.3696,1.2862393578826107e+17,689.4896,41167.6384,29.5351,20.4233,synthetic_prototype_v1
SOL-00132,123.0279,1.319423219875295e+16,725.4868,82250.0483,36.0617,22.9623,synthetic_prototype_v1
SOL-00133,212.8337,4426612463095181.5,585.541,101976.2079,32.7116,15.2834,synthetic_prototype_v1
SOL-00134,214.9775,4245217406753033.5,833.8254,98726.7818,29.4391,9.6138,synthetic_prototype_v1
SOL-00135,142.8858,6.45080598411714e+16,505.9902,33810.9761,69.2586,9.174,synthetic_prototype_v1
SOL-00136,231.4252,6.723509938093254e+16,522.0903,92437.7498,65.3101,8.3743,synthetic_prototype_v1
SOL-00137,125.4718,3.767874603788137e+16,754.5627,59784.7322,23.5771,23.0,synthetic_prototype_v1
SOL-00138,141.2176,4.3048652536529144e+16,664.8919,61741.7835,25.5682,21.8266,synthetic_prototype_v1
SOL-00139,205.0894,6.242863779704234e+17,658.4587,99575.4787,69.5429,8.0,synthetic_prototype_v1
SOL-00140,182.9032,4.2808114455645824e+17,785.7198,89856.1947,61.3369,8.0,synthetic_prototype_v1
SOL-00141,263.4075,1.6805937369072208e+17,768.5122,109754.8438,22.8477,9.4655,synthetic_prototype_v1
SOL-00142,161.5182,5.194682040204086e+17,779.9785,59031.3671,20.391,14.0682,synthetic_prototype_v1
SOL-00143,295.2053,3.601949212913051e+17,776.7438,63130.4331,30.9315,13.6826,synthetic_prototype_v1
SOL-00144,62.2409,5.721102079631188e+17,608.2943,52149.3003,59.3178,11.0364,synthetic_prototype_v1
SOL-00145,245.3235,5427055233193447.0,858.9135,45914.6516,50.6704,10.5262,synthetic_prototype_v1
SOL-00146,225.5005,4.211816705551419e+17,718.2563,94286.2221,32.4981,12.3821,synthetic_prototype_v1
SOL-00147,174.65,3.85012915403613e+17,731.058,118737.1498,36.0007,14.1496,synthetic_prototype_v1
SOL-00148,88.0817,4572407847314869.0,574.4017,41249.5605,25.3608,12.8424,synthetic_prototype_v1
SOL-00149,53.5312,5.0209692437869064e+16,624.5549,52683.4675,45.5589,13.456,synthetic_prototype_v1
SOL-00150,113.4204,5488287586038047.0,767.2806,42443.2737,29.0545,15.6302,synthetic_prototype_v1
SOL-00151,186.8207,3.0583757733783264e+17,546.2315,60399.6583,46.8834,8.7547,synthetic_prototype_v1
SOL-00152,179.9384,3.2900391171333604e+16,660.6284,55415.8926,61.4964,9.1428,synthetic_prototype_v1
SOL-00153,63.8489,7.317710422155315e+16,753.0285,62430.4367,26.756,15.3343,synthetic_prototype_v1
SOL-00154,67.2845,1445616002357162.5,653.4208,102539.2883,25.2469,14.385,synthetic_prototype_v1
SOL-00155,150.7535,3.972094572117388e+16,664.193,94482.7519,15.0,23.0,synthetic_prototype_v1
SOL-00156,193.1828,2.7608312753875494e+17,698.7492,85230.1063,17.4693,16.7388,synthetic_prototype_v1
SOL-00157,54.9416,1430261165823855.5,566.8153,97879.0808,31.8645,11.5563,synthetic_prototype_v1
SOL-00158,118.5947,6.270385680784276e+16,740.1224,41854.4838,15.0,20.5053,synthetic_prototype_v1
SOL-00159,206.6691,8039408708331157.0,591.6632,78780.4205,23.2343,11.7188,synthetic_prototype_v1
SOL-00160,139.8011,1.292139560895978e+17,828.4767,50481.4411,44.7252,12.5015,synthetic_prototype_v1
SOL-00161,192.6053,6980462369132567.0,698.7808,70396.0867,35.0065,18.0094,synthetic_prototype_v1
SOL-00162,189.6064,5.986596018389417e+16,543.3081,82302.0831,18.8449,15.6944,synthetic_prototype_v1
SOL-00163,297.273,1.209785515458708e+16,841.6963,51788.2616,37.8909,10.5039,synthetic_prototype_v1
SOL-00164,157.0982,7.81779781038065e+16,633.454,75696.2624,61.8384,9.7297,synthetic_prototype_v1
SOL-00165,65.9543,3.825238388837419e+17,515.1464,85932.7678,20.0138,14.0835,synthetic_prototype_v1
SOL-00166,204.8807,4.8020217557253704e+16,718.2212,99381.0316,35.9158,18.507,synthetic_prototype_v1
SOL-00167,239.4776,5.049732240963e+16,507.2027,64874.1399,19.7497,12.7466,synthetic_prototype_v1
SOL-00168,59.8901,5.903473547155587e+16,888.3331,61287.1816,34.6431,10.5555,synthetic_prototype_v1
SOL-00169,76.4744,1.618312137681769e+17,740.4002,79173.7424,51.4357,12.9921,synthetic_prototype_v1
SOL-00170,247.6845,2.5433460222733187e+17,782.5959,41945.6234,40.8373,14.1595,synthetic_prototype_v1
SOL-00171,188.5998,3.528404066712199e+16,839.6614,33151.3927,26.9978,16.325,synthetic_prototype_v1
SOL-00172,187.2861,1388099162845855.5,616.4393,61506.0802,72.7271,8.0,synthetic_prototype_v1
SOL-00173,122.4468,3.6877093989111016e+16,686.5754,69455.8606,19.9041,21.9596,synthetic_prototype_v1
SOL-00174,86.2826,2.116914029959891e+16,506.1587,28349.2378,60.7427,8.0,synthetic_prototype_v1
SOL-00175,141.8891,1.041152079686968e+16,726.1956,79987.1391,35.8493,20.303,synthetic_prototype_v1
SOL-00176,277.1521,1.5455373394935298e+16,771.1552,71276.3631,29.756,15.3556,synthetic_prototype_v1
SOL-00177,287.5004,4487406435862811.0,839.4931,94252.1093,47.0749,13.1585,synthetic_prototype_v1
SOL-00178,124.2191,1268857872320376.5,558.2331,59713.9446,16.0542,15.3879,synthetic_prototype_v1
SOL-00179,247.5608,2295393489316508.5,516.2433,51581.2772,29.7746,11.1701,synthetic_prototype_v1
SOL-00180,238.8797,1.2113512746895141e+17,704.01,98594.8964,29.0744,13.8455,synthetic_prototype_v1
SOL-00181,210.3868,4.739059924494747e+16,711.2924,111016.0532,23.7458,17.9532,synthetic_prototype_v1
SOL-00182,255.5534,1.969875800736148e+17,523.5159,106619.1608,24.2041,12.7504,synthetic_prototype_v1
SOL-00183,73.0089,2.3157951722150436e+16,728.6965,86640.2982,15.0,15.7359,synthetic_prototype_v1
SOL-00184,191.9836,5811888479198064.0,896.4427,62449.7891,54.3682,9.9085,synthetic_prototype_v1
SOL-00185,152.7901,1.345819198536614e+17,765.9765,65510.8455,26.1944,18.55,synthetic_prototype_v1
SOL-00186,134.2299,2603011218207723.5,688.0507,44767.0582,24.9711,16.4922,synthetic_prototype_v1
SOL-00187,163.0775,1.0728663642456334e+16,696.5413,79098.7741,28.0403,22.5292,synthetic_prototype_v1
SOL-00188,287.4628,1.6612638935985712e+17,553.6823,31052.6189,41.3584,13.3946,synthetic_prototype_v1
SOL-00189,124.7359,8438115497031277.0,705.4874,109262.271,30.3772,19.1248,synthetic_prototype_v1
SOL-00190,277.5817,2989441693923545.5,760.3544,108210.4963,28.3778,11.9884,synthetic_prototype_v1
SOL-00191,110.0622,2791640619310471.5,630.8079,109128.7222,27.1573,13.4806,synthetic_prototype_v1
SOL-00192,183.1518,1.6117403695847933e+17,675.3678,77716.6064,24.3802,17.4302,synthetic_prototype_v1
SOL-00193,131.914,7.001087451294392e+16,694.4974,87268.4399,18.9309,21.0889,synthetic_prototype_v1
SOL-00194,245.7263,7069769088184543.0,534.0887,47372.6624,57.0182,11.0412,synthetic_prototype_v1
SOL-00195,243.727,3.929022505970047e+16,609.627,29364.2805,66.4783,8.0,synthetic_prototype_v1
SOL-00196,104.7973,1.8795905352541942e+17,616.5561,91686.8744,54.8631,12.5318,synthetic_prototype_v1
SOL-00197,113.2198,5.215144357890332e+17,691.9166,72612.794,44.5745,12.5013,synthetic_prototype_v1
SOL-00198,118.981,9.296505275901757e+17,556.5038,33432.8546,33.1161,12.7414,synthetic_prototype_v1
SOL-00199,244.8694,7.39970677866218e+16,509.4112,65211.9792,67.7008,8.7421,synthetic_prototype_v1
SOL-00200,145.2553,9.137633680866991e+17,767.2666,34968.9224,41.3235,14.314,synthetic_prototype_v1
SOL-00201,251.4432,1353863407675604.8,858.9287,90166.2102,53.1458,9.239,synthetic_prototype_v1
SOL-00202,130.4202,3.2685042539817948e+16,664.4289,81524.3762,34.6645,22.1107,synthetic_prototype_v1
SOL-00203,106.2944,4.641682201604002e+16,654.0688,41731.6312,29.4183,18.6914,synthetic_prototype_v1
SOL-00204,211.5082,1.3536683922644646e+17,689.3416,58416.8989,24.2563,13.4519,synthetic_prototype_v1
SOL-00205,136.2547,8576258247548676.0,725.8184,48507.9513,23.3092,19.3853,synthetic_prototype_v1
SOL-00206,222.2254,9.124006763100851e+16,707.4531,83731.0183,37.9549,13.9908,synthetic_prototype_v1
SOL-00207,273.2803,6.24414345869595e+17,541.1725,45306.4132,30.8436,12.9026,synthetic_prototype_v1
SOL-00208,186.6028,3.4104064311576596e+16,674.3707,91942.3616,31.6756,22.1424,synthetic_prototype_v1
SOL-00209,177.2102,5.189645399835793e+16,650.7011,68503.1608,19.5514,20.21,synthetic_prototype_v1
SOL-00210,62.7202,6.594179183888659e+17,789.2284,83903.8877,25.5863,11.9107,synthetic_prototype_v1
SOL-00211,294.5511,3576141977614345.0,835.452,69970.186,31.8016,11.8433,synthetic_prototype_v1
SOL-00212,155.3209,1.499356793769452e+17,755.5726,56140.6698,15.0,15.533,synthetic_prototype_v1
SOL-00213,159.7924,2.468903497457715e+16,648.6004,87635.3441,31.7039,22.0101,synthetic_prototype_v1
SOL-00214,83.4466,2.726744853559591e+17,507.2531,46812.7288,43.1459,13.031,synthetic_prototype_v1
SOL-00215,149.3813,2160548560263808.0,896.7081,86395.7245,43.4894,9.2968,synthetic_prototype_v1
SOL-00216,165.6998,8.837404051699886e+16,645.0076,22612.7116,48.6789,14.8725,synthetic_prototype_v1
SOL-00217,141.7229,3.700377205374201e+16,651.2264,60959.3807,38.5452,19.6625,synthetic_prototype_v1
SOL-00218,178.8565,1.521042947769457e+17,685.3591,77132.0224,29.9551,18.3154,synthetic_prototype_v1
SOL-00219,295.4515,2903428637908448.5,763.8361,118264.4752,47.5824,9.9383,synthetic_prototype_v1
SOL-00220,165.9392,1.993305165681204e+17,676.8289,58627.264,24.4692,17.0883,synthetic_prototype_v1
SOL-00221,55.785,2.1947075149815664e+16,520.1383,54959.7912,34.1864,11.0636,synthetic_prototype_v1
SOL-00222,143.8195,3.1976670216212563e+17,733.1128,103799.2406,43.5104,15.3555,synthetic_prototype_v1
SOL-00223,58.2025,4.257945366549956e+16,514.7406,73408.0011,48.0873,10.8089,synthetic_prototype_v1
SOL-00224,217.0827,8843216095755730.0,681.0034,52536.8773,40.7651,17.8478,synthetic_prototype_v1
SOL-00225,168.7556,9.968997702665536e+16,554.3878,22426.6988,20.5739,13.1832,synthetic_prototype_v1
SOL-00226,170.3053,8685338139310919.0,680.7542,97771.4389,15.0,18.641,synthetic_prototype_v1
SOL-00227,219.6058,1.0183085828746284e+16,626.6811,41213.2055,28.5988,12.357,synthetic_prototype_v1
SOL-00228,162.0602,2.438517442310382e+17,632.7577,51204.5283,58.3974,8.0,synthetic_prototype_v1
SOL-00229,299.9413,3.568746775436885e+16,805.9949,92511.4316,56.0266,8.4429,synthetic_prototype_v1
SOL-00230,118.7881,8467382505044917.0,671.7569,33539.6812,37.0375,16.7205,synthetic_prototype_v1
SOL-00231,70.2885,1143453350770234.2,832.8274,90215.6995,58.2364,8.0,synthetic_prototype_v1
SOL-00232,141.3361,9084960030278970.0,730.15,86392.2033,25.2563,20.4786,synthetic_prototype_v1
SOL-00233,138.0531,1.4879046644448557e+17,626.8511,44025.1994,50.2694,14.1935,synthetic_prototype_v1
SOL-00234,112.0736,4.998065832163809e+17,554.2505,64874.6234,15.652,14.7463,synthetic_prototype_v1
SOL-00235,76.6049,1731875582818747.0,671.6607,83739.9759,28.7448,16.3003,synthetic_prototype_v1
SOL-00236,290.4744,4.094492877239384e+17,537.0236,50506.4816,61.2727,8.6559,synthetic_prototype_v1
SOL-00237,256.6529,2586241298514739.5,803.4217,88415.1937,46.3641,14.1165,synthetic_prototype_v1
SOL-00238,58.794,8.339212290193694e+16,852.3386,79715.8087,49.8141,12.0199,synthetic_prototype_v1
SOL-00239,131.8739,2917128325562869.0,892.4448,113770.6942,32.7455,8.4554,synthetic_prototype_v1
SOL-00240,238.0822,2.8408465895638125e+17,781.5271,25653.6902,69.1173,8.0,synthetic_prototype_v1
SOL-00241,74.7892,2.0871799865722116e+16,655.4142,48885.292,45.6558,14.6611,synthetic_prototype_v1
SOL-00242,164.1347,2.5145727566249148e+16,687.8745,94342.995,39.5067,23.0,synthetic_prototype_v1
SOL-00243,139.1768,1.3969843162794054e+17,702.6673,88069.3945,32.1136,19.4919,synthetic_prototype_v1
SOL-00244,135.2379,2.595078408741436e+16,698.6807,94220.0838,25.5619,22.5581,synthetic_prototype_v1
SOL-00245,158.2571,1.710157630263652e+17,635.3031,74050.308,32.7212,16.7393,synthetic_prototype_v1
SOL-00246,130.6226,2229964368388268.0,682.2963,84964.8907,23.7783,16.1628,synthetic_prototype_v1
SOL-00247,177.9394,2.2933947617480332e+16,621.3442,66394.2002,18.3398,18.7919,synthetic_prototype_v1
SOL-00248,120.3084,4.0649282766743366e+17,738.255,55999.2795,38.6431,16.4632,synthetic_prototype_v1
SOL-00249,219.5777,6.585293259444241e+17,876.8271,74072.2561,51.8252,8.0,synthetic_prototype_v1
SOL-00250,196.0245,3.442445934223877e+16,534.5937,85161.9187,69.3881,8.0,synthetic_prototype_v1
SOL-00251,136.9752,3.05199207180729e+17,708.368,102539.6872,29.3452,17.3323,synthetic_prototype_v1
SOL-00252,260.4983,5828536719916331.0,720.1962,51616.1481,50.7576,10.3916,synthetic_prototype_v1
SOL-00253,289.0117,3.9404912217551206e+17,836.2306,53691.8249,55.0547,8.0,synthetic_prototype_v1
SOL-00254,216.5465,1.4920780372952602e+16,663.7429,80217.3532,31.127,15.7424,synthetic_prototype_v1
SOL-00255,119.9091,2559071002061166.5,776.3547,22667.2,69.6853,8.2292,synthetic_prototype_v1
SOL-00256,190.1004,2.5260141437696804e+16,645.4727,43114.1556,15.0,20.2499,synthetic_prototype_v1
SOL-00257,139.2619,1.8023340517376692e+16,685.6331,40154.7325,26.7102,20.0473,synthetic_prototype_v1
SOL-00258,219.4272,2077033891335388.0,697.2286,72516.4745,19.5033,13.74,synthetic_prototype_v1
SOL-00259,170.4882,8309018401675101.0,537.1316,57354.9863,18.0454,16.4137,synthetic_prototype_v1
SOL-00260,116.9825,2469743620852479.5,593.8906,85593.0137,17.3315,16.3585,synthetic_prototype_v1
SOL-00261,278.8247,2.8210186286916428e+16,742.9542,99358.2012,19.9725,15.6458,synthetic_prototype_v1
SOL-00262,257.3572,2.2952151793124422e+17,551.6657,37033.707,56.8833,9.4236,synthetic_prototype_v1
SOL-00263,182.8535,3.210251904497478e+17,558.3743,93780.4538,22.226,14.4698,synthetic_prototype_v1
SOL-00264,78.5048,5118239524399044.0,582.4365,83509.2787,48.4257,12.8645,synthetic_prototype_v1
SOL-00265,99.6459,3.042439911176176e+17,842.5395,76021.3071,66.0797,8.0,synthetic_prototype_v1
SOL-00266,121.6776,2.0504826447553904e+17,759.7072,64199.4802,17.3474,16.7463,synthetic_prototype_v1
SOL-00267,137.5261,4.030350875572068e+16,609.7695,78817.2168,32.2486,16.6456,synthetic_prototype_v1
SOL-00268,200.852,1.7297143421529158e+16,635.8547,70510.2986,30.8944,19.1043,synthetic_prototype_v1
SOL-00269,174.5801,1.3238347888299014e+16,717.1285,54349.402,29.6228,19.175,synthetic_prototype_v1
SOL-00270,135.8474,1277809361339018.8,691.3179,94640.5391,31.3514,11.7879,synthetic_prototype_v1
SOL-00271,168.5332,4128378915920541.0,527.9354,60110.1257,46.2603,10.7795,synthetic_prototype_v1
SOL-00272,128.129,2.3952296477611204e+16,776.0487,63258.0204,36.0184,22.1284,synthetic_prototype_v1
SOL-00273,296.2617,1322808131125082.8,711.9318,73437.2507,23.2857,8.0716,synthetic_prototype_v1
SOL-00274,219.7629,3044925903332517.0,896.5945,116641.3553,67.7919,8.7026,synthetic_prototype_v1
SOL-00275,216.0862,3717811061646702.0,879.6929,37713.355,32.2992,11.2881,synthetic_prototype_v1
SOL-00276,166.4963,3.577962026407328e+16,764.8353,82391.394,53.6863,13.2262,synthetic_prototype_v1
SOL-00277,261.5019,3014500795918433.5,778.2471,99247.2666,45.5435,12.276,synthetic_prototype_v1
SOL-00278,148.6055,4.141091682191165e+16,652.1577,72433.9699,15.0,23.0,synthetic_prototype_v1
SOL-00279,107.6866,2364997915228248.0,697.6299,115393.64,53.5155,9.4281,synthetic_prototype_v1
SOL-00280,195.1096,1.8756403303241622e+17,544.3634,107952.756,71.0991,8.0,synthetic_prototype_v1
SOL-00281,273.1354,3161610964772680.0,729.5454,68870.4495,23.8047,12.1097,synthetic_prototype_v1
SOL-00282,50.2669,2.020928636119253e+17,636.4955,50329.9875,62.2119,8.0,synthetic_prototype_v1
SOL-00283,51.8406,1.8217490997140976e+16,524.8557,103976.1248,68.7173,8.4761,synthetic_prototype_v1
SOL-00284,123.8521,2.7438340477857172e+16,665.615,56837.2129,16.0233,23.0,synthetic_prototype_v1
SOL-00285,56.1127,2.9697291253745856e+17,800.4701,111632.7816,38.4794,13.1127,synthetic_prototype_v1
SOL-00286,108.4849,2.6040069396543776e+16,843.884,28350.1695,65.0973,8.0,synthetic_prototype_v1
SOL-00287,195.6611,9.612492672409972e+17,743.4455,115640.2645,19.3802,13.8768,synthetic_prototype_v1
SOL-00288,161.3142,3.967448448913226e+17,886.0538,50822.3746,56.5636,8.0,synthetic_prototype_v1
SOL-00289,236.297,3572152623715793.0,519.2434,86842.1916,22.3191,10.4918,synthetic_prototype_v1
SOL-00290,179.8874,1222404225615418.0,773.2209,80087.606,45.6471,14.1377,synthetic_prototype_v1
SOL-00291,199.6292,6124467806292480.0,706.7957,77603.2996,15.0,14.4572,synthetic_prototype_v1
SOL-00292,272.5049,3.717676049167124e+16,727.6694,49895.7764,55.0916,10.6868,synthetic_prototype_v1
SOL-00293,224.944,2.1781869797400732e+16,778.4164,116454.1567,31.0567,12.6575,synthetic_prototype_v1
SOL-00294,109.9118,1.948900389905232e+16,695.1222,96360.3744,20.113,19.88,synthetic_prototype_v1
SOL-00295,130.1228,5265270191838201.0,681.3144,26755.3432,67.4217,10.4789,synthetic_prototype_v1
SOL-00296,160.2345,1.2802712176441604e+16,757.7763,40917.0166,37.26,20.9042,synthetic_prototype_v1
SOL-00297,214.8557,1.2453334792830022e+17,666.6678,45635.1343,19.384,16.9445,synthetic_prototype_v1
SOL-00298,212.6986,9.017710248932885e+16,892.8819,93133.755,38.7829,14.2641,synthetic_prototype_v1
SOL-00299,83.7595,3.910832411608983e+16,663.1083,86737.058,41.3315,15.6178,synthetic_prototype_v1
SOL-00300,246.7311,2.765330547382892e+17,603.2486,78123.9595,62.4047,8.0,synthetic_prototype_v1
SOL-00301,295.5361,3415414297642222.5,603.534,24984.3544,39.7886,10.9441,synthetic_prototype_v1
SOL-00302,125.2372,7301751438342572.0,653.9179,39528.7479,44.1698,16.968,synthetic_prototype_v1
SOL-00303,212.2873,6.3447522347791144e+16,687.996,75365.6742,47.1782,14.1822,synthetic_prototype_v1
SOL-00304,166.6803,4.798678872249896e+16,555.0539,99027.5267,21.687,15.0001,synthetic_prototype_v1
SOL-00305,117.0213,2.8375711898917508e+16,524.3387,112798.34,26.7597,15.9501,synthetic_prototype_v1
SOL-00306,153.5884,9319328453811622.0,826.1063,116693.5041,52.8111,13.0091,synthetic_prototype_v1
SOL-00307,228.8518,1215841371087641.2,790.9234,20225.8579,50.0482,12.9748,synthetic_prototype_v1
SOL-00308,168.7192,2099411389979133.5,863.2166,81262.1479,39.1015,9.699,synthetic_prototype_v1
SOL-00309,80.1638,5.977654841696492e+16,576.2079,53516.1249,43.6877,14.1463,synthetic_prototype_v1
SOL-00310,87.6682,6.24576251882102e+16,652.9793,108264.2384,71.2978,8.0,synthetic_prototype_v1
SOL-00311,166.5331,9686065424288486.0,631.1246,67959.5195,25.3102,17.0193,synthetic_prototype_v1
SOL-00312,133.5898,1169396967071560.5,777.2552,83537.6651,69.6828,8.0924,synthetic_prototype_v1
SOL-00313,213.1468,5.879900155898814e+16,866.0983,55617.2771,74.9114,8.0,synthetic_prototype_v1
SOL-00314,153.8101,1.1733091099046932e+16,690.6931,95202.1542,15.0,22.8,synthetic_prototype_v1
SOL-00315,233.0472,2.4190654518241686e+17,645.7158,83193.2722,15.1199,13.4147,synthetic_prototype_v1
SOL-00316,126.4501,9.880248179182118e+17,772.3865,87036.4865,57.3154,9.4414,synthetic_prototype_v1
SOL-00317,113.4161,2.916348437142953e+17,569.5307,106466.5338,59.8248,10.4923,synthetic_prototype_v1
SOL-00318,131.8388,1.0181881335925014e+17,678.6314,70024.9734,28.0039,20.4755,synthetic_prototype_v1
SOL-00319,110.6207,1306675666914770.8,683.1844,99916.4362,28.818,13.6615,synthetic_prototype_v1
SOL-00320,257.1931,5.011057831664536e+16,787.6062,40940.1896,24.1376,13.3908,synthetic_prototype_v1
SOL-00321,187.3095,5.041441518391494e+17,630.5381,92826.5945,29.8454,12.9305,synthetic_prototype_v1
SOL-00322,85.7519,2.910237916216884e+16,606.1466,94417.4739,62.9915,8.0,synthetic_prototype_v1
SOL-00323,258.065,7467084351718415.0,684.3045,30707.0573,47.6868,13.8256,synthetic_prototype_v1
SOL-00324,171.3957,3.011956332662031e+17,676.3917,65102.2029,38.3031,17.0721,synthetic_prototype_v1
SOL-00325,142.3182,2.6421253569652776e+16,863.9908,92688.4657,74.532,8.8414,synthetic_prototype_v1
SOL-00326,271.6007,3857081052751797.5,538.8851,59311.3283,33.7451,8.0,synthetic_prototype_v1
SOL-00327,80.9815,1.1470001882065816e+16,661.7791,82886.5477,48.5132,13.5145,synthetic_prototype_v1
SOL-00328,166.2535,2.8861190030793914e+17,782.7113,64836.2161,68.8894,8.0,synthetic_prototype_v1
SOL-00329,275.6225,4379801866946651.0,606.3798,39314.3832,18.6338,12.6657,synthetic_prototype_v1
SOL-00330,268.771,1174554518717334.2,627.5453,34133.8093,69.0625,8.0,synthetic_prototype_v1
SOL-00331,51.0019,9.474110492673333e+16,804.0275,35451.49,51.9712,12.102,synthetic_prototype_v1
SOL-00332,120.2241,2.065137287446115e+16,895.9077,60884.7233,73.6756,8.0,synthetic_prototype_v1
SOL-00333,141.6521,1697915153607147.2,640.6238,53432.5862,51.1735,12.9477,synthetic_prototype_v1
SOL-00334,121.4505,2.546046387686234e+16,762.6429,60477.2508,23.6619,19.3356,synthetic_prototype_v1
SOL-00335,82.1631,5.955344512626126e+16,756.9312,63859.118,18.3177,17.0476,synthetic_prototype_v1
SOL-00336,178.7833,2.1958208006777616e+16,588.8256,42447.1086,66.1862,8.0,synthetic_prototype_v1
SOL-00337,243.5804,9148811017730076.0,764.9075,88812.5613,29.9474,12.926,synthetic_prototype_v1
SOL-00338,164.6402,2850960015064358.5,819.7863,44950.0197,56.1806,10.5953,synthetic_prototype_v1
SOL-00339,254.1422,9.607371574139526e+16,571.2984,77713.744,56.8721,8.0,synthetic_prototype_v1
SOL-00340,254.5568,9050978984823616.0,719.7638,103202.9254,18.5771,13.7276,synthetic_prototype_v1
SOL-00341,207.237,1.9964538087393956e+16,570.9335,72476.2336,31.4395,13.5098,synthetic_prototype_v1
SOL-00342,159.1669,8.863945553358706e+16,674.2759,105603.3022,62.5428,8.0,synthetic_prototype_v1
SOL-00343,277.3881,3.99040340673589e+17,783.1301,92316.0594,42.0651,13.7073,synthetic_prototype_v1
SOL-00344,67.285,3660852036446798.5,607.2315,24629.5162,57.9056,8.0,synthetic_prototype_v1
SOL-00345,273.8761,4249115238580365.0,718.7267,110314.5685,34.3666,12.4263,synthetic_prototype_v1
SOL-00346,134.7559,6.426777012831279e+16,720.0508,33229.3892,17.0967,20.597,synthetic_prototype_v1
SOL-00347,141.4448,1.1928940409132264e+16,600.8146,65721.4671,36.94,16.6353,synthetic_prototype_v1
SOL-00348,80.0277,1.714391018132601e+17,538.3593,85322.4305,19.2244,11.7182,synthetic_prototype_v1
SOL-00349,159.0341,1.3505193824473427e+17,713.0121,85173.4475,37.9281,19.3656,synthetic_prototype_v1
SOL-00350,135.0886,6380540505339350.0,660.4687,70487.5929,30.3671,16.7152,synthetic_prototype_v1
SOL-00351,62.9905,8.786776340780182e+17,765.2952,26509.7755,45.6282,12.2021,synthetic_prototype_v1
SOL-00352,179.022,4667758559357414.0,518.3748,46471.5218,62.4028,8.0,synthetic_prototype_v1
SOL-00353,144.5795,2190053878801582.5,542.3283,116191.5256,18.6256,11.7607,synthetic_prototype_v1
SOL-00354,197.7289,6548405544307954.0,643.124,82285.917,24.4243,15.4488,synthetic_prototype_v1
SOL-00355,82.7888,9222889697443962.0,561.8896,42682.3438,68.6153,10.6796,synthetic_prototype_v1
SOL-00356,156.7694,8919145459545809.0,691.9597,98004.6331,15.0,22.3571,synthetic_prototype_v1
SOL-00357,66.7917,9.860991235054482e+16,624.6233,21921.6805,54.4383,11.8903,synthetic_prototype_v1
SOL-00358,155.9148,1.883685931360355e+16,717.2936,48388.3488,15.0,23.0,synthetic_prototype_v1
SOL-00359,85.968,2054710540542236.0,795.9774,95593.7417,61.6753,8.0,synthetic_prototype_v1
SOL-00360,207.9071,5.970471950431544e+16,519.5735,26327.1551,59.5825,9.7871,synthetic_prototype_v1
SOL-00361,239.7096,2.3455331289402304e+16,824.9106,40444.5641,33.0082,10.6154,synthetic_prototype_v1
SOL-00362,65.1577,1.8834110177376468e+16,827.5771,69946.9502,45.9845,13.7816,synthetic_prototype_v1
SOL-00363,279.7058,8792244180272898.0,777.7532,61550.2462,64.6585,9.5683,synthetic_prototype_v1
SOL-00364,164.7289,1.5250278987868316e+16,740.8351,39687.1009,46.6255,17.4953,synthetic_prototype_v1
SOL-00365,157.8357,1.2663798875714798e+16,660.4635,95276.2337,18.6795,21.2095,synthetic_prototype_v1
SOL-00366,54.4172,6712822337684192.0,814.0825,102695.4819,26.6094,11.7156,synthetic_prototype_v1
SOL-00367,130.1789,3.711110469036348e+16,564.1859,42262.3364,30.7806,15.3582,synthetic_prototype_v1
SOL-00368,92.4946,4.01838813939749e+17,815.8606,115896.217,34.757,10.9944,synthetic_prototype_v1
SOL-00369,286.38,2.8817437867285616e+17,730.1414,58153.0171,54.1002,10.3984,synthetic_prototype_v1
SOL-00370,68.9669,1.6768014585942285e+17,666.2576,80792.7044,34.456,16.052,synthetic_prototype_v1
SOL-00371,85.399,3.027081011599178e+17,772.0243,103198.2274,71.2344,8.3896,synthetic_prototype_v1
SOL-00372,195.6112,1.831197127496266e+16,568.2147,56097.6637,40.056,16.6265,synthetic_prototype_v1
SOL-00373,150.3804,1.4017412715163594e+16,761.7973,73747.8599,39.8654,16.9508,synthetic_prototype_v1
SOL-00374,249.1761,4.190205312989994e+16,695.6428,57636.2342,30.2182,13.0836,synthetic_prototype_v1
SOL-00375,57.7232,3.312615469013865e+17,623.5878,101586.0593,19.9889,12.7441,synthetic_prototype_v1
SOL-00376,66.5996,2.5235706041536877e+17,622.1384,112083.3296,19.737,13.6231,synthetic_prototype_v1
SOL-00377,154.8181,1050161427334231.0,588.0406,73707.7356,59.3915,9.5793,synthetic_prototype_v1
SOL-00378,122.7295,3057365590001799.0,558.1351,83699.0381,49.136,9.4919,synthetic_prototype_v1
SOL-00379,164.1368,2127225341605001.2,763.7143,58586.0976,29.1478,13.925,synthetic_prototype_v1
SOL-00380,180.9826,2.041642093784031e+16,768.953,58972.598,32.4305,16.312,synthetic_prototype_v1
SOL-00381,143.3795,1.6118285634427928e+16,704.8155,56075.3927,26.1251,23.0,synthetic_prototype_v1
SOL-00382,82.7226,5622898733526984.0,506.7305,97669.4073,66.2958,8.0,synthetic_prototype_v1
SOL-00383,124.0749,1617457974267322.0,803.3023,43972.2031,71.2828,8.0099,synthetic_prototype_v1
SOL-00384,124.3493,2.045989799472916e+17,715.0816,79321.6278,15.8765,18.3051,synthetic_prototype_v1
SOL-00385,236.6974,6.38077529197769e+17,682.2124,86613.1364,23.3342,12.5404,synthetic_prototype_v1
SOL-00386,210.9663,3.009632029984095e+16,885.0775,90140.6862,22.7968,8.0,synthetic_prototype_v1
SOL-00387,176.6618,6398178431231874.0,719.7693,80507.9024,15.0,20.9417,synthetic_prototype_v1
SOL-00388,132.0903,3041844776235720.0,671.7694,91049.9497,17.0828,16.7745,synthetic_prototype_v1
SOL-00389,280.1665,2.5242881041704675e+17,791.2137,43111.2944,30.102,12.4812,synthetic_prototype_v1
SOL-00390,149.1079,7573105704965468.0,696.4822,84685.0791,27.3884,20.2863,synthetic_prototype_v1
SOL-00391,224.5302,5776612873574510.0,668.2935,112387.5039,33.7735,13.5912,synthetic_prototype_v1
SOL-00392,211.2048,6.321495660906889e+16,871.4113,90638.788,16.6045,12.3118,synthetic_prototype_v1
SOL-00393,130.5749,2.6936889760105148e+16,726.5203,90521.2466,29.1408,22.4963,synthetic_prototype_v1
SOL-00394,124.7771,7.101238393695866e+16,709.4061,72523.22,31.2406,21.3637,synthetic_prototype_v1
SOL-00395,135.572,1.1848713853000912e+17,749.7579,46788.3328,26.3196,18.1552,synthetic_prototype_v1
SOL-00396,142.086,2338365085597798.0,589.4971,72279.1331,46.5392,10.0714,synthetic_prototype_v1
SOL-00397,146.1016,8916611733526681.0,676.0117,89814.888,15.0,20.639,synthetic_prototype_v1
SOL-00398,225.2872,8477305361312494.0,784.3086,68681.0801,15.0,15.1125,synthetic_prototype_v1
SOL-00399,220.647,6.118333361932583e+16,681.7847,114378.4752,53.0014,14.8169,synthetic_prototype_v1
SOL-00400,220.1047,8217392585298963.0,687.7781,104563.1368,67.1854,8.0814,synthetic_prototype_v1
SOL-00401,106.1251,3.693107836011121e+16,695.5483,79872.7761,31.0957,20.0214,synthetic_prototype_v1
SOL-00402,104.7142,7911056467871466.0,821.7977,43889.095,15.9565,16.3066,synthetic_prototype_v1
SOL-00403,281.4217,6677766511860028.0,789.5889,99275.0828,40.1843,12.5354,synthetic_prototype_v1
SOL-00404,177.2335,6.2600112011363224e+16,827.3996,29019.6957,58.2633,8.0,synthetic_prototype_v1
SOL-00405,60.0634,9156978349400532.0,578.1973,97579.8777,63.9272,8.0,synthetic_prototype_v1
SOL-00406,54.4592,1.303568266029214e+16,877.579,28350.0915,47.8669,12.771,synthetic_prototype_v1
SOL-00407,91.152,1.829244174181687e+17,760.0849,97992.9261,64.078,8.0,synthetic_prototype_v1
SOL-00408,124.2171,4.332984134530403e+17,852.0224,21493.6944,49.1665,11.1296,synthetic_prototype_v1
SOL-00409,74.988,1.7331870611196992e+17,650.9878,63507.0144,27.0867,15.7292,synthetic_prototype_v1
SOL-00410,205.448,1485623852498152.5,797.5398,37803.8908,46.4009,10.4411,synthetic_prototype_v1
SOL-00411,205.6772,2.580169403535755e+17,835.915,108537.0898,35.2145,11.3488,synthetic_prototype_v1
SOL-00412,214.9966,1.966277928937136e+16,653.0842,46461.6576,65.6271,10.286,synthetic_prototype_v1
SOL-00413,283.2252,1.832665507920693e+17,561.0775,60560.65,22.3826,10.7974,synthetic_prototype_v1
SOL-00414,208.5586,3.0230997216225176e+16,887.565,97339.8762,36.6998,10.1994,synthetic_prototype_v1
SOL-00415,72.4383,9.034144610935461e+16,756.7253,119729.7276,43.2028,15.2996,synthetic_prototype_v1
SOL-00416,216.4212,7564978873367327.0,518.85,62863.465,38.3323,13.934,synthetic_prototype_v1
SOL-00417,62.8548,2.4399729652872458e+17,560.3679,63726.1576,62.3904,8.0,synthetic_prototype_v1
SOL-00418,184.0501,2.2927681287575984e+17,829.3169,88599.906,37.6021,13.4115,synthetic_prototype_v1
SOL-00419,158.8485,9462133242986500.0,693.7935,82596.5568,15.0,21.2477,synthetic_prototype_v1
SOL-00420,237.4264,1595364863570425.0,729.5613,116230.4534,34.645,9.7872,synthetic_prototype_v1
SOL-00421,72.2322,9.263655714891384e+16,544.9479,61704.4933,39.3736,11.8925,synthetic_prototype_v1
SOL-00422,250.1459,7.060071977364957e+17,764.2635,44168.1133,22.5712,10.9944,synthetic_prototype_v1
SOL-00423,188.7995,4570674750661171.0,826.9558,92952.9037,18.8241,13.4694,synthetic_prototype_v1
SOL-00424,163.5775,8.156195239253726e+16,752.8486,40347.6412,27.7512,20.7907,synthetic_prototype_v1
SOL-00425,272.4748,1.5040099318301494e+17,652.2652,66451.2869,46.0277,12.8479,synthetic_prototype_v1
SOL-00426,213.0644,9566616521283598.0,755.7628,57523.3642,47.6322,14.5842,synthetic_prototype_v1
SOL-00427,92.8228,2.1382871646274387e+17,525.7396,72056.0874,30.9121,10.6081,synthetic_prototype_v1
SOL-00428,64.9561,9348034612163932.0,821.3398,45849.3474,25.5569,15.0509,synthetic_prototype_v1
SOL-00429,287.1614,1.0743115156246464e+16,606.6423,98775.5924,38.2681,9.5921,synthetic_prototype_v1
SOL-00430,155.6835,1317728003135160.8,625.679,76067.0769,57.59,8.8984,synthetic_prototype_v1
SOL-00431,191.6052,1113633021369893.6,564.4348,107365.8732,65.93,8.0,synthetic_prototype_v1
SOL-00432,114.1804,6714231347735579.0,670.321,30528.5142,31.7155,15.4786,synthetic_prototype_v1
SOL-00433,256.8602,7.425495566252918e+16,808.643,67313.0046,30.915,12.4794,synthetic_prototype_v1
SOL-00434,61.8431,3.912154794717624e+17,705.7047,51089.3927,55.9998,10.4322,synthetic_prototype_v1
SOL-00435,267.8523,2619341654083598.0,803.0458,69537.0073,35.7307,13.2175,synthetic_prototype_v1
SOL-00436,159.1793,2.522435696105338e+16,696.1594,89421.706,30.3119,22.6747,synthetic_prototype_v1
SOL-00437,82.7262,1.4093921189731516e+16,712.0022,54772.856,21.3079,17.6887,synthetic_prototype_v1
SOL-00438,251.1911,4.4141965167990534e+17,761.2254,47666.4064,17.1551,13.5946,synthetic_prototype_v1
SOL-00439,55.8069,1.3803689558050696e+16,514.9339,60352.0142,63.9533,8.0,synthetic_prototype_v1
SOL-00440,118.8518,1.4232498507503206e+16,582.3776,61317.3165,33.1339,14.4281,synthetic_prototype_v1
SOL-00441,128.9823,1.133006898639162e+16,575.5783,117283.5948,43.1606,14.3235,synthetic_prototype_v1
SOL-00442,183.4764,4027764222237984.5,595.9713,20127.3746,23.0099,13.5455,synthetic_prototype_v1
SOL-00443,285.8456,1345890576115818.0,544.6464,30919.4747,74.8797,10.2341,synthetic_prototype_v1
SOL-00444,136.1602,2053071445657866.5,681.2104,108668.2106,21.4981,13.8385,synthetic_prototype_v1
SOL-00445,292.7212,1.2938525453043474e+16,660.608,41623.8299,41.4905,12.3364,synthetic_prototype_v1
SOL-00446,81.7338,4.95957358307941e+16,894.1184,20636.1972,44.1718,11.4515,synthetic_prototype_v1
SOL-00447,70.6825,5.319672030214407e+16,610.8521,82285.0949,72.4115,8.0,synthetic_prototype_v1
SOL-00448,160.2418,2.0944063424677844e+16,640.8925,83615.1211,24.9268,21.1792,synthetic_prototype_v1
SOL-00449,180.8552,6.947183307670546e+16,724.8823,69774.7248,23.2005,20.4667,synthetic_prototype_v1
SOL-00450,84.9421,5.051660502686979e+16,736.5951,80219.4921,55.6545,12.3852,synthetic_prototype_v1
SOL-00451,121.18,1.7034305063734098e+16,818.4595,32749.7091,32.6974,16.974,synthetic_prototype_v1
SOL-00452,195.7699,4.666401433507214e+16,673.2331,40531.712,41.4496,16.9116,synthetic_prototype_v1
SOL-00453,131.9519,4395783665240829.5,865.5324,37965.3227,74.4015,8.2471,synthetic_prototype_v1
SOL-00454,234.211,1.0065799966343971e+17,709.575,60977.4754,42.7449,16.1877,synthetic_prototype_v1
SOL-00455,241.2497,5469442419364907.0,854.2652,69995.746,57.3005,10.2652,synthetic_prototype_v1
SOL-00456,189.3959,7.534394755216931e+16,537.0511,21955.275,38.7008,14.3956,synthetic_prototype_v1
SOL-00457,218.5488,3.0918138774237456e+16,608.3452,32083.4626,46.1227,12.6125,synthetic_prototype_v1
SOL-00458,298.7061,9.16139480583664e+16,641.9648,53555.7697,30.0151,12.1731,synthetic_prototype_v1
SOL-00459,150.1076,2.713588049267794e+16,764.2241,74755.8541,28.5473,18.0587,synthetic_prototype_v1
SOL-00460,168.3724,1.2069668227649356e+16,619.2489,79728.0871,29.5884,18.187,synthetic_prototype_v1
SOL-00461,237.2212,1.0121276921573394e+16,686.4713,88756.3977,30.6531,14.1888,synthetic_prototype_v1
SOL-00462,171.0873,4.533582819159961e+16,675.8653,60951.3781,21.3573,23.0,synthetic_prototype_v1
SOL-00463,133.3352,3136071322374639.0,704.6725,46224.7132,37.1743,15.2315,synthetic_prototype_v1
SOL-00464,121.5118,3567940895185659.5,542.2419,104325.4363,55.4123,11.5984,synthetic_prototype_v1
SOL-00465,177.1123,9482485466745266.0,574.7905,95690.2504,29.6667,15.0558,synthetic_prototype_v1
SOL-00466,281.5455,3.8454147402106424e+16,782.6717,21495.7556,63.3318,8.0,synthetic_prototype_v1
SOL-00467,204.7798,1072477061264623.4,802.2786,22257.7323,40.5238,11.1576,synthetic_prototype_v1
SOL-00468,114.3431,1.5559715525281716e+16,836.1366,29406.0609,69.8273,8.5577,synthetic_prototype_v1
SOL-00469,98.7928,2.6385278248682196e+16,694.1499,47344.5868,20.2878,17.5179,synthetic_prototype_v1
SOL-00470,234.9425,3028240860583386.5,872.6858,65263.9803,74.3726,8.6574,synthetic_prototype_v1
SOL-00471,101.9293,8323811769468210.0,779.4188,27906.7171,63.7768,8.1253,synthetic_prototype_v1
SOL-00472,97.0261,6.173223540900401e+16,866.5546,42546.7638,33.9577,11.1758,synthetic_prototype_v1
SOL-00473,266.8727,1.9676816907990304e+16,729.7849,95133.734,41.6656,17.0793,synthetic_prototype_v1
SOL-00474,190.6288,1.2755303191058976e+17,685.5556,64360.0525,24.344,21.4818,synthetic_prototype_v1
SOL-00475,76.1538,1.7946151403453987e+17,632.9661,27589.8841,18.7189,15.214,synthetic_prototype_v1
SOL-00476,297.9436,2006476757775396.2,842.8962,36237.0104,22.7137,10.0699,synthetic_prototype_v1
SOL-00477,252.9971,3349769213950179.5,722.2849,98424.2353,64.1589,8.0,synthetic_prototype_v1
SOL-00478,213.1418,2329305988286468.5,570.7395,77628.4321,38.3988,12.5457,synthetic_prototype_v1
SOL-00479,195.3964,2.6325880228906957e+17,732.6277,40795.8029,36.5403,12.5054,synthetic_prototype_v1
SOL-00480,230.7785,2514707663397306.0,649.6363,75663.9173,64.185,8.7452,synthetic_prototype_v1
SOL-00481,137.7508,6.549510776578369e+16,619.0091,53873.3132,41.3323,15.4864,synthetic_prototype_v1
SOL-00482,262.7829,1006862072635690.9,899.5453,118906.7513,40.6927,10.6978,synthetic_prototype_v1
SOL-00483,185.1192,1.2911428737495742e+17,853.4126,31305.2646,74.7227,8.0,synthetic_prototype_v1
SOL-00484,164.101,8803095936325538.0,501.1485,53361.9609,62.0663,8.0,synthetic_prototype_v1
SOL-00485,123.652,5.728412303362526e+16,669.2009,44916.1659,33.8824,20.4476,synthetic_prototype_v1
SOL-00486,188.0407,9.705309776743532e+17,685.8746,89719.1571,71.4501,8.3193,synthetic_prototype_v1
SOL-00487,173.0383,5544226635954411.0,768.1458,44118.331,70.7882,9.1134,synthetic_prototype_v1
SOL-00488,162.0565,1.350809294118431e+16,754.5609,99602.852,31.6782,21.0764,synthetic_prototype_v1
SOL-00489,210.6208,1.820751581730027e+16,601.9604,113155.466,65.8268,8.0,synthetic_prototype_v1
SOL-00490,130.5539,4.3146362971452563e+17,790.8594,50428.9828,16.4649,14.5415,synthetic_prototype_v1
SOL-00491,150.7851,3709406354679626.5,673.4997,115033.9847,68.1914,8.0,synthetic_prototype_v1
SOL-00492,52.6819,1.459172487646924e+17,562.3605,41270.4805,38.3418,13.8403,synthetic_prototype_v1
SOL-00493,75.91,5501370097651773.0,781.11,79949.1407,23.2377,13.2072,synthetic_prototype_v1
SOL-00494,148.9841,9738408414304114.0,719.135,65863.1757,20.3189,20.3948,synthetic_prototype_v1
SOL-00495,195.0601,7112420892391018.0,809.445,32041.1536,46.1159,12.5087,synthetic_prototype_v1
SOL-00496,168.9834,3.677925881186413e+16,628.4427,73398.3752,26.9423,20.2452,synthetic_prototype_v1
SOL-00497,110.207,1.3391633560197768e+17,590.7366,26292.0706,19.2985,12.9527,synthetic_prototype_v1
SOL-00498,178.6458,6.147778738516172e+16,670.3466,21446.4115,23.2307,19.1095,synthetic_prototype_v1
SOL-00499,218.8498,4.522271173957841e+16,668.9765,48941.0628,26.2092,15.3645,synthetic_prototype_v1
SOL-00500,162.1518,1.2193224426601264e+17,697.9389,82786.0349,31.5919,19.8351,synthetic_prototype_v1
SOL-00501,213.8794,2.8022060473894662e+17,514.8824,34736.3267,31.0675,11.5301,synthetic_prototype_v1
SOL-00502,207.7664,7.334805152597338e+16,549.2642,113404.1192,30.3479,14.1717,synthetic_prototype_v1
SOL-00503,191.862,1.0446898889835432e+16,537.3385,49360.8104,24.9933,15.6368,synthetic_prototype_v1
SOL-00504,116.6158,5.869391635100918e+17,814.3867,80085.8121,53.7334,11.1126,synthetic_prototype_v1
SOL-00505,187.5599,1.9155238889666364e+16,841.6335,57843.9332,23.3969,11.5604,synthetic_prototype_v1
SOL-00506,250.6762,1.7739462887359074e+16,769.288,109171.7064,29.195,15.2023,synthetic_prototype_v1
SOL-00507,255.1695,1.5627046214610798e+16,733.3968,78272.7398,15.0,14.4315,synthetic_prototype_v1
SOL-00508,242.4827,1.6149298471901732e+16,759.6089,62556.6021,26.086,14.521,synthetic_prototype_v1
SOL-00509,283.9844,1.0903139866261438e+16,510.3268,97399.8822,19.9024,12.3271,synthetic_prototype_v1
SOL-00510,151.469,2.7027390181965664e+16,673.6982,91799.9104,28.6483,23.0,synthetic_prototype_v1
SOL-00511,240.4546,4.008941857113667e+16,690.1995,48135.4155,20.16,18.105,synthetic_prototype_v1
SOL-00512,85.5496,2.1234891768614234e+17,755.6266,83109.0839,19.1951,14.0084,synthetic_prototype_v1
SOL-00513,87.6135,1.093058399994946e+16,562.2382,44383.2119,58.1721,8.5656,synthetic_prototype_v1
SOL-00514,226.1384,7398274733599073.0,728.5945,76402.2426,29.1582,13.9813,synthetic_prototype_v1
SOL-00515,88.4909,4.006762465287969e+17,562.7096,56853.5468,31.2778,14.0346,synthetic_prototype_v1
SOL-00516,117.2826,4.064052706609386e+16,591.0966,79063.4078,71.6181,8.0,synthetic_prototype_v1
SOL-00517,260.6637,2362362527185509.0,744.3491,35829.8917,57.4025,10.5564,synthetic_prototype_v1
SOL-00518,84.9492,2078868750420438.0,670.654,104158.8597,38.7633,12.6598,synthetic_prototype_v1
SOL-00519,123.3984,2.6087553520561444e+16,730.9356,84821.9335,44.0385,18.0381,synthetic_prototype_v1
SOL-00520,133.4094,5.266667562108867e+16,577.6407,40241.5434,63.0434,8.0,synthetic_prototype_v1
SOL-00521,239.3374,1192876578198478.8,835.3247,56111.9943,23.0825,11.2144,synthetic_prototype_v1
SOL-00522,143.4306,1.2650890378217366e+16,598.1282,55227.251,17.4516,15.6641,synthetic_prototype_v1
SOL-00523,146.1261,5345915980667159.0,599.7343,113227.9448,73.4931,10.9355,synthetic_prototype_v1
SOL-00524,147.594,2.9961023852839096e+16,633.2149,82469.2669,41.4391,17.6909,synthetic_prototype_v1
SOL-00525,279.8114,1.6740706530008274e+16,507.8777,51236.9805,28.97,10.4981,synthetic_prototype_v1
SOL-00526,61.8126,8348402912109850.0,721.7839,24461.3972,50.969,12.84,synthetic_prototype_v1
SOL-00527,181.3852,5.2263359041022144e+17,711.9383,77288.3365,20.395,13.6885,synthetic_prototype_v1
SOL-00528,233.3666,8041856166908132.0,870.6351,49539.3284,60.9208,9.0282,synthetic_prototype_v1
SOL-00529,151.8822,3.2408078258592692e+16,635.3221,95548.4152,23.4137,22.6689,synthetic_prototype_v1
SOL-00530,60.4035,3190170845747798.0,558.109,104554.4643,68.7661,8.6672,synthetic_prototype_v1
SOL-00531,151.657,1.277538024607841e+16,727.5674,78189.7672,29.1956,18.9626,synthetic_prototype_v1
SOL-00532,115.6895,1.168970065770426e+16,627.6631,73720.4327,29.7462,19.3782,synthetic_prototype_v1
SOL-00533,277.4494,2.449855224492897e+16,792.4656,21382.6914,26.9993,11.143,synthetic_prototype_v1
SOL-00534,95.1765,6.660714641116452e+17,779.3186,106066.7466,45.7934,11.635,synthetic_prototype_v1
SOL-00535,250.241,1.3613381634142192e+16,621.4634,85555.5112,41.0052,14.1407,synthetic_prototype_v1
SOL-00536,142.2471,1.2376109081254044e+16,759.7939,74460.3344,15.7298,21.4981,synthetic_prototype_v1
SOL-00537,70.4225,1.010787410103517e+16,617.0329,70044.3547,25.6022,13.953,synthetic_prototype_v1
SOL-00538,270.0951,7.245938241409974e+16,562.5649,77111.6102,68.2327,11.6308,synthetic_prototype_v1
SOL-00539,179.9649,9099945172232058.0,766.2598,74852.2696,24.905,18.4629,synthetic_prototype_v1
SOL-00540,142.621,2.035908712334952e+16,695.6756,74987.9088,36.0471,22.2218,synthetic_prototype_v1
SOL-00541,278.2884,1569754379695316.8,628.7114,114686.9752,29.2822,8.7846,synthetic_prototype_v1
SOL-00542,287.7987,4.4326431213865624e+16,617.8484,61323.3008,23.2287,12.3518,synthetic_prototype_v1
SOL-00543,236.1905,1767192942143487.5,820.0994,116715.6644,15.2365,12.7076,synthetic_prototype_v1
SOL-00544,237.5665,2.9779033485964236e+16,581.7899,27817.5933,19.0804,12.8429,synthetic_prototype_v1
SOL-00545,85.9744,6.131600517394129e+16,558.6156,22597.756,62.4944,8.4621,synthetic_prototype_v1
SOL-00546,125.6201,4.807934275071388e+16,545.3726,107584.5321,56.574,9.7232,synthetic_prototype_v1
SOL-00547,168.258,2.2569444745897264e+16,695.0794,69248.0103,29.4085,22.4549,synthetic_prototype_v1
SOL-00548,164.9007,3.4889221573714932e+16,786.4588,65042.1164,29.5783,19.6868,synthetic_prototype_v1
SOL-00549,74.7311,6.761974448066968e+16,742.7887,23532.7445,48.0965,12.6561,synthetic_prototype_v1
SOL-00550,208.837,5.6818441525556056e+16,677.8252,72724.1829,25.314,15.467,synthetic_prototype_v1
SOL-00551,120.7057,9.190157663516678e+16,632.4541,84203.0219,15.0,16.4196,synthetic_prototype_v1
SOL-00552,208.6573,6.705380507462719e+16,801.7725,112569.7267,35.1229,11.794,synthetic_prototype_v1
SOL-00553,79.461,4.8957669528141306e+17,874.9245,94859.1412,68.1696,8.9741,synthetic_prototype_v1
SOL-00554,248.6876,1.889156293860886e+16,845.3968,54558.1953,66.5912,8.0,synthetic_prototype_v1
SOL-00555,98.2604,2.1986303485593044e+16,650.2239,56454.6849,63.3177,8.0,synthetic_prototype_v1
SOL-00556,123.74,1.6671561336709644e+16,739.2646,49581.9028,15.0,20.4049,synthetic_prototype_v1
SOL-00557,269.5369,3.1123712032881692e+16,702.2624,51566.7972,36.6786,13.3639,synthetic_prototype_v1
SOL-00558,80.6895,1.6576516952642006e+17,891.3481,29393.6397,51.9787,11.7331,synthetic_prototype_v1
SOL-00559,118.2096,9330771713214566.0,714.0359,65295.7341,29.4435,19.6766,synthetic_prototype_v1
SOL-00560,213.1717,1.3454220148064912e+17,661.2195,57999.713,61.2565,9.0727,synthetic_prototype_v1
SOL-00561,240.2849,6.95979440590637e+16,520.8355,98103.3408,61.922,8.0,synthetic_prototype_v1
SOL-00562,207.503,8.065362263536742e+16,725.0812,57287.5472,58.4779,11.652,synthetic_prototype_v1
SOL-00563,75.418,2402017924414967.5,798.3541,30204.2998,74.1397,8.0,synthetic_prototype_v1
SOL-00564,78.926,9858943556946726.0,777.2391,60682.0453,44.2181,12.227,synthetic_prototype_v1
SOL-00565,165.649,1.5181821171177216e+17,720.2337,83336.0822,21.8359,17.1908,synthetic_prototype_v1
SOL-00566,131.1986,1.2716851236231064e+16,649.0141,98774.4678,22.294,20.9078,synthetic_prototype_v1
SOL-00567,79.8153,7.229159574440982e+16,724.4883,89932.8695,22.8363,13.7689,synthetic_prototype_v1
SOL-00568,125.068,1.7434095862501018e+16,502.7126,118819.2121,39.8646,12.318,synthetic_prototype_v1
SOL-00569,98.2563,2808893146563326.5,885.463,66913.1998,25.7961,9.8312,synthetic_prototype_v1
SOL-00570,154.6437,9010557529775996.0,753.5522,102639.6304,34.5574,19.8275,synthetic_prototype_v1
SOL-00571,236.517,1625299552169563.0,782.6994,55485.7341,46.1828,12.6766,synthetic_prototype_v1
SOL-00572,194.52,5.7445475162537976e+16,738.2909,40259.8041,15.0,20.6887,synthetic_prototype_v1
SOL-00573,201.0997,1.4909319389319996e+16,766.2464,43764.4695,15.0481,15.3903,synthetic_prototype_v1
SOL-00574,88.3211,3.46572938687057e+17,673.494,25550.3629,63.1341,8.0,synthetic_prototype_v1
SOL-00575,60.5876,4.567449360378553e+17,853.3525,59465.719,42.1589,10.3122,synthetic_prototype_v1
SOL-00576,150.7199,3.218511406790292e+17,732.7219,41117.692,36.7364,14.2501,synthetic_prototype_v1
SOL-00577,243.584,2879394212584037.5,535.5469,43892.2713,33.1028,12.8742,synthetic_prototype_v1
SOL-00578,220.7622,5295939485197380.0,594.3569,38572.8443,51.6501,13.5755,synthetic_prototype_v1
SOL-00579,140.384,1.1369524354876315e+17,646.4766,56192.5488,38.8543,17.3882,synthetic_prototype_v1
SOL-00580,132.5189,4.571324691361114e+16,647.8673,87930.821,46.0989,18.6805,synthetic_prototype_v1
SOL-00581,195.6009,2.8329176192621556e+16,657.872,41612.901,36.1494,15.9825,synthetic_prototype_v1
SOL-00582,185.0683,7819731049756168.0,714.5423,52258.5316,16.4393,17.636,synthetic_prototype_v1
SOL-00583,162.8178,8.127283057763928e+16,682.587,65142.8971,17.1116,21.3793,synthetic_prototype_v1
SOL-00584,173.1914,1.6020232834667504e+16,724.7807,94567.6768,35.2887,21.5298,synthetic_prototype_v1
SOL-00585,200.4437,1.3053295701681603e+17,513.2237,80822.1897,51.2582,12.1239,synthetic_prototype_v1
SOL-00586,172.047,4.110509441313648e+16,741.3451,77480.9946,25.6661,23.0,synthetic_prototype_v1
SOL-00587,180.3608,7.306334220009048e+16,890.6681,34668.787,23.0905,8.6408,synthetic_prototype_v1
SOL-00588,176.3336,1.2062033170242966e+16,640.4829,74085.6803,21.1342,20.2022,synthetic_prototype_v1
SOL-00589,120.0103,3.5065532434849052e+16,651.8191,76535.3363,43.1127,20.022,synthetic_prototype_v1
SOL-00590,215.7161,1452656510500550.2,814.1776,114740.8094,69.4599,8.8121,synthetic_prototype_v1
SOL-00591,238.4427,8.59267174325541e+17,882.3937,80820.8511,37.5734,8.8007,synthetic_prototype_v1
SOL-00592,201.5907,2.309829140790702e+17,761.3925,56058.7547,58.1572,12.5184,synthetic_prototype_v1
SOL-00593,242.1569,8.98990546036098e+17,710.8088,60526.9459,39.0053,13.3694,synthetic_prototype_v1
SOL-00594,184.9897,1.7027801023865894e+17,635.041,45647.7629,19.8821,15.6799,synthetic_prototype_v1
SOL-00595,140.2979,5911653114570351.0,643.5392,62269.4622,15.5226,18.4274,synthetic_prototype_v1
SOL-00596,236.9975,3.697535910170382e+17,738.7352,74825.7781,74.9432,8.0,synthetic_prototype_v1
SOL-00597,181.5151,1.3144144808258683e+17,704.175,23328.157,23.7419,16.0358,synthetic_prototype_v1
SOL-00598,196.6081,4033409417319001.5,645.4485,48586.1856,31.9976,15.8755,synthetic_prototype_v1
SOL-00599,201.8029,4.417313980816415e+17,838.3143,91809.9785,69.1717,8.7192,synthetic_prototype_v1
SOL-00600,216.0784,2.521920271301914e+17,883.037,47336.515,73.4489,8.5311,synthetic_prototype_v1
SOL-00601,76.3195,1.9726191437922284e+16,758.379,50462.7388,60.5598,8.7318,synthetic_prototype_v1
SOL-00602,275.6633,1842113171334064.5,600.2036,105896.833,21.6693,13.4791,synthetic_prototype_v1
SOL-00603,192.9877,1.5172153356756675e+17,831.5724,21058.5346,44.2525,13.091,synthetic_prototype_v1
SOL-00604,154.8252,5.848741980670986e+16,640.8331,59010.9712,45.8684,18.2041,synthetic_prototype_v1
SOL-00605,148.015,5829438149668719.0,539.3638,77704.7479,52.889,11.2568,synthetic_prototype_v1
SOL-00606,58.0373,1326202887995413.5,764.0703,92410.4083,55.4337,10.1787,synthetic_prototype_v1
SOL-00607,111.4249,2411459726496916.5,783.2876,118605.0357,38.0657,12.355,synthetic_prototype_v1
SOL-00608,87.4854,1.7215679623923286e+16,892.4735,88671.4456,18.1358,10.6783,synthetic_prototype_v1
SOL-00609,263.1953,1293989872196642.8,517.3369,39785.5641,34.0376,9.9137,synthetic_prototype_v1
SOL-00610,225.6874,2.3066284297486216e+16,661.2806,73704.3943,26.468,16.3817,synthetic_prototype_v1
SOL-00611,132.1078,1.7005927908161472e+16,741.3007,69956.2497,21.9864,17.0531,synthetic_prototype_v1
SOL-00612,296.5074,1.0569634426793174e+16,592.0845,50202.9432,22.4932,13.3251,synthetic_prototype_v1
SOL-00613,50.0,3.7197897449379336e+16,609.6258,50485.3218,39.9432,10.8139,synthetic_prototype_v1
SOL-00614,224.1702,1.1123248801263762e+16,690.8409,55831.3925,16.7778,16.2758,synthetic_prototype_v1
SOL-00615,165.9585,1.1925995816688848e+17,690.1131,96474.5046,36.7815,20.4287,synthetic_prototype_v1
SOL-00616,179.0031,8.81984301730083e+16,689.113,92024.6037,24.8805,21.4339,synthetic_prototype_v1
SOL-00617,205.0367,7923931071565764.0,761.9741,58785.3074,48.0821,16.0152,synthetic_prototype_v1
SOL-00618,137.0079,2.5822808870509315e+17,828.3118,27893.9676,59.3479,9.4112,synthetic_prototype_v1
SOL-00619,273.2631,9208778785748052.0,558.9338,81261.5829,36.0537,10.4633,synthetic_prototype_v1
SOL-00620,208.8901,7.061649608438326e+17,809.5582,47503.756,18.3971,12.2972,synthetic_prototype_v1
SOL-00621,76.8218,7478074718041546.0,823.573,76214.8632,37.2485,12.3661,synthetic_prototype_v1
SOL-00622,170.594,6.63487880811e+17,737.9977,36169.0018,57.1634,11.3882,synthetic_prototype_v1
SOL-00623,212.5313,4.654848517260836e+17,784.3551,117332.6724,50.1161,10.5447,synthetic_prototype_v1
SOL-00624,182.9715,1.7212482688156835e+17,648.6009,106636.2963,50.8212,15.3535,synthetic_prototype_v1
SOL-00625,234.4494,7.652116093042696e+17,520.6431,59018.1028,74.6001,8.0,synthetic_prototype_v1
SOL-00626,203.0553,1.1619306620037064e+16,524.1854,99266.7434,27.6308,9.7189,synthetic_prototype_v1
SOL-00627,263.4961,2.3551619428528003e+17,514.1558,22265.8341,18.2351,12.9523,synthetic_prototype_v1
SOL-00628,297.9519,2.252920161106797e+16,726.0198,84005.2309,54.0612,8.3881,synthetic_prototype_v1
SOL-00629,227.2038,8.547202642935781e+16,762.3251,63452.527,31.1202,15.4333,synthetic_prototype_v1
SOL-00630,178.183,1089925916645683.0,686.3006,81749.8932,69.046,8.6536,synthetic_prototype_v1
SOL-00631,85.0623,3.2519992361803104e+17,763.1025,108673.4652,70.6895,8.0,synthetic_prototype_v1
SOL-00632,268.6438,2204631238809274.8,867.3695,97874.3714,40.5217,9.4579,synthetic_prototype_v1
SOL-00633,175.1652,5357443330411762.0,628.6236,99057.7045,32.8667,17.4832,synthetic_prototype_v1
SOL-00634,167.0801,8401965349009963.0,500.3821,98902.4734,45.0125,14.5854,synthetic_prototype_v1
SOL-00635,116.4675,1.457444666414561e+16,790.3846,114516.5517,25.2624,16.8717,synthetic_prototype_v1
SOL-00636,131.4319,6.990824643185735e+16,642.0604,82964.1426,21.5838,18.6773,synthetic_prototype_v1
SOL-00637,62.7401,6682094627011916.0,599.1118,23801.9871,31.9613,13.5867,synthetic_prototype_v1
SOL-00638,77.286,1370840277790275.2,562.2183,103711.0513,33.5633,13.7206,synthetic_prototype_v1
SOL-00639,158.2482,1.537734235013005e+16,682.4518,63789.9455,38.7977,20.6718,synthetic_prototype_v1
SOL-00640,104.2239,3.852517203220131e+16,676.1897,66948.9229,20.3018,19.7595,synthetic_prototype_v1
SOL-00641,266.2751,1.67625628710402e+17,864.8548,28284.6046,54.832,8.9873,synthetic_prototype_v1
SOL-00642,103.4577,3.660838786378449e+17,557.7806,109766.221,64.2767,10.1296,synthetic_prototype_v1
SOL-00643,143.6316,1.5572004235939728e+16,694.9089,61761.4001,17.4973,22.4723,synthetic_prototype_v1
SOL-00644,269.5914,5.09224880288753e+17,728.1932,69097.9838,36.2223,13.3129,synthetic_prototype_v1
SOL-00645,50.1297,6830307191411628.0,877.1058,85054.5057,72.6642,8.0,synthetic_prototype_v1
SOL-00646,245.74,1047483890299768.2,561.8059,119212.8156,47.6236,11.1668,synthetic_prototype_v1
SOL-00647,103.7828,3.299472149823347e+16,675.1158,61738.8552,53.0352,18.4223,synthetic_prototype_v1
SOL-00648,146.5112,2.6914398416380776e+16,732.7877,78472.2458,18.8424,23.0,synthetic_prototype_v1
SOL-00649,87.5465,5014803262183169.0,751.4409,65658.8495,23.1753,16.2024,synthetic_prototype_v1
SOL-00650,50.0,7812420492686394.0,804.4526,79942.0922,38.6567,14.7239,synthetic_prototype_v1
SOL-00651,107.0632,1.1720670339600318e+16,756.4257,34559.7638,17.1225,17.974,synthetic_prototype_v1
SOL-00652,223.6995,4.891100997411012e+16,707.5257,100028.3617,57.5637,12.054,synthetic_prototype_v1
SOL-00653,177.0418,3.228388262827281e+16,514.91,54190.3306,23.5225,15.8592,synthetic_prototype_v1
SOL-00654,121.2056,1.3356988893578556e+16,772.3923,48203.1171,18.7556,18.8087,synthetic_prototype_v1
SOL-00655,219.494,1.5638588423373586e+16,635.0317,99935.4627,27.0237,15.9432,synthetic_prototype_v1
SOL-00656,267.2634,3.6136136848999784e+16,654.9226,36919.7266,33.4685,13.2879,synthetic_prototype_v1
SOL-00657,224.5291,1.1450259767095496e+16,678.9876,75967.9803,33.8261,15.7065,synthetic_prototype_v1
SOL-00658,143.7199,2.234019250359429e+16,703.4493,63876.2146,34.7744,20.4605,synthetic_prototype_v1
SOL-00659,152.2719,6.684483379607795e+16,682.6616,93724.6882,15.0,23.0,synthetic_prototype_v1
SOL-00660,136.1989,7.196803067192036e+16,755.2481,44483.1959,20.4578,19.0585,synthetic_prototype_v1
SOL-00661,95.3304,1.627253596776772e+17,553.0909,54587.1023,63.6053,10.9376,synthetic_prototype_v1
SOL-00662,91.6508,5.027005260379689e+16,725.456,79478.4378,15.0,19.6914,synthetic_prototype_v1
SOL-00663,178.191,1.6174454248132936e+16,771.2844,97697.4074,29.755,19.9904,synthetic_prototype_v1
SOL-00664,77.673,2.690353952826542e+17,551.7004,23886.5636,67.5263,8.8395,synthetic_prototype_v1
SOL-00665,225.9444,1.0493054559048394e+16,807.5269,115725.5048,23.5694,12.9593,synthetic_prototype_v1
SOL-00666,92.0002,5572770297555890.0,551.6196,75738.6221,26.3668,12.7969,synthetic_prototype_v1
SOL-00667,85.526,5.700720043293139e+16,525.0818,79838.4075,60.0609,9.9783,synthetic_prototype_v1
SOL-00668,162.1852,2.056465950143656e+16,677.4458,91517.8103,35.4474,20.242,synthetic_prototype_v1
SOL-00669,163.838,1.103823918295733e+17,794.9058,70918.2783,26.7274,14.6985,synthetic_prototype_v1
SOL-00670,292.7838,1.0496231283567768e+16,751.5638,98615.0439,21.9817,11.4301,synthetic_prototype_v1
SOL-00671,61.1623,3617564326100334.5,534.3636,72545.8652,70.3803,8.4923,synthetic_prototype_v1
SOL-00672,170.9389,3.781323198804643e+17,733.2413,80980.3529,31.6645,16.6958,synthetic_prototype_v1
SOL-00673,130.0175,1.2322528018182644e+16,778.1834,75988.272,24.8288,18.2603,synthetic_prototype_v1
SOL-00674,188.3852,4.707559017622612e+16,682.3939,71697.7989,74.6349,9.7756,synthetic_prototype_v1
SOL-00675,146.8035,4287767649980613.0,657.7961,44991.7029,16.0847,19.0607,synthetic_prototype_v1
SOL-00676,125.5368,1.372533834507125e+17,680.5667,99570.3826,34.9788,20.7486,synthetic_prototype_v1
SOL-00677,140.3247,2.5993899883478092e+16,647.3536,77473.8378,15.0075,19.9126,synthetic_prototype_v1
SOL-00678,137.3909,4.758217143834509e+17,786.7706,34610.0709,57.3472,10.9831,synthetic_prototype_v1
SOL-00679,54.145,2523083698718171.5,781.2958,92926.3279,61.4304,8.0,synthetic_prototype_v1
SOL-00680,90.7179,4226063298367595.5,639.4506,23192.9478,41.0458,11.9368,synthetic_prototype_v1
SOL-00681,198.0687,2721087269954523.0,874.0808,44333.8878,24.6259,11.662,synthetic_prototype_v1
SOL-00682,226.206,1.1166912312099872e+16,678.1869,86477.9138,28.6222,19.6357,synthetic_prototype_v1
SOL-00683,58.7792,6871149695797910.0,544.938,117338.3197,45.5488,12.5587,synthetic_prototype_v1
SOL-00684,210.5794,3.236261874297095e+17,766.4524,33210.7361,16.3316,12.7272,synthetic_prototype_v1
SOL-00685,219.8818,2.5736342030244388e+16,866.664,108751.2215,23.4874,13.1908,synthetic_prototype_v1
SOL-00686,122.0065,2.01573007044011e+16,717.6917,57797.4645,26.8566,21.3959,synthetic_prototype_v1
SOL-00687,206.4974,1.2594256055472498e+16,866.6559,82407.7967,25.5615,11.7584,synthetic_prototype_v1
SOL-00688,166.5819,2.930820006195153e+16,617.143,99865.9571,20.8449,18.9612,synthetic_prototype_v1
SOL-00689,68.7543,9.588507814156184e+16,666.9663,73100.5432,68.8129,10.1913,synthetic_prototype_v1
SOL-00690,131.3357,2.983302568393112e+16,838.9402,108761.0527,37.4787,14.7709,synthetic_prototype_v1
SOL-00691,100.6306,1.7830299992619824e+16,544.2961,115674.8368,18.195,13.323,synthetic_prototype_v1
SOL-00692,188.5714,2958243864557356.5,845.5438,92712.3665,47.211,10.6237,synthetic_prototype_v1
SOL-00693,141.5839,1.0406836144399325e+17,624.6396,115689.2778,24.5305,17.1389,synthetic_prototype_v1
SOL-00694,245.5528,3.2295158064510652e+16,505.899,62073.2284,68.7376,8.0,synthetic_prototype_v1
SOL-00695,218.3185,2.1989895009727492e+16,751.611,87432.8752,23.8156,17.9563,synthetic_prototype_v1
SOL-00696,138.0127,9.815947516102756e+17,778.3135,83114.4865,40.003,12.326,synthetic_prototype_v1
SOL-00697,222.4405,2892050275422871.0,884.6133,41034.3595,74.6554,9.3022,synthetic_prototype_v1
SOL-00698,286.5068,9401929545473818.0,888.6304,45571.1754,44.809,9.5258,synthetic_prototype_v1
SOL-00699,185.5911,1.3893800038151074e+16,636.6817,95070.2551,66.588,8.0,synthetic_prototype_v1
SOL-00700,92.436,1.1031686393875958e+16,781.9781,77320.5952,34.9758,12.3838,synthetic_prototype_v1
SOL-00701,297.5971,2419062856041609.0,551.3513,117676.1738,28.0243,12.9165,synthetic_prototype_v1
SOL-00702,180.0575,1322195863638796.8,811.7012,25739.9126,45.0328,9.1945,synthetic_prototype_v1
SOL-00703,171.6205,9227872814081580.0,655.815,40140.7958,27.5728,19.2696,synthetic_prototype_v1
SOL-00704,156.8795,2.8495739143279436e+16,682.0356,73773.894,38.7714,19.0321,synthetic_prototype_v1
SOL-00705,182.6504,1753561682096259.5,732.7414,92553.4476,29.5955,14.689,synthetic_prototype_v1
SOL-00706,109.5279,8.573071701071363e+16,654.0815,85854.3616,20.0195,16.1715,synthetic_prototype_v1
SOL-00707,226.2096,4624783906876304.0,823.3998,117770.9456,62.2323,8.9192,synthetic_prototype_v1
SOL-00708,106.104,1.585019264649217e+17,616.3346,80583.2954,38.8229,15.5452,synthetic_prototype_v1
SOL-00709,272.9193,6014877076307259.0,586.5598,110309.5755,30.6862,11.9704,synthetic_prototype_v1
SOL-00710,189.0476,4631289600985152.0,692.057,75702.6941,20.6362,20.5022,synthetic_prototype_v1
SOL-00711,128.2469,9290787995430430.0,694.5856,48954.2113,31.6546,20.0942,synthetic_prototype_v1
SOL-00712,298.2711,3.416008066097381e+16,504.055,84281.0254,33.7443,12.8379,synthetic_prototype_v1
SOL-00713,130.2125,5170185848945690.0,897.3863,90054.5949,54.8595,10.7351,synthetic_prototype_v1
SOL-00714,96.9023,1.0667546414070606e+16,549.1779,69599.1354,64.3605,11.4985,synthetic_prototype_v1
SOL-00715,168.9916,1.3038646471741034e+16,699.5351,94755.0859,20.4164,23.0,synthetic_prototype_v1
SOL-00716,134.6067,1.0256149538358394e+17,682.5879,62166.9333,20.2379,19.6473,synthetic_prototype_v1
SOL-00717,174.483,1634038146303810.5,854.0682,84870.8487,22.6914,12.3016,synthetic_prototype_v1
SOL-00718,166.5293,1.7201439060951038e+16,684.9454,60838.5836,33.1285,19.1002,synthetic_prototype_v1
SOL-00719,153.3521,1.958076735409274e+16,531.6878,90948.6389,40.341,13.7231,synthetic_prototype_v1
SOL-00720,235.7266,1.6883709580187014e+17,502.2005,83309.5633,55.4811,9.5826,synthetic_prototype_v1
SOL-00721,284.0109,1401606589292934.8,738.9344,21410.8759,39.0403,13.0732,synthetic_prototype_v1
SOL-00722,156.5611,4823492114636927.0,773.2306,55134.7889,70.7157,8.0,synthetic_prototype_v1
SOL-00723,120.6053,3.5492398540270108e+16,680.7997,73018.7992,25.4581,22.7148,synthetic_prototype_v1
SOL-00724,100.6011,4196734704654843.5,836.5727,110282.8308,17.117,13.4855,synthetic_prototype_v1
SOL-00725,144.1835,2450102879492789.0,641.0938,106582.9288,43.4253,11.8096,synthetic_prototype_v1
SOL-00726,281.9489,2.34270683809564e+17,668.5094,43086.0661,60.6232,8.0109,synthetic_prototype_v1
SOL-00727,165.2569,1.5218080429324464e+16,655.6185,48749.1156,25.8109,19.4881,synthetic_prototype_v1
SOL-00728,221.8835,8.31319504905161e+17,749.344,96775.6493,50.5032,14.3071,synthetic_prototype_v1
SOL-00729,84.5823,1522262687771844.0,789.0115,114764.3539,68.1376,8.0,synthetic_prototype_v1
SOL-00730,236.6829,2382099623743153.0,601.8841,39327.8164,62.5119,8.0,synthetic_prototype_v1
SOL-00731,152.9527,6337223243484271.0,648.0199,52144.0133,61.7683,10.2473,synthetic_prototype_v1
SOL-00732,266.5362,1147994408306261.2,598.7252,23050.5077,45.4228,11.5999,synthetic_prototype_v1
SOL-00733,74.5681,1.6612704523291222e+16,683.8016,93428.0384,26.656,17.7447,synthetic_prototype_v1
SOL-00734,133.2735,2.4354297298866518e+17,522.8236,94593.5784,22.4065,13.673,synthetic_prototype_v1
SOL-00735,256.8136,1.9765061542445404e+16,726.9436,83231.1789,51.7517,13.8675,synthetic_prototype_v1
SOL-00736,163.8592,2.718334813978164e+16,699.9267,62622.1145,17.756,22.5004,synthetic_prototype_v1
SOL-00737,142.3929,1.4896364293665946e+17,829.0579,88134.1063,71.6932,8.0,synthetic_prototype_v1
SOL-00738,182.2003,6.0497460056603256e+16,621.2102,67972.2424,32.5795,16.1033,synthetic_prototype_v1
SOL-00739,105.8976,1399594942666517.0,668.8077,71042.525,41.8961,15.035,synthetic_prototype_v1
SOL-00740,123.7548,2.076312334394022e+16,835.3247,68472.9255,23.7516,14.9312,synthetic_prototype_v1
SOL-00741,262.1401,1513465424211756.5,612.6802,114424.1486,74.1978,8.0,synthetic_prototype_v1
SOL-00742,174.6599,7.249998001275714e+16,881.5867,87556.0507,42.3777,9.1493,synthetic_prototype_v1
SOL-00743,87.1097,1.566321994128947e+17,762.8679,93121.2349,56.7006,11.2018,synthetic_prototype_v1
SOL-00744,110.9169,7.818096469333869e+17,864.3572,110100.8629,26.2518,11.5923,synthetic_prototype_v1
SOL-00745,224.7533,2.0774461164537596e+16,750.7121,53742.9857,20.8453,12.099,synthetic_prototype_v1
SOL-00746,64.0722,4824290520173047.0,853.684,67610.0459,69.6888,8.0,synthetic_prototype_v1
SOL-00747,125.3502,1708657521906760.0,744.8634,37528.538,72.9645,8.0,synthetic_prototype_v1
SOL-00748,206.6635,2.3245152478021292e+16,715.2354,45503.0977,20.5634,16.6214,synthetic_prototype_v1
SOL-00749,140.3441,3.335405416096697e+16,782.9306,65618.1072,35.0166,18.4812,synthetic_prototype_v1
SOL-00750,265.637,6.102993670828178e+16,712.7794,20848.0865,66.0528,8.0,synthetic_prototype_v1
SOL-00751,167.7741,1.5475980309548638e+16,734.0275,23892.0531,54.7087,13.4636,synthetic_prototype_v1
SOL-00752,142.4165,2.7107057870682884e+16,708.8838,56045.0709,28.1121,22.6178,synthetic_prototype_v1
SOL-00753,118.7578,3.0320002269189612e+16,634.1743,62475.7118,17.4139,21.095,synthetic_prototype_v1
SOL-00754,102.9093,3.596855308759121e+17,573.7296,73945.2326,29.4252,10.6018,synthetic_prototype_v1
SOL-00755,109.1656,1.879786965105544e+17,872.6623,113592.8711,35.1418,11.9421,synthetic_prototype_v1
SOL-00756,203.5272,2076026487676853.5,689.4805,94936.6713,39.1252,12.469,synthetic_prototype_v1
SOL-00757,196.4903,1.8024014363753834e+17,552.6707,59359.5455,56.6969,8.6723,synthetic_prototype_v1
SOL-00758,202.5151,5.309297077512683e+17,555.3611,58742.153,40.4399,12.2306,synthetic_prototype_v1
SOL-00759,288.2498,1.8455024397821056e+17,805.0683,22674.7873,28.3397,9.3413,synthetic_prototype_v1
SOL-00760,216.8725,1232054288457554.5,570.9068,33739.6449,31.4292,10.5589,synthetic_prototype_v1
SOL-00761,60.3133,1.2563668383522808e+16,791.0228,99215.7529,50.0152,12.2728,synthetic_prototype_v1
SOL-00762,125.9875,1623092594066677.5,847.9427,38426.9999,26.9769,9.6473,synthetic_prototype_v1
SOL-00763,159.9523,6852509994291442.0,586.8185,116664.8363,25.5689,17.1004,synthetic_prototype_v1
SOL-00764,152.0729,7701801760371344.0,796.9263,67313.2153,23.7734,17.1019,synthetic_prototype_v1
SOL-00765,172.146,1.0900241130296797e+17,695.772,46362.7719,41.4427,17.6056,synthetic_prototype_v1
SOL-00766,192.9605,6648378198438165.0,728.2891,93666.9669,25.3092,17.4376,synthetic_prototype_v1
SOL-00767,132.4463,1.275396324975694e+17,629.0559,45810.8261,71.9194,8.0,synthetic_prototype_v1
SOL-00768,148.5254,4.5981207981556136e+16,682.7993,48844.0727,21.1889,23.0,synthetic_prototype_v1
SOL-00769,161.4495,1.2679024791267302e+17,722.2286,68760.6436,23.2953,19.7758,synthetic_prototype_v1
SOL-00770,90.3179,5826046789629223.0,622.8525,90613.0755,74.6093,8.0,synthetic_prototype_v1
SOL-00771,161.7097,1.339115128267516e+16,521.5385,72803.6648,34.6431,11.4416,synthetic_prototype_v1
SOL-00772,284.6279,1337209108497489.2,700.0271,117501.6328,74.6963,8.968,synthetic_prototype_v1
SOL-00773,192.2897,1.7836992709725864e+16,683.5393,96821.7198,26.2895,19.6718,synthetic_prototype_v1
SOL-00774,274.1888,1658585859795658.2,723.1812,60450.5899,62.7543,8.0,synthetic_prototype_v1
SOL-00775,135.4003,5.336165755648497e+16,716.7326,67238.4769,32.8194,21.9111,synthetic_prototype_v1
SOL-00776,105.0395,4.492571472980717e+16,816.4004,82753.1859,57.945,12.5844,synthetic_prototype_v1
SOL-00777,199.9097,6.839936121926185e+16,756.8592,79258.0204,25.4321,21.7469,synthetic_prototype_v1
SOL-00778,81.2309,7.1344058179902424e+16,605.029,112539.2196,35.7008,13.6788,synthetic_prototype_v1
SOL-00779,235.3164,1.7904906686985984e+17,743.5595,61067.6311,15.0,14.0121,synthetic_prototype_v1
SOL-00780,81.5183,1.6709606879559238e+16,752.4912,75930.8627,16.0072,15.8347,synthetic_prototype_v1
SOL-00781,146.4264,4.191595879816196e+16,740.9163,69921.2888,31.4642,21.8608,synthetic_prototype_v1
SOL-00782,135.0538,9452594914457062.0,654.6447,53903.433,19.7114,19.4005,synthetic_prototype_v1
SOL-00783,258.8825,2.2349352468750938e+17,521.8549,25614.3541,35.5872,11.4166,synthetic_prototype_v1
SOL-00784,180.4775,2.4394045264162496e+16,685.9387,60445.9146,32.3462,20.1687,synthetic_prototype_v1
SOL-00785,190.7686,7.792301259160571e+16,662.4182,59887.5999,33.4985,20.1954,synthetic_prototype_v1
SOL-00786,236.8175,3.169179538317336e+16,752.1334,77135.6509,31.1385,15.411,synthetic_prototype_v1
SOL-00787,113.758,2.6370272528736188e+16,722.9491,96759.9607,17.0654,22.8285,synthetic_prototype_v1
SOL-00788,62.8925,5.539542264949908e+16,711.3742,41621.8014,27.2447,13.0422,synthetic_prototype_v1
SOL-00789,271.4263,1134209339135809.2,862.2188,105743.7202,43.8187,10.6663,synthetic_prototype_v1
SOL-00790,292.1881,3.594210985417756e+17,608.6783,64694.4315,57.1628,9.2161,synthetic_prototype_v1
SOL-00791,112.3469,9710120316301868.0,646.4625,77744.1642,65.8959,8.0023,synthetic_prototype_v1
SOL-00792,253.6596,4.3467253529928536e+16,711.6042,70063.2857,21.408,13.6581,synthetic_prototype_v1
SOL-00793,220.1786,2267022116755899.5,773.1579,118469.3935,71.9318,10.5317,synthetic_prototype_v1
SOL-00794,238.6426,1.2235910866910501e+17,641.3899,51127.9219,23.4624,10.6808,synthetic_prototype_v1
SOL-00795,172.4249,2.7265311236045885e+17,838.208,104283.5376,71.0768,8.2108,synthetic_prototype_v1
SOL-00796,169.3082,2.089959471801078e+17,882.2111,68201.9767,21.223,12.2352,synthetic_prototype_v1
SOL-00797,275.9933,2.393659467382819e+17,848.0104,85655.0652,23.2,11.7671,synthetic_prototype_v1
SOL-00798,141.098,2.4983857883126024e+16,795.0851,76573.0394,37.6592,18.4591,synthetic_prototype_v1
SOL-00799,167.0579,2.684439553550726e+16,789.1313,90551.6261,70.3702,9.5985,synthetic_prototype_v1
SOL-00800,134.5764,1428034281308064.2,840.2936,115543.8621,66.9962,8.0,synthetic_prototype_v1
SOL-00801,225.0614,1.6892992517773946e+16,629.8658,72802.9599,35.7902,10.7725,synthetic_prototype_v1
SOL-00802,62.9145,5.154562600522154e+16,745.8256,112088.1186,40.8023,11.484,synthetic_prototype_v1
SOL-00803,118.1797,8.105908610506989e+16,647.5452,41050.5649,15.0,17.0129,synthetic_prototype_v1
SOL-00804,103.0693,7.642866740387627e+16,711.1281,119283.0065,35.7288,19.6059,synthetic_prototype_v1
SOL-00805,128.6127,9872405174349296.0,861.5449,89175.2034,55.6514,9.182,synthetic_prototype_v1
SOL-00806,150.3721,1.275855931196012e+16,645.2929,64964.2489,32.3247,16.0364,synthetic_prototype_v1
SOL-00807,143.9206,9523099894390694.0,643.3377,57439.4876,36.2455,18.4955,synthetic_prototype_v1
SOL-00808,94.0891,1.9682434217234956e+16,543.961,54448.9223,15.9413,12.2745,synthetic_prototype_v1
SOL-00809,79.8621,1.8201443917138006e+17,670.3968,77244.5272,32.3893,14.6283,synthetic_prototype_v1
SOL-00810,234.1764,7.237879084271638e+17,829.4698,90479.2343,24.7119,13.0134,synthetic_prototype_v1
SOL-00811,299.6524,2.075416841875125e+16,639.7586,64288.637,66.5889,8.0,synthetic_prototype_v1
SOL-00812,152.1673,5.543674635438935e+17,686.0989,56061.749,42.1093,14.3858,synthetic_prototype_v1
SOL-00813,158.4448,3559395192854997.0,886.9653,25074.8571,27.618,11.2069,synthetic_prototype_v1
SOL-00814,172.5494,1481629465667528.2,697.2837,31552.1194,48.3035,12.624,synthetic_prototype_v1
SOL-00815,85.0139,2.6223730085946346e+17,765.5975,86220.2634,36.218,15.9751,synthetic_prototype_v1
SOL-00816,275.832,5.6239422637100243e+17,804.1101,78826.0972,67.7566,8.9243,synthetic_prototype_v1
SOL-00817,233.6553,1.9686687949938634e+17,813.5806,119459.8329,29.654,17.0304,synthetic_prototype_v1
SOL-00818,166.9131,1198472490146231.0,782.065,27358.3323,37.8404,11.5236,synthetic_prototype_v1
SOL-00819,281.8906,2.0128551682020776e+16,559.1014,53102.2145,72.5741,8.2656,synthetic_prototype_v1
SOL-00820,298.202,1.921687607712161e+16,814.8281,98769.3448,45.4009,13.2368,synthetic_prototype_v1
SOL-00821,100.522,1.883209474212296e+17,715.015,55850.5627,67.5684,8.0,synthetic_prototype_v1
SOL-00822,101.7551,3.7497518523089656e+16,595.9242,31138.309,66.7034,10.4901,synthetic_prototype_v1
SOL-00823,247.2121,1.1731415088298056e+17,696.3333,40033.2499,24.7356,14.6292,synthetic_prototype_v1
SOL-00824,176.2883,3337232245847005.5,898.7678,87130.3183,21.2561,9.6145,synthetic_prototype_v1
SOL-00825,189.5158,4.870485050458169e+16,733.0657,78014.141,25.8685,20.6984,synthetic_prototype_v1
SOL-00826,62.9304,2931065957090303.5,520.3816,70032.6448,22.9777,11.6457,synthetic_prototype_v1
SOL-00827,201.6416,2465674638297989.5,608.2078,50702.5539,55.1088,8.9901,synthetic_prototype_v1
SOL-00828,119.3967,1.809639172821846e+16,681.3793,64503.0255,18.7175,20.8959,synthetic_prototype_v1
SOL-00829,262.0952,1.856728608710473e+16,707.0428,40131.3185,25.1005,16.0762,synthetic_prototype_v1
SOL-00830,150.5105,3.024407781314773e+16,696.1874,96661.4456,31.3416,22.3384,synthetic_prototype_v1
SOL-00831,126.6959,8.119233754721198e+16,673.8615,50711.3592,30.2121,19.0391,synthetic_prototype_v1
SOL-00832,124.7853,9.813564869945194e+16,703.6032,87128.8739,33.0648,21.8768,synthetic_prototype_v1
SOL-00833,160.7532,1.968602333556281e+16,746.0398,41160.9601,15.0,22.0444,synthetic_prototype_v1
SOL-00834,108.71,5.546945803882762e+16,767.92,104418.2551,56.2498,10.8952,synthetic_prototype_v1
SOL-00835,56.6444,1149300020607392.0,577.8727,20888.0193,26.4125,13.0445,synthetic_prototype_v1
SOL-00836,243.656,3127777176523857.0,688.8225,81847.3698,50.5796,13.5091,synthetic_prototype_v1
SOL-00837,293.0175,4732284968360327.0,878.8251,86712.4771,33.0708,10.2668,synthetic_prototype_v1
SOL-00838,226.257,3.396078741377625e+16,818.4268,81285.128,53.1273,8.0,synthetic_prototype_v1
SOL-00839,85.9297,2.738566600145483e+17,699.4671,61893.4165,24.7518,13.0272,synthetic_prototype_v1
SOL-00840,203.6073,1.4492560476437204e+16,671.8411,42824.352,26.9382,18.0892,synthetic_prototype_v1
SOL-00841,276.5267,3.0687529271973576e+16,818.6629,60207.7654,59.1327,8.0,synthetic_prototype_v1
SOL-00842,116.3107,3.1848184659028524e+16,693.751,56604.1751,30.1835,21.3276,synthetic_prototype_v1
SOL-00843,262.5686,1030601723826049.1,789.5709,60914.0332,46.8883,10.9614,synthetic_prototype_v1
SOL-00844,212.0994,1.2314122204633472e+16,863.3349,91375.6113,49.3689,13.0006,synthetic_prototype_v1
SOL-00845,152.5089,1.014256656389388e+17,713.272,73724.5979,34.4512,22.4764,synthetic_prototype_v1
SOL-00846,204.6787,1.214492769991673e+17,547.2505,87864.5602,19.1566,12.7274,synthetic_prototype_v1
SOL-00847,243.489,1.7124170020091396e+16,602.9219,39512.0055,70.6454,9.7186,synthetic_prototype_v1
SOL-00848,201.9797,2.4100307013386684e+16,712.998,68866.5185,37.4198,17.9646,synthetic_prototype_v1
SOL-00849,209.492,6141860494131117.0,725.6279,99823.4697,24.4723,15.1962,synthetic_prototype_v1
SOL-00850,165.5152,6.015280953099606e+17,787.4774,53644.4362,31.2442,14.0466,synthetic_prototype_v1
SOL-00851,288.0624,8.318519734253335e+17,856.6303,59854.5123,52.6519,9.2742,synthetic_prototype_v1
SOL-00852,118.3336,1.8818700146737664e+17,686.7509,85392.7014,45.4699,15.416,synthetic_prototype_v1
SOL-00853,199.9238,9605859606026052.0,799.9932,119221.6443,19.5387,15.2193,synthetic_prototype_v1
SOL-00854,153.1429,1558212036275275.5,640.8162,117799.8524,63.979,8.2777,synthetic_prototype_v1
SOL-00855,147.8767,6.929100707326195e+17,863.9169,102576.973,32.1445,10.7313,synthetic_prototype_v1
SOL-00856,183.3125,5467426479218598.0,612.0163,83400.3977,27.3443,16.2607,synthetic_prototype_v1
SOL-00857,162.3405,5.016697776950409e+16,743.4597,70150.514,26.8398,21.8812,synthetic_prototype_v1
SOL-00858,158.1937,1.1394746581336232e+17,624.5814,82154.6884,16.3113,18.1913,synthetic_prototype_v1
SOL-00859,184.8025,4221538830646822.5,779.4865,79879.3508,15.0,13.2806,synthetic_prototype_v1
SOL-00860,236.301,3.595354988636889e+16,562.9378,84243.6588,51.4027,9.216,synthetic_prototype_v1
SOL-00861,145.7234,9672510008167570.0,811.0513,61634.8712,16.8777,14.8035,synthetic_prototype_v1
SOL-00862,150.3389,8.204971412873601e+17,897.9446,114190.2598,23.005,8.8882,synthetic_prototype_v1
SOL-00863,262.2446,1292653080424612.8,578.7197,85196.0443,27.801,14.142,synthetic_prototype_v1
SOL-00864,161.2344,5.691000636364581e+17,851.6388,103481.1929,55.0208,8.4552,synthetic_prototype_v1
SOL-00865,210.7496,2.253067701981034e+16,665.4641,80577.9712,60.9549,9.4226,synthetic_prototype_v1
SOL-00866,99.3009,5.661943924443934e+16,811.3203,99210.9815,24.4934,14.4818,synthetic_prototype_v1
SOL-00867,61.2277,1.159246954423127e+16,772.7157,109953.017,55.6501,13.4563,synthetic_prototype_v1
SOL-00868,268.7512,3.864721297667423e+16,729.2385,117845.483,20.8254,12.4701,synthetic_prototype_v1
SOL-00869,129.5816,8.411783903963105e+17,651.6188,115849.9553,29.5106,14.013,synthetic_prototype_v1
SOL-00870,194.5286,3.950915507739261e+16,733.113,66935.0258,25.7892,19.5302,synthetic_prototype_v1
SOL-00871,253.9327,6.298334535614904e+17,509.522,39952.5021,70.1421,8.818,synthetic_prototype_v1
SOL-00872,257.0495,1052856770550298.6,703.5497,72759.6715,37.4229,14.7112,synthetic_prototype_v1
SOL-00873,207.8215,8.50628580047475e+17,560.8144,108859.6904,50.8289,11.6503,synthetic_prototype_v1
SOL-00874,105.9576,1.9160520646577968e+17,699.9176,60297.1475,20.7977,17.7702,synthetic_prototype_v1
SOL-00875,274.2492,1.4500315726598387e+17,735.4055,113170.2266,29.2389,13.1807,synthetic_prototype_v1
SOL-00876,215.5226,5.160686676335988e+16,689.8795,78505.1849,15.0,17.2487,synthetic_prototype_v1
SOL-00877,85.7555,6.989450822364817e+17,676.1809,105193.477,59.657,8.882,synthetic_prototype_v1
SOL-00878,152.3488,2913991265059446.0,649.057,54225.2478,21.9428,14.7014,synthetic_prototype_v1
SOL-00879,80.9385,6.168492645798245e+16,883.977,90987.1254,55.6429,8.0,synthetic_prototype_v1
SOL-00880,77.7052,6.487553685673879e+17,649.6184,69901.9485,68.568,8.0,synthetic_prototype_v1
SOL-00881,292.3646,4.2563174167025645e+17,718.1346,94437.7301,26.4692,12.5815,synthetic_prototype_v1
SOL-00882,136.0934,9.246932697080651e+16,698.1352,48210.9213,23.5922,18.468,synthetic_prototype_v1
SOL-00883,199.9702,4.195359605972005e+16,720.3645,90923.9235,26.1828,18.9187,synthetic_prototype_v1
SOL-00884,170.3728,8.602394280278421e+16,834.0646,54367.1081,65.9312,8.0,synthetic_prototype_v1
SOL-00885,117.1927,1.0682293876158755e+17,700.9075,48666.1997,21.6095,20.6829,synthetic_prototype_v1
SOL-00886,275.4105,9.200613489919812e+17,604.4688,98698.0116,48.6528,11.0212,synthetic_prototype_v1
SOL-00887,145.0541,2.7306906864378824e+16,815.103,58096.6975,15.0,16.2661,synthetic_prototype_v1
SOL-00888,66.3826,3.518165416469529e+17,826.9089,89485.962,28.3706,13.9041,synthetic_prototype_v1
SOL-00889,104.8191,4.10282183299806e+16,713.8853,45244.1845,20.0022,17.2727,synthetic_prototype_v1
SOL-00890,228.9524,1.0646770774901411e+17,699.7005,42755.0229,42.2141,13.9393,synthetic_prototype_v1
SOL-00891,123.7263,2.057618088419302e+16,722.9887,51343.2289,29.7377,22.1581,synthetic_prototype_v1
SOL-00892,264.2151,4.311962364408864e+16,653.7295,67659.4237,39.5635,10.7476,synthetic_prototype_v1
SOL-00893,204.0772,5572165231818239.0,573.0911,25230.225,45.386,13.388,synthetic_prototype_v1
SOL-00894,88.9394,1102502859964364.0,639.633,34613.5406,59.2187,8.0,synthetic_prototype_v1
SOL-00895,284.0319,9.156221534328352e+16,892.8923,82550.5215,68.1358,8.0,synthetic_prototype_v1
SOL-00896,89.778,8.111393166170288e+16,744.4234,84946.5741,34.8618,14.4937,synthetic_prototype_v1
SOL-00897,272.0147,9.2866553977767e+16,547.6771,82917.2169,64.2003,8.0,synthetic_prototype_v1
SOL-00898,151.8077,1.6433547539123245e+17,765.2977,88987.5707,31.7152,16.9704,synthetic_prototype_v1
SOL-00899,259.4951,4901279419966989.0,528.4518,80785.7913,56.0658,9.7559,synthetic_prototype_v1
SOL-00900,111.1991,1.076741630736999e+16,643.3823,98902.6122,17.4239,19.5729,synthetic_prototype_v1
SOL-00901,117.6337,8.962657387940963e+16,507.5002,89000.8743,33.1372,11.8074,synthetic_prototype_v1
SOL-00902,186.4811,1.6655809208656026e+16,711.0081,91786.8944,29.0824,21.6441,synthetic_prototype_v1
SOL-00903,114.4044,3200139761613143.5,619.7113,29909.8591,67.4617,8.2415,synthetic_prototype_v1
SOL-00904,170.7346,3803260557299066.5,609.3359,52781.3443,34.5081,13.8067,synthetic_prototype_v1
SOL-00905,110.343,6.722453238707972e+17,833.298,21828.4541,66.5455,8.0129,synthetic_prototype_v1
SOL-00906,162.2286,5.4341795478846296e+16,811.7087,64581.531,30.915,15.6902,synthetic_prototype_v1
SOL-00907,205.4744,2210568734871402.5,684.9101,106371.952,51.6572,12.0313,synthetic_prototype_v1
SOL-00908,159.4604,7.248710346021556e+17,883.5166,110001.1099,47.7445,8.5382,synthetic_prototype_v1
SOL-00909,229.4098,4833238473232461.0,632.847,70367.6887,35.7111,13.6454,synthetic_prototype_v1
SOL-00910,156.2704,8270118286107124.0,548.9581,76998.4942,31.8205,15.5682,synthetic_prototype_v1
SOL-00911,69.359,9.744611585967898e+16,733.2057,97506.9778,25.9022,15.3674,synthetic_prototype_v1
SOL-00912,210.5631,1.573820748358583e+17,602.988,78579.9256,61.202,11.3483,synthetic_prototype_v1
SOL-00913,80.9609,5.7335014348626694e+17,627.9542,100290.0148,26.536,9.9436,synthetic_prototype_v1
SOL-00914,155.4415,1.283551027027198e+16,764.2128,114974.5143,50.4983,16.7007,synthetic_prototype_v1
SOL-00915,86.7159,1497073554356157.5,847.6831,56865.5144,24.2034,11.7845,synthetic_prototype_v1
SOL-00916,57.4587,1.664700325050165e+17,728.7843,27698.7773,53.8634,8.2855,synthetic_prototype_v1
SOL-00917,159.9577,6.361671409025088e+16,694.2333,70030.3486,18.0303,23.0,synthetic_prototype_v1
SOL-00918,200.7768,4984929786782457.0,830.6595,91523.283,44.8757,12.1382,synthetic_prototype_v1
SOL-00919,171.6965,1.6320448396881363e+17,713.3415,57579.5352,33.3292,17.1845,synthetic_prototype_v1
SOL-00920,65.1321,1.2591071315544344e+16,607.0131,93923.5297,61.8621,9.1333,synthetic_prototype_v1
SOL-00921,249.9676,1.0667358242404992e+17,665.8192,31943.3087,18.9729,17.2803,synthetic_prototype_v1
SOL-00922,299.4168,5275077694582677.0,512.3688,49951.0447,48.9986,13.7245,synthetic_prototype_v1
SOL-00923,213.385,1.2428935190956883e+17,580.656,58657.6595,27.5523,13.1697,synthetic_prototype_v1
SOL-00924,155.2024,2.4656329145302765e+17,759.8632,97546.338,22.6354,16.2333,synthetic_prototype_v1
SOL-00925,133.0224,1.1370188590590638e+16,635.2916,58157.254,42.0789,18.1942,synthetic_prototype_v1
SOL-00926,258.7814,5.042557505758405e+16,700.7219,106020.1363,38.4678,12.8678,synthetic_prototype_v1
SOL-00927,146.9604,1972194636501174.8,772.329,28028.0327,58.4988,8.0117,synthetic_prototype_v1
SOL-00928,151.2137,2.632850539591353e+16,790.0463,57838.7601,39.7837,18.7933,synthetic_prototype_v1
SOL-00929,74.0977,3244699840765986.5,573.5738,70902.4468,16.0373,13.6865,synthetic_prototype_v1
SOL-00930,100.9652,9.453278409884482e+16,878.9535,119576.8797,25.1973,10.8583,synthetic_prototype_v1
SOL-00931,134.8305,3.596624570069955e+17,793.2818,74537.9277,73.0175,8.0,synthetic_prototype_v1
SOL-00932,184.3594,1.5089890591454723e+17,666.1055,76501.5436,30.9339,16.8216,synthetic_prototype_v1
SOL-00933,122.8994,1.4842133247513677e+17,789.9156,61202.8124,26.1915,15.2839,synthetic_prototype_v1
SOL-00934,268.3334,7379347781718268.0,701.7278,63643.3873,24.916,11.199,synthetic_prototype_v1
SOL-00935,97.5113,1.2944843949166118e+17,698.5623,119643.4991,50.0409,16.342,synthetic_prototype_v1
SOL-00936,186.7528,2.969859979596809e+17,754.7589,55729.0669,16.7671,17.8409,synthetic_prototype_v1
SOL-00937,108.504,2.766727968748044e+16,733.4807,73076.4338,21.1533,20.0185,synthetic_prototype_v1
SOL-00938,297.5804,1552354010340231.8,858.7771,55479.3607,42.2771,12.8412,synthetic_prototype_v1
SOL-00939,67.8261,2261478956139708.5,725.9369,75670.3735,19.8661,11.0431,synthetic_prototype_v1
SOL-00940,270.9166,9.648715925845386e+17,598.9293,26123.3682,52.4897,11.1358,synthetic_prototype_v1
SOL-00941,95.4494,4.412455233684036e+16,723.2083,70740.5827,22.1252,20.0114,synthetic_prototype_v1
SOL-00942,198.6084,2.3642429858117636e+16,525.4133,108195.2522,43.6818,14.0536,synthetic_prototype_v1
SOL-00943,273.672,2.0117412770862605e+17,750.7092,37172.2117,74.1253,9.1593,synthetic_prototype_v1
SOL-00944,136.516,4.8848957790342054e+17,814.4145,31995.5631,34.9499,11.1435,synthetic_prototype_v1
SOL-00945,297.5695,9583244651405530.0,609.3373,46397.2215,42.5279,12.3644,synthetic_prototype_v1
SOL-00946,144.6482,7.248409484393998e+16,504.8983,79995.2513,65.7595,8.0,synthetic_prototype_v1
SOL-00947,262.9833,2887918162833063.0,502.1679,55921.4686,17.6539,11.8251,synthetic_prototype_v1
SOL-00948,292.4538,2.3547587524021206e+17,771.604,83697.6222,55.2068,12.5889,synthetic_prototype_v1
SOL-00949,228.3331,1.461957101895555e+16,773.5373,74999.7734,19.8589,14.0822,synthetic_prototype_v1
SOL-00950,196.4428,7.290632699515171e+16,676.6491,111761.3633,45.8418,14.9783,synthetic_prototype_v1
SOL-00951,149.3945,5.887591734550162e+17,641.3628,82558.2975,61.658,10.2627,synthetic_prototype_v1
SOL-00952,202.1837,3.5926239614842584e+16,662.7967,64361.2469,25.4705,18.5194,synthetic_prototype_v1
SOL-00953,154.6,8888452002060462.0,506.076,36767.4388,28.7867,12.6742,synthetic_prototype_v1
SOL-00954,93.6343,1.7639285981770406e+17,848.155,114283.9679,46.3036,11.4958,synthetic_prototype_v1
SOL-00955,269.8529,2.066432728231541e+16,573.6831,21549.2143,36.0226,10.8515,synthetic_prototype_v1
SOL-00956,97.5992,1.0147519851100146e+17,674.7101,84937.9887,25.3317,17.0803,synthetic_prototype_v1
SOL-00957,182.5349,5.9271398102258e+16,659.7159,89287.2644,41.7624,20.0915,synthetic_prototype_v1
SOL-00958,66.6397,1.7513347677663488e+17,576.7691,90962.7491,42.3602,9.7218,synthetic_prototype_v1
SOL-00959,205.5419,2.1107516191322204e+16,755.6817,90941.4012,31.564,16.5386,synthetic_prototype_v1
SOL-00960,229.4401,1520973172274072.2,727.4639,57389.4562,59.2653,9.8802,synthetic_prototype_v1
SOL-00961,220.6454,1.860548048860486e+17,538.4309,44774.3799,44.4396,13.7327,synthetic_prototype_v1
SOL-00962,256.6937,1382200570864294.5,881.0489,44450.186,65.6576,9.7988,synthetic_prototype_v1
SOL-00963,136.576,2.8089784950185764e+16,752.4876,89710.8477,23.7638,20.1205,synthetic_prototype_v1
SOL-00964,163.696,8.492071108367566e+16,793.1811,61250.913,15.0,17.4687,synthetic_prototype_v1
SOL-00965,83.3331,2.0666215240019667e+17,772.7012,65728.7784,15.2253,13.3165,synthetic_prototype_v1
SOL-00966,195.2698,5.007814536323524e+16,655.9834,87719.6702,21.5244,21.466,synthetic_prototype_v1
SOL-00967,72.2605,2873689175885372.0,513.361,40327.9223,16.2788,10.9471,synthetic_prototype_v1
SOL-00968,164.5655,2455132781008851.0,699.3295,48010.5531,49.3633,15.2989,synthetic_prototype_v1
SOL-00969,176.5825,3142381002298303.5,827.2452,78790.3308,61.0723,10.9991,synthetic_prototype_v1
SOL-00970,130.2555,3.843627468558305e+16,642.0122,60931.0496,28.8573,21.4971,synthetic_prototype_v1
SOL-00971,263.1557,5416123140338969.0,606.8365,70380.2805,30.4505,12.6948,synthetic_prototype_v1
SOL-00972,54.4652,1.5035753155458998e+17,791.3195,103802.5254,70.3083,9.0272,synthetic_prototype_v1
SOL-00973,241.2009,7.537373114880759e+17,533.9351,91880.2079,39.2239,9.9593,synthetic_prototype_v1
SOL-00974,214.6202,3.6383340966691565e+17,612.1162,50515.2931,19.2929,12.4839,synthetic_prototype_v1
SOL-00975,210.9351,2.641208232513479e+16,861.1273,76017.4499,29.3981,11.9532,synthetic_prototype_v1
SOL-00976,156.727,1.1717392445520098e+17,592.9558,61101.2439,20.7486,16.7472,synthetic_prototype_v1
SOL-00977,156.2757,3.3263805974068748e+16,829.349,117648.8571,71.408,9.3129,synthetic_prototype_v1
SOL-00978,225.7584,4.624137482425387e+16,707.7504,74732.7812,35.9811,15.5307,synthetic_prototype_v1
SOL-00979,287.9822,1627303340944170.8,723.3925,115667.9441,67.4469,9.5878,synthetic_prototype_v1
SOL-00980,191.0641,2.5932794741348188e+16,780.5597,96104.0767,27.9341,18.029,synthetic_prototype_v1
SOL-00981,294.8927,8.384992483425567e+17,885.7296,27745.2578,43.188,11.2603,synthetic_prototype_v1
SOL-00982,138.4413,2.4659022437501252e+16,582.1088,71164.0489,15.0,16.6235,synthetic_prototype_v1
SOL-00983,259.3456,8.695230801609314e+16,835.7214,86734.4024,16.4197,13.2268,synthetic_prototype_v1
SOL-00984,177.6986,3.8899556880417e+17,726.4589,90863.0487,15.0,17.243,synthetic_prototype_v1
SOL-00985,246.5161,4984903865782773.0,871.9538,53942.5249,55.3111,11.395,synthetic_prototype_v1
SOL-00986,144.717,2.6107081028293718e+17,667.3558,89030.0203,21.208,17.9562,synthetic_prototype_v1
SOL-00987,218.8202,2.986167399755938e+17,744.8418,63592.7086,36.3085,16.9132,synthetic_prototype_v1
SOL-00988,198.3789,6238266405940466.0,895.4648,71516.7487,41.9134,10.9243,synthetic_prototype_v1
SOL-00989,242.5227,4.04255279270499e+17,605.7265,83174.3036,19.8922,11.2083,synthetic_prototype_v1
SOL-00990,138.8045,7186657950493281.0,818.9649,94831.7931,25.8136,14.6618,synthetic_prototype_v1
SOL-00991,184.4315,8996585082806986.0,732.0389,64034.0444,39.0019,18.6436,synthetic_prototype_v1
SOL-00992,185.8273,9.44713841651927e+16,842.7393,46401.3571,38.3318,13.1503,synthetic_prototype_v1
SOL-00993,144.9657,7.114452927093301e+16,711.0083,82901.6709,15.0,23.0,synthetic_prototype_v1
SOL-00994,298.0939,3.484533050458862e+16,788.6317,115835.2813,40.265,12.8561,synthetic_prototype_v1
SOL-00995,155.9743,8442488574520613.0,672.4863,76054.9813,27.5405,20.9622,synthetic_prototype_v1
SOL-00996,160.9695,2106802605877906.0,763.3462,84127.1879,28.0561,15.1681,synthetic_prototype_v1
SOL-00997,104.0889,2599327517833788.0,543.2922,72456.244,39.4884,11.6512,synthetic_prototype_v1
SOL-00998,290.895,3.099359726230674e+16,679.4747,22586.2403,65.1873,8.0,synthetic_prototype_v1
SOL-00999,83.5917,9364422664119098.0,784.9986,48031.0543,28.6719,16.1948,synthetic_prototype_v1
SOL-01000,126.3239,1.6701409626020974e+16,712.9566,40916.3439,23.1693,21.8311,synthetic_prototype_v1
SOL-01001,113.6175,2.026819248690247e+16,693.9344,56310.1502,16.5669,20.824,synthetic_prototype_v1
SOL-01002,104.6761,8709159278759757.0,548.8191,56065.6154,46.5089,14.5786,synthetic_prototype_v1
SOL-01003,140.4532,2.877230521372783e+17,896.5592,78407.9292,35.6494,12.3763,synthetic_prototype_v1
SOL-01004,128.0917,3.8795300919518566e+17,604.5193,79986.7845,52.1278,11.7788,synthetic_prototype_v1
SOL-01005,257.4375,5902826889042108.0,597.3539,25175.5672,44.8457,10.0942,synthetic_prototype_v1
SOL-01006,65.0827,2008415654921849.5,680.427,60524.0677,44.1908,13.469,synthetic_prototype_v1
SOL-01007,283.8855,6.409444029476132e+17,686.6826,22322.2555,34.2089,13.803,synthetic_prototype_v1
SOL-01008,165.1924,1.0020433049566389e+17,623.5451,107457.7328,30.9206,17.5751,synthetic_prototype_v1
SOL-01009,158.62,4911084589542905.0,797.131,88501.9552,24.7388,15.1478,synthetic_prototype_v1
SOL-01010,203.5965,2.186704357369229e+16,610.0654,59955.4375,53.257,12.3592,synthetic_prototype_v1
SOL-01011,189.7167,2.584862410248219e+16,695.3966,55006.4057,36.877,20.2688,synthetic_prototype_v1
SOL-01012,172.9016,7528461832575460.0,591.0791,44044.141,21.3918,16.7494,synthetic_prototype_v1
SOL-01013,98.6597,1.851336023450504e+16,676.9129,40685.2362,44.1416,16.1894,synthetic_prototype_v1
SOL-01014,167.91,3464650203469648.5,575.2901,113657.668,56.8589,11.4942,synthetic_prototype_v1
SOL-01015,113.2587,1.2526000567513872e+17,567.1745,54224.8426,72.3254,8.8827,synthetic_prototype_v1
SOL-01016,141.3446,2069058554242098.5,612.405,101070.4884,60.1794,8.0,synthetic_prototype_v1
SOL-01017,88.5708,4.302702607883186e+17,534.1186,109477.3469,45.7854,14.2803,synthetic_prototype_v1
SOL-01018,135.3978,1.4915106009198286e+16,740.3161,75092.0144,24.1371,19.7449,synthetic_prototype_v1
SOL-01019,273.6279,4.121301602936735e+16,767.7921,110861.937,44.7339,13.0441,synthetic_prototype_v1
SOL-01020,279.6984,3.9703365360030995e+17,715.6922,56159.8022,16.0544,12.6099,synthetic_prototype_v1
SOL-01021,139.2815,1.4537581980675232e+17,711.6573,94115.93,16.4606,19.537,synthetic_prototype_v1
SOL-01022,226.2129,2.8147967003119476e+16,718.4187,64083.7075,18.3122,17.4271,synthetic_prototype_v1
SOL-01023,191.9364,7.852449584215942e+16,551.7064,56218.5907,35.6213,16.5773,synthetic_prototype_v1
SOL-01024,180.1144,9.273289222951611e+17,841.6222,66155.7659,72.568,8.0,synthetic_prototype_v1
SOL-01025,103.2687,3602239373658378.0,576.9041,76104.9029,18.2403,13.7701,synthetic_prototype_v1
SOL-01026,179.8155,1.1420635508511576e+16,625.5485,83215.2526,15.0,17.2707,synthetic_prototype_v1
SOL-01027,87.6501,8555015551130460.0,564.1938,41268.3733,50.0517,15.5129,synthetic_prototype_v1
SOL-01028,298.5673,7.102082829666663e+16,690.6937,44107.1372,26.977,10.8269,synthetic_prototype_v1
SOL-01029,166.9101,4.885924212755229e+16,533.3157,106551.6606,19.626,14.2673,synthetic_prototype_v1
SOL-01030,245.0754,1988515262090134.0,629.736,70956.7518,30.5619,11.3174,synthetic_prototype_v1
SOL-01031,98.1024,1.5724072874456723e+17,727.7869,86826.2102,23.8853,16.6708,synthetic_prototype_v1
SOL-01032,198.5682,8.857370217576227e+16,734.8262,82525.1008,63.5305,9.2049,synthetic_prototype_v1
SOL-01033,180.5825,5.171394869426781e+16,741.4968,77521.865,23.0345,19.8542,synthetic_prototype_v1
SOL-01034,291.8774,3.088123721559087e+16,866.1753,88598.7657,52.584,9.5173,synthetic_prototype_v1
SOL-01035,291.8983,9.838882687746662e+17,651.5738,21193.5815,25.7127,13.4815,synthetic_prototype_v1
SOL-01036,75.0718,8.821387404970712e+16,742.3396,104955.2782,57.8902,8.9881,synthetic_prototype_v1
SOL-01037,203.2374,7.568047641838387e+16,754.3354,40394.8823,31.4734,17.5606,synthetic_prototype_v1
SOL-01038,188.276,1.1352909413005052e+16,705.5042,88575.2041,48.934,17.0294,synthetic_prototype_v1
SOL-01039,134.6141,9.115347454694286e+17,820.5269,62193.3355,48.0662,10.7245,synthetic_prototype_v1
SOL-01040,198.4205,3205786866992791.5,739.9566,53801.4832,64.1129,8.0,synthetic_prototype_v1
SOL-01041,132.6692,6927917637450536.0,802.6999,20548.8396,27.1149,16.1906,synthetic_prototype_v1
SOL-01042,116.5077,1.0489979408259542e+16,898.239,114218.1455,45.2686,10.6997,synthetic_prototype_v1
SOL-01043,153.4345,4.5962323992420646e+17,666.5082,67728.1073,21.9489,16.8425,synthetic_prototype_v1
SOL-01044,188.0633,1.169880120067048e+17,627.1086,93949.7041,31.212,16.7488,synthetic_prototype_v1
SOL-01045,244.5379,1.4723193395674054e+16,885.4085,79147.7341,30.3556,10.5219,synthetic_prototype_v1
SOL-01046,140.4606,1.5811938656246397e+17,686.7207,62015.6534,29.8175,18.3236,synthetic_prototype_v1
SOL-01047,202.5569,6.799447915704937e+16,588.5165,107475.4782,35.4823,15.0725,synthetic_prototype_v1
SOL-01048,160.2407,1434980609026542.8,890.6172,89492.5361,18.3221,9.9395,synthetic_prototype_v1
SOL-01049,204.7758,4.818372444919146e+16,696.2898,90301.6887,36.2556,16.5806,synthetic_prototype_v1
SOL-01050,196.4009,3.163068846924095e+16,658.6696,113127.8045,31.5469,21.6605,synthetic_prototype_v1
SOL-01051,170.5077,2.7325722620077056e+17,760.9521,62146.2742,70.3988,8.0,synthetic_prototype_v1
SOL-01052,243.0262,1.1659797930376994e+17,862.5253,100135.7713,68.7587,8.0,synthetic_prototype_v1
SOL-01053,158.7743,8.826537575986622e+16,602.2511,103888.2762,61.4214,9.2367,synthetic_prototype_v1
SOL-01054,51.3575,2.646840335447085e+16,756.6583,52796.3835,25.9888,11.8913,synthetic_prototype_v1
SOL-01055,159.4786,2.963599067032055e+16,757.4076,93541.2492,27.7975,19.3256,synthetic_prototype_v1
SOL-01056,102.2552,3.945401915370169e+17,714.1615,66227.1148,15.0,15.6776,synthetic_prototype_v1
SOL-01057,143.4295,3.4400064818967956e+16,578.2599,108425.3365,25.7082,17.0753,synthetic_prototype_v1
SOL-01058,170.6431,1.3560777961398933e+17,597.1204,40596.1638,69.7709,8.0,synthetic_prototype_v1
SOL-01059,150.5448,3174343917050029.5,696.3738,57231.2268,31.1602,13.9225,synthetic_prototype_v1
SOL-01060,180.9382,2113120988066728.5,664.8419,66271.2169,43.8291,13.8726,synthetic_prototype_v1
SOL-01061,136.9024,3456364336949638.5,732.1408,68233.8115,35.4397,14.0476,synthetic_prototype_v1
SOL-01062,151.5904,3.733765799652129e+16,636.601,94021.0014,20.338,18.079,synthetic_prototype_v1
SOL-01063,148.5624,5.913751584160747e+16,707.3884,40071.428,22.2144,22.9923,synthetic_prototype_v1
SOL-01064,98.7964,1747089998857760.2,649.9212,82949.9592,70.2662,8.8483,synthetic_prototype_v1
SOL-01065,171.4734,5.763357037837289e+16,704.1505,92926.8051,29.3023,21.6738,synthetic_prototype_v1
SOL-01066,109.6166,2.1241121448235277e+17,757.2319,112096.3902,28.0837,13.6233,synthetic_prototype_v1
SOL-01067,259.3689,1.8589134036589624e+16,777.1901,49254.6334,52.5297,14.0073,synthetic_prototype_v1
SOL-01068,168.9253,2.204329462051495e+16,675.6292,54968.1382,17.1507,22.2479,synthetic_prototype_v1
SOL-01069,244.8175,2.7213865485057517e+17,608.3302,28861.1994,60.8908,8.0,synthetic_prototype_v1
SOL-01070,149.1091,5.768821270770988e+17,889.9037,46231.7177,67.2768,8.9122,synthetic_prototype_v1
SOL-01071,199.8567,1.947875733365308e+17,591.955,104619.6043,43.0659,12.316,synthetic_prototype_v1
SOL-01072,100.886,1.2734923832108784e+16,688.2453,68543.1068,34.467,18.6438,synthetic_prototype_v1
SOL-01073,240.633,2.5550553397057388e+16,559.2133,116467.7498,17.0026,13.5385,synthetic_prototype_v1
SOL-01074,210.0981,1.3126212005562964e+16,682.4121,91920.9769,16.6195,18.5037,synthetic_prototype_v1
SOL-01075,128.2844,3.1635226230278824e+16,755.2834,80046.3528,41.0761,16.2943,synthetic_prototype_v1
SOL-01076,126.7181,1.7634570254437444e+16,690.8406,79362.5215,15.0,23.0,synthetic_prototype_v1
SOL-01077,121.4693,2.3674288655367027e+17,647.7171,53006.2942,15.0,16.0509,synthetic_prototype_v1
SOL-01078,176.1363,6623708673717509.0,643.1183,112491.6018,27.7793,17.1715,synthetic_prototype_v1
SOL-01079,172.6767,3.4137038543535e+17,516.9358,56270.6359,43.4062,11.4813,synthetic_prototype_v1
SOL-01080,236.6068,3.1096037029487104e+16,813.5097,70923.6909,35.8063,13.5768,synthetic_prototype_v1
SOL-01081,211.9871,5.599831947510431e+17,542.2262,114913.0166,29.5152,10.2973,synthetic_prototype_v1
SOL-01082,99.1087,1.0925860589993354e+17,775.1348,43224.6158,19.2499,15.1044,synthetic_prototype_v1
SOL-01083,264.1024,1.4468427842459328e+17,502.0727,97334.7353,23.8463,11.6998,synthetic_prototype_v1
SOL-01084,278.3584,2.081830178009146e+16,547.1502,43589.6015,53.0809,9.0823,synthetic_prototype_v1
SOL-01085,150.0698,1.2243145549931118e+17,623.5631,87764.035,28.1176,18.8184,synthetic_prototype_v1
SOL-01086,106.4822,7570298832061430.0,739.9119,73926.6961,28.3809,17.8606,synthetic_prototype_v1
SOL-01087,94.8171,5.4826958962390616e+16,664.6577,53910.7052,42.3002,16.6249,synthetic_prototype_v1
SOL-01088,229.8281,4.55003454343174e+16,824.3496,32733.344,18.7512,14.0468,synthetic_prototype_v1
SOL-01089,239.0302,1.9452293246200845e+17,649.1757,60107.5609,74.7921,8.0,synthetic_prototype_v1
SOL-01090,182.0834,6377810714316895.0,773.0593,44050.2669,18.1207,17.1532,synthetic_prototype_v1
SOL-01091,53.1175,6195853021278103.0,681.3277,48458.3583,62.5579,8.517,synthetic_prototype_v1
SOL-01092,182.8528,5915508211924484.0,897.7394,76635.3378,31.3271,8.9451,synthetic_prototype_v1
SOL-01093,117.7383,2.963365943225469e+16,802.1668,74617.422,30.6602,17.1835,synthetic_prototype_v1
SOL-01094,213.1298,5.0272223768318856e+16,886.6973,62002.9739,49.6536,10.4809,synthetic_prototype_v1
SOL-01095,255.6458,2169549135644728.8,619.3496,22515.3276,30.7904,10.5239,synthetic_prototype_v1
SOL-01096,224.1812,3770011480667014.0,580.1931,76548.8954,55.192,12.7452,synthetic_prototype_v1
SOL-01097,107.5535,2002469934650129.8,556.8744,89110.718,63.5681,8.0,synthetic_prototype_v1
SOL-01098,263.8688,6978111436782276.0,595.7711,44973.5719,16.9361,13.9938,synthetic_prototype_v1
SOL-01099,147.9594,6.79743943131872e+17,787.4634,43749.1384,66.6082,8.0,synthetic_prototype_v1
SOL-01100,133.0408,5349792731827293.0,642.717,87501.8861,16.3518,17.2896,synthetic_prototype_v1
SOL-01101,206.3579,2.4627027915261388e+16,728.0216,69798.5261,20.309,19.4046,synthetic_prototype_v1
SOL-01102,113.3139,1.981417012822239e+16,627.136,112536.2876,35.4436,17.3175,synthetic_prototype_v1
SOL-01103,162.6441,3.119509967621698e+17,583.9678,43143.6921,25.3331,12.0281,synthetic_prototype_v1
SOL-01104,70.0123,1.3650588022679648e+17,881.5913,34087.2797,64.1338,9.3597,synthetic_prototype_v1
SOL-01105,126.9071,6399491197670509.0,543.2513,83398.2594,32.4808,12.7673,synthetic_prototype_v1
SOL-01106,84.3028,1.1143270593243068e+16,890.4977,23189.7208,21.7591,10.0639,synthetic_prototype_v1
SOL-01107,180.018,1.5564258843973866e+16,777.0214,60365.877,50.5205,14.1685,synthetic_prototype_v1
SOL-01108,173.6501,2.7257141857385704e+16,531.6934,99669.3614,38.4489,13.3341,synthetic_prototype_v1
SOL-01109,213.5256,1.2700254426057133e+17,529.8772,70016.2286,66.1757,11.2571,synthetic_prototype_v1
SOL-01110,199.464,8861239102455898.0,842.1735,55594.7863,52.9333,9.0125,synthetic_prototype_v1
SOL-01111,167.6071,4.243097964322536e+16,678.925,65517.6219,27.9695,23.0,synthetic_prototype_v1
SOL-01112,164.9274,1.5262340525005782e+17,712.6321,112805.7596,63.7699,10.9719,synthetic_prototype_v1
SOL-01113,258.2093,5086575688498359.0,783.1206,107076.2405,23.5946,10.2606,synthetic_prototype_v1
SOL-01114,265.6911,2970328893970279.5,559.0914,51413.4774,58.028,8.6094,synthetic_prototype_v1
SOL-01115,228.3145,7154743542214244.0,705.0453,99861.1246,42.3428,13.2708,synthetic_prototype_v1
SOL-01116,120.4978,3313630644064837.5,637.353,73572.3724,19.4142,16.7025,synthetic_prototype_v1
SOL-01117,180.4691,7249743350111444.0,527.3052,37448.1011,72.9574,8.0,synthetic_prototype_v1
SOL-01118,169.8968,7.418917078746949e+16,698.2049,70668.6945,40.9427,19.69,synthetic_prototype_v1
SOL-01119,254.014,1387243509169773.8,757.7494,50278.9671,74.2814,8.0,synthetic_prototype_v1
SOL-01120,106.9919,8490946218605883.0,829.7937,37742.9546,71.9622,8.5342,synthetic_prototype_v1
SOL-01121,220.6239,9.85687226509203e+16,541.1756,41499.6342,17.8183,11.9018,synthetic_prototype_v1
SOL-01122,259.4292,7.534928785382863e+17,596.1138,55012.4958,21.8667,14.4026,synthetic_prototype_v1
SOL-01123,261.4492,4.024550536459961e+17,645.7538,69296.2069,35.0941,11.4593,synthetic_prototype_v1
SOL-01124,75.196,6.897443441546006e+16,706.7546,54266.838,20.7117,15.8858,synthetic_prototype_v1
SOL-01125,132.6839,4.806162219541112e+16,718.4209,87767.3733,69.3518,8.0,synthetic_prototype_v1
SOL-01126,144.6552,1623604694825210.2,792.2834,29571.2328,54.9651,9.9418,synthetic_prototype_v1
SOL-01127,115.8293,1.2922566436117452e+16,514.654,110621.4117,21.4494,12.7027,synthetic_prototype_v1
SOL-01128,107.1614,1.2179920936754653e+17,690.7986,105289.0885,62.0614,10.2178,synthetic_prototype_v1
SOL-01129,113.8774,2.636893502839608e+16,652.6985,59126.3469,24.7246,22.8524,synthetic_prototype_v1
SOL-01130,219.493,2.6837224982308317e+17,561.7678,28211.7909,44.7313,14.8451,synthetic_prototype_v1
SOL-01131,51.3683,1.0914468749250116e+16,517.783,107216.7712,50.5523,10.7817,synthetic_prototype_v1
SOL-01132,166.1699,1.298299423052997e+17,618.4352,23165.0181,35.0495,16.7479,synthetic_prototype_v1
SOL-01133,282.3932,5711528609677317.0,805.5211,109423.2583,24.352,10.1731,synthetic_prototype_v1
SOL-01134,146.3424,1530330319482812.8,878.7147,49923.0101,61.6531,9.6013,synthetic_prototype_v1
SOL-01135,104.9006,7002592470172025.0,580.6598,63502.0968,28.6309,13.1805,synthetic_prototype_v1
SOL-01136,54.1206,2.711794440598402e+16,596.3702,20761.4704,59.5416,8.0,synthetic_prototype_v1
SOL-01137,241.0526,1.2165085438253864e+17,507.82,102947.3665,32.7867,10.6118,synthetic_prototype_v1
SOL-01138,115.8963,3.701654477166987e+16,720.8008,44356.6412,28.1617,20.6619,synthetic_prototype_v1
SOL-01139,230.477,1.036889647624542e+16,740.7607,98574.3568,17.9109,16.1484,synthetic_prototype_v1
SOL-01140,268.7769,1.2017054378141654e+16,684.5263,74945.3967,38.94,13.1889,synthetic_prototype_v1
SOL-01141,54.7147,1.2315777552237938e+16,661.2371,52805.0017,24.9648,15.3907,synthetic_prototype_v1
SOL-01142,131.4182,8.61988731143033e+16,640.5552,58259.7868,15.5942,18.1681,synthetic_prototype_v1
SOL-01143,90.0973,2832908182601111.5,865.9918,20335.6914,39.6897,10.4086,synthetic_prototype_v1
SOL-01144,161.5094,1.895765051009321e+16,711.3586,81547.2791,25.5916,22.5906,synthetic_prototype_v1
SOL-01145,125.3301,1021370510619096.2,799.8925,37589.2567,52.8897,10.9686,synthetic_prototype_v1
SOL-01146,190.7616,7.674652072323184e+16,735.9403,49763.4398,19.3875,19.1552,synthetic_prototype_v1
SOL-01147,66.8818,3652534609031829.5,655.9656,50934.7339,72.4128,8.0,synthetic_prototype_v1
SOL-01148,273.2578,3988526577108405.5,775.5234,35789.4422,54.1646,12.1659,synthetic_prototype_v1
SOL-01149,128.1398,6.667937675133719e+16,711.35,42444.9456,29.4475,19.6508,synthetic_prototype_v1
SOL-01150,59.6878,2.2932366561503536e+17,739.7512,107927.992,31.9042,11.0534,synthetic_prototype_v1
SOL-01151,141.2072,6558642758003297.0,759.0741,59050.0792,32.4459,14.1975,synthetic_prototype_v1
SOL-01152,116.8696,1.024793397351592e+16,743.553,82875.0318,28.611,21.3624,synthetic_prototype_v1
SOL-01153,159.7054,4.106683156791081e+16,608.3934,70699.8818,41.5902,16.7843,synthetic_prototype_v1
SOL-01154,121.3053,1542729676303758.5,669.7947,67163.5337,69.9773,8.0,synthetic_prototype_v1
SOL-01155,162.7616,6.120544380445348e+17,508.2172,72663.751,50.763,10.9506,synthetic_prototype_v1
SOL-01156,140.395,2.183556456579321e+17,732.9984,80777.6108,15.0,17.6795,synthetic_prototype_v1
SOL-01157,180.4879,7.872990868506408e+16,682.9866,89583.3627,32.2596,18.6165,synthetic_prototype_v1
SOL-01158,74.447,3.050481285807451e+17,896.2392,114832.006,63.2377,9.5428,synthetic_prototype_v1
SOL-01159,249.5244,8012509700953406.0,590.4784,88881.4097,56.0225,10.2406,synthetic_prototype_v1
SOL-01160,90.078,2117189070912836.2,597.9923,119024.0774,56.5217,9.653,synthetic_prototype_v1
SOL-01161,159.2858,5178071513536025.0,780.0608,95669.7088,18.1529,16.9977,synthetic_prototype_v1
SOL-01162,50.5772,4.451870373909068e+17,559.4858,80026.1148,57.9812,10.0489,synthetic_prototype_v1
SOL-01163,201.7049,1.051854085693794e+17,591.6552,86693.121,19.2151,12.1983,synthetic_prototype_v1
SOL-01164,173.3766,1228842785347277.8,859.8771,86121.0579,51.5733,11.7166,synthetic_prototype_v1
SOL-01165,73.7998,5.25505886435066e+16,703.6837,34135.0334,18.5698,13.965,synthetic_prototype_v1
SOL-01166,75.2765,1656242117207402.8,856.9225,63542.8942,49.7608,9.8426,synthetic_prototype_v1
SOL-01167,145.4891,3.0934507078744755e+17,675.6195,97066.0328,34.1822,15.8639,synthetic_prototype_v1
SOL-01168,223.5656,1364246120627629.2,607.0595,116592.7792,27.2658,9.9501,synthetic_prototype_v1
SOL-01169,112.093,4791898458182773.0,702.1922,59604.9189,47.1186,11.5805,synthetic_prototype_v1
SOL-01170,78.6325,4756917092036602.0,577.6,94119.2526,52.5561,10.0025,synthetic_prototype_v1
SOL-01171,171.7011,1.7045939789433228e+16,689.774,58738.5398,15.0,19.6777,synthetic_prototype_v1
SOL-01172,138.7536,3.352225845063966e+16,630.5218,59352.4404,27.7341,18.7312,synthetic_prototype_v1
SOL-01173,134.5533,9.078196394228595e+16,713.3157,96298.3972,24.7282,22.4234,synthetic_prototype_v1
SOL-01174,91.1674,9845531997487620.0,749.4038,61413.6602,15.0,15.5922,synthetic_prototype_v1
SOL-01175,52.3149,9793854716169436.0,596.2614,56792.283,50.3041,12.4856,synthetic_prototype_v1
SOL-01176,251.7361,1.0640083072850012e+16,851.6177,91254.1562,29.5628,11.0508,synthetic_prototype_v1
SOL-01177,145.2874,2.359896147929206e+16,671.1808,47768.7589,28.1188,21.7985,synthetic_prototype_v1
SOL-01178,208.0506,6831040366006752.0,799.9689,37199.6678,62.8896,8.014,synthetic_prototype_v1
SOL-01179,112.7689,2.3915965250963556e+16,754.4417,66513.1548,17.2346,19.553,synthetic_prototype_v1
SOL-01180,84.9723,3.1487644059457828e+16,664.6906,94356.6718,40.9906,14.5652,synthetic_prototype_v1
SOL-01181,295.2512,6588998904254491.0,686.1763,41006.9147,43.8253,13.1109,synthetic_prototype_v1
SOL-01182,175.6032,2.7082968025482528e+17,628.1516,20057.1056,32.2825,13.4106,synthetic_prototype_v1
SOL-01183,76.2449,2.9822189062425852e+16,685.9999,30832.2674,24.0615,16.0215,synthetic_prototype_v1
SOL-01184,98.2354,6.876010734566214e+16,872.0968,24075.1844,29.3832,10.2632,synthetic_prototype_v1
SOL-01185,186.1315,2.4661497776133732e+16,714.2291,66509.551,23.2962,18.6041,synthetic_prototype_v1
SOL-01186,121.4659,1.3380996202303354e+17,659.6684,56669.3727,33.7807,16.8212,synthetic_prototype_v1
SOL-01187,116.135,4.638595288608363e+17,575.7225,20850.4731,51.7683,13.6389,synthetic_prototype_v1
SOL-01188,111.0513,1.6352025062106528e+17,807.9016,92190.4181,52.428,11.8378,synthetic_prototype_v1
SOL-01189,73.6167,4.144812385826303e+16,576.3044,114714.1467,73.3232,9.2651,synthetic_prototype_v1
SOL-01190,88.0621,3.1278247170723268e+16,633.8756,54164.0273,15.0,17.0306,synthetic_prototype_v1
SOL-01191,298.7524,2300023763192007.5,741.2747,57326.7418,54.791,8.0,synthetic_prototype_v1
SOL-01192,141.8452,5.44527780782661e+16,691.5998,76125.3328,38.7844,20.2599,synthetic_prototype_v1
SOL-01193,186.0793,2.496645296948566e+17,788.1363,50418.8185,27.1739,12.1476,synthetic_prototype_v1
SOL-01194,112.3851,3.68555834682031e+16,780.4103,94545.7371,21.7472,19.1128,synthetic_prototype_v1
SOL-01195,278.3213,4122415815103009.5,662.9008,86475.8669,46.0839,11.4907,synthetic_prototype_v1
SOL-01196,230.5192,2.6745277063432684e+16,679.4778,88664.257,28.1062,14.6428,synthetic_prototype_v1
SOL-01197,56.2149,2.486780279466981e+16,880.2596,58701.588,29.2292,11.9199,synthetic_prototype_v1
SOL-01198,242.9623,2.228752396161141e+16,635.2342,44672.2384,68.6202,8.0,synthetic_prototype_v1
SOL-01199,102.2644,1.9189546836735594e+17,880.9187,88493.6437,22.4279,11.7069,synthetic_prototype_v1
SOL-01200,104.9211,3.255734212506209e+16,697.9566,64651.2358,26.8563,22.2004,synthetic_prototype_v1
SOL-01201,173.8535,3.777910147187157e+16,740.8367,95014.3681,22.271,20.232,synthetic_prototype_v1
SOL-01202,208.8708,2.2446997450109652e+16,672.1521,69562.2155,15.0,16.9559,synthetic_prototype_v1
SOL-01203,197.6862,3.0969820013089544e+16,836.3112,111432.7624,55.338,11.291,synthetic_prototype_v1
SOL-01204,192.5525,7.0889327939766024e+16,728.8987,79311.3666,15.0,20.9324,synthetic_prototype_v1
SOL-01205,141.2618,5.578291495581985e+16,503.4859,41994.5355,43.1414,13.9459,synthetic_prototype_v1
SOL-01206,161.8482,3852342297087993.0,578.7032,88238.1632,68.3288,9.4457,synthetic_prototype_v1
SOL-01207,116.1458,5802129940900106.0,763.3371,58331.932,26.588,14.8588,synthetic_prototype_v1
SOL-01208,142.5818,4.522618744810266e+16,721.9381,74137.8203,28.3569,23.0,synthetic_prototype_v1
SOL-01209,152.0392,4466183951828004.5,767.48,93119.8,29.3078,15.7186,synthetic_prototype_v1
SOL-01210,80.4581,3559789941909662.0,590.6022,104008.4373,71.9454,11.0057,synthetic_prototype_v1
SOL-01211,131.5596,1.3933066334399014e+16,652.7676,62864.7003,46.3676,19.7246,synthetic_prototype_v1
SOL-01212,217.5508,1.1801608929821114e+17,665.317,118139.7333,22.923,16.3553,synthetic_prototype_v1
SOL-01213,141.878,1.0484341153914176e+17,630.8449,92775.5279,25.5583,19.3374,synthetic_prototype_v1
SOL-01214,240.3581,5.864314962356316e+17,742.0977,36945.318,17.4597,14.1859,synthetic_prototype_v1
SOL-01215,199.0106,3.0146135711511846e+17,670.7727,51932.8866,53.0654,12.8541,synthetic_prototype_v1
SOL-01216,61.0438,2.569781405868779e+16,589.9873,105701.067,61.3226,8.0,synthetic_prototype_v1
SOL-01217,142.8132,1120659757712524.4,756.4759,73100.5667,72.3905,10.2962,synthetic_prototype_v1
SOL-01218,74.958,3.2207324019000496e+16,719.7468,44998.2223,21.6207,14.5755,synthetic_prototype_v1
SOL-01219,190.8808,1502263162889372.2,703.4881,71099.9415,71.8448,9.2755,synthetic_prototype_v1
SOL-01220,100.5908,5517847836227973.0,600.3652,34098.734,61.9627,10.0545,synthetic_prototype_v1
SOL-01221,271.0661,5.543740102682756e+16,683.218,46768.2969,15.0,12.9743,synthetic_prototype_v1
SOL-01222,164.113,1.3938970058505162e+16,856.3117,23606.0555,59.199,10.6537,synthetic_prototype_v1
SOL-01223,150.1263,2.1652540227013516e+16,676.9074,56252.2911,17.2702,23.0,synthetic_prototype_v1
SOL-01224,182.6103,3849723227507292.5,576.7439,65506.7431,74.8673,8.0,synthetic_prototype_v1
SOL-01225,122.1688,8.522685222910611e+16,625.0289,89393.1051,25.6581,18.8031,synthetic_prototype_v1
SOL-01226,289.6288,5045297762392772.0,738.6322,72393.5218,24.1056,12.7366,synthetic_prototype_v1
SOL-01227,79.8044,2.8008563463703386e+17,644.6739,117477.9428,64.085,10.6539,synthetic_prototype_v1
SOL-01228,59.7448,1.5872161124667826e+16,774.8218,85551.0961,42.3339,12.8214,synthetic_prototype_v1
SOL-01229,189.0429,4.263654099302124e+16,697.8792,89631.6246,43.9009,19.3976,synthetic_prototype_v1
SOL-01230,132.5503,8123549935853488.0,739.0984,52609.989,15.749,20.8928,synthetic_prototype_v1
SOL-01231,209.0022,1.7319838276415304e+16,744.5689,81149.2194,34.37,17.599,synthetic_prototype_v1
SOL-01232,252.2424,3898876474617614.5,742.5577,36017.7492,53.94,8.0,synthetic_prototype_v1
SOL-01233,274.0259,6.504591735868662e+16,692.1199,70000.3362,31.1738,15.8656,synthetic_prototype_v1
SOL-01234,79.9334,8.116730442733665e+17,645.5387,75299.512,56.17,10.9582,synthetic_prototype_v1
SOL-01235,55.701,2.399454144936481e+16,810.2414,50566.2627,35.9004,12.6769,synthetic_prototype_v1
SOL-01236,294.166,3175950209450111.0,798.5095,100952.9957,21.3339,15.0767,synthetic_prototype_v1
SOL-01237,269.7672,3.4244703467753e+16,867.7077,70114.684,66.6074,8.0,synthetic_prototype_v1
SOL-01238,197.8407,6741218797226835.0,753.0034,99045.0423,24.1427,15.728,synthetic_prototype_v1
SOL-01239,84.6636,4068634950847516.0,642.8069,79747.7597,20.3004,14.8043,synthetic_prototype_v1
SOL-01240,139.9112,1.5093581115012066e+16,627.3452,73493.925,23.0675,20.5666,synthetic_prototype_v1
SOL-01241,292.6745,4841820611689649.0,539.5059,51755.4894,40.4284,10.1383,synthetic_prototype_v1
SOL-01242,233.2811,3077862100162358.0,794.1781,92163.756,24.2375,13.3999,synthetic_prototype_v1
SOL-01243,140.2493,2.8052892657714995e+17,556.84,52750.8995,19.5116,15.0892,synthetic_prototype_v1
SOL-01244,113.6821,3632990541138602.5,783.6916,100102.7044,20.3662,15.1697,synthetic_prototype_v1
SOL-01245,182.3855,7.9230183502119e+17,810.8611,72674.7947,63.9637,8.0,synthetic_prototype_v1
SOL-01246,214.0673,1.5126916276621758e+16,677.1635,51058.0383,72.4356,8.0,synthetic_prototype_v1
SOL-01247,128.5699,5435392247341714.0,766.8671,45944.2932,31.0218,17.0142,synthetic_prototype_v1
SOL-01248,193.1033,6.213524597093434e+16,667.4123,56671.2516,38.4614,19.6656,synthetic_prototype_v1
SOL-01249,221.3569,2430891233153415.0,820.4305,60621.4114,36.4816,10.3601,synthetic_prototype_v1
SOL-01250,165.4693,1.0332622730532557e+17,721.9302,41934.5636,19.1644,19.2543,synthetic_prototype_v1
SOL-01251,109.1862,4.4567697507080776e+16,640.1468,27690.8331,63.8531,12.2082,synthetic_prototype_v1
SOL-01252,164.562,2905807374936958.5,798.5966,97201.9977,22.0829,13.3089,synthetic_prototype_v1
SOL-01253,51.1547,1.442519885719626e+16,800.8428,67452.5595,36.0814,12.9174,synthetic_prototype_v1
SOL-01254,73.5715,2866814067782756.5,588.4458,61640.5155,46.1053,12.5357,synthetic_prototype_v1
SOL-01255,187.26,1.268798199303837e+17,710.8568,85115.27,32.4497,15.9408,synthetic_prototype_v1
SOL-01256,94.4781,6.849894205911664e+16,661.0029,109013.2508,30.4778,15.6114,synthetic_prototype_v1
SOL-01257,179.2549,2.374334316036369e+17,854.7224,62565.2041,31.1662,8.0,synthetic_prototype_v1
SOL-01258,210.2222,1345466478754138.0,858.2688,78458.7991,45.3204,12.5975,synthetic_prototype_v1
SOL-01259,146.3248,5.086430954651554e+16,733.1604,86795.8633,28.8462,21.6419,synthetic_prototype_v1
SOL-01260,175.232,6.334397580681344e+16,788.3966,81747.7252,23.3206,18.2661,synthetic_prototype_v1
SOL-01261,292.951,1.4581776513601014e+17,606.7887,36218.3778,42.2013,11.6604,synthetic_prototype_v1
SOL-01262,164.3232,5.965879495339532e+17,681.3043,66869.3692,32.3612,14.0869,synthetic_prototype_v1
SOL-01263,156.3951,1.063009564100767e+16,707.0133,65984.3419,26.3588,22.6836,synthetic_prototype_v1
SOL-01264,146.1188,1.2631863501122488e+16,664.5954,75374.7579,15.0,23.0,synthetic_prototype_v1
SOL-01265,126.901,8.20423319742593e+16,713.0528,81219.866,37.704,20.0247,synthetic_prototype_v1
SOL-01266,108.4374,4.5989829145457336e+16,729.8423,80070.4512,15.0,17.575,synthetic_prototype_v1
SOL-01267,195.7675,5.7489997610234584e+16,722.5257,42113.4543,15.0,18.4644,synthetic_prototype_v1
SOL-01268,96.3438,1.425665273895728e+17,740.4873,91087.3175,22.275,15.0677,synthetic_prototype_v1
SOL-01269,260.5387,6.156087022667122e+17,703.7994,33487.6068,70.9943,10.0162,synthetic_prototype_v1
SOL-01270,157.1861,6152752012775820.0,766.982,51220.2776,18.6552,17.9531,synthetic_prototype_v1
SOL-01271,60.7938,3.304625185796463e+16,700.9112,117043.2917,60.0887,10.6042,synthetic_prototype_v1
SOL-01272,94.873,4.546383694293278e+17,538.3518,37016.2008,34.5727,13.8055,synthetic_prototype_v1
SOL-01273,242.9651,1.5635577314933434e+17,625.6666,22327.9481,60.6477,8.0,synthetic_prototype_v1
SOL-01274,153.926,3203420705158692.5,706.8463,40569.4895,23.1457,17.1204,synthetic_prototype_v1
SOL-01275,118.5336,2815130279535379.0,648.3744,45059.8536,23.4113,15.9626,synthetic_prototype_v1
SOL-01276,71.9398,1116217710854928.8,834.2273,30316.4993,62.6597,8.0,synthetic_prototype_v1
SOL-01277,115.4741,2592380507310255.5,756.9033,83631.0607,23.1222,15.5537,synthetic_prototype_v1
SOL-01278,212.4617,2.6444912186496294e+17,753.6733,59427.5869,59.9658,8.0,synthetic_prototype_v1
SOL-01279,82.7772,1.7314129727833728e+17,596.6034,45654.8345,70.8923,8.15,synthetic_prototype_v1
SOL-01280,174.6918,2.7685541747608896e+16,705.2519,51605.7442,26.131,23.0,synthetic_prototype_v1
SOL-01281,135.8231,8.245039464047819e+16,516.8123,103817.6015,74.9204,8.4941,synthetic_prototype_v1
SOL-01282,138.2234,1.4556204746637768e+16,709.2353,75311.3229,35.0857,20.6203,synthetic_prototype_v1
SOL-01283,274.2583,1.2432851149506286e+17,760.6821,80713.6195,57.1598,9.9928,synthetic_prototype_v1
SOL-01284,200.1835,6390589815102424.0,693.305,83740.271,36.2194,15.9596,synthetic_prototype_v1
SOL-01285,282.3997,1.1314992570657698e+17,589.6937,53486.3393,61.2391,8.0,synthetic_prototype_v1
SOL-01286,173.5786,2.391340690600961e+16,656.7639,97084.6585,34.9346,21.1091,synthetic_prototype_v1
SOL-01287,223.3851,6597807462894292.0,711.4298,59203.3901,69.4575,8.0,synthetic_prototype_v1
SOL-01288,98.0275,1.124859103662993e+16,635.5337,83949.8451,18.7695,17.2545,synthetic_prototype_v1
SOL-01289,79.3761,1745987520486492.8,673.9204,72017.8059,54.1375,12.1152,synthetic_prototype_v1
SOL-01290,241.1892,2475226136211361.0,552.8572,96745.5777,66.2613,8.0,synthetic_prototype_v1
SOL-01291,63.3455,1150226541185893.2,877.7923,42708.7781,32.5699,11.7832,synthetic_prototype_v1
SOL-01292,273.2826,1.1087472227892498e+17,700.2272,113355.1646,40.4389,15.696,synthetic_prototype_v1
SOL-01293,143.0654,9934165824419390.0,525.7417,74416.3508,54.1726,10.86,synthetic_prototype_v1
SOL-01294,88.4032,9857191206468886.0,527.424,26336.798,58.0323,11.1086,synthetic_prototype_v1
SOL-01295,192.6071,4.90168596815013e+16,677.5955,54400.7974,18.6719,17.9678,synthetic_prototype_v1
SOL-01296,275.976,4.288261269891733e+17,771.6453,105949.7355,26.2965,10.8154,synthetic_prototype_v1
SOL-01297,204.0414,2888907263603535.0,615.1446,71282.2841,33.7739,13.227,synthetic_prototype_v1
SOL-01298,298.5194,8.466107463638085e+17,549.4025,72772.8176,50.0879,11.6136,synthetic_prototype_v1
SOL-01299,298.3806,1.7549416147943198e+16,504.9345,95951.4944,43.1279,14.3018,synthetic_prototype_v1
SOL-01300,113.6374,6.808228059496146e+16,769.4574,66769.4209,16.43,19.8894,synthetic_prototype_v1
SOL-01301,154.3134,5344118819889128.0,679.718,23768.9696,46.8827,15.1492,synthetic_prototype_v1
SOL-01302,273.9087,4.560778902663974e+16,845.44,29093.4821,36.8951,13.8361,synthetic_prototype_v1
SOL-01303,293.6476,3.938551511170908e+16,796.8932,61736.345,54.7808,10.4945,synthetic_prototype_v1
SOL-01304,122.0069,9.487001240616363e+16,777.5842,69704.1915,19.0774,16.4556,synthetic_prototype_v1
SOL-01305,212.9087,3.223595860710135e+16,698.8026,99076.8449,20.0359,18.5252,synthetic_prototype_v1
SOL-01306,278.1122,5302355221080170.0,528.7983,67084.5494,61.1532,8.4041,synthetic_prototype_v1
SOL-01307,292.5504,1.0647448170093259e+17,731.4209,22018.4419,52.1707,11.9353,synthetic_prototype_v1
SOL-01308,147.2605,3.8485784047976744e+16,683.5463,69406.2505,15.2637,22.2166,synthetic_prototype_v1
SOL-01309,193.4102,1.4125248970340973e+17,653.1756,32381.9093,41.1644,15.4851,synthetic_prototype_v1
SOL-01310,129.2847,3.337030634068216e+17,831.29,28728.539,34.4808,11.6442,synthetic_prototype_v1
SOL-01311,149.7043,1.5320723004869862e+17,643.3673,87592.6092,34.705,16.7726,synthetic_prototype_v1
SOL-01312,82.9387,5.17033938273135e+17,636.4408,46991.9153,67.9567,8.0,synthetic_prototype_v1
SOL-01313,111.3147,2.5873573524372772e+16,760.0652,60148.2678,45.9944,18.5743,synthetic_prototype_v1
SOL-01314,286.5061,5412869135271762.0,711.3469,102750.951,33.0006,8.8851,synthetic_prototype_v1
SOL-01315,149.0297,4.7648830554722104e+16,705.4866,59104.4665,21.7154,23.0,synthetic_prototype_v1
SOL-01316,208.2294,1.2461034805323396e+16,881.8271,80878.5089,61.6204,8.0,synthetic_prototype_v1
SOL-01317,261.6678,2.4860187938796864e+16,631.2313,37897.7624,69.5224,8.0,synthetic_prototype_v1
SOL-01318,64.6797,1174306109492121.2,545.4032,93606.4104,71.8966,8.7138,synthetic_prototype_v1
SOL-01319,208.9603,8.067657797362453e+16,652.6688,54712.8363,27.3726,15.0056,synthetic_prototype_v1
SOL-01320,171.5113,4.3166678381659776e+17,677.5162,100661.9693,55.2035,11.3416,synthetic_prototype_v1
SOL-01321,217.8079,7085926622439612.0,562.4661,117611.674,40.7747,13.2877,synthetic_prototype_v1
SOL-01322,164.4357,1.0846167103097496e+16,630.5557,86416.9151,25.2504,19.5988,synthetic_prototype_v1
SOL-01323,177.4804,1.9000487106598668e+16,761.3419,52896.7098,23.3388,19.2435,synthetic_prototype_v1
SOL-01324,197.602,3.3316042831124308e+16,686.8059,48185.131,20.1564,17.3107,synthetic_prototype_v1
SOL-01325,89.7643,1.5496716147272144e+16,714.5764,67416.1733,21.1029,17.5705,synthetic_prototype_v1
SOL-01326,197.5488,3.676984841283617e+17,714.1782,100250.7529,63.2754,8.6937,synthetic_prototype_v1
SOL-01327,281.6923,8.381584291302547e+17,889.6057,22456.1395,65.6499,11.3179,synthetic_prototype_v1
SOL-01328,245.3665,1466142506909650.0,795.3917,80417.3446,34.4064,10.857,synthetic_prototype_v1
SOL-01329,162.4799,3.731537703816389e+16,723.3711,69112.5071,20.4241,23.0,synthetic_prototype_v1
SOL-01330,173.2341,5.195623275038476e+16,801.0421,68249.4309,23.817,15.3098,synthetic_prototype_v1
SOL-01331,140.1643,5930089852378533.0,841.6355,20240.8144,16.3658,11.5014,synthetic_prototype_v1
SOL-01332,103.5231,7428955726190131.0,739.6584,66243.3913,44.221,15.7004,synthetic_prototype_v1
SOL-01333,206.7062,2.0531980612243533e+17,624.555,45402.7726,70.2014,8.0,synthetic_prototype_v1
SOL-01334,100.4455,1.3130937892282706e+17,767.4779,31022.5205,19.7121,17.3845,synthetic_prototype_v1
SOL-01335,76.8507,6809163953289407.0,613.8602,78111.4814,46.6438,14.5376,synthetic_prototype_v1
SOL-01336,154.6521,4.254270667049765e+16,598.8477,87202.3113,32.6471,22.6415,synthetic_prototype_v1
SOL-01337,103.5816,3.1181907316657188e+16,730.1071,81219.244,50.4087,18.4663,synthetic_prototype_v1
SOL-01338,129.4978,6663627785038589.0,583.8386,20882.3926,44.1245,12.8159,synthetic_prototype_v1
SOL-01339,193.3735,4.552373190861204e+16,688.2751,72943.5584,22.3866,21.4403,synthetic_prototype_v1
SOL-01340,145.6032,4920217398151652.0,636.8281,46852.7833,34.3536,13.8972,synthetic_prototype_v1
SOL-01341,129.3033,1.3342061306798978e+16,710.351,48544.2488,15.0,21.429,synthetic_prototype_v1
SOL-01342,259.2241,2149071947341801.0,739.1802,53504.6731,32.5874,11.7672,synthetic_prototype_v1
SOL-01343,230.4767,5.373645621312918e+17,576.9136,110745.2317,25.3099,12.0334,synthetic_prototype_v1
SOL-01344,153.652,4.584703081452077e+16,726.4384,88542.3545,20.093,23.0,synthetic_prototype_v1
SOL-01345,226.6771,7.512622983420162e+16,728.4806,89918.8108,44.3913,15.4265,synthetic_prototype_v1
SOL-01346,73.518,4.334176740596934e+17,711.4763,52142.1475,64.3013,8.0,synthetic_prototype_v1
SOL-01347,52.7542,5.847387455469784e+16,883.1679,101323.2916,69.8496,9.4389,synthetic_prototype_v1
SOL-01348,123.766,8033216154198004.0,700.1652,80652.5859,26.9774,23.0,synthetic_prototype_v1
SOL-01349,230.5898,5204224082666910.0,813.9848,49803.4548,22.7186,12.1835,synthetic_prototype_v1
SOL-01350,94.0889,1.4092687655372706e+16,503.3846,40023.1823,29.7549,12.965,synthetic_prototype_v1
SOL-01351,60.5865,9.647399737497375e+17,894.8789,75308.7424,24.7797,10.5235,synthetic_prototype_v1
SOL-01352,162.0631,8306941115789351.0,867.3444,102078.7335,27.9338,9.6573,synthetic_prototype_v1
SOL-01353,216.3035,5093002234369167.0,618.3059,30774.975,42.4719,13.5264,synthetic_prototype_v1
SOL-01354,239.9108,1150207724953978.8,616.6752,65768.558,40.0609,11.9141,synthetic_prototype_v1
SOL-01355,167.4502,2.2225511799871437e+17,515.2902,40797.207,18.0303,12.4582,synthetic_prototype_v1
SOL-01356,129.3045,2.2050100705325482e+17,779.2443,75952.3964,24.4137,15.0387,synthetic_prototype_v1
SOL-01357,189.258,1.725615264129493e+17,571.1144,117051.6664,26.8187,15.7329,synthetic_prototype_v1
SOL-01358,162.4648,9774015642523686.0,744.8329,76733.8667,56.7998,12.1612,synthetic_prototype_v1
SOL-01359,127.5809,2.0473219824076227e+17,516.3342,115207.2379,68.8717,8.0,synthetic_prototype_v1
SOL-01360,72.6754,1775204230014182.5,508.9622,112585.8459,19.749,11.0524,synthetic_prototype_v1
SOL-01361,51.0764,1.0888222391795683e+17,753.6744,60165.3147,74.9381,8.0,synthetic_prototype_v1
SOL-01362,129.2883,3.1861649549565594e+17,547.5432,25059.4413,22.2082,12.4332,synthetic_prototype_v1
SOL-01363,111.8168,2.0833494672238828e+16,894.2543,76842.6721,27.9372,11.0784,synthetic_prototype_v1
SOL-01364,198.0332,1048658383347798.1,648.451,114858.1532,54.2344,10.7472,synthetic_prototype_v1
SOL-01365,110.4249,8.785910041493921e+17,642.7311,42369.9574,34.3805,13.6662,synthetic_prototype_v1
SOL-01366,155.3668,7.006783545047126e+16,611.7293,98250.0492,34.348,19.3676,synthetic_prototype_v1
SOL-01367,154.7786,2.257594209403099e+16,677.1656,56483.3859,32.8829,23.0,synthetic_prototype_v1
SOL-01368,291.0933,3.061271506104098e+16,846.3976,82583.3915,51.6485,12.8223,synthetic_prototype_v1
SOL-01369,78.9747,1.2582504152423242e+17,742.6023,42434.3399,71.0957,8.8914,synthetic_prototype_v1
SOL-01370,166.5556,3.238530504421841e+16,718.8156,91922.3305,23.576,23.0,synthetic_prototype_v1
SOL-01371,113.7682,2.1389563507854296e+16,654.2724,52299.6282,32.0805,21.5421,synthetic_prototype_v1
SOL-01372,206.7381,9.284240585071026e+16,647.7697,62830.551,34.4859,16.328,synthetic_prototype_v1
SOL-01373,67.1552,2.0167518465805124e+16,879.0793,93800.8478,67.2931,9.839,synthetic_prototype_v1
SOL-01374,241.519,3.0102822179584144e+16,763.4748,84920.7311,29.2968,13.3513,synthetic_prototype_v1
SOL-01375,97.2091,3383552808513664.0,844.4968,64060.8224,43.6112,13.1969,synthetic_prototype_v1
SOL-01376,152.1983,1.3859874728060852e+16,655.1068,41875.0895,15.0,19.7281,synthetic_prototype_v1
SOL-01377,255.3077,3.4061946324964836e+16,680.7135,96501.7999,65.8151,8.0,synthetic_prototype_v1
SOL-01378,110.6311,1.905434906657643e+16,681.2337,99430.7297,25.4271,20.6217,synthetic_prototype_v1
SOL-01379,110.2426,1680421478153280.5,655.0711,114412.6945,63.4751,8.0,synthetic_prototype_v1
SOL-01380,244.6877,1.3448542254721066e+17,504.9027,115477.333,61.506,10.0533,synthetic_prototype_v1
SOL-01381,209.7082,1.2133204340406362e+16,635.7833,84309.8874,18.6952,16.7782,synthetic_prototype_v1
SOL-01382,181.1578,1.7657262547386484e+16,688.5955,44796.89,22.5242,22.292,synthetic_prototype_v1
SOL-01383,149.7712,4.408723688426524e+16,711.6139,94012.9479,30.3594,21.9274,synthetic_prototype_v1
SOL-01384,115.7178,2.975142028468661e+17,662.6549,59588.5116,60.7991,8.738,synthetic_prototype_v1
SOL-01385,142.0581,8.973090239743899e+17,687.1972,38789.1242,36.7506,13.0996,synthetic_prototype_v1
SOL-01386,66.7889,1.7456699208310652e+16,564.6088,36193.0694,31.4226,15.178,synthetic_prototype_v1
SOL-01387,213.9696,1.2385142887920098e+17,714.9677,78061.5352,19.8074,17.7106,synthetic_prototype_v1
SOL-01388,175.869,1.3168710797864192e+16,753.6012,76665.6079,19.2438,18.1176,synthetic_prototype_v1
SOL-01389,99.4219,6.01139880555615e+16,721.3218,93196.6538,28.1301,20.1061,synthetic_prototype_v1
SOL-01390,124.353,8.960649844531866e+16,526.0738,40555.8406,70.2412,8.2483,synthetic_prototype_v1
SOL-01391,271.2732,9236076238043584.0,660.9314,106850.0162,58.5799,8.0,synthetic_prototype_v1
SOL-01392,166.1452,4.111740981299207e+16,747.625,57729.0183,32.1817,18.8749,synthetic_prototype_v1
SOL-01393,206.4167,1.3130523965880752e+17,680.6016,83150.5886,32.3011,19.2517,synthetic_prototype_v1
SOL-01394,100.6976,7960842052622049.0,858.552,68779.4135,37.0268,10.8143,synthetic_prototype_v1
SOL-01395,159.6151,2.6447803297247256e+16,732.6465,93308.0312,15.0,21.5351,synthetic_prototype_v1
SOL-01396,213.2299,4.689566647618453e+16,784.957,56470.0295,26.5052,14.5043,synthetic_prototype_v1
SOL-01397,109.2655,2831119964243468.0,787.2599,43441.8302,66.8676,8.0,synthetic_prototype_v1
SOL-01398,157.4926,2.420579676987097e+16,676.1401,83473.0766,26.713,21.6354,synthetic_prototype_v1
SOL-01399,280.9458,1358913742845813.5,517.6581,75949.0755,67.2656,8.0,synthetic_prototype_v1
SOL-01400,194.5043,1.3236267054253352e+16,583.9737,86591.778,47.7498,14.1851,synthetic_prototype_v1
SOL-01401,215.6324,5.19491287897349e+17,722.6679,29482.3001,72.1121,8.1923,synthetic_prototype_v1
SOL-01402,158.2676,1.7972623584681018e+16,714.0857,87614.6572,36.893,23.0,synthetic_prototype_v1
SOL-01403,92.0262,2.590698650196957e+16,771.6268,53868.983,28.9324,15.5449,synthetic_prototype_v1
SOL-01404,60.6145,6.256628161242656e+17,762.3608,53553.7177,30.3615,10.4549,synthetic_prototype_v1
SOL-01405,101.7463,1.1396636521098325e+17,702.7629,110064.5183,61.402,9.7187,synthetic_prototype_v1
SOL-01406,154.2281,4102958093726284.0,767.1693,20276.8476,17.1362,14.6706,synthetic_prototype_v1
SOL-01407,129.9478,5.6654391232700456e+16,685.4346,78417.3772,27.7447,21.45,synthetic_prototype_v1
SOL-01408,99.9439,1.2036944915283336e+17,632.4798,87687.5376,67.7863,8.0,synthetic_prototype_v1
SOL-01409,135.5906,2.926724355754863e+17,668.2991,84811.6805,35.2116,15.7181,synthetic_prototype_v1
SOL-01410,176.9735,1.215926225891375e+17,736.8671,53481.5778,21.8425,17.7183,synthetic_prototype_v1
SOL-01411,167.1042,1.7461548171888256e+16,721.1448,47630.7821,45.0106,17.9719,synthetic_prototype_v1
SOL-01412,157.9864,5115290523480560.0,795.4126,100868.838,29.7587,14.7083,synthetic_prototype_v1
SOL-01413,108.7092,2.4845934502202532e+16,666.234,92616.2814,34.043,18.1026,synthetic_prototype_v1
SOL-01414,78.0176,2.9195719206691654e+17,737.7291,20746.382,32.5471,13.7788,synthetic_prototype_v1
SOL-01415,62.1145,9358145702306256.0,728.9598,81190.6243,25.1881,13.1451,synthetic_prototype_v1
SOL-01416,149.635,4.846757292133683e+16,723.4515,89646.1183,25.8022,23.0,synthetic_prototype_v1
SOL-01417,135.9289,5.444319141423511e+16,692.5748,69263.3249,17.2089,23.0,synthetic_prototype_v1
SOL-01418,200.3896,9.960901848046482e+16,884.8855,31829.3622,53.3043,8.4994,synthetic_prototype_v1
SOL-01419,78.9642,6.503038087243059e+17,746.4349,117033.6191,70.7493,9.0059,synthetic_prototype_v1
SOL-01420,208.4424,1915569528177530.2,862.9047,95675.2261,60.831,8.8966,synthetic_prototype_v1
SOL-01421,230.5756,2.1368119307711142e+17,681.4742,90507.3257,17.9947,14.9675,synthetic_prototype_v1
SOL-01422,254.577,2.3772219327081072e+17,711.1266,35710.1903,26.5482,10.5702,synthetic_prototype_v1
SOL-01423,226.5747,2.955961805710655e+16,758.4942,78922.4036,33.4815,14.7152,synthetic_prototype_v1
SOL-01424,51.6059,1.13128623754334e+17,737.8437,40886.8569,15.0,12.0911,synthetic_prototype_v1
SOL-01425,53.6707,6483836958045625.0,539.3357,50582.9156,63.1684,8.0,synthetic_prototype_v1
SOL-01426,234.1433,1.3677385270737706e+17,566.7189,104380.4993,52.0706,11.9534,synthetic_prototype_v1
SOL-01427,57.8209,8.754522608648523e+16,614.5909,65523.5738,68.0202,8.0,synthetic_prototype_v1
SOL-01428,90.547,2.5616114636382916e+16,719.511,48738.4324,15.0,15.3517,synthetic_prototype_v1
SOL-01429,127.3088,3.5772799832249732e+16,800.7071,95285.1776,15.2297,16.4144,synthetic_prototype_v1
SOL-01430,59.0407,1.686545120921872e+17,624.7086,98361.7256,21.2598,11.4737,synthetic_prototype_v1
SOL-01431,153.9519,1.7022528763701306e+16,516.4613,77591.9276,43.8232,14.5059,synthetic_prototype_v1
SOL-01432,128.4983,1.1256717815708994e+16,630.8251,43635.6547,15.0,17.4603,synthetic_prototype_v1
SOL-01433,178.6555,1.363392116693225e+16,652.2669,56071.5147,28.8035,18.2945,synthetic_prototype_v1
SOL-01434,152.2588,4.2176443593438605e+17,500.516,118137.191,34.9027,11.6019,synthetic_prototype_v1
SOL-01435,118.2968,3.555093730663484e+17,879.509,92658.7906,61.1213,11.1297,synthetic_prototype_v1
SOL-01436,127.6635,5283618848505756.0,563.9451,55227.923,59.4055,8.4695,synthetic_prototype_v1
SOL-01437,183.6502,5.5429513718965624e+16,799.7328,60092.6383,49.6688,15.9071,synthetic_prototype_v1
SOL-01438,277.1452,1.1648141514212315e+17,721.6078,55897.2614,36.9557,14.5577,synthetic_prototype_v1
SOL-01439,212.6288,6277531738519624.0,654.1426,87700.3513,18.1504,15.009,synthetic_prototype_v1
SOL-01440,208.2873,2.459672381660759e+16,793.9702,40734.6285,72.7402,8.916,synthetic_prototype_v1
SOL-01441,137.7689,2354862548956220.0,665.6801,65462.6501,30.2854,13.2118,synthetic_prototype_v1
SOL-01442,174.6102,1.959760123204388e+17,698.1495,72450.873,22.6755,18.1036,synthetic_prototype_v1
SOL-01443,91.0185,1.5526441944914348e+16,620.2962,58553.4022,24.6237,18.0565,synthetic_prototype_v1
SOL-01444,259.7935,1.1295812087928054e+17,564.7317,54447.7703,51.7769,12.3474,synthetic_prototype_v1
SOL-01445,132.8833,1.1579590277900838e+17,655.201,50742.6824,34.0049,19.3642,synthetic_prototype_v1
SOL-01446,141.8409,2.944584682178301e+17,665.3004,59486.2666,42.7276,15.4895,synthetic_prototype_v1
SOL-01447,92.7317,1.1048845678413011e+17,770.6112,86167.1717,25.2408,15.802,synthetic_prototype_v1
SOL-01448,106.1266,1.1893026552542758e+17,721.9426,75298.8552,23.4368,18.658,synthetic_prototype_v1
SOL-01449,121.0993,6.809381358640986e+17,835.9497,72210.5639,52.3028,9.22,synthetic_prototype_v1
SOL-01450,247.8629,8.246443111208613e+16,626.8994,96303.2933,30.1925,13.8311,synthetic_prototype_v1
SOL-01451,84.0622,5947629126377984.0,760.9017,79037.1889,41.655,12.7499,synthetic_prototype_v1
SOL-01452,161.5992,4.980643367726812e+16,672.1063,90020.9952,36.9606,21.9914,synthetic_prototype_v1
SOL-01453,235.4037,1.603601029924724e+16,824.5524,115827.6873,42.5322,15.4934,synthetic_prototype_v1
SOL-01454,295.0068,7.112811506080931e+16,864.7486,96684.8193,52.8466,8.007,synthetic_prototype_v1
SOL-01455,120.6298,3.110175329485291e+16,651.4151,66101.4829,41.8585,19.3299,synthetic_prototype_v1
SOL-01456,116.8576,5.6212415078519e+16,808.3424,52031.7254,26.539,16.1117,synthetic_prototype_v1
SOL-01457,55.2832,2.037161315226877e+17,722.8949,51151.6946,15.0,11.854,synthetic_prototype_v1
SOL-01458,284.035,6833629913477987.0,653.8256,95532.1985,52.3155,9.3822,synthetic_prototype_v1
SOL-01459,166.1715,1.6950477122962002e+16,776.7766,76664.0068,35.6792,20.3118,synthetic_prototype_v1
SOL-01460,152.0808,2.350930579393633e+17,817.967,115786.5896,72.3858,8.0,synthetic_prototype_v1
SOL-01461,166.3276,1.972118857741981e+17,686.1615,55769.2501,33.0229,14.8284,synthetic_prototype_v1
SOL-01462,214.9878,9.292719221410845e+16,512.9315,102301.6883,24.3121,13.3222,synthetic_prototype_v1
SOL-01463,287.3234,4.5402079451974776e+16,785.7368,75285.0113,66.4208,8.0,synthetic_prototype_v1
SOL-01464,150.6632,2.585709601044292e+16,712.4108,81738.8083,18.1822,23.0,synthetic_prototype_v1
SOL-01465,96.8984,1641841690048252.2,758.4047,85839.6659,28.8156,12.3407,synthetic_prototype_v1
SOL-01466,177.5523,2.5023366440839508e+16,673.0433,74099.0643,33.1784,20.4137,synthetic_prototype_v1
SOL-01467,199.6285,2.8048279293371104e+16,793.7882,75636.1151,32.0675,14.5968,synthetic_prototype_v1
SOL-01468,119.5396,7.27385138167205e+16,700.9942,86882.3192,29.0027,21.9783,synthetic_prototype_v1
SOL-01469,69.4362,5.571808433575097e+16,523.1056,33698.5515,21.9529,10.4131,synthetic_prototype_v1
SOL-01470,160.2817,1.3431376180702382e+16,729.0112,68625.7889,18.7372,20.8057,synthetic_prototype_v1
SOL-01471,192.4407,5935685771567698.0,689.8203,48326.341,29.1243,14.3932,synthetic_prototype_v1
SOL-01472,50.0,2.6265628973000036e+16,641.5367,72468.7513,31.7121,12.7791,synthetic_prototype_v1
SOL-01473,205.3108,2.6148102270699212e+16,751.2307,89438.2566,27.8768,17.5639,synthetic_prototype_v1
SOL-01474,272.4141,1.023322263520571e+16,655.3035,57938.5921,42.7866,11.7008,synthetic_prototype_v1
SOL-01475,259.7674,9.728530959458327e+17,815.1011,87183.8982,43.4647,12.5243,synthetic_prototype_v1
SOL-01476,224.0801,1.3929085858372984e+16,679.3431,111077.464,42.002,16.3029,synthetic_prototype_v1
SOL-01477,157.3757,6533691111154825.0,708.6405,58458.7928,22.1831,19.2876,synthetic_prototype_v1
SOL-01478,133.5251,1.4976465608025462e+17,702.8138,77751.8493,34.3503,16.7724,synthetic_prototype_v1
SOL-01479,105.1995,8.845766949945902e+16,817.2793,103611.9535,37.8397,13.8774,synthetic_prototype_v1
SOL-01480,249.3777,5.274320508440093e+16,708.5948,98389.3615,43.2142,15.2457,synthetic_prototype_v1
SOL-01481,163.2573,2.1230862987698452e+16,703.6298,95817.1471,16.5317,23.0,synthetic_prototype_v1
SOL-01482,126.9164,1.909357995913177e+17,603.061,29748.6349,23.1809,14.3482,synthetic_prototype_v1
SOL-01483,136.3458,2.1196949152206685e+17,695.6598,90544.211,40.6282,19.2708,synthetic_prototype_v1
SOL-01484,178.9219,3632776278390537.0,739.8806,42473.744,15.7781,12.2443,synthetic_prototype_v1
SOL-01485,73.3177,2149874879191255.0,552.0332,74886.7936,38.4334,12.5002,synthetic_prototype_v1
SOL-01486,110.9595,1.0086334499220565e+17,687.8464,91893.19,15.0,19.7923,synthetic_prototype_v1
SOL-01487,180.5313,3229169164458610.5,510.856,75508.2988,34.9551,11.086,synthetic_prototype_v1
SOL-01488,265.1576,5510649155572406.0,746.5029,99732.1247,56.4093,9.8697,synthetic_prototype_v1
SOL-01489,134.5773,2.734180606717994e+16,740.8714,54462.7122,15.0,21.0625,synthetic_prototype_v1
SOL-01490,290.55,5.080004190633436e+17,591.5735,116869.4619,70.558,8.0,synthetic_prototype_v1
SOL-01491,96.4415,1.500124781803653e+16,755.3387,36530.5148,59.0822,8.2414,synthetic_prototype_v1
SOL-01492,144.5775,2.5132414141598656e+17,669.6906,62988.309,46.9277,15.3471,synthetic_prototype_v1
SOL-01493,243.9478,1.175109666932754e+16,614.317,55632.3166,18.167,11.2547,synthetic_prototype_v1
SOL-01494,246.1909,6477542008063959.0,581.6755,69208.8485,68.567,9.579,synthetic_prototype_v1
SOL-01495,290.1467,9.46840808550475e+16,749.2022,56840.5929,40.3969,13.6703,synthetic_prototype_v1
SOL-01496,92.5798,3.758616502900013e+17,878.6186,20786.469,67.9646,9.8497,synthetic_prototype_v1
SOL-01497,231.9608,5.463356715955915e+16,687.7958,116154.087,58.6373,9.4362,synthetic_prototype_v1
SOL-01498,164.7621,6.459980095121961e+16,657.4579,73422.3335,27.1818,22.7995,synthetic_prototype_v1
SOL-01499,153.1834,5.75257444982803e+16,805.7018,50949.1346,16.9909,14.6786,synthetic_prototype_v1
SOL-01500,59.3531,8857138453076668.0,860.0744,91015.2438,26.5226,11.9786,synthetic_prototype_v1
SOL-01501,99.9487,1.5188128699316152e+16,564.2916,36249.082,23.7506,14.2525,synthetic_prototype_v1
SOL-01502,73.7969,5.035953102163568e+16,750.365,22435.7474,69.1669,8.0,synthetic_prototype_v1
SOL-01503,163.4742,2.7869839664808902e+17,799.0024,110887.4057,63.9942,9.6062,synthetic_prototype_v1
SOL-01504,123.0779,9.980321995873185e+17,508.6612,69695.0225,53.446,12.8303,synthetic_prototype_v1
SOL-01505,116.7928,7.325090521592187e+16,617.9001,47579.8797,46.5168,16.4165,synthetic_prototype_v1
SOL-01506,137.2975,1.1263768281328586e+16,699.9298,40491.8956,15.0,20.9456,synthetic_prototype_v1
SOL-01507,253.7683,1.3422148313686021e+17,817.0046,77856.0376,36.5521,13.4644,synthetic_prototype_v1
SOL-01508,124.0082,1400126515294794.0,614.9985,42335.3897,51.4582,12.1185,synthetic_prototype_v1
SOL-01509,148.518,7.38844249594584e+16,542.0313,24641.8076,16.7473,15.0729,synthetic_prototype_v1
SOL-01510,248.8081,5.859534437074273e+16,505.5391,30799.3115,21.944,9.0253,synthetic_prototype_v1
SOL-01511,239.1384,3.84509836505893e+16,703.1578,88712.6307,15.0,15.2279,synthetic_prototype_v1
SOL-01512,201.2309,4.707079406574661e+16,751.0865,40344.2614,15.0,18.1652,synthetic_prototype_v1
SOL-01513,198.9644,4.150936591742101e+16,711.6535,52488.1742,26.0673,20.1815,synthetic_prototype_v1
SOL-01514,238.2683,1.9979497487452758e+17,705.0476,62124.8609,21.182,15.382,synthetic_prototype_v1
SOL-01515,226.3181,3441710659983522.0,897.0607,112569.1437,46.2027,8.0,synthetic_prototype_v1
SOL-01516,113.3269,1.6088194106127058e+16,574.6904,32920.7465,50.0293,15.7857,synthetic_prototype_v1
SOL-01517,110.0566,1308375678287551.2,787.8752,98358.9271,21.2454,14.9784,synthetic_prototype_v1
SOL-01518,251.5402,1.8231776930499702e+17,766.3794,48454.3317,15.0,13.1332,synthetic_prototype_v1
SOL-01519,205.3956,6.0290148357922456e+16,721.5037,79949.8871,31.4463,19.5847,synthetic_prototype_v1
SOL-01520,200.8515,3.9542225282086016e+17,593.0926,38043.3231,45.9141,11.1024,synthetic_prototype_v1
SOL-01521,79.7276,3.223646070080959e+17,848.7959,76955.4036,60.8138,9.1068,synthetic_prototype_v1
SOL-01522,266.0342,4.380249138036876e+16,767.7803,90492.365,37.064,13.8358,synthetic_prototype_v1
SOL-01523,199.6193,1.258248758085895e+17,545.6738,90140.1129,25.8487,11.2289,synthetic_prototype_v1
SOL-01524,174.2291,3.9817662628991464e+16,570.5609,64929.3058,46.2025,15.0239,synthetic_prototype_v1
SOL-01525,258.1695,1.905263442648675e+17,617.3094,46882.7219,37.8621,14.2324,synthetic_prototype_v1
SOL-01526,95.2211,1.3062047843593608e+16,549.5545,52168.6667,19.4763,15.5726,synthetic_prototype_v1
SOL-01527,67.9655,2038442240868474.2,675.7529,41930.6558,31.1676,14.5961,synthetic_prototype_v1
SOL-01528,200.6026,5.920712145269676e+17,695.5841,88034.137,71.1976,8.0,synthetic_prototype_v1
SOL-01529,163.7236,1227144366331637.0,785.1523,58374.8046,71.7515,8.8324,synthetic_prototype_v1
SOL-01530,182.6924,5445889120977378.0,795.5038,65778.294,73.6228,8.0,synthetic_prototype_v1
SOL-01531,155.8738,2.8785933212627837e+17,739.0301,64030.1148,68.909,8.0693,synthetic_prototype_v1
SOL-01532,143.616,1903946049556825.5,797.1466,34582.0173,57.8006,9.2506,synthetic_prototype_v1
SOL-01533,283.2334,3137577808384573.5,787.8741,116578.949,45.4351,10.5411,synthetic_prototype_v1
SOL-01534,182.6383,2.173101449890762e+16,757.9608,63242.7321,27.4794,22.0036,synthetic_prototype_v1
SOL-01535,128.1416,1.911579289252873e+16,712.9878,68939.5719,26.1431,20.6883,synthetic_prototype_v1
SOL-01536,88.4005,2545926054257648.5,582.4376,22896.093,53.1163,8.5207,synthetic_prototype_v1
SOL-01537,256.166,3.7657327097296376e+16,544.278,43303.9221,57.1097,8.0,synthetic_prototype_v1
SOL-01538,104.5454,2.3987855503121064e+16,713.2289,75351.4689,31.2848,19.2303,synthetic_prototype_v1
SOL-01539,64.0717,3968659063583528.5,628.1508,94942.834,22.9868,11.5656,synthetic_prototype_v1
SOL-01540,142.2196,6680286304384524.0,785.5777,82376.9568,34.4266,14.3712,synthetic_prototype_v1
SOL-01541,135.3992,4.694545616816123e+16,664.7107,90809.8296,27.6667,20.638,synthetic_prototype_v1
SOL-01542,77.2443,1.0286458559669944e+16,621.8011,94158.0968,34.1771,11.8119,synthetic_prototype_v1
SOL-01543,231.4424,1689838099970174.0,897.6362,30781.3845,59.4161,8.0,synthetic_prototype_v1
SOL-01544,149.5332,1.107348237040934e+16,777.3951,83100.1983,26.7293,18.5982,synthetic_prototype_v1
SOL-01545,160.4223,1.0987321525048368e+17,844.1642,67359.4706,36.0315,10.2095,synthetic_prototype_v1
SOL-01546,171.5562,9.685147788007309e+16,643.4949,98593.9008,18.4687,18.2854,synthetic_prototype_v1
SOL-01547,133.7875,4683623880363695.0,704.4819,76586.7896,26.308,20.706,synthetic_prototype_v1
SOL-01548,84.352,9.117541580224518e+17,884.7263,48259.6078,71.465,8.962,synthetic_prototype_v1
SOL-01549,296.4053,8.784150345915392e+16,621.433,112789.6594,31.7022,12.2454,synthetic_prototype_v1
SOL-01550,245.1453,2.0967627084820227e+17,647.3484,94359.1507,21.5529,12.1447,synthetic_prototype_v1
SOL-01551,239.8353,3.5587178235241683e+17,729.5123,38570.4173,57.9856,9.119,synthetic_prototype_v1
SOL-01552,152.1958,4632940837806023.0,847.0326,67250.0088,21.349,13.6402,synthetic_prototype_v1
SOL-01553,209.7568,3347733346631808.0,650.7074,27605.1561,58.2835,8.4827,synthetic_prototype_v1
SOL-01554,286.8733,4.185193630273808e+16,684.5924,46543.9063,31.5317,12.6915,synthetic_prototype_v1
SOL-01555,99.9568,1.7078518108074826e+17,683.4108,70390.7122,15.0,16.8146,synthetic_prototype_v1
SOL-01556,230.8578,2.126095472811569e+16,812.5218,42068.5097,39.997,14.7843,synthetic_prototype_v1
SOL-01557,200.8561,4.682709852641791e+16,634.6175,20187.4848,66.8759,9.8595,synthetic_prototype_v1
SOL-01558,212.3411,1.4584530081456688e+17,801.3321,58197.3827,15.0,13.9872,synthetic_prototype_v1
SOL-01559,107.3681,1.535788069201749e+16,720.2383,67421.0045,36.7855,21.9073,synthetic_prototype_v1
SOL-01560,178.2072,4.957210051872751e+16,749.822,63085.5892,32.0407,20.4311,synthetic_prototype_v1
SOL-01561,66.4127,7743797829065086.0,750.7152,79160.6786,20.4655,17.4868,synthetic_prototype_v1
SOL-01562,89.9876,1.0781765579708493e+17,657.742,47044.9978,32.8254,12.2794,synthetic_prototype_v1
SOL-01563,280.8257,1.2389997364758824e+16,589.9164,54765.4748,22.1458,16.1258,synthetic_prototype_v1
SOL-01564,63.8025,4.496693085782628e+16,567.6145,77375.0685,64.1346,8.0319,synthetic_prototype_v1
SOL-01565,91.8412,2132583463657220.0,884.7829,106349.1134,66.6156,12.1642,synthetic_prototype_v1
SOL-01566,115.6138,5.0245764442597384e+16,618.3737,53180.7179,17.3493,17.6167,synthetic_prototype_v1
SOL-01567,155.4212,1.0185634750850062e+16,733.6391,77294.6103,29.105,18.4167,synthetic_prototype_v1
SOL-01568,111.5881,3.357829258122183e+17,626.742,100968.8308,52.4178,8.9879,synthetic_prototype_v1
SOL-01569,145.1831,4083833686891606.0,742.8831,52168.7909,53.2859,10.0569,synthetic_prototype_v1
SOL-01570,191.4418,3.9556607224513736e+16,579.3494,71702.7193,39.4293,14.469,synthetic_prototype_v1
SOL-01571,288.2438,9.115284492918803e+17,502.2558,88842.4266,54.0314,9.8159,synthetic_prototype_v1
SOL-01572,221.5407,5581643540559566.0,731.6176,116280.7428,58.4167,10.7752,synthetic_prototype_v1
SOL-01573,248.4205,1.0752956402879923e+17,774.6897,99003.8222,16.2253,14.7402,synthetic_prototype_v1
SOL-01574,113.3458,2.4834329458297024e+17,748.6674,40642.4277,65.1316,8.0,synthetic_prototype_v1
SOL-01575,167.5989,7790506662245567.0,735.1533,93336.5619,42.2345,17.2201,synthetic_prototype_v1
SOL-01576,159.2473,4.88510115888447e+16,683.1369,117569.9603,41.7533,22.1586,synthetic_prototype_v1
SOL-01577,165.2328,5580064056267445.0,757.1553,46256.7712,21.5533,15.7345,synthetic_prototype_v1
SOL-01578,80.9845,3.756048053767663e+16,863.1398,89293.1749,28.8851,13.4556,synthetic_prototype_v1
SOL-01579,96.8097,1663934426599199.8,672.3188,43733.5515,32.2485,14.2137,synthetic_prototype_v1
SOL-01580,146.5854,5.0945961232812986e+17,671.1655,88733.6953,54.2881,13.0033,synthetic_prototype_v1
SOL-01581,146.5753,1.2360468420345388e+16,717.9274,92001.7419,20.6779,21.336,synthetic_prototype_v1
SOL-01582,208.8403,2.5470937648940976e+16,698.9955,69174.7574,22.938,17.534,synthetic_prototype_v1
SOL-01583,269.1777,1.323736617527246e+17,653.0622,33125.5299,50.1694,9.8761,synthetic_prototype_v1
SOL-01584,180.5354,4.643479975825716e+16,733.6558,86572.6682,50.4115,18.463,synthetic_prototype_v1
SOL-01585,59.2427,3.5884989834011296e+16,633.1467,108221.6016,74.7034,8.0,synthetic_prototype_v1
SOL-01586,162.3831,3.140204362871401e+17,856.1432,34774.0692,47.5132,11.9462,synthetic_prototype_v1
SOL-01587,227.4762,8.43748417857042e+17,591.0195,36772.6291,69.3493,8.736,synthetic_prototype_v1
SOL-01588,136.6232,1093906104783761.2,580.7629,105682.2335,39.2106,11.0895,synthetic_prototype_v1
SOL-01589,284.2268,1.3206052498808008e+16,690.8509,70139.4801,68.1537,8.0,synthetic_prototype_v1
SOL-01590,213.9682,2.7337275115771784e+16,691.5522,66494.6484,74.9968,10.8882,synthetic_prototype_v1
SOL-01591,154.4358,8.555798976369357e+16,619.2863,92277.1968,55.757,11.9177,synthetic_prototype_v1
SOL-01592,123.8477,4.375872364854916e+17,753.9361,84668.1695,63.159,8.0,synthetic_prototype_v1
SOL-01593,185.0095,3.980014619396911e+16,663.3628,43590.0056,31.4046,21.483,synthetic_prototype_v1
SOL-01594,229.5876,3.5886035208447834e+17,780.7852,96261.9054,45.9322,14.0303,synthetic_prototype_v1
SOL-01595,201.7664,3822602163641338.0,627.2599,79030.9692,15.0,12.2571,synthetic_prototype_v1
SOL-01596,91.5586,6.8111330283189016e+16,677.6824,53527.4444,31.823,18.4698,synthetic_prototype_v1
SOL-01597,218.2133,2.330376647458558e+17,786.2517,91445.3236,49.787,11.8795,synthetic_prototype_v1
SOL-01598,239.9917,2.6349290978102838e+17,675.1614,21936.9066,36.9194,13.0139,synthetic_prototype_v1
SOL-01599,203.2774,5.052941354400504e+17,747.2036,45269.4128,57.1339,12.337,synthetic_prototype_v1
SOL-01600,264.1536,4777411176555206.0,658.4236,118038.2102,25.2959,15.5107,synthetic_prototype_v1
SOL-01601,157.0425,4547945511112939.0,682.5005,35990.72,16.9825,15.4224,synthetic_prototype_v1
SOL-01602,193.1076,5.4972225544545517e+17,570.439,108565.0116,25.7324,13.7924,synthetic_prototype_v1
SOL-01603,98.8716,1.7427174303625842e+16,543.636,59827.3583,28.7068,13.7745,synthetic_prototype_v1
SOL-01604,296.1445,5.897118068362568e+16,786.6161,49438.0719,32.311,13.7724,synthetic_prototype_v1
SOL-01605,194.0318,9.564870207562995e+16,624.866,62868.9514,31.9009,17.1758,synthetic_prototype_v1
SOL-01606,193.7834,2.1269749428389336e+16,735.5623,82763.5255,30.8645,19.0689,synthetic_prototype_v1
SOL-01607,230.9363,3.931100940558566e+16,720.3151,71855.1226,65.6295,8.0,synthetic_prototype_v1
SOL-01608,183.7405,5.166709894806141e+16,716.8177,96224.8192,24.2351,23.0,synthetic_prototype_v1
SOL-01609,90.3845,1.674931975462243e+16,766.2924,40079.0867,36.2136,15.0954,synthetic_prototype_v1
SOL-01610,139.0164,3.609341866573218e+16,712.5305,66515.3527,25.3764,20.9679,synthetic_prototype_v1
SOL-01611,192.1853,4.970473341180161e+16,669.1624,44222.8411,25.4695,21.1459,synthetic_prototype_v1
SOL-01612,149.6419,3.625616781975761e+16,658.9565,86950.4791,19.0282,22.8212,synthetic_prototype_v1
SOL-01613,138.0573,7.396940442583034e+16,691.332,96711.7157,27.5725,21.4103,synthetic_prototype_v1
SOL-01614,181.6965,1.7140491233164157e+17,669.8248,54672.6737,18.9722,17.5303,synthetic_prototype_v1
SOL-01615,123.6831,8551041968291921.0,780.9594,75238.8027,29.767,18.0181,synthetic_prototype_v1
SOL-01616,204.8923,1.488955923336077e+16,609.4197,98669.5699,48.7798,15.8371,synthetic_prototype_v1
SOL-01617,182.2294,1.3670276344944906e+16,673.0456,95608.8136,17.7728,20.952,synthetic_prototype_v1
SOL-01618,257.2876,6.96963048267753e+16,756.9191,74910.7196,72.2574,8.0,synthetic_prototype_v1
SOL-01619,84.6451,5658859178939110.0,518.217,104478.3598,66.618,8.0,synthetic_prototype_v1
SOL-01620,157.8282,5.725692534995863e+16,714.2989,41689.9422,16.0037,23.0,synthetic_prototype_v1
SOL-01621,130.0768,8211277358798132.0,724.7794,72742.2234,30.6532,19.5079,synthetic_prototype_v1
SOL-01622,262.198,7.148608525420744e+16,728.7609,117789.4822,67.7122,9.9847,synthetic_prototype_v1
SOL-01623,157.2747,6856943037367770.0,761.2499,117172.7733,28.3047,17.4889,synthetic_prototype_v1
SOL-01624,66.2367,3.7032684008795085e+17,593.9713,35315.9183,27.1383,14.5768,synthetic_prototype_v1
SOL-01625,71.0288,8.844882999570432e+17,532.0078,37179.5693,28.0908,10.4619,synthetic_prototype_v1
SOL-01626,245.956,1192627150279153.5,749.4115,44025.8746,42.0073,14.7614,synthetic_prototype_v1
SOL-01627,249.0151,1154411045385225.2,667.0161,72659.5764,37.951,10.7386,synthetic_prototype_v1
SOL-01628,201.4813,8759204466878981.0,504.1592,46796.6874,31.9259,12.937,synthetic_prototype_v1
SOL-01629,114.4521,4.242601226149131e+16,896.4119,44472.8373,25.2148,10.3293,synthetic_prototype_v1
SOL-01630,212.9174,1459897356494341.5,677.4279,68759.0478,15.0943,15.724,synthetic_prototype_v1
SOL-01631,178.6573,2.545191712671703e+17,587.7894,88004.765,41.923,12.2149,synthetic_prototype_v1
SOL-01632,263.3508,1.5701258457790552e+16,830.0923,46131.0115,61.0408,8.0,synthetic_prototype_v1
SOL-01633,142.0233,1.972198500684886e+16,522.7124,42396.1852,25.7579,13.8876,synthetic_prototype_v1
SOL-01634,81.8065,2.1256531983285174e+17,798.2743,105689.1541,47.8483,13.7664,synthetic_prototype_v1
SOL-01635,137.069,1501077701184034.5,604.207,70896.1718,32.9828,11.3257,synthetic_prototype_v1
SOL-01636,148.2318,1028038755779272.2,770.9419,74983.6462,39.9718,11.3393,synthetic_prototype_v1
SOL-01637,244.3358,6648697984144935.0,778.3734,48013.8388,40.848,11.9839,synthetic_prototype_v1
SOL-01638,146.0924,6.988101539539285e+16,778.7518,98380.0889,26.9219,22.9352,synthetic_prototype_v1
SOL-01639,143.4035,6.669614056905408e+17,557.2715,37298.6808,67.3969,8.1794,synthetic_prototype_v1
SOL-01640,276.7759,2351592104397632.0,801.1543,39961.2091,60.403,8.0,synthetic_prototype_v1
SOL-01641,109.3839,4696811979627791.0,838.7729,80961.1373,59.1134,8.0,synthetic_prototype_v1
SOL-01642,129.0904,6518751091293001.0,770.4602,74970.9332,54.3253,13.816,synthetic_prototype_v1
SOL-01643,127.1149,1639690598108990.2,625.6308,50867.961,40.8833,11.5596,synthetic_prototype_v1
SOL-01644,108.9993,5.528585690072901e+16,675.3346,88606.563,65.699,9.943,synthetic_prototype_v1
SOL-01645,122.7431,8.496053292280051e+16,720.9174,71770.6459,15.0,21.3098,synthetic_prototype_v1
SOL-01646,248.4182,7.775108977824627e+16,822.8004,58808.235,58.8134,8.0,synthetic_prototype_v1
SOL-01647,93.2318,2.818415636587826e+16,757.8464,76464.9543,45.9543,15.2524,synthetic_prototype_v1
SOL-01648,298.3421,7.142328858883537e+17,683.9795,33565.4158,23.9179,14.5399,synthetic_prototype_v1
SOL-01649,157.3597,1.0998679226237126e+16,761.601,62577.8941,24.8114,18.5702,synthetic_prototype_v1
SOL-01650,148.7755,6.519978143644819e+16,751.2772,110467.5048,51.8773,17.6611,synthetic_prototype_v1
SOL-01651,205.3785,1.2921657315741668e+16,678.7106,59600.3429,17.1219,17.5963,synthetic_prototype_v1
SOL-01652,278.9362,2.2886311522502604e+16,606.953,44528.3691,35.4219,12.0392,synthetic_prototype_v1
SOL-01653,261.9592,9.069004164516637e+17,719.176,37467.7293,43.1243,10.8362,synthetic_prototype_v1
SOL-01654,101.9995,3509043107624114.0,763.2961,25512.2614,31.6067,14.5338,synthetic_prototype_v1
SOL-01655,149.3244,7.376914754071114e+16,786.2374,62633.5441,15.0,17.9006,synthetic_prototype_v1
SOL-01656,203.7438,4791445592625531.0,687.5296,94834.7224,21.0943,14.4812,synthetic_prototype_v1
SOL-01657,126.6371,4.068303220528844e+16,600.8827,42855.7157,32.2462,17.0323,synthetic_prototype_v1
SOL-01658,66.7445,3039780822276985.0,640.7193,42448.6478,20.707,13.4254,synthetic_prototype_v1
SOL-01659,142.8364,8.967760906545344e+16,613.6574,47749.0688,34.4799,16.3875,synthetic_prototype_v1
SOL-01660,262.7828,1.3777105352747104e+16,656.5795,25914.0322,61.5273,8.0,synthetic_prototype_v1
SOL-01661,173.5354,3631418944145697.0,523.0494,57073.788,63.5682,10.7175,synthetic_prototype_v1
SOL-01662,51.8768,4.4672042738990554e+17,581.7689,38871.1798,46.131,11.0385,synthetic_prototype_v1
SOL-01663,56.2058,7327497913263292.0,685.2107,76593.6895,68.7629,10.6759,synthetic_prototype_v1
SOL-01664,203.6842,9.341935020886509e+17,734.5407,108252.3756,18.1144,10.9645,synthetic_prototype_v1
SOL-01665,57.4018,2.6164987567736624e+16,814.135,99225.3597,30.2071,11.7448,synthetic_prototype_v1
SOL-01666,110.2318,1240860434217603.8,744.3559,59963.3077,23.5232,12.9251,synthetic_prototype_v1
SOL-01667,153.1223,1.5594249277626803e+17,775.9135,86557.4438,19.4956,16.4542,synthetic_prototype_v1
SOL-01668,159.4797,3.2489410644081084e+16,737.0042,84218.3197,15.8394,22.1383,synthetic_prototype_v1
SOL-01669,70.0693,4.358422904138986e+17,566.7484,32669.943,73.3878,9.5112,synthetic_prototype_v1
SOL-01670,197.2896,5.646922924131001e+16,577.7518,56091.1381,16.372,14.7241,synthetic_prototype_v1
SOL-01671,289.5231,4.202587818394772e+17,829.332,38873.6713,74.5313,8.7454,synthetic_prototype_v1
SOL-01672,72.6448,3.5397419872575194e+17,650.7669,40933.1219,34.1759,12.0647,synthetic_prototype_v1
SOL-01673,99.2399,8023890696174386.0,761.5551,67128.235,68.6946,8.4399,synthetic_prototype_v1
SOL-01674,118.7063,1729619996246622.0,740.6553,111923.2696,39.8779,13.2867,synthetic_prototype_v1
SOL-01675,281.1754,2.079937023547884e+16,768.3757,20789.7563,37.6656,10.6571,synthetic_prototype_v1
SOL-01676,299.395,8.41358750786731e+16,547.7732,61651.3369,67.3125,8.0,synthetic_prototype_v1
SOL-01677,282.4167,7078113420804973.0,804.2509,59298.6905,65.0404,8.9526,synthetic_prototype_v1
SOL-01678,182.8232,3.418304276257671e+16,527.1395,90747.9762,64.5714,8.2043,synthetic_prototype_v1
SOL-01679,197.0766,9.504791352477498e+16,569.3235,59334.3992,61.0402,8.0463,synthetic_prototype_v1
SOL-01680,201.5748,5.706817429137989e+17,762.142,67832.4386,25.7238,14.2985,synthetic_prototype_v1
SOL-01681,103.8109,1682643016292810.0,630.0373,101452.6855,30.2689,15.6354,synthetic_prototype_v1
SOL-01682,156.5457,2.845661407196376e+16,684.7468,81522.0415,18.0312,23.0,synthetic_prototype_v1
SOL-01683,111.3915,2656402400827449.0,784.5505,82220.9181,58.5731,8.3995,synthetic_prototype_v1
SOL-01684,95.7022,3052475447204832.5,554.3143,90560.1989,65.2438,8.0,synthetic_prototype_v1
SOL-01685,148.0098,1.2240476228179888e+16,689.0683,84614.6166,20.1376,22.0745,synthetic_prototype_v1
SOL-01686,53.9508,1.4102611018698056e+17,520.886,43517.2486,18.7163,12.6232,synthetic_prototype_v1
SOL-01687,223.4648,5.520953843547694e+17,646.7878,86093.5365,61.021,9.8438,synthetic_prototype_v1
SOL-01688,233.3737,6.496744333739009e+17,553.6675,38678.9596,28.7604,12.3061,synthetic_prototype_v1
SOL-01689,272.566,4.314682256390161e+16,509.0075,72400.8895,33.0725,12.8408,synthetic_prototype_v1
SOL-01690,162.1824,4620356625293613.0,554.6608,108204.9552,40.3657,14.3337,synthetic_prototype_v1
SOL-01691,119.5959,2.779066615991404e+16,745.1092,77140.1783,41.9718,18.211,synthetic_prototype_v1
SOL-01692,181.8244,4.190590571180819e+16,725.5666,57018.1063,28.296,18.4706,synthetic_prototype_v1
SOL-01693,221.9163,1.9071588387114264e+16,610.2043,39177.1971,30.4713,12.1523,synthetic_prototype_v1
SOL-01694,141.644,1.1973661226184842e+16,675.1854,56534.5716,31.1559,18.3685,synthetic_prototype_v1
SOL-01695,84.9381,3.45962519291214e+17,828.7482,90318.5415,31.4915,14.6195,synthetic_prototype_v1
SOL-01696,110.1477,2.4092050654171676e+16,703.4692,62418.9832,17.2894,21.8474,synthetic_prototype_v1
SOL-01697,175.4942,2.4382539961094932e+16,648.6332,61066.2954,29.6545,18.8625,synthetic_prototype_v1
SOL-01698,144.7632,1151672374537697.2,823.2739,76382.7108,44.2578,9.9374,synthetic_prototype_v1
SOL-01699,120.7705,1.6271046757230872e+16,704.7724,99973.5389,21.0181,23.0,synthetic_prototype_v1
SOL-01700,160.9857,7740414291787103.0,737.4875,21627.5183,17.3333,13.9815,synthetic_prototype_v1
SOL-01701,288.8374,8583597164206575.0,617.1611,30567.292,55.1325,10.1177,synthetic_prototype_v1
SOL-01702,274.0402,1.4860614099075776e+17,801.2632,81394.5863,27.8618,12.4192,synthetic_prototype_v1
SOL-01703,273.4358,9.47218781011375e+16,567.7762,57344.1319,40.2382,12.936,synthetic_prototype_v1
SOL-01704,205.9143,8.963548532710043e+16,668.9257,98704.1567,27.5563,15.6222,synthetic_prototype_v1
SOL-01705,90.4854,7.542435712871688e+17,586.9714,107723.9263,21.99,10.867,synthetic_prototype_v1
SOL-01706,106.1724,1234362522761861.0,593.3487,40457.0753,36.4932,11.8608,synthetic_prototype_v1
SOL-01707,255.9781,1761001202623819.0,882.8877,104045.6347,73.7595,8.0,synthetic_prototype_v1
SOL-01708,146.1709,1.4527095424244326e+16,523.7452,52613.0143,54.3894,12.0875,synthetic_prototype_v1
SOL-01709,154.5544,4.586445101874696e+16,675.3155,48393.2032,31.6581,22.0609,synthetic_prototype_v1
SOL-01710,175.6698,1030867304897608.8,714.4942,118442.2408,52.7437,13.9515,synthetic_prototype_v1
SOL-01711,83.4589,3.6922905156928984e+16,704.889,67759.1896,26.1429,17.5281,synthetic_prototype_v1
SOL-01712,119.2634,8.053770622157002e+16,626.4772,80333.4937,15.0,19.3394,synthetic_prototype_v1
SOL-01713,139.762,3.687945184103881e+16,725.401,84096.3352,36.0141,21.4556,synthetic_prototype_v1
SOL-01714,223.7902,4.000198177668391e+16,668.9971,59393.4412,36.4065,17.0974,synthetic_prototype_v1
SOL-01715,94.7887,1.5734595200048662e+17,651.4278,43289.3323,19.7134,15.103,synthetic_prototype_v1
SOL-01716,154.0404,9.878955681492981e+16,613.1003,51182.2031,61.1227,8.0,synthetic_prototype_v1
SOL-01717,68.5144,5.838648748068928e+16,569.2788,101076.5217,74.6406,8.52,synthetic_prototype_v1
SOL-01718,88.3829,2.5990123159294508e+16,806.5798,102473.5197,52.8659,12.3962,synthetic_prototype_v1
SOL-01719,157.4261,5.39641446094131e+16,773.9997,58226.5387,27.4697,19.9559,synthetic_prototype_v1
SOL-01720,60.0998,1642497091530426.0,602.9219,118504.5876,15.4884,12.4064,synthetic_prototype_v1
SOL-01721,74.1882,6.428987198738212e+17,594.3085,119905.4061,70.6283,10.7869,synthetic_prototype_v1
SOL-01722,149.3083,3475851109776980.5,657.6185,69902.8142,32.3976,14.0648,synthetic_prototype_v1
SOL-01723,98.0752,9.104795567638077e+16,803.5941,113339.4061,31.4287,13.0415,synthetic_prototype_v1
SOL-01724,162.8381,1.943998565217716e+16,712.4945,74075.2761,30.1435,20.4772,synthetic_prototype_v1
SOL-01725,177.0482,1.6588015446710288e+16,554.8791,24500.5387,37.6125,15.5317,synthetic_prototype_v1
SOL-01726,243.1265,2.2479135607785654e+17,698.9144,109033.4735,34.3411,12.872,synthetic_prototype_v1
SOL-01727,151.4435,1.0532252725662006e+17,734.7305,95197.3279,15.0,19.8703,synthetic_prototype_v1
SOL-01728,197.5613,3.931814671479328e+17,544.8452,46623.3379,15.0,13.9064,synthetic_prototype_v1
SOL-01729,250.5065,4092978276788270.5,622.5038,72899.6931,51.2911,13.9919,synthetic_prototype_v1
SOL-01730,96.6208,2495490229124202.5,762.7018,106195.6548,49.1159,11.8421,synthetic_prototype_v1
SOL-01731,194.2152,7.043012226495351e+17,722.3884,39508.0399,58.2725,8.0,synthetic_prototype_v1
SOL-01732,218.3951,3.1216670329988316e+16,685.0023,47254.8083,23.3203,17.0853,synthetic_prototype_v1
SOL-01733,172.652,7.380300294955347e+16,501.5784,59253.5007,27.0245,12.528,synthetic_prototype_v1
SOL-01734,291.1297,3716915258867997.0,710.5163,68998.0562,29.1549,12.4344,synthetic_prototype_v1
SOL-01735,123.0157,2.2683113671349784e+16,741.7217,72631.0667,25.6751,21.8682,synthetic_prototype_v1
SOL-01736,113.1091,1.1069248862199533e+17,647.0855,23545.8727,15.649,17.0234,synthetic_prototype_v1
SOL-01737,159.7946,4.4903136388670184e+16,621.8385,113987.9821,48.6655,18.9216,synthetic_prototype_v1
SOL-01738,158.1289,4050009442225897.0,815.2292,84599.8571,42.4398,13.5699,synthetic_prototype_v1
SOL-01739,119.4337,3.8977701985124424e+16,700.5914,92281.1693,18.8655,22.8164,synthetic_prototype_v1
SOL-01740,293.6043,1694671049743651.0,673.2485,110260.8109,28.5839,10.5707,synthetic_prototype_v1
SOL-01741,147.873,9.13432810937877e+17,601.8189,46630.0118,26.9409,12.0348,synthetic_prototype_v1
SOL-01742,110.5247,1.7159194938877914e+17,714.5931,62053.4383,25.4432,19.1375,synthetic_prototype_v1
SOL-01743,73.7623,4.225552004024314e+17,681.9171,29272.3338,24.5677,14.4027,synthetic_prototype_v1
SOL-01744,97.1186,1.9782048884571224e+16,746.631,36253.3188,15.7118,18.8096,synthetic_prototype_v1
SOL-01745,100.5286,8899803691467606.0,584.6173,27519.9572,25.8195,14.02,synthetic_prototype_v1
SOL-01746,108.6338,7939162979719951.0,726.9626,61275.4851,32.1225,15.7666,synthetic_prototype_v1
SOL-01747,123.2965,1.1415265523541382e+17,762.3182,40645.3231,20.2947,17.2878,synthetic_prototype_v1
SOL-01748,208.0888,2.6381729039765996e+16,781.4349,38458.4696,40.9138,12.7639,synthetic_prototype_v1
SOL-01749,255.1265,1.1643761387067344e+16,760.8714,55776.089,67.6017,8.0,synthetic_prototype_v1
SOL-01750,151.9855,2633535800753680.5,578.0577,56083.1881,38.1949,14.6483,synthetic_prototype_v1
SOL-01751,174.7863,9.989748971752763e+16,673.5244,55585.5294,27.0269,20.3824,synthetic_prototype_v1
SOL-01752,131.981,5995900299297700.0,671.5032,23356.5177,15.6805,16.8948,synthetic_prototype_v1
SOL-01753,111.5514,7415763083876623.0,620.5494,55782.7389,28.5485,18.0594,synthetic_prototype_v1
SOL-01754,88.0295,4.32559516957481e+16,782.0424,64117.3552,31.407,16.7563,synthetic_prototype_v1
SOL-01755,174.7986,1015560063884373.4,510.7743,79532.6756,74.1324,8.2878,synthetic_prototype_v1
SOL-01756,102.0948,7.682437248995119e+17,685.1285,82511.0064,48.3179,12.3767,synthetic_prototype_v1
SOL-01757,213.4422,3.2750803689139748e+16,660.0612,99300.7039,17.9696,18.5572,synthetic_prototype_v1
SOL-01758,164.697,7189971162799105.0,774.7647,57553.9853,35.9386,17.1284,synthetic_prototype_v1
SOL-01759,89.0728,2.035820873110821e+16,735.6633,38107.1371,33.828,16.6805,synthetic_prototype_v1
SOL-01760,107.6698,3.362999043270212e+17,891.865,104971.9816,20.1251,11.2164,synthetic_prototype_v1
SOL-01761,189.2504,2522010735781981.5,787.7012,101775.7994,26.3189,12.7275,synthetic_prototype_v1
SOL-01762,137.9511,2.5350767972898256e+16,629.3497,58978.4119,24.4541,18.5943,synthetic_prototype_v1
SOL-01763,291.5507,1820695441506439.8,882.3277,103947.0949,31.0626,10.3648,synthetic_prototype_v1
SOL-01764,126.3702,8935619942823981.0,530.2638,108738.5941,56.7248,10.2523,synthetic_prototype_v1
SOL-01765,165.9189,6.93024654925137e+17,557.8341,30754.3301,35.7918,13.6583,synthetic_prototype_v1
SOL-01766,253.2898,4.435414374127656e+16,517.0896,34015.8434,71.4028,8.0,synthetic_prototype_v1
SOL-01767,179.5836,2526155675925092.5,708.8679,88730.0528,28.0057,13.6448,synthetic_prototype_v1
SOL-01768,171.6646,1902514575121277.2,635.8735,36769.1214,70.5199,8.0,synthetic_prototype_v1
SOL-01769,249.8034,2.078816644466513e+16,880.0138,68617.7293,28.2395,10.3867,synthetic_prototype_v1
SOL-01770,183.8587,1.0530109872176357e+17,769.4087,39537.4997,25.1678,20.8267,synthetic_prototype_v1
SOL-01771,85.712,1.4547136377441076e+16,680.5866,85812.7159,29.6316,17.328,synthetic_prototype_v1
SOL-01772,246.8975,7510748238034472.0,605.6563,59402.878,54.1189,8.6509,synthetic_prototype_v1
SOL-01773,253.9753,3502380819918570.0,859.2943,64674.7035,59.8372,8.4598,synthetic_prototype_v1
SOL-01774,139.664,1.994818531820856e+16,697.7797,89943.2567,27.5529,23.0,synthetic_prototype_v1
SOL-01775,139.3402,1.5961842733702966e+17,652.7664,66454.0844,27.6341,17.5671,synthetic_prototype_v1
SOL-01776,196.9827,2.9118431159067852e+16,714.2784,64063.3878,28.0509,18.3339,synthetic_prototype_v1
SOL-01777,182.5652,3.4943040113296332e+16,734.9632,86904.9208,17.0245,22.0478,synthetic_prototype_v1
SOL-01778,67.9493,3657192052705263.5,727.2758,112414.281,65.0541,8.0,synthetic_prototype_v1
SOL-01779,80.9674,6946497145688144.0,640.2936,53391.3554,23.1807,14.7174,synthetic_prototype_v1
SOL-01780,120.9771,5.8878354859847656e+16,523.0224,59776.1559,32.458,13.8739,synthetic_prototype_v1
SOL-01781,229.5156,1.6819082578599742e+16,883.76,59578.8479,52.8606,9.8489,synthetic_prototype_v1
SOL-01782,55.5672,1.1728862576571533e+17,750.3884,67104.6852,16.0918,13.6951,synthetic_prototype_v1
SOL-01783,164.4379,1.5952228461886458e+16,744.2073,81115.9328,24.696,21.1101,synthetic_prototype_v1
SOL-01784,163.1996,4.550438248927994e+16,727.9579,76789.3274,26.1958,18.496,synthetic_prototype_v1
SOL-01785,181.9091,2.884893614582315e+16,773.9327,20001.3169,65.7361,9.6606,synthetic_prototype_v1
SOL-01786,206.5031,1.4819325093609598e+16,860.2727,47771.6516,60.672,8.2507,synthetic_prototype_v1
SOL-01787,133.1812,1.6327528554678352e+16,751.6547,65997.758,28.0696,20.2906,synthetic_prototype_v1
SOL-01788,250.221,2.7837346037418067e+17,739.373,48337.9265,16.6588,14.7853,synthetic_prototype_v1
SOL-01789,264.7416,1030026580025456.4,849.4559,45504.6399,44.9999,11.1945,synthetic_prototype_v1
SOL-01790,188.4167,5.883371740542581e+16,655.9685,82681.6327,35.9279,18.6122,synthetic_prototype_v1
SOL-01791,163.6144,5.850173173178193e+17,830.9571,73438.548,52.1468,12.9498,synthetic_prototype_v1
SOL-01792,148.397,5.101795905411552e+17,707.77,69386.2873,22.9634,12.6441,synthetic_prototype_v1
SOL-01793,246.6624,5.872597819421682e+17,587.834,54873.9948,33.4601,11.5443,synthetic_prototype_v1
SOL-01794,132.6857,2.6476487074880744e+16,640.4739,95767.4911,25.7296,21.9578,synthetic_prototype_v1
SOL-01795,121.6285,2.765544376782321e+17,667.8553,49075.9288,22.1847,15.6297,synthetic_prototype_v1
SOL-01796,178.5557,9.799570309866993e+17,750.4196,92571.9473,55.179,10.809,synthetic_prototype_v1
SOL-01797,178.1424,7.628695452437264e+16,689.6216,97633.6043,18.2091,21.6601,synthetic_prototype_v1
SOL-01798,181.8499,1467094062892179.8,720.4139,111406.8744,49.0485,9.7409,synthetic_prototype_v1
SOL-01799,135.4817,1.0377360410958608e+16,769.2105,85324.5677,28.3107,18.5617,synthetic_prototype_v1
SOL-01800,141.9761,1717026599178060.8,850.2903,111886.2245,28.1426,12.5069,synthetic_prototype_v1
SOL-01801,139.3424,7.538857150787956e+17,590.2437,50759.0114,50.4117,11.6716,synthetic_prototype_v1
SOL-01802,196.8804,4.8662286889984896e+17,698.7686,102084.1377,71.0458,8.0,synthetic_prototype_v1
SOL-01803,196.1962,4.107806412711926e+16,717.3658,55782.9178,17.0228,20.0457,synthetic_prototype_v1
SOL-01804,76.4746,1.5682521594682526e+16,817.63,71928.6737,27.8348,9.7559,synthetic_prototype_v1
SOL-01805,99.4642,3.5466871662103484e+16,664.4607,59347.195,24.8487,17.7441,synthetic_prototype_v1
SOL-01806,88.3449,1.6643920759382542e+16,737.3083,51613.9689,44.4637,16.1246,synthetic_prototype_v1
SOL-01807,55.678,7176884892565165.0,579.8894,25980.1209,30.6862,12.3507,synthetic_prototype_v1
SOL-01808,147.4436,7842412915669273.0,626.5699,99324.971,30.5052,18.7712,synthetic_prototype_v1
SOL-01809,202.5838,2.4775564852608227e+17,797.2606,72930.6204,66.1666,8.0,synthetic_prototype_v1
SOL-01810,261.6196,4.288389998292307e+16,562.6834,86005.1341,25.8724,13.4417,synthetic_prototype_v1
SOL-01811,158.6408,3.249367955837625e+16,724.7388,30161.5443,42.6162,19.0387,synthetic_prototype_v1
SOL-01812,249.0071,3660796980634264.5,502.2398,118961.1934,19.7134,12.0005,synthetic_prototype_v1
SOL-01813,136.7971,1.4236226032909302e+17,719.0407,70422.7276,35.6121,17.3468,synthetic_prototype_v1
SOL-01814,185.8082,8656001123180986.0,683.4765,90718.2287,15.0,21.2879,synthetic_prototype_v1
SOL-01815,128.8497,9793209213688716.0,699.322,88998.7754,15.0,23.0,synthetic_prototype_v1
SOL-01816,266.3931,7.230091668579195e+16,694.6878,65687.7607,48.673,13.3648,synthetic_prototype_v1
SOL-01817,142.0481,3.0387641925915036e+16,586.0334,78088.4913,40.9974,16.6119,synthetic_prototype_v1
SOL-01818,112.5819,5.492048984102964e+16,686.3994,70495.2075,20.3955,19.9531,synthetic_prototype_v1
SOL-01819,258.3646,2751949623373948.0,625.0444,53914.0007,67.4891,8.3945,synthetic_prototype_v1
SOL-01820,121.6484,8145831149969741.0,814.8299,58155.8774,61.8675,8.0,synthetic_prototype_v1
SOL-01821,112.4565,6.141524874002438e+17,864.3405,115223.7215,64.7409,10.2233,synthetic_prototype_v1
SOL-01822,273.6821,1374658115400685.2,628.5222,40269.5031,70.1536,8.0,synthetic_prototype_v1
SOL-01823,137.093,6395777277293590.0,764.0626,70178.6031,21.4612,16.0817,synthetic_prototype_v1
SOL-01824,96.7369,1705011531131830.2,697.2341,73372.5159,22.9356,14.5577,synthetic_prototype_v1
SOL-01825,290.8028,6.091383524638333e+17,703.5044,113241.4064,59.5294,8.0,synthetic_prototype_v1
SOL-01826,168.846,9.823392264469035e+16,642.2037,83759.717,23.9907,19.61,synthetic_prototype_v1
SOL-01827,67.9555,6.734232486398465e+16,654.6821,39503.3216,35.9225,13.5657,synthetic_prototype_v1
SOL-01828,198.788,4.1901522133968104e+16,647.5681,57419.5642,27.1709,18.3615,synthetic_prototype_v1
SOL-01829,100.6013,8885832666306783.0,630.8627,43550.9258,70.7875,9.9045,synthetic_prototype_v1
SOL-01830,91.9249,1.9502025004671108e+16,886.0593,37503.9888,38.6328,10.1179,synthetic_prototype_v1
SOL-01831,170.1519,7.004977908011156e+16,633.8023,97692.1903,28.9916,20.3036,synthetic_prototype_v1
SOL-01832,145.1554,1.0290790892183747e+17,704.0238,44269.7517,29.1508,19.5075,synthetic_prototype_v1
SOL-01833,159.076,2.3530601924641668e+16,680.672,72382.8344,20.0989,22.8256,synthetic_prototype_v1
SOL-01834,148.8087,4520994715105998.0,729.7485,80430.4164,54.3754,13.3448,synthetic_prototype_v1
SOL-01835,108.183,2239293786494588.5,609.4755,91232.6794,24.1781,12.696,synthetic_prototype_v1
SOL-01836,198.6419,1.0636707651134604e+16,857.3136,80105.0315,53.9462,10.8303,synthetic_prototype_v1
SOL-01837,156.4927,5.116055803847208e+16,813.4123,82037.6349,36.1104,15.111,synthetic_prototype_v1
SOL-01838,143.3459,1.1220125073219592e+16,864.5949,24631.9551,54.0196,10.8788,synthetic_prototype_v1
SOL-01839,134.6311,1.9503732653257644e+16,719.3599,92394.2111,33.3914,20.5273,synthetic_prototype_v1
SOL-01840,98.135,1.034111744594348e+17,690.2281,69656.0238,22.4142,14.5201,synthetic_prototype_v1
SOL-01841,121.4427,5.253329883365571e+16,750.4192,84691.115,15.0,19.9253,synthetic_prototype_v1
SOL-01842,238.8849,1.3020282401971984e+17,731.704,68037.0016,27.3746,14.2745,synthetic_prototype_v1
SOL-01843,65.5158,7252816071041448.0,702.368,37767.1762,62.1952,9.3538,synthetic_prototype_v1
SOL-01844,157.854,4736192683957670.0,613.7591,75691.589,31.5339,13.0616,synthetic_prototype_v1
SOL-01845,149.0923,6.805924593618207e+16,648.0477,48624.2546,21.7791,21.9454,synthetic_prototype_v1
SOL-01846,176.4406,1933972239535014.5,697.6635,66539.766,57.8851,12.3381,synthetic_prototype_v1
SOL-01847,298.7037,5.2717235104806824e+16,856.6807,24640.3561,17.3334,9.6026,synthetic_prototype_v1
SOL-01848,256.9078,2.945797231680787e+17,617.1387,117280.8054,16.0705,14.5797,synthetic_prototype_v1
SOL-01849,280.8367,4.022207575111051e+17,754.4688,95439.292,46.9102,12.0124,synthetic_prototype_v1
SOL-01850,106.9153,2.7958139517074634e+17,517.368,82087.5294,72.8703,8.511,synthetic_prototype_v1
SOL-01851,129.0535,7.829672798661992e+17,842.2422,20860.4956,42.8308,10.6979,synthetic_prototype_v1
SOL-01852,188.0462,2.500712270864748e+17,573.7148,66979.8508,62.5115,8.0,synthetic_prototype_v1
SOL-01853,97.3409,4.122688010362945e+16,792.8636,22919.6605,55.4502,11.3796,synthetic_prototype_v1
SOL-01854,136.2152,2.5513201654412104e+16,616.4645,99971.5933,20.5249,21.4566,synthetic_prototype_v1
SOL-01855,131.4312,2724523427714955.0,817.2956,70642.668,22.7958,12.5361,synthetic_prototype_v1
SOL-01856,160.1658,2.1725081138538948e+16,654.4908,59850.46,15.0,20.7185,synthetic_prototype_v1
SOL-01857,151.0691,3.103876844067369e+17,654.0002,58894.87,62.8192,10.962,synthetic_prototype_v1
SOL-01858,74.2336,7.736592354069915e+16,555.2247,90738.2664,53.5564,9.366,synthetic_prototype_v1
SOL-01859,267.3405,8.053835022802766e+16,739.232,30563.381,68.4987,8.9787,synthetic_prototype_v1
SOL-01860,297.7024,1.0709893550439544e+16,644.4693,69935.1806,37.5247,14.9663,synthetic_prototype_v1
SOL-01861,279.3344,1489628644868960.0,597.4274,37189.1795,57.6877,9.848,synthetic_prototype_v1
SOL-01862,189.8921,1.6150829411915222e+16,637.0883,89760.6549,15.0,20.0085,synthetic_prototype_v1
SOL-01863,289.8023,1.833009597862197e+16,563.2201,26342.4599,50.4247,8.888,synthetic_prototype_v1
SOL-01864,137.9033,1.7144886004407466e+16,773.978,93931.517,24.2226,20.5661,synthetic_prototype_v1
SOL-01865,101.0899,3.797958112346476e+17,617.4365,85581.2538,22.1593,14.4389,synthetic_prototype_v1
SOL-01866,98.8576,3529194609786223.5,780.5575,61840.5868,25.2138,13.8676,synthetic_prototype_v1
SOL-01867,157.4893,2.220338304635125e+16,669.7461,90192.8789,60.8213,11.6265,synthetic_prototype_v1
SOL-01868,236.9083,2.1466868209712268e+16,646.54,49015.6141,35.6149,13.799,synthetic_prototype_v1
SOL-01869,73.5053,1.1139588700677262e+17,786.1972,92599.8957,72.1624,8.0,synthetic_prototype_v1
SOL-01870,165.2749,4757023640986741.0,838.4202,108042.9276,26.2775,11.9466,synthetic_prototype_v1
SOL-01871,225.2212,2.4602531167723206e+17,699.8136,83928.6392,15.0,16.6583,synthetic_prototype_v1
SOL-01872,157.7877,2317772800987660.5,839.3102,114727.1073,24.3439,12.6505,synthetic_prototype_v1
SOL-01873,282.8091,2.464827761477104e+17,871.775,59151.4415,26.1173,8.9068,synthetic_prototype_v1
SOL-01874,148.9692,3.660857133132149e+16,736.8579,75770.9234,18.1055,23.0,synthetic_prototype_v1
SOL-01875,157.601,8.393168233558222e+16,684.3962,47175.1958,19.2329,19.43,synthetic_prototype_v1
SOL-01876,152.6623,1.0397016109435066e+16,609.3099,51753.3424,28.4983,15.354,synthetic_prototype_v1
SOL-01877,160.3057,3.717149713785882e+17,631.2963,95472.6103,74.4005,8.2485,synthetic_prototype_v1
SOL-01878,148.1212,3.419147687613782e+16,814.5561,118425.5117,51.8453,14.9867,synthetic_prototype_v1
SOL-01879,148.6204,6.60109932754642e+17,852.4661,106596.3994,64.9511,8.0,synthetic_prototype_v1
SOL-01880,276.4756,5638061345797144.0,823.4871,80397.5947,27.9023,11.1731,synthetic_prototype_v1
SOL-01881,234.6451,1608726611456743.8,682.1906,73633.8636,59.1285,10.7351,synthetic_prototype_v1
SOL-01882,199.1113,4512815243422445.0,899.2612,85138.7731,70.9435,8.0,synthetic_prototype_v1
SOL-01883,245.656,7092567028785435.0,720.2566,80482.4558,61.3714,9.6199,synthetic_prototype_v1
SOL-01884,128.299,2.432727100231761e+16,698.5177,54778.24,18.9187,23.0,synthetic_prototype_v1
SOL-01885,135.3468,1.4836775701658004e+16,787.7834,81605.3943,23.4124,19.2289,synthetic_prototype_v1
SOL-01886,87.7483,1335317609261412.0,657.2707,20302.699,20.8779,13.354,synthetic_prototype_v1
SOL-01887,50.3083,2044234930432706.0,826.4462,117417.8872,16.5404,11.7143,synthetic_prototype_v1
SOL-01888,201.5476,1.1168018812528597e+17,771.9367,56052.175,30.8225,13.8708,synthetic_prototype_v1
SOL-01889,204.7291,2.726072381326352e+16,726.9031,29700.7211,24.4642,17.8257,synthetic_prototype_v1
SOL-01890,62.2685,4886039895105311.0,525.511,24736.7763,40.6381,9.5141,synthetic_prototype_v1
SOL-01891,53.4443,8.237085785594685e+16,709.5129,73378.2319,43.9878,12.5011,synthetic_prototype_v1
SOL-01892,194.8049,2621178179228701.5,755.2827,107337.3753,39.4454,14.5052,synthetic_prototype_v1
SOL-01893,178.9389,3.471373350028362e+17,780.9798,88327.9709,70.3866,8.0,synthetic_prototype_v1
SOL-01894,224.8256,2.1421426657568884e+16,618.3344,93580.8697,36.437,13.9517,synthetic_prototype_v1
SOL-01895,130.0993,8.47570717635048e+16,864.3542,33931.0328,19.5907,11.0063,synthetic_prototype_v1
SOL-01896,258.03,3.7109747786026714e+17,852.3212,26895.2784,40.6724,9.6932,synthetic_prototype_v1
SOL-01897,282.9861,1.6162852884933568e+16,858.6249,55849.7241,32.5772,9.9707,synthetic_prototype_v1
SOL-01898,128.6874,1.9206199164036336e+16,679.9098,85063.5072,35.2212,21.7969,synthetic_prototype_v1
SOL-01899,67.9626,1.3734025574132966e+16,708.8707,90071.258,28.3564,14.0076,synthetic_prototype_v1
SOL-01900,122.2709,1.7613442307914864e+16,722.7468,117297.5101,57.8293,11.6865,synthetic_prototype_v1
SOL-01901,72.512,1.650125462463968e+17,544.9145,55971.2658,53.1094,10.2903,synthetic_prototype_v1
SOL-01902,88.6058,8994013059753640.0,750.0859,97666.2889,73.9961,9.0599,synthetic_prototype_v1
SOL-01903,144.2342,7911233135596219.0,713.5678,78481.7331,21.4503,18.8654,synthetic_prototype_v1
SOL-01904,58.9747,2.1040491069539524e+16,740.7036,29982.7882,46.8039,12.6451,synthetic_prototype_v1
SOL-01905,70.1838,4045068277262345.5,749.9056,119754.3148,16.529,12.8636,synthetic_prototype_v1
SOL-01906,124.0905,7.15527911420643e+17,551.3189,72247.8649,40.0697,11.272,synthetic_prototype_v1
SOL-01907,126.7648,4.376466020405691e+16,668.6117,41233.3219,41.2732,16.6611,synthetic_prototype_v1
SOL-01908,135.6784,6.421999931189591e+16,599.0712,114884.4233,71.8285,9.2309,synthetic_prototype_v1
SOL-01909,75.8507,1.5148555485165606e+16,675.1073,20475.1545,21.5674,13.2531,synthetic_prototype_v1
SOL-01910,165.4318,1.082922580252157e+16,675.2713,69122.9551,71.1225,8.406,synthetic_prototype_v1
SOL-01911,93.8974,1.6376291995915987e+17,751.1355,83637.5041,19.6576,18.0659,synthetic_prototype_v1
SOL-01912,165.557,7.585173969967067e+16,760.0522,70372.1773,48.0081,16.9706,synthetic_prototype_v1
SOL-01913,288.7246,1017264274212055.0,546.5922,52663.3132,36.6772,11.0248,synthetic_prototype_v1
SOL-01914,229.4489,7.766078904788824e+16,683.6217,49528.0372,25.28,13.5751,synthetic_prototype_v1
SOL-01915,90.8479,1.5413522803372576e+16,591.8926,60751.7676,49.8735,11.547,synthetic_prototype_v1
SOL-01916,209.8908,1488686161004032.0,660.01,103989.5178,48.0186,13.5054,synthetic_prototype_v1
SOL-01917,130.6535,7.000435641737857e+16,723.2737,95713.3639,27.9249,20.1968,synthetic_prototype_v1
SOL-01918,130.5304,3.4158765817004896e+16,687.1142,96244.5004,38.776,20.9165,synthetic_prototype_v1
SOL-01919,169.8424,6.58797372436427e+16,786.7834,23393.9532,29.9881,16.0767,synthetic_prototype_v1
SOL-01920,256.573,4741240836563295.0,865.2864,85528.9615,70.484,8.6999,synthetic_prototype_v1
SOL-01921,137.9825,1042735961021821.9,719.3459,84241.5414,51.4446,13.3657,synthetic_prototype_v1
SOL-01922,56.6331,4.310722844859971e+16,760.4968,76766.4706,58.1335,11.1237,synthetic_prototype_v1
SOL-01923,204.4472,1.0165114862087366e+17,895.6941,54287.5879,30.0865,8.0978,synthetic_prototype_v1
SOL-01924,142.8884,8260686479566796.0,735.3314,78913.6316,15.0,21.3511,synthetic_prototype_v1
SOL-01925,174.3912,4.701524876415455e+16,705.4502,80571.3775,26.7194,23.0,synthetic_prototype_v1
SOL-01926,109.6382,6321220601044004.0,793.9399,89809.6708,56.4361,11.4274,synthetic_prototype_v1
SOL-01927,246.8581,2.491724322527094e+16,799.7911,88814.9331,56.0127,10.515,synthetic_prototype_v1
SOL-01928,171.548,7.740272480761226e+16,583.5022,74780.8237,38.5877,15.8342,synthetic_prototype_v1
SOL-01929,193.1102,5.084070674227291e+16,598.2136,56156.1767,28.5796,17.3919,synthetic_prototype_v1
SOL-01930,266.0271,1.0738355493388808e+16,569.549,105176.8316,22.0779,11.0811,synthetic_prototype_v1
SOL-01931,115.0462,6.412847586311882e+17,759.6388,89600.7482,20.5101,13.453,synthetic_prototype_v1
SOL-01932,281.9927,8219900134902871.0,894.6848,36794.8332,58.2816,8.0836,synthetic_prototype_v1
SOL-01933,107.6424,8.373415882919637e+16,678.7246,78092.086,24.3204,19.8863,synthetic_prototype_v1
SOL-01934,103.0024,3.172039332005278e+16,736.5137,85751.0422,42.0565,18.8307,synthetic_prototype_v1
SOL-01935,169.7482,9984265491885318.0,704.5705,76487.9597,33.1432,22.1155,synthetic_prototype_v1
SOL-01936,111.1981,2.5577440990014384e+16,765.0725,68919.3236,16.4039,18.5832,synthetic_prototype_v1
SOL-01937,232.4452,1.8411074378404237e+17,787.1731,45008.1357,70.4909,9.3377,synthetic_prototype_v1
SOL-01938,83.673,7062177397708240.0,730.006,24440.7004,73.2516,8.0,synthetic_prototype_v1
SOL-01939,150.1868,1.0735730146799058e+17,698.1862,55123.686,30.6576,19.5882,synthetic_prototype_v1
SOL-01940,292.4429,9.257081891591811e+16,640.2083,32586.3154,43.1361,11.0256,synthetic_prototype_v1
SOL-01941,148.4076,4470771123640861.0,551.3166,68868.7151,49.4564,12.4917,synthetic_prototype_v1
SOL-01942,191.443,5.718226895777201e+17,856.8158,44979.2809,18.6245,10.5227,synthetic_prototype_v1
SOL-01943,144.6567,7.623423749167717e+16,741.8894,75923.5405,24.1296,21.5749,synthetic_prototype_v1
SOL-01944,64.8717,7.465978507053674e+16,554.5847,27913.203,55.2641,9.1254,synthetic_prototype_v1
SOL-01945,121.1352,1.1434959099802602e+16,886.5905,40702.5601,48.165,12.6332,synthetic_prototype_v1
SOL-01946,70.444,1.3965784497669024e+16,671.6504,75916.021,25.5282,14.348,synthetic_prototype_v1
SOL-01947,145.1789,3.803486094731491e+16,694.3279,46945.8438,20.7708,22.371,synthetic_prototype_v1
SOL-01948,174.3173,2.4135922616787276e+16,702.5178,85318.4049,32.2063,21.3332,synthetic_prototype_v1
SOL-01949,257.2719,5.6245170063886554e+17,740.0118,57092.1177,19.6194,10.2349,synthetic_prototype_v1
SOL-01950,92.4285,3.681223291038782e+16,887.5255,91312.2798,33.2471,11.5446,synthetic_prototype_v1
SOL-01951,158.4847,1.9173080800697556e+16,741.9539,41265.2384,22.2571,21.5633,synthetic_prototype_v1
SOL-01952,138.2682,2.495328930081696e+17,656.321,61775.6301,28.6944,12.951,synthetic_prototype_v1
SOL-01953,185.5198,4.349111748065185e+17,692.8771,45321.5643,68.8889,9.1685,synthetic_prototype_v1
SOL-01954,158.0233,1087483566319139.9,662.7544,112976.65,50.6722,15.7202,synthetic_prototype_v1
SOL-01955,214.9989,1.0123500580896538e+17,703.8997,107973.7103,19.6333,16.7419,synthetic_prototype_v1
SOL-01956,184.6735,1.3155104693448744e+16,734.5579,99440.742,28.3634,21.3799,synthetic_prototype_v1
SOL-01957,95.3746,1908530728855730.5,500.1258,81526.4088,64.8631,11.7789,synthetic_prototype_v1
SOL-01958,231.9702,6.104457374641584e+16,759.3625,52155.7362,27.3383,14.2232,synthetic_prototype_v1
SOL-01959,190.667,3.598364759700377e+16,792.6592,35527.5238,33.5768,17.035,synthetic_prototype_v1
SOL-01960,154.2783,1.7768631801345862e+16,646.5614,84290.8697,38.1545,19.2142,synthetic_prototype_v1
SOL-01961,188.6041,3.247914948080349e+17,638.2788,76506.7783,52.891,8.8266,synthetic_prototype_v1
SOL-01962,262.7493,3.431366971893711e+16,641.8051,43561.0235,41.1632,15.9963,synthetic_prototype_v1
SOL-01963,190.8515,3.749381826088193e+16,722.6347,80354.3645,33.562,20.3987,synthetic_prototype_v1
SOL-01964,161.172,1.557479184461773e+16,517.9078,32710.633,37.5899,11.6844,synthetic_prototype_v1
SOL-01965,200.9862,8.84180234060475e+16,753.931,27711.8083,44.3307,14.66,synthetic_prototype_v1
SOL-01966,90.1942,1.9743555302367254e+17,746.4335,51339.1393,27.9021,14.8798,synthetic_prototype_v1
SOL-01967,274.53,4468244580036490.0,733.4563,55949.0448,30.2299,13.9358,synthetic_prototype_v1
SOL-01968,60.2367,9812996917515430.0,664.0202,29353.0151,56.1728,11.6825,synthetic_prototype_v1
SOL-01969,77.0624,3.310041351043221e+16,683.4335,30795.9285,21.2196,15.2463,synthetic_prototype_v1
SOL-01970,56.7955,5.077390488911734e+16,719.4208,64221.3639,66.4416,8.4938,synthetic_prototype_v1
SOL-01971,180.7838,9.269033378365541e+16,639.9839,85620.4861,31.2231,16.5072,synthetic_prototype_v1
SOL-01972,218.06,2.4691735274825878e+17,871.3229,87786.4364,70.1801,8.0,synthetic_prototype_v1
SOL-01973,210.3903,2.938174531338618e+16,630.3166,70066.1761,56.861,10.3203,synthetic_prototype_v1
SOL-01974,109.5943,6.540253728169426e+16,655.561,75054.8976,24.9336,21.7519,synthetic_prototype_v1
SOL-01975,150.5119,1629116518737062.5,634.7707,33751.4869,48.4668,14.1941,synthetic_prototype_v1
SOL-01976,268.2468,3205208497815922.5,669.0834,103674.0288,48.9249,11.6426,synthetic_prototype_v1
SOL-01977,264.393,1.3720665708517026e+16,849.9596,89918.177,25.8773,14.6199,synthetic_prototype_v1
SOL-01978,69.1851,1022405252719032.2,701.9659,22179.6539,59.9704,11.4578,synthetic_prototype_v1
SOL-01979,107.7257,8.393843680613707e+16,648.9331,63001.168,30.9702,16.3142,synthetic_prototype_v1
SOL-01980,77.2768,3.229634208225433e+16,754.5993,81609.3079,34.5444,17.368,synthetic_prototype_v1
SOL-01981,187.5809,2.038217387170161e+17,842.3234,94956.6663,71.3091,8.0,synthetic_prototype_v1
SOL-01982,207.9925,1.7081205693434754e+16,747.1615,53680.2162,24.1251,15.8033,synthetic_prototype_v1
SOL-01983,164.8274,3.660655658654396e+16,731.5865,90974.8836,36.0571,20.9759,synthetic_prototype_v1
SOL-01984,217.2369,4.4025028624814835e+17,518.6588,64909.3136,19.7951,11.7224,synthetic_prototype_v1
SOL-01985,241.3303,4.338507511531814e+17,542.596,86301.2243,18.9002,10.5234,synthetic_prototype_v1
SOL-01986,176.1979,1319911211660126.5,515.0223,77644.802,31.7522,10.1526,synthetic_prototype_v1
SOL-01987,72.1836,2.133811238032848e+16,597.2883,25417.2044,68.2318,8.1395,synthetic_prototype_v1
SOL-01988,153.1597,4.2089063913704104e+16,625.0216,92230.0163,19.1868,23.0,synthetic_prototype_v1
SOL-01989,159.7486,1.1545400774798142e+17,718.2065,89444.5067,36.5431,20.3257,synthetic_prototype_v1
SOL-01990,73.452,4.5765957711219336e+16,798.1423,77040.5317,56.8742,8.0,synthetic_prototype_v1
SOL-01991,154.5434,5.124332852375914e+16,610.0128,52292.966,15.0,18.7066,synthetic_prototype_v1
SOL-01992,147.2742,3775218745827570.5,734.5539,117011.5786,63.7757,8.0,synthetic_prototype_v1
SOL-01993,195.2653,4.6251610021584984e+16,598.7025,27000.356,35.679,15.0148,synthetic_prototype_v1
SOL-01994,145.5401,1.6058423355752534e+17,745.9181,53389.4829,19.3881,17.7871,synthetic_prototype_v1
SOL-01995,188.6704,2.495084870439127e+16,740.3009,86383.8241,29.5894,19.1061,synthetic_prototype_v1
SOL-01996,232.784,2.337085559613789e+17,661.2573,47862.1574,67.7049,8.0,synthetic_prototype_v1
SOL-01997,151.9904,1.239038295252684e+16,898.6668,51939.3488,53.7049,12.1086,synthetic_prototype_v1
SOL-01998,205.8866,1.7370122936572864e+17,860.6297,39524.5895,60.0851,8.0,synthetic_prototype_v1
SOL-01999,98.874,4.6771166549828264e+16,747.9883,88866.7083,35.6825,16.684,synthetic_prototype_v1
SOL-02000,67.8111,4056628744773306.5,697.0831,24495.3472,18.2699,14.9465,synthetic_prototype_v1
SOL-02001,162.7725,4.83897799472087e+17,716.2398,34318.0279,52.6608,11.5607,synthetic_prototype_v1
SOL-02002,55.287,1284301509898921.0,538.6502,118042.8913,21.1556,13.2518,synthetic_prototype_v1
SOL-02003,250.5149,2.821856488490844e+16,816.7319,79239.7672,71.2044,8.0,synthetic_prototype_v1
SOL-02004,286.2871,2019786092761155.2,596.5912,74148.4364,45.9596,14.7428,synthetic_prototype_v1
SOL-02005,276.7716,1.7662420799865426e+16,590.261,76800.0975,65.8629,8.0,synthetic_prototype_v1
SOL-02006,138.0301,9374295518663682.0,786.5347,21050.6857,24.147,17.493,synthetic_prototype_v1
SOL-02007,62.3135,1182192125624574.5,852.21,113957.4988,64.6728,8.0,synthetic_prototype_v1
SOL-02008,143.2651,4.0723517255051896e+16,621.0766,45719.7181,42.2171,14.6422,synthetic_prototype_v1
SOL-02009,145.6208,1.4443271045106696e+16,723.1534,96947.1552,16.1763,23.0,synthetic_prototype_v1
SOL-02010,244.7491,1.4185852518029934e+16,568.482,39904.9862,60.8567,8.9252,synthetic_prototype_v1
SOL-02011,104.723,5.3043196412603144e+16,619.9583,95628.6548,41.4947,18.58,synthetic_prototype_v1
SOL-02012,211.8659,1.3489596056998128e+16,751.3197,68503.1201,20.7797,18.3113,synthetic_prototype_v1
SOL-02013,168.347,1.6645268039345104e+16,703.3817,83917.0938,28.8059,23.0,synthetic_prototype_v1
SOL-02014,184.3047,6240679305343680.0,510.2815,56447.506,45.7885,10.6413,synthetic_prototype_v1
SOL-02015,76.8281,1.8154144102405744e+16,704.0065,112152.7575,56.3123,13.632,synthetic_prototype_v1
SOL-02016,177.9682,4.729791129607897e+16,791.5025,61948.0525,24.6322,18.4765,synthetic_prototype_v1
SOL-02017,229.4163,1.1125752071809277e+17,713.6278,44252.39,18.8186,14.0207,synthetic_prototype_v1
SOL-02018,149.6267,7.597627790740225e+17,610.2877,48097.8052,61.5814,9.2088,synthetic_prototype_v1
SOL-02019,188.3949,2.6148747056902582e+17,519.8955,66410.0864,66.7295,8.0,synthetic_prototype_v1
SOL-02020,245.8363,2.98199156299541e+16,742.1016,45293.7561,19.9694,13.7794,synthetic_prototype_v1
SOL-02021,176.3757,2.3855487008059096e+16,823.6185,77331.1391,17.4255,16.5487,synthetic_prototype_v1
SOL-02022,134.8694,5.818427990529274e+16,526.5417,70599.1134,65.0912,9.9019,synthetic_prototype_v1
SOL-02023,190.3982,1.5689764255439437e+17,645.4616,51005.867,25.5065,15.0169,synthetic_prototype_v1
SOL-02024,158.2032,2.9257989485929492e+16,743.1468,90098.7718,22.5474,23.0,synthetic_prototype_v1
SOL-02025,297.4558,2.6668608392398704e+16,715.1386,44576.2466,42.9775,12.8306,synthetic_prototype_v1
SOL-02026,165.65,3275362996057504.0,673.9287,22656.9893,45.453,13.7671,synthetic_prototype_v1
SOL-02027,201.633,2521547816262464.0,712.5286,79916.117,49.6152,13.3704,synthetic_prototype_v1
SOL-02028,88.1725,2085172304448197.0,569.4604,64076.6709,53.9385,9.9201,synthetic_prototype_v1
SOL-02029,85.0849,4632998063564135.0,642.9236,79114.7187,24.8926,13.4121,synthetic_prototype_v1
SOL-02030,175.9082,1.9165339680727757e+17,803.4404,66400.6864,43.621,13.5083,synthetic_prototype_v1
SOL-02031,135.6626,1.0133426865266792e+17,893.5579,102515.3462,70.1438,9.5647,synthetic_prototype_v1
SOL-02032,85.3387,2.090193631171349e+16,743.7288,88518.8406,31.8333,17.5031,synthetic_prototype_v1
SOL-02033,188.2483,6.931325676125951e+16,779.2969,45466.4691,42.899,17.6295,synthetic_prototype_v1
SOL-02034,152.0837,8.85062949922159e+16,827.2383,84276.3703,39.2642,15.3937,synthetic_prototype_v1
SOL-02035,93.7951,2868777156631141.5,655.778,73013.9602,35.9431,15.0453,synthetic_prototype_v1
SOL-02036,155.0552,2.8850108620827834e+17,792.7604,86693.4355,28.2737,11.0277,synthetic_prototype_v1
SOL-02037,281.9171,3813974967763298.0,569.0048,50544.1778,59.8468,8.0,synthetic_prototype_v1
SOL-02038,208.0707,6.406968226178915e+17,558.8656,98192.9256,51.8599,10.7521,synthetic_prototype_v1
SOL-02039,69.539,1.4870368007684266e+17,881.8099,72459.9765,29.2954,9.9403,synthetic_prototype_v1
SOL-02040,239.6056,9690736691098800.0,864.9352,46031.6856,41.3314,8.0,synthetic_prototype_v1
SOL-02041,200.5298,4215411571075977.5,511.221,93236.7177,15.9345,11.513,synthetic_prototype_v1
SOL-02042,89.4029,3.2898348612607412e+16,630.3964,27551.038,23.9716,17.2884,synthetic_prototype_v1
SOL-02043,142.9485,5.3361434275302184e+16,804.9915,97372.8387,26.6667,16.6956,synthetic_prototype_v1
SOL-02044,150.0699,1.2719146691861958e+17,799.5958,89088.3323,26.9367,16.3428,synthetic_prototype_v1
SOL-02045,133.377,2.7275981709647904e+16,710.8688,65951.1561,26.2504,23.0,synthetic_prototype_v1
SOL-02046,75.0989,8142316030354100.0,678.0141,83953.6632,28.0545,14.2802,synthetic_prototype_v1
SOL-02047,166.4394,3.9858980589729914e+17,679.4682,116002.0348,47.8728,15.283,synthetic_prototype_v1
SOL-02048,205.2037,2.909126201797485e+16,719.1781,66235.5869,20.1426,18.9263,synthetic_prototype_v1
SOL-02049,136.503,5827536755407358.0,569.4299,96571.7873,29.8052,13.292,synthetic_prototype_v1
SOL-02050,63.3313,2.2470845645544908e+16,703.7899,80500.7532,68.3558,8.0,synthetic_prototype_v1
SOL-02051,127.7404,6.789556044923308e+17,619.4894,67565.2107,36.598,12.4883,synthetic_prototype_v1
SOL-02052,221.6318,1.4436596813035872e+16,751.099,54584.3584,18.7981,17.4661,synthetic_prototype_v1
SOL-02053,218.8264,7.283243622190966e+17,849.5966,62045.9776,46.1081,10.987,synthetic_prototype_v1
SOL-02054,173.418,2.5184135676800296e+16,846.4968,54706.8667,55.1713,10.4643,synthetic_prototype_v1
SOL-02055,215.4153,1.1902968331020976e+17,811.6415,40198.883,56.034,10.861,synthetic_prototype_v1
SOL-02056,285.0879,3119740144883528.5,572.381,70789.0022,60.9059,8.0,synthetic_prototype_v1
SOL-02057,130.5809,5.006446721244118e+16,668.1465,95300.8104,18.1676,23.0,synthetic_prototype_v1
SOL-02058,237.8799,7587968483333564.0,585.1166,59638.5147,19.0696,15.6653,synthetic_prototype_v1
SOL-02059,122.4585,1.860148442567759e+17,656.554,54591.7372,30.3723,14.955,synthetic_prototype_v1
SOL-02060,62.2794,1.8218041638029248e+17,827.3016,69363.6409,66.4478,8.0,synthetic_prototype_v1
SOL-02061,170.2808,1151079769225997.0,890.8025,102827.5759,53.5905,8.3049,synthetic_prototype_v1
SOL-02062,196.1882,2288955775707922.5,727.375,87687.4234,61.5998,8.3003,synthetic_prototype_v1
SOL-02063,78.526,1540683202136085.8,832.1387,91257.5864,53.8493,8.0,synthetic_prototype_v1
SOL-02064,294.9946,5967186521136080.0,766.6419,45028.6593,59.0596,8.0,synthetic_prototype_v1
SOL-02065,197.5884,7868450843651524.0,658.5824,41033.1336,19.7545,15.8081,synthetic_prototype_v1
SOL-02066,129.9164,4.8180112356464806e+17,615.1321,55937.7888,30.7447,13.0036,synthetic_prototype_v1
SOL-02067,150.0518,5.967425165441152e+16,583.4762,63684.002,24.1052,14.5327,synthetic_prototype_v1
SOL-02068,108.9629,1.4597151643164368e+16,720.2801,51487.3026,30.1939,20.1757,synthetic_prototype_v1
SOL-02069,150.9159,4998300545816708.0,755.4368,89245.5596,27.5171,17.5127,synthetic_prototype_v1
SOL-02070,285.6421,1726662798531877.8,889.2243,85748.93,67.0645,8.0,synthetic_prototype_v1
SOL-02071,231.7487,1.053074755441382e+17,645.4936,30480.59,63.2801,8.0,synthetic_prototype_v1
SOL-02072,169.0335,3.62041347555681e+16,786.1241,72507.6492,26.8217,17.3642,synthetic_prototype_v1
SOL-02073,58.1481,1.4757526030890242e+16,523.6647,27391.263,32.7047,9.2225,synthetic_prototype_v1
SOL-02074,61.2933,1004446734284727.4,837.892,41000.6608,72.5499,8.0,synthetic_prototype_v1
SOL-02075,191.2377,2778694106265618.0,640.0921,77413.6807,55.8635,9.0563,synthetic_prototype_v1
SOL-02076,103.7946,2.677548239626608e+16,664.4613,53646.7416,55.6705,13.258,synthetic_prototype_v1
SOL-02077,131.319,6620296852767171.0,689.2507,46027.7857,15.3751,17.9722,synthetic_prototype_v1
SOL-02078,117.6897,1.772331403128662e+17,749.0856,114386.793,27.8666,21.1168,synthetic_prototype_v1
SOL-02079,186.0827,3.8538500054307e+16,690.6935,53415.4892,25.2043,20.1037,synthetic_prototype_v1
SOL-02080,220.8146,3.0653073305636828e+16,672.0906,99177.4921,27.0212,13.997,synthetic_prototype_v1
SOL-02081,103.9812,1188073081656695.0,725.3878,43582.6227,60.0441,10.7311,synthetic_prototype_v1
SOL-02082,169.2189,1.3975866081775798e+17,722.1024,79895.8914,16.8841,20.4614,synthetic_prototype_v1
SOL-02083,154.2223,2802544722140062.5,714.8749,46017.3089,41.0988,13.9104,synthetic_prototype_v1
SOL-02084,238.8325,3.761001054766196e+17,887.4602,22316.0175,42.7444,9.6801,synthetic_prototype_v1
SOL-02085,201.3512,4.939254003029438e+16,612.255,77357.9874,22.3764,14.6098,synthetic_prototype_v1
SOL-02086,106.6298,3761635928316208.0,719.3672,43048.3369,15.0,15.0719,synthetic_prototype_v1
SOL-02087,146.2724,8.011617277302385e+17,567.3971,45995.9687,73.8407,8.0,synthetic_prototype_v1
SOL-02088,277.2662,2.8903221220153456e+16,511.019,80511.3705,17.585,11.2362,synthetic_prototype_v1
SOL-02089,227.8523,1.1070534913373266e+17,683.5377,45070.1429,23.6305,18.0121,synthetic_prototype_v1
SOL-02090,118.4687,1.2310167366915902e+17,694.7671,55969.7269,20.4077,17.8681,synthetic_prototype_v1
SOL-02091,260.3009,1.5070587251594456e+16,760.8194,86163.5868,56.4404,8.2457,synthetic_prototype_v1
SOL-02092,92.5853,4.913802467362834e+16,599.8091,55864.5152,57.1256,10.5788,synthetic_prototype_v1
SOL-02093,249.8057,2.8029306573593296e+16,730.1613,68647.1271,45.3391,11.7147,synthetic_prototype_v1
SOL-02094,106.6747,1.9957436783870576e+17,832.3524,70891.4683,65.2968,11.1117,synthetic_prototype_v1
SOL-02095,113.2962,1.9312768544796336e+17,892.3924,30290.2974,25.2416,10.1169,synthetic_prototype_v1
SOL-02096,255.6904,2.0829807733987034e+17,864.3943,45068.299,46.0951,11.3092,synthetic_prototype_v1
SOL-02097,144.2862,1.6924155640126914e+16,573.1956,38228.5349,27.2262,15.696,synthetic_prototype_v1
SOL-02098,176.8232,3.2955394265204984e+16,813.1342,46029.031,63.7155,8.0,synthetic_prototype_v1
SOL-02099,133.5325,2.258898697653616e+16,541.6572,40472.1943,70.9023,8.8189,synthetic_prototype_v1
SOL-02100,164.783,1.2090824091946242e+17,762.1046,40340.4465,31.702,17.2326,synthetic_prototype_v1
SOL-02101,299.7762,1.7885825952704563e+17,783.6175,116093.627,71.1406,8.6446,synthetic_prototype_v1
SOL-02102,261.9166,5.395008419086228e+17,603.4152,107303.7786,21.0132,10.9238,synthetic_prototype_v1
SOL-02103,140.1421,4.442988593847338e+16,720.8612,76091.0739,23.2547,22.0036,synthetic_prototype_v1
SOL-02104,219.4147,1.5598743596723834e+17,565.3666,101534.273,71.0451,8.0,synthetic_prototype_v1
SOL-02105,179.7918,2.4028864486781706e+17,654.7291,30767.6353,15.2668,15.8874,synthetic_prototype_v1
SOL-02106,246.0202,4433146985265877.5,553.3045,95948.8597,55.4878,9.6696,synthetic_prototype_v1
SOL-02107,211.4261,4.182970858483631e+16,787.6676,94410.0971,23.8601,14.6203,synthetic_prototype_v1
SOL-02108,188.9694,2.0992891345915715e+17,811.4431,71153.855,70.6983,9.0888,synthetic_prototype_v1
SOL-02109,174.8641,6.275260451813154e+16,710.9456,72158.3386,42.5467,18.0443,synthetic_prototype_v1
SOL-02110,118.2891,6.4257223626030616e+16,556.9552,57588.7542,62.1264,8.2093,synthetic_prototype_v1
SOL-02111,227.9985,1.080531701678552e+16,698.6858,47864.314,22.9009,15.98,synthetic_prototype_v1
SOL-02112,237.2935,5302335231985352.0,583.2684,48990.5707,31.5684,15.6725,synthetic_prototype_v1
SOL-02113,270.8825,2.87882735558433e+17,795.9496,100738.8989,25.027,11.8572,synthetic_prototype_v1
SOL-02114,150.5927,5.2175753222203096e+16,595.6159,39325.9301,28.09,15.9526,synthetic_prototype_v1
SOL-02115,213.4326,5.3323545323867514e+17,871.5762,85045.6628,59.213,8.0,synthetic_prototype_v1
SOL-02116,95.2317,1.152327477805299e+16,803.8691,100759.1439,36.8133,14.6828,synthetic_prototype_v1
SOL-02117,146.9646,2.083884908940485e+17,670.0505,95040.2922,18.7472,15.2475,synthetic_prototype_v1
SOL-02118,63.9695,1.124293320926653e+17,687.9926,59434.4491,29.1216,15.3152,synthetic_prototype_v1
SOL-02119,61.4908,4.716936562362672e+16,899.1029,100469.7828,25.8373,9.2794,synthetic_prototype_v1
SOL-02120,62.1746,3109998372553639.0,719.7871,96307.2519,66.791,8.5471,synthetic_prototype_v1
SOL-02121,189.6124,4911253208946378.0,801.1196,58439.903,23.1776,16.1879,synthetic_prototype_v1
SOL-02122,144.866,5399545749789879.0,570.4173,78237.0152,45.4575,12.6393,synthetic_prototype_v1
SOL-02123,119.5094,9.210006260346466e+16,740.1918,49840.8268,43.8455,18.4618,synthetic_prototype_v1
SOL-02124,131.5189,1.6603418961936925e+17,666.2648,81641.2383,21.2512,16.6724,synthetic_prototype_v1
SOL-02125,117.5854,2609481127435427.0,705.1686,48180.3912,57.0105,12.1798,synthetic_prototype_v1
SOL-02126,262.3522,3.793507121761242e+17,807.492,36284.7253,46.5833,10.6652,synthetic_prototype_v1
SOL-02127,179.9347,3.089743110245304e+16,653.4094,54396.6909,35.9979,19.2718,synthetic_prototype_v1
SOL-02128,229.2225,2.5422365530465316e+16,752.8918,38759.1119,60.3629,8.0,synthetic_prototype_v1
SOL-02129,284.4566,3349141621477514.5,847.4983,88788.6866,24.6165,9.8719,synthetic_prototype_v1
SOL-02130,181.615,7.958686832168673e+17,547.6245,80758.945,53.1876,10.8403,synthetic_prototype_v1
SOL-02131,156.9602,7.169724360455975e+16,643.9429,98866.3586,27.7113,21.9438,synthetic_prototype_v1
SOL-02132,84.1176,1663747808452403.0,535.8076,109659.1963,15.5714,11.7462,synthetic_prototype_v1
SOL-02133,281.2406,7100260576273205.0,740.3565,33324.6008,29.0223,10.9234,synthetic_prototype_v1
SOL-02134,118.2386,1.1148133020824149e+17,676.9563,76355.2282,27.1539,22.7162,synthetic_prototype_v1
SOL-02135,115.4016,2.446106836493337e+17,723.1051,51750.0613,25.0128,17.1218,synthetic_prototype_v1
SOL-02136,154.917,1.2581097662293104e+16,745.5197,52755.2844,24.5904,20.6494,synthetic_prototype_v1
SOL-02137,189.8727,1.6260295316390946e+16,693.9507,44340.1559,21.5246,19.1419,synthetic_prototype_v1
SOL-02138,53.013,1.1215789339197624e+17,793.8814,109174.2302,45.1977,13.7208,synthetic_prototype_v1
SOL-02139,129.7893,1.4957139729182774e+16,679.7157,60873.992,33.7212,21.923,synthetic_prototype_v1
SOL-02140,96.8194,8.256064154717232e+16,792.4461,87499.2953,15.5846,11.4549,synthetic_prototype_v1
SOL-02141,73.3957,3.438536954592946e+17,816.1654,100924.1484,42.797,11.9567,synthetic_prototype_v1
SOL-02142,98.1477,1.5943556482078486e+17,783.7683,43462.5323,33.3542,12.8873,synthetic_prototype_v1
SOL-02143,248.8814,5129228075776390.0,867.8128,54012.7226,62.8759,8.0,synthetic_prototype_v1
SOL-02144,162.0518,1203836011858309.2,776.2819,63495.3463,57.9042,9.5007,synthetic_prototype_v1
SOL-02145,139.1903,1.6133531211288792e+16,687.4956,81304.2357,20.9501,23.0,synthetic_prototype_v1
SOL-02146,248.2512,6.8435439918728344e+16,657.9734,119875.3806,19.4365,12.3985,synthetic_prototype_v1
SOL-02147,91.4982,3.903241024920847e+16,838.6457,80149.2963,17.0509,9.5858,synthetic_prototype_v1
SOL-02148,251.0311,1317769334161481.0,575.493,56142.1793,23.515,11.3061,synthetic_prototype_v1
SOL-02149,243.2343,2.3161979985690056e+16,564.109,82172.9587,70.2493,8.0,synthetic_prototype_v1
SOL-02150,155.8507,1.1954735895291936e+17,654.8309,93117.9987,34.5806,20.7537,synthetic_prototype_v1
SOL-02151,233.5041,3.4583054694952476e+16,680.3493,62435.2061,67.9454,8.0,synthetic_prototype_v1
SOL-02152,282.2907,1308809287782472.2,828.0258,83944.3954,28.5604,10.5891,synthetic_prototype_v1
SOL-02153,165.2509,1.4600982971056162e+16,686.267,58890.26,32.7231,21.2621,synthetic_prototype_v1
SOL-02154,51.2143,4.6383476783522304e+17,764.7037,33950.6901,61.3542,11.2891,synthetic_prototype_v1
SOL-02155,220.7537,7650119600782149.0,711.2963,77297.7694,58.5001,11.7547,synthetic_prototype_v1
SOL-02156,53.9514,1.6310362253596082e+16,690.332,101659.7047,32.7507,13.3425,synthetic_prototype_v1
SOL-02157,115.8539,7994717160040434.0,741.2762,99435.5643,26.145,19.3421,synthetic_prototype_v1
SOL-02158,108.3365,1.685656445892186e+17,671.2242,58258.5862,27.0362,15.6716,synthetic_prototype_v1
SOL-02159,187.0683,8.7482427480866e+17,588.4646,54014.087,23.8865,11.8009,synthetic_prototype_v1
SOL-02160,110.6926,1.980802451048248e+17,693.74,93075.1187,29.5724,15.3068,synthetic_prototype_v1
SOL-02161,191.0982,6.6819353736734456e+16,707.1967,87583.9012,32.4273,19.4508,synthetic_prototype_v1
SOL-02162,160.2694,2.5179962108822028e+16,740.5743,25548.088,71.9434,8.0,synthetic_prototype_v1
SOL-02163,197.786,5605889433719494.0,583.0923,64912.6124,60.4224,8.0,synthetic_prototype_v1
SOL-02164,152.1322,2.1969848429590336e+16,850.0967,24333.1753,49.3957,14.1029,synthetic_prototype_v1
SOL-02165,240.6475,7.19213321018893e+17,887.4219,79851.0635,67.2369,8.0,synthetic_prototype_v1
SOL-02166,53.0757,4.886886812664337e+16,727.936,110392.1932,23.7949,14.2725,synthetic_prototype_v1
SOL-02167,149.6381,3321472517427273.0,846.4235,51263.5354,23.3726,12.1812,synthetic_prototype_v1
SOL-02168,170.441,2.3650371754850744e+16,636.4118,94615.6654,26.7718,18.757,synthetic_prototype_v1
SOL-02169,127.1611,6652775710067552.0,678.3278,58955.7911,19.9747,17.8894,synthetic_prototype_v1
SOL-02170,115.4449,2.0568161682381444e+16,705.0158,88533.2497,30.1152,21.8758,synthetic_prototype_v1
SOL-02171,145.1788,1.4232435374995814e+17,701.5688,76164.3774,19.5136,20.4248,synthetic_prototype_v1
SOL-02172,232.7105,1.6300092975126563e+17,760.9034,46248.8168,19.1469,12.0056,synthetic_prototype_v1
SOL-02173,174.0722,5.770340205532852e+17,645.0659,65044.579,38.8951,14.3594,synthetic_prototype_v1
SOL-02174,72.5003,8.638253868878337e+17,658.397,82535.814,58.1555,9.2489,synthetic_prototype_v1
SOL-02175,215.072,9.942248116201144e+16,675.2191,82024.7872,28.1686,15.195,synthetic_prototype_v1
SOL-02176,299.1693,1755203368558213.0,785.1487,103483.9676,74.6469,8.0,synthetic_prototype_v1
SOL-02177,289.6073,4.219060130032749e+16,760.2054,89936.868,48.4689,12.582,synthetic_prototype_v1
SOL-02178,159.476,1.3489716532193685e+17,770.6955,77166.7408,43.5929,19.4021,synthetic_prototype_v1
SOL-02179,266.7931,4189079724498182.0,597.3421,26988.0363,27.4649,14.4122,synthetic_prototype_v1
SOL-02180,284.2657,7315537128196861.0,685.2061,32301.5027,57.114,10.4385,synthetic_prototype_v1
SOL-02181,88.3949,2.7579072006472493e+17,819.2171,49194.3508,52.3029,9.9526,synthetic_prototype_v1
SOL-02182,153.7412,1.3758835195783678e+17,641.6845,46072.3654,25.8684,19.519,synthetic_prototype_v1
SOL-02183,197.519,7.465866571710592e+17,768.3685,102635.819,40.4871,14.4947,synthetic_prototype_v1
SOL-02184,171.9957,6.103846944997865e+16,686.0677,78308.0516,17.5671,22.5864,synthetic_prototype_v1
SOL-02185,121.0128,7.62672821700127e+16,648.131,27324.3162,16.0409,16.28,synthetic_prototype_v1
SOL-02186,216.9623,7798096017359268.0,833.2958,59095.9808,65.2478,8.0,synthetic_prototype_v1
SOL-02187,281.8651,3846700757011656.0,827.996,86907.6555,51.5512,11.633,synthetic_prototype_v1
SOL-02188,256.7934,6584274524340761.0,540.1317,62859.7534,15.0623,12.2691,synthetic_prototype_v1
SOL-02189,196.2913,4261304396337880.0,687.3998,76095.7189,17.437,17.5822,synthetic_prototype_v1
SOL-02190,167.4002,6.901647601861927e+16,694.5356,97356.1853,33.8132,19.8945,synthetic_prototype_v1
SOL-02191,260.8307,2.891588441882308e+16,534.6557,22467.5411,56.9379,8.8538,synthetic_prototype_v1
SOL-02192,172.2246,3.767205933371716e+17,619.6556,68768.5912,29.0292,13.5741,synthetic_prototype_v1
SOL-02193,63.9375,2.1015320305768696e+16,670.9413,93429.7464,15.0,15.9681,synthetic_prototype_v1
SOL-02194,71.6779,3092344459149673.0,711.317,56640.6137,23.899,12.6623,synthetic_prototype_v1
SOL-02195,164.744,2.6138821758648916e+16,767.7005,40301.9697,35.4814,17.3486,synthetic_prototype_v1
SOL-02196,129.4089,8.362359940821059e+17,885.3517,107151.2322,54.6475,8.0,synthetic_prototype_v1
SOL-02197,178.9466,5.473779416445095e+16,678.731,58785.6984,30.249,21.234,synthetic_prototype_v1
SOL-02198,264.8903,1.0807139443993667e+17,603.5412,38103.6878,61.9955,8.0,synthetic_prototype_v1
SOL-02199,223.1929,1026068899589700.6,863.6001,88028.2899,33.0337,8.2231,synthetic_prototype_v1
SOL-02200,163.1126,6667214503461405.0,579.1218,48475.0275,61.6838,8.341,synthetic_prototype_v1
SOL-02201,127.0833,1.5610547342822346e+17,822.467,82386.4642,62.3111,9.0709,synthetic_prototype_v1
SOL-02202,257.5048,6185262370277444.0,786.082,114547.4576,72.8559,8.0,synthetic_prototype_v1
SOL-02203,157.9345,3.402285429222452e+17,684.1736,93545.8584,19.6552,17.2122,synthetic_prototype_v1
SOL-02204,202.1531,2736533932839226.5,681.2317,45667.753,39.9246,14.7229,synthetic_prototype_v1
SOL-02205,91.7432,5.5981867910429224e+16,651.3504,90848.0119,53.743,15.1515,synthetic_prototype_v1
SOL-02206,165.4186,5.4578404249906696e+16,701.3334,45469.8643,30.5641,20.0393,synthetic_prototype_v1
SOL-02207,239.5219,4.289739734921542e+17,540.9481,84821.604,25.2904,13.561,synthetic_prototype_v1
SOL-02208,146.4803,1.5294056072323336e+16,519.347,53213.9465,39.9178,15.2592,synthetic_prototype_v1
SOL-02209,272.4449,3.8020646227499366e+17,863.9478,83062.5704,60.2271,8.349,synthetic_prototype_v1
SOL-02210,279.2121,2.17369191525792e+16,671.2454,95246.9118,72.6049,8.0,synthetic_prototype_v1
SOL-02211,246.9482,3.639699742072433e+16,798.8365,79120.0012,42.2785,10.5996,synthetic_prototype_v1
SOL-02212,287.6662,4.252289893980079e+16,608.4547,100494.68,47.668,13.6566,synthetic_prototype_v1
SOL-02213,265.1425,1186680006955983.5,611.5444,51943.664,47.0027,15.476,synthetic_prototype_v1
SOL-02214,147.8787,5.8699987123204344e+16,616.5754,96898.9593,30.6686,19.6284,synthetic_prototype_v1
SOL-02215,148.5267,1.0695013328770654e+17,696.6438,98109.0444,72.6828,8.3708,synthetic_prototype_v1
SOL-02216,109.1755,3.3085243474653332e+16,617.5121,89351.9973,72.1832,8.0,synthetic_prototype_v1
SOL-02217,118.6041,2.0882148190730228e+16,718.0656,61970.8457,24.6079,19.6469,synthetic_prototype_v1
SOL-02218,173.1031,1.0035889414321552e+17,688.067,67153.7506,28.8967,20.8198,synthetic_prototype_v1
SOL-02219,125.5179,4.46047023979894e+17,657.5085,114891.9445,69.3778,10.1972,synthetic_prototype_v1
SOL-02220,287.2108,2.2171415662702764e+16,710.0379,97794.0599,68.545,8.6696,synthetic_prototype_v1
SOL-02221,147.4674,2.2866225451449072e+17,762.0612,76294.4153,32.2771,15.4992,synthetic_prototype_v1
SOL-02222,125.6705,6580710271914403.0,702.4489,78476.5575,25.4617,16.6196,synthetic_prototype_v1
SOL-02223,134.7519,2.5872029534289738e+17,887.2186,86451.234,57.8252,9.2792,synthetic_prototype_v1
SOL-02224,173.8766,3.087994023495485e+16,891.9095,32862.7799,30.5852,11.1408,synthetic_prototype_v1
SOL-02225,188.8139,7.009550220114929e+16,739.9995,100906.3855,53.2065,15.6102,synthetic_prototype_v1
SOL-02226,195.9032,1.344860785399677e+16,703.3434,49769.2188,23.671,21.139,synthetic_prototype_v1
SOL-02227,262.8337,9.838840078265349e+17,630.5432,105659.3286,18.4349,11.3034,synthetic_prototype_v1
SOL-02228,254.8627,3.046298393636542e+17,544.554,78309.7612,62.4214,9.9426,synthetic_prototype_v1
SOL-02229,157.0797,1.1977876687668836e+16,678.202,44197.3169,20.2221,19.3459,synthetic_prototype_v1
SOL-02230,96.2948,1555670539085317.5,737.8345,76222.7555,44.8915,12.0048,synthetic_prototype_v1
SOL-02231,136.7339,3.653926526533555e+16,694.2063,42462.0109,30.2391,22.5556,synthetic_prototype_v1
SOL-02232,155.0954,7.681214456547133e+16,604.2277,114196.3489,58.9061,10.4338,synthetic_prototype_v1
SOL-02233,217.3422,1.8456731175465356e+16,678.6711,70513.1422,32.0067,14.9951,synthetic_prototype_v1
SOL-02234,81.0103,1.111970240439949e+17,704.6799,90850.063,17.1054,17.5076,synthetic_prototype_v1
SOL-02235,151.9465,1.5422764435546294e+16,670.0003,49410.0977,31.501,23.0,synthetic_prototype_v1
SOL-02236,144.3015,1.7749578821230266e+17,820.1508,32743.0761,32.0828,11.3641,synthetic_prototype_v1
SOL-02237,84.4484,3284823137092723.0,552.7248,25612.0911,15.8432,12.1084,synthetic_prototype_v1
SOL-02238,72.602,8056636661325365.0,761.6279,26648.8086,29.4659,12.1825,synthetic_prototype_v1
SOL-02239,198.0785,1.2043563919656658e+16,726.011,53475.8731,26.6082,17.4976,synthetic_prototype_v1
SOL-02240,251.5477,9383668216788280.0,842.1247,80313.0225,54.3245,8.0,synthetic_prototype_v1
SOL-02241,129.2602,2.201694071986193e+17,733.6193,70418.1323,66.6818,8.7779,synthetic_prototype_v1
SOL-02242,84.49,1.0845822409228524e+16,709.6257,52036.4425,28.842,17.3564,synthetic_prototype_v1
SOL-02243,140.3246,1.589850552198214e+16,665.3717,98089.9693,15.8491,21.6217,synthetic_prototype_v1
SOL-02244,176.1316,1.5992597464720078e+16,680.3799,44252.753,60.0076,13.4799,synthetic_prototype_v1
SOL-02245,135.6009,2.1780740177777363e+17,749.1499,52842.8103,25.097,13.307,synthetic_prototype_v1
SOL-02246,218.7032,9.788773370139453e+17,872.992,42538.4045,50.0633,10.5796,synthetic_prototype_v1
SOL-02247,116.2018,3.349904977149879e+16,561.2492,26552.7634,25.8866,14.436,synthetic_prototype_v1
SOL-02248,261.1197,1.0374176032481794e+17,850.3378,74875.2878,68.1687,8.6896,synthetic_prototype_v1
SOL-02249,293.934,1.507218588879503e+16,605.1656,50512.3063,66.6667,9.7378,synthetic_prototype_v1
SOL-02250,102.9887,1821383215188521.8,694.3878,94434.0259,40.6767,11.0789,synthetic_prototype_v1
SOL-02251,143.9182,2.4202939822171656e+16,666.6602,65462.3486,19.6573,22.5657,synthetic_prototype_v1
SOL-02252,224.5796,3.2824110325847732e+16,692.8443,108365.3879,72.1892,9.4601,synthetic_prototype_v1
SOL-02253,207.7081,1744354862256487.8,795.0265,58585.2762,28.2983,14.6087,synthetic_prototype_v1
SOL-02254,79.5998,7690998527928378.0,611.9911,31284.0343,60.5587,8.1933,synthetic_prototype_v1
SOL-02255,129.7891,5488170047519136.0,615.9627,98852.4484,37.3457,15.4708,synthetic_prototype_v1
SOL-02256,198.8032,1.2952591563839384e+17,566.2469,48301.9322,72.3907,9.2049,synthetic_prototype_v1
SOL-02257,202.8859,8.464039153155594e+16,532.5059,27311.184,18.2832,11.3262,synthetic_prototype_v1
SOL-02258,93.2676,2.9624799946944748e+16,674.8618,95333.2092,33.0414,19.8255,synthetic_prototype_v1
SOL-02259,173.882,1.913945896346947e+17,622.3827,72664.1496,15.0,12.4735,synthetic_prototype_v1
SOL-02260,155.9138,5.4671701174061336e+16,724.9718,25802.7554,65.5817,9.9187,synthetic_prototype_v1
SOL-02261,107.9847,2.75815639084082e+16,713.6817,60356.81,25.2351,21.7094,synthetic_prototype_v1
SOL-02262,58.4694,4.895176974651735e+16,564.0179,44499.8599,29.5391,13.9836,synthetic_prototype_v1
SOL-02263,246.7228,1790748859828066.0,748.938,59667.2599,45.0165,12.1073,synthetic_prototype_v1
SOL-02264,135.4295,1.3193700600183496e+17,706.3288,47101.3724,31.6258,19.3032,synthetic_prototype_v1
SOL-02265,101.3476,1.3072179228523675e+17,687.4569,60868.1651,35.9808,18.6929,synthetic_prototype_v1
SOL-02266,281.6676,2.028550115807061e+17,661.118,83844.5024,37.8966,10.6457,synthetic_prototype_v1
SOL-02267,260.8937,9.12209528913049e+17,844.1719,24460.3267,61.5839,8.0,synthetic_prototype_v1
SOL-02268,237.9452,1.1782144000205224e+17,710.3461,103349.3309,40.8832,14.8368,synthetic_prototype_v1
SOL-02269,84.9469,1.0605036049474987e+17,763.4971,82960.3827,69.903,8.0,synthetic_prototype_v1
SOL-02270,97.9008,2690893550380169.0,824.7096,62938.152,30.595,14.2705,synthetic_prototype_v1
SOL-02271,56.3012,1.6985922613049496e+16,670.5413,70854.2809,24.7931,15.5661,synthetic_prototype_v1
SOL-02272,194.0305,1.645735738324757e+16,731.1198,53733.9152,31.0156,18.322,synthetic_prototype_v1
SOL-02273,250.3705,2653797626082057.5,743.0782,33755.4118,53.9405,11.5169,synthetic_prototype_v1
SOL-02274,120.8802,8973578419097018.0,865.08,74710.3066,59.9787,8.0,synthetic_prototype_v1
SOL-02275,118.9405,1.7073422925550602e+16,678.4378,53759.5751,24.6455,18.8479,synthetic_prototype_v1
SOL-02276,123.0148,1624426675585184.2,557.1478,87466.9181,71.8604,8.0,synthetic_prototype_v1
SOL-02277,140.7304,9057551422657630.0,674.7548,50723.2922,25.7565,19.2768,synthetic_prototype_v1
SOL-02278,204.979,1397924597939169.2,671.0424,97582.2032,19.1721,14.5657,synthetic_prototype_v1
SOL-02279,176.5751,7.105258337912654e+16,693.7187,52321.431,25.5081,17.8682,synthetic_prototype_v1
SOL-02280,113.1801,1.5540413595391872e+16,720.592,55721.9333,21.8239,21.0363,synthetic_prototype_v1
SOL-02281,118.5162,1.3430084551807949e+17,701.5405,95850.3059,24.1601,19.7978,synthetic_prototype_v1
SOL-02282,293.8989,2887786240635270.5,553.3397,56543.0767,55.2434,9.1542,synthetic_prototype_v1
SOL-02283,134.2141,6.371936705115763e+17,639.7287,108456.5028,37.915,15.3271,synthetic_prototype_v1
SOL-02284,104.4492,1.2363939034209716e+16,717.262,81096.8518,31.8526,17.8919,synthetic_prototype_v1
SOL-02285,111.491,4.435083291732802e+16,627.8398,41308.384,18.7233,18.6277,synthetic_prototype_v1
SOL-02286,145.6309,9211602751893662.0,748.8454,92864.3452,22.7206,20.2125,synthetic_prototype_v1
SOL-02287,75.2983,4.455551132763861e+16,810.5618,61075.287,19.6406,13.6918,synthetic_prototype_v1
SOL-02288,283.1949,1312073454628723.2,855.4015,29307.7161,65.4994,8.0,synthetic_prototype_v1
SOL-02289,71.2005,2.9875604105571276e+16,805.7585,41857.6914,19.1272,14.9526,synthetic_prototype_v1
SOL-02290,56.5044,9.411857523606525e+16,805.3297,88180.0943,27.9898,15.3807,synthetic_prototype_v1
SOL-02291,167.7759,5.486834141324377e+16,665.6757,69532.943,37.566,19.923,synthetic_prototype_v1
SOL-02292,137.2152,2.2868957238720656e+16,546.6874,97376.1149,41.2494,13.8105,synthetic_prototype_v1
SOL-02293,161.5706,3.9889611063462424e+16,631.2492,35224.1303,35.353,20.9487,synthetic_prototype_v1
SOL-02294,64.4863,1.482637599998972e+17,630.8151,104484.9824,30.4108,14.2826,synthetic_prototype_v1
SOL-02295,198.1897,4.025976325128535e+16,677.6254,79073.8795,35.974,18.0547,synthetic_prototype_v1
SOL-02296,148.1838,5.833013782612932e+17,858.8439,34309.395,59.7685,9.5763,synthetic_prototype_v1
SOL-02297,103.7893,4.2049073191323976e+16,765.74,65784.5503,34.131,17.3498,synthetic_prototype_v1
SOL-02298,203.1098,5415140475590402.0,825.5884,110724.6872,70.4161,8.0,synthetic_prototype_v1
SOL-02299,149.3411,1.6621955124274344e+16,715.8671,77975.0202,15.0,23.0,synthetic_prototype_v1
SOL-02300,156.1942,1.493511790055661e+17,634.7791,21780.9215,24.8498,15.0419,synthetic_prototype_v1
SOL-02301,61.2311,1.101995898596494e+17,837.3185,72100.5456,31.1853,10.3478,synthetic_prototype_v1
SOL-02302,154.0838,4.035289531896631e+16,639.5199,90983.5898,18.0964,21.5086,synthetic_prototype_v1
SOL-02303,125.3082,1.1993794809805949e+17,655.0567,40693.4066,21.7501,19.7322,synthetic_prototype_v1
SOL-02304,145.6958,2.4780981519381917e+17,741.1138,63625.9332,40.7658,15.8215,synthetic_prototype_v1
SOL-02305,227.1607,5345561463368265.0,709.8694,44931.4458,25.2362,17.4079,synthetic_prototype_v1
SOL-02306,93.282,2.2310765173318266e+17,644.1527,103336.2649,58.4747,9.7272,synthetic_prototype_v1
SOL-02307,296.1422,8.199435404084717e+17,880.8201,91567.4309,25.5489,8.9264,synthetic_prototype_v1
SOL-02308,129.1733,2.695317454346435e+16,627.5369,69178.8074,29.4222,18.0409,synthetic_prototype_v1
SOL-02309,233.6813,6614121198082523.0,825.4713,84227.8404,20.3605,8.6555,synthetic_prototype_v1
SOL-02310,82.0132,9.93390614565189e+17,546.011,94131.6936,15.3156,11.6164,synthetic_prototype_v1
SOL-02311,168.9262,4244553800505959.5,543.0756,91876.0782,69.7716,8.6451,synthetic_prototype_v1
SOL-02312,130.3832,9267426587627390.0,670.2176,87576.3758,18.7615,22.9782,synthetic_prototype_v1
SOL-02313,167.1898,1.4703931454894147e+17,764.2271,45220.4289,47.0095,17.2868,synthetic_prototype_v1
SOL-02314,104.4089,2.794142668371416e+16,713.605,65273.2498,23.9378,20.6251,synthetic_prototype_v1
SOL-02315,274.7304,1833214776755931.2,597.9548,98419.7254,17.8254,11.151,synthetic_prototype_v1
SOL-02316,299.7074,3.726894577934218e+16,517.5887,47931.878,44.3386,14.6811,synthetic_prototype_v1
SOL-02317,217.4535,3936850199631842.0,725.9313,52720.5849,40.26,12.9737,synthetic_prototype_v1
SOL-02318,295.3468,4.147896840021465e+16,876.8529,107253.6109,73.6605,8.0,synthetic_prototype_v1
SOL-02319,134.9293,9055423744635414.0,826.4967,21817.6483,51.4683,12.6968,synthetic_prototype_v1
SOL-02320,288.2248,9.397249209244429e+17,626.2788,24282.9999,71.0656,8.0,synthetic_prototype_v1
SOL-02321,55.9926,6.025878576361278e+16,652.3938,111442.6156,55.2634,9.9444,synthetic_prototype_v1
SOL-02322,61.2201,3706287839208196.5,899.0765,54821.7854,61.78,10.5726,synthetic_prototype_v1
SOL-02323,189.1117,1.3118250750019592e+16,755.5545,84365.7186,15.0,19.0295,synthetic_prototype_v1
SOL-02324,122.7927,1.7350785433146046e+16,686.943,90625.8957,27.475,20.9124,synthetic_prototype_v1
SOL-02325,163.1297,4.245316709157458e+16,687.8948,72719.4695,29.3005,20.5097,synthetic_prototype_v1
SOL-02326,238.6433,2.2337702694927987e+17,780.8418,76307.2323,19.1748,13.3201,synthetic_prototype_v1
SOL-02327,165.4545,2675310640392577.5,604.4024,86216.2944,27.1623,14.8885,synthetic_prototype_v1
SOL-02328,157.7691,1828182069815062.0,828.2943,62702.1482,17.6868,9.2186,synthetic_prototype_v1
SOL-02329,252.6299,2.782539143811834e+16,668.9401,37622.2165,33.0774,13.1633,synthetic_prototype_v1
SOL-02330,135.1477,3.324317782072728e+16,535.0492,62296.7275,49.6944,14.0677,synthetic_prototype_v1
SOL-02331,55.4578,6588721948989691.0,621.1985,99415.4518,30.6085,14.397,synthetic_prototype_v1
SOL-02332,110.8992,3.69732414101613e+17,746.5048,21142.9105,24.813,12.9484,synthetic_prototype_v1
SOL-02333,113.5659,7248225611749585.0,700.3475,78406.8045,28.637,20.2382,synthetic_prototype_v1
SOL-02334,242.1619,3.760795339897655e+16,827.6315,114107.417,65.5719,9.87,synthetic_prototype_v1
SOL-02335,264.6495,2.345507332985651e+16,568.0921,55416.4575,45.3575,11.9701,synthetic_prototype_v1
SOL-02336,183.5193,1.0937247568718034e+16,812.7872,64943.0296,25.7807,13.7795,synthetic_prototype_v1
SOL-02337,171.9178,9.667055978033339e+16,730.3994,99291.1555,25.485,21.4507,synthetic_prototype_v1
SOL-02338,290.3874,2.916904463491976e+17,700.8531,84486.3567,46.7235,13.375,synthetic_prototype_v1
SOL-02339,248.0677,9.745028233035989e+16,893.8099,96938.7417,54.3086,8.0,synthetic_prototype_v1
SOL-02340,97.9803,2251329477312473.0,809.0772,76503.2537,18.579,10.8828,synthetic_prototype_v1
SOL-02341,228.1874,1.4817835556283782e+17,828.2847,34487.7899,41.3643,13.4729,synthetic_prototype_v1
SOL-02342,187.3734,2322976388920093.5,712.5395,99851.885,43.9933,13.157,synthetic_prototype_v1
SOL-02343,215.7274,3383610970720963.0,816.6753,79907.8469,18.0357,10.0116,synthetic_prototype_v1
SOL-02344,166.8711,2.650013794740266e+16,537.9448,83025.4664,26.0983,15.6947,synthetic_prototype_v1
SOL-02345,172.8087,1.5418383889579038e+16,718.383,70575.072,23.9029,22.8009,synthetic_prototype_v1
SOL-02346,216.2127,1.7129286706300525e+17,821.6135,68344.7212,26.8579,9.7109,synthetic_prototype_v1
SOL-02347,92.5732,4.318837414661832e+16,761.4354,76209.4039,29.4829,19.252,synthetic_prototype_v1
SOL-02348,94.651,3.5252550457612228e+16,733.757,60423.0233,44.9107,13.4491,synthetic_prototype_v1
SOL-02349,196.6855,1.4638302649281603e+17,763.7538,48775.151,25.3052,16.7894,synthetic_prototype_v1
SOL-02350,161.1276,1.3050478625146726e+17,668.7325,42819.5304,24.6078,19.3232,synthetic_prototype_v1
SOL-02351,73.7998,2.1643399227511344e+16,733.0243,58390.7201,26.4203,14.9125,synthetic_prototype_v1
SOL-02352,259.0613,2901166450453811.0,835.4549,54308.1684,20.7911,8.8349,synthetic_prototype_v1
SOL-02353,215.0597,1.937292192593332e+16,767.5575,67702.2363,25.4971,18.6472,synthetic_prototype_v1
SOL-02354,61.2787,9.745299457104378e+17,705.4794,85909.1673,26.3019,13.0831,synthetic_prototype_v1
SOL-02355,108.7777,4.694565230295135e+16,725.6586,72928.3824,25.6851,22.0498,synthetic_prototype_v1
SOL-02356,115.7646,1.7192069249190408e+16,671.0975,53951.6466,17.1787,19.6787,synthetic_prototype_v1
SOL-02357,116.1494,1530636252248352.8,880.0213,32666.1354,69.4765,8.7238,synthetic_prototype_v1
SOL-02358,258.5302,6908557331921986.0,752.7206,94135.5091,23.6517,16.2502,synthetic_prototype_v1
SOL-02359,192.303,1285041130193603.5,518.722,114369.4498,57.5136,10.7155,synthetic_prototype_v1
SOL-02360,260.6138,5.667783912091256e+16,684.3428,100016.0319,51.418,11.9265,synthetic_prototype_v1
SOL-02361,182.1354,9.455531726837174e+17,670.8062,112380.436,17.792,13.4346,synthetic_prototype_v1
SOL-02362,236.2479,1921613548014730.2,724.2915,35296.1639,46.1552,14.5009,synthetic_prototype_v1
SOL-02363,126.4491,4.711986781247099e+16,672.7152,41416.0565,30.7211,20.9856,synthetic_prototype_v1
SOL-02364,269.6909,4.788201614066315e+16,899.7958,115847.7814,18.1263,12.3231,synthetic_prototype_v1
SOL-02365,130.1835,5.733381827011406e+16,839.8341,105018.4127,63.3178,8.0,synthetic_prototype_v1
SOL-02366,223.2739,3.529365927804223e+16,762.1494,42236.3103,45.5042,16.8787,synthetic_prototype_v1
SOL-02367,230.054,1.8410503431052644e+16,588.9782,118216.1599,73.315,8.0,synthetic_prototype_v1
SOL-02368,62.5949,4677004249280225.0,711.4408,33434.6194,38.7995,13.9847,synthetic_prototype_v1
SOL-02369,135.3846,3177399390751553.5,550.5647,51886.7356,66.2713,8.0172,synthetic_prototype_v1
SOL-02370,50.0,7.138254234577763e+16,726.1112,72212.4872,34.8886,14.1063,synthetic_prototype_v1
SOL-02371,146.3695,4.903995322845372e+16,630.2272,50749.1284,25.3038,19.0881,synthetic_prototype_v1
SOL-02372,237.1286,9922893640252920.0,503.8652,119946.611,20.8395,10.9582,synthetic_prototype_v1
SOL-02373,81.416,3575509058528910.0,728.2152,86552.0646,33.3674,13.221,synthetic_prototype_v1
SOL-02374,164.637,8.664224937484024e+17,729.7871,64794.7438,71.4081,8.0,synthetic_prototype_v1
SOL-02375,157.41,4.1325826400725496e+16,684.4805,89735.9571,22.988,22.4557,synthetic_prototype_v1
SOL-02376,120.8117,1.4324155089009008e+17,685.9484,88108.1962,67.0518,8.0,synthetic_prototype_v1
SOL-02377,243.0271,1560889996735618.5,571.9087,40881.8934,17.5259,11.9613,synthetic_prototype_v1
SOL-02378,281.2105,7.128213853822363e+16,594.8571,46454.6528,19.1573,12.7925,synthetic_prototype_v1
SOL-02379,132.075,8207179704288199.0,641.2565,53139.4183,39.6148,16.3875,synthetic_prototype_v1
SOL-02380,116.7439,2.2298931025116397e+17,527.7666,45090.6979,65.5693,9.7921,synthetic_prototype_v1
SOL-02381,165.6372,2.4191803902817148e+16,692.8009,50755.3264,16.9568,23.0,synthetic_prototype_v1
SOL-02382,155.32,6513616994219739.0,649.5412,91076.9741,73.4543,8.5352,synthetic_prototype_v1
SOL-02383,175.1186,2.782219807268521e+16,665.3062,97602.2834,15.0,23.0,synthetic_prototype_v1
SOL-02384,265.2002,2.344710927646196e+17,643.6051,36741.0352,40.9182,13.5189,synthetic_prototype_v1
SOL-02385,296.9119,3.413820169620328e+17,713.9245,45408.4578,31.7189,13.3032,synthetic_prototype_v1
SOL-02386,187.4286,5.055900607770461e+16,687.9968,93877.35,34.7124,20.9182,synthetic_prototype_v1
SOL-02387,283.985,1080339509831904.0,500.4208,52346.3424,37.7043,10.787,synthetic_prototype_v1
SOL-02388,171.7789,3898516421175293.0,661.2965,90402.8769,27.406,16.4744,synthetic_prototype_v1
SOL-02389,91.3829,2352722161726602.5,823.9077,35659.605,52.3874,11.0133,synthetic_prototype_v1
SOL-02390,173.5069,4.923139780372844e+16,683.1367,74769.3534,32.4462,20.2638,synthetic_prototype_v1
SOL-02391,243.6043,2272388730396801.5,644.628,85444.7716,65.5272,8.0,synthetic_prototype_v1
SOL-02392,93.6604,2.361595757483602e+16,525.172,73361.0519,62.7363,8.9081,synthetic_prototype_v1
SOL-02393,235.5795,1.8573025932317578e+17,546.6416,35952.3934,18.1124,11.7905,synthetic_prototype_v1
SOL-02394,145.7087,5.345384538713037e+16,769.57,41413.4954,34.9743,17.4286,synthetic_prototype_v1
SOL-02395,201.504,4248952190230226.5,884.2122,113115.2335,53.2113,10.6764,synthetic_prototype_v1
SOL-02396,137.984,8.833356098759616e+16,763.5798,86880.1083,15.2475,19.4281,synthetic_prototype_v1
SOL-02397,156.9758,1.0291273476927862e+16,565.9662,62248.2927,28.958,15.4091,synthetic_prototype_v1
SOL-02398,136.2078,9503658197016810.0,578.7079,90990.0679,21.7895,14.7238,synthetic_prototype_v1
SOL-02399,113.9526,1.5653881676140332e+16,742.9626,62845.0195,25.0707,18.1221,synthetic_prototype_v1
SOL-02400,212.9094,8.759244133923112e+16,716.5713,63480.648,33.6032,18.7782,synthetic_prototype_v1
SOL-02401,196.1597,1455948195506596.5,750.4409,26980.6099,19.7829,12.6498,synthetic_prototype_v1
SOL-02402,87.5099,2201856566732376.8,822.6133,20172.4644,55.482,9.8414,synthetic_prototype_v1
SOL-02403,193.6054,2.788562157159828e+16,645.2032,53339.0494,31.4004,15.1572,synthetic_prototype_v1
SOL-02404,157.4092,1.7748720644291302e+17,776.1633,60011.4495,31.6991,12.5365,synthetic_prototype_v1
SOL-02405,218.6876,2.5410501033847772e+16,856.065,38275.3338,46.1842,8.7827,synthetic_prototype_v1
SOL-02406,171.8665,5.922664668053161e+16,687.4788,50140.5064,26.4478,22.2341,synthetic_prototype_v1
SOL-02407,212.9828,1.3826324699323408e+16,502.34,59322.666,58.4901,9.1141,synthetic_prototype_v1
SOL-02408,162.0614,8.28864055560676e+16,527.0558,71065.8185,72.5875,8.0,synthetic_prototype_v1
SOL-02409,148.5314,7533810313561889.0,762.2426,31218.7666,43.742,17.4315,synthetic_prototype_v1
SOL-02410,169.4693,1.2977488028803571e+17,540.4573,49591.6605,64.8233,8.2787,synthetic_prototype_v1
SOL-02411,179.1149,5.2566281225616045e+17,883.0449,48125.3614,17.9812,9.9819,synthetic_prototype_v1
SOL-02412,100.4668,1.4208839154501867e+17,624.5531,102861.5677,18.4907,15.7418,synthetic_prototype_v1
SOL-02413,127.2043,6.136748404634008e+16,731.566,65229.5525,26.0066,20.7999,synthetic_prototype_v1
SOL-02414,106.8097,3.0393403126946596e+16,679.4926,51838.6247,72.9402,11.0466,synthetic_prototype_v1
SOL-02415,133.9288,3.1398120563556748e+16,754.6112,53848.6225,27.98,21.4742,synthetic_prototype_v1
SOL-02416,168.5186,1.7464370875434324e+16,660.4296,97774.5173,15.2014,22.1071,synthetic_prototype_v1
SOL-02417,127.9924,7.83681041130044e+16,735.6731,70112.6544,28.9705,20.8884,synthetic_prototype_v1
SOL-02418,71.9273,5.977729111253481e+16,569.8736,42234.5181,64.3983,9.7604,synthetic_prototype_v1
SOL-02419,179.7146,8.191626087402405e+16,813.3654,112693.8795,45.5534,15.5844,synthetic_prototype_v1
SOL-02420,268.2147,4.863943071754239e+16,740.4484,62819.4701,40.0038,13.9167,synthetic_prototype_v1
SOL-02421,161.5625,7637811300482529.0,896.7718,89651.7313,69.0906,9.7254,synthetic_prototype_v1
SOL-02422,77.9612,3.506058552648177e+16,651.4026,94722.7847,18.2976,17.0951,synthetic_prototype_v1
SOL-02423,50.0,2.3945582854077788e+16,602.6834,43723.9044,29.8362,15.4351,synthetic_prototype_v1
SOL-02424,71.4956,6.294193352390849e+17,763.4285,83869.0381,34.9985,10.3967,synthetic_prototype_v1
SOL-02425,161.6054,3.723159035221711e+16,700.8432,71320.3218,27.482,22.5103,synthetic_prototype_v1
SOL-02426,122.0571,2749846956175250.0,709.4509,28881.0087,73.5011,8.0,synthetic_prototype_v1
SOL-02427,158.6899,6981448225283119.0,822.4882,66973.8222,36.0883,14.3037,synthetic_prototype_v1
SOL-02428,279.6105,6.05742381761297e+16,526.9216,118090.3068,29.9726,9.6974,synthetic_prototype_v1
SOL-02429,243.0882,1.3043010322771765e+17,631.6775,96318.7576,21.3749,11.6321,synthetic_prototype_v1
SOL-02430,282.8655,2.0527393211393188e+16,837.8224,89846.2441,46.8019,11.6404,synthetic_prototype_v1
SOL-02431,152.6185,5.305894040733222e+16,699.7567,62510.4636,18.6475,23.0,synthetic_prototype_v1
SOL-02432,111.7134,5.800447619306398e+16,737.2932,86735.408,36.3337,18.1623,synthetic_prototype_v1
SOL-02433,111.5167,1.6577025720021178e+16,827.7598,102086.6691,36.2575,13.6599,synthetic_prototype_v1
SOL-02434,198.9284,1815846041053494.8,560.6742,50233.8695,32.6004,14.4575,synthetic_prototype_v1
SOL-02435,182.3478,2.481050053262159e+17,651.6119,48245.913,56.9287,12.7606,synthetic_prototype_v1
SOL-02436,289.6398,3504042171692119.0,778.0254,41472.1943,56.3946,8.0141,synthetic_prototype_v1
SOL-02437,188.8654,8.795930533792754e+16,710.1548,116408.9975,44.6171,18.6185,synthetic_prototype_v1
SOL-02438,83.0257,1.0011516260537302e+17,835.8446,45840.8409,30.4832,12.1061,synthetic_prototype_v1
SOL-02439,209.2685,2.3582801342593776e+17,670.6919,86846.1118,71.2639,9.017,synthetic_prototype_v1
SOL-02440,187.7765,1.0533063669436813e+17,665.4655,49435.2318,15.0,20.0051,synthetic_prototype_v1
SOL-02441,168.139,1101331746680988.6,510.9134,27100.2511,35.5936,10.9514,synthetic_prototype_v1
SOL-02442,197.9492,1.871975927116817e+16,747.4818,84752.9036,24.4331,20.3659,synthetic_prototype_v1
SOL-02443,298.6754,6.311972099786834e+17,884.469,48804.2791,38.1344,11.8888,synthetic_prototype_v1
SOL-02444,81.4518,4.009916505114172e+16,726.366,89443.6719,65.9571,8.0,synthetic_prototype_v1
SOL-02445,190.9435,8875229583139625.0,752.8208,52750.7383,30.4102,15.0004,synthetic_prototype_v1
SOL-02446,176.2399,3.922719011822629e+16,753.6686,87143.6596,19.8375,23.0,synthetic_prototype_v1
SOL-02447,203.3791,6929315351009658.0,736.4331,64697.4002,25.679,17.7668,synthetic_prototype_v1
SOL-02448,209.9272,3.2477543875583564e+16,713.5811,48337.6044,33.7802,18.8561,synthetic_prototype_v1
SOL-02449,173.0212,1.1094028759417588e+16,752.2014,44774.5436,18.1007,20.0977,synthetic_prototype_v1
SOL-02450,204.9171,9.478543814332993e+17,880.8127,82064.4384,50.0636,10.242,synthetic_prototype_v1
SOL-02451,211.5727,1239517149902859.0,813.1431,68550.144,55.4337,10.2649,synthetic_prototype_v1
SOL-02452,135.9447,1214757811094385.2,619.265,42733.7715,24.1221,12.576,synthetic_prototype_v1
SOL-02453,99.4952,3.309804046553711e+17,796.7557,91770.1571,31.646,13.0803,synthetic_prototype_v1
SOL-02454,103.8738,5.5715955528782074e+17,742.3909,54255.4704,39.3044,11.6683,synthetic_prototype_v1
SOL-02455,210.1098,3537606734201592.5,738.1571,111918.5944,17.1951,14.5271,synthetic_prototype_v1
SOL-02456,171.4723,6648285767967077.0,631.0132,41609.1672,30.4424,14.3924,synthetic_prototype_v1
SOL-02457,71.1233,5418528952843399.0,647.7561,96979.218,58.284,12.164,synthetic_prototype_v1
SOL-02458,234.746,4.742669807712405e+16,687.418,44094.2674,37.6951,13.0716,synthetic_prototype_v1
SOL-02459,252.7407,3605562987228567.5,598.6727,114397.9121,40.4687,11.9607,synthetic_prototype_v1
SOL-02460,185.9269,8188691327909941.0,682.1077,95739.5228,15.0,20.4876,synthetic_prototype_v1
SOL-02461,145.6825,2.108057441052454e+16,674.6576,48227.7651,15.0,21.7222,synthetic_prototype_v1
SOL-02462,186.3012,3335609126788584.5,773.6206,92592.0024,17.0444,13.4573,synthetic_prototype_v1
SOL-02463,126.2172,1.0803259340598654e+16,704.0964,53773.2358,34.9171,18.7722,synthetic_prototype_v1
SOL-02464,152.9996,9245955080301346.0,771.3451,88115.7336,34.5233,19.5489,synthetic_prototype_v1
SOL-02465,150.8184,6718715112418147.0,684.8421,29045.841,16.509,19.338,synthetic_prototype_v1
SOL-02466,224.9268,3.9647999755121704e+16,745.3437,82362.9799,18.1342,15.0947,synthetic_prototype_v1
SOL-02467,87.8577,1.694804076707773e+17,673.4663,92896.1134,29.7379,14.1902,synthetic_prototype_v1
SOL-02468,178.7643,2.5034436317958125e+17,898.8105,35002.3797,45.8706,10.3976,synthetic_prototype_v1
SOL-02469,118.0604,4896029810699421.0,617.8197,102887.8892,20.0855,15.6296,synthetic_prototype_v1
SOL-02470,110.8571,1.3128078688859394e+16,638.4486,54594.7677,35.7041,19.6048,synthetic_prototype_v1
SOL-02471,136.7519,7689565262841572.0,673.0152,80071.6887,17.6419,20.354,synthetic_prototype_v1
SOL-02472,162.0204,1.259728629194689e+17,720.9757,97487.7111,31.6467,19.8495,synthetic_prototype_v1
SOL-02473,178.1408,1000000000000000.0,698.6678,76152.8088,16.2507,14.5202,synthetic_prototype_v1
SOL-02474,209.8032,3353946971199158.5,675.2648,104518.7627,49.3816,14.7265,synthetic_prototype_v1
SOL-02475,146.1048,3.2925680282475376e+16,640.9757,84164.443,28.4346,22.6682,synthetic_prototype_v1
SOL-02476,178.8329,8.310276432998576e+16,700.4754,83816.6262,22.1491,20.151,synthetic_prototype_v1
SOL-02477,240.8586,1.489208904546674e+17,840.0342,87699.8536,20.8889,11.324,synthetic_prototype_v1
SOL-02478,148.0795,6594378794010845.0,759.322,91675.145,15.0,19.3519,synthetic_prototype_v1
SOL-02479,184.1655,6982894319514645.0,698.435,50514.5041,22.6234,19.3518,synthetic_prototype_v1
SOL-02480,72.9309,6756410698991767.0,756.0291,37904.7549,34.2747,14.0766,synthetic_prototype_v1
SOL-02481,162.0091,1.1911095854247955e+17,722.5079,72439.4001,34.5285,19.3621,synthetic_prototype_v1
SOL-02482,118.4765,2.1897222639505428e+16,518.9928,40467.6629,39.0468,13.9675,synthetic_prototype_v1
SOL-02483,227.0394,9.761482474660612e+17,669.5833,66980.6818,26.4454,11.7553,synthetic_prototype_v1
SOL-02484,181.1179,9813882522505908.0,679.3412,43394.9442,15.0,18.2594,synthetic_prototype_v1
SOL-02485,147.0385,2569290483760787.0,689.0747,116213.5199,26.538,16.7886,synthetic_prototype_v1
SOL-02486,104.4071,2196452240606870.2,649.2059,79320.7573,66.4202,9.4043,synthetic_prototype_v1
SOL-02487,143.1611,5081157646695808.0,715.6546,85641.5127,15.0,17.8817,synthetic_prototype_v1
SOL-02488,157.4283,1.2073888983786741e+17,764.4429,93229.9648,23.6228,17.6289,synthetic_prototype_v1
SOL-02489,102.943,9.514847347254453e+16,730.5557,25733.7403,25.3053,16.9807,synthetic_prototype_v1
SOL-02490,130.4328,4.604107043952349e+16,686.6691,96313.8089,26.7956,22.4587,synthetic_prototype_v1
SOL-02491,155.0982,3511004142382741.0,800.8936,93110.9478,25.436,14.2526,synthetic_prototype_v1
SOL-02492,184.1485,8.04909162267716e+16,695.0391,59950.5797,24.991,21.3596,synthetic_prototype_v1
SOL-02493,176.1368,1.601247510559224e+17,634.1719,87891.8192,36.0983,15.3171,synthetic_prototype_v1
SOL-02494,269.8,2.1050068011166646e+17,722.6222,57062.162,50.0695,12.776,synthetic_prototype_v1
SOL-02495,282.5962,2.7658424984634304e+16,530.1135,93702.1912,67.5791,8.0,synthetic_prototype_v1
SOL-02496,155.1972,4328552916690692.0,726.2639,51713.6676,23.4756,16.6886,synthetic_prototype_v1
SOL-02497,71.9125,1248671459518287.8,596.564,27404.2687,56.7605,12.6472,synthetic_prototype_v1
SOL-02498,291.354,1282551227035980.2,520.2667,78730.7179,22.0896,11.7448,synthetic_prototype_v1
SOL-02499,171.178,1.5759620987050307e+17,664.3515,44288.114,20.5846,18.3374,synthetic_prototype_v1
SOL-02500,118.2482,1.2472396884257395e+17,732.0451,94205.2815,25.3073,17.0816,synthetic_prototype_v1
SOL-02501,168.0965,2.8000291853244184e+16,658.9145,60979.2784,18.0279,23.0,synthetic_prototype_v1
SOL-02502,82.7303,5.283136892085084e+16,784.6947,71852.1006,62.774,8.0,synthetic_prototype_v1
SOL-02503,124.5634,3.3463627551479104e+17,687.8932,74078.3421,32.7204,16.7498,synthetic_prototype_v1
SOL-02504,159.7279,3.097972359800317e+16,766.4715,48696.3937,48.383,18.2606,synthetic_prototype_v1
SOL-02505,88.5724,7339374030934498.0,577.1898,100435.1269,40.5515,13.5452,synthetic_prototype_v1
SOL-02506,137.4074,3.899170393597414e+16,647.7212,41238.4212,21.4083,21.6675,synthetic_prototype_v1
SOL-02507,162.0594,5893674057498356.0,711.8188,89952.5924,32.9515,17.3672,synthetic_prototype_v1
SOL-02508,108.7743,5.45858182203202e+16,707.0959,60420.188,55.6867,15.915,synthetic_prototype_v1
SOL-02509,226.4493,4575022567710449.0,501.398,94604.8626,52.9115,11.255,synthetic_prototype_v1
SOL-02510,206.6598,2.366876648007375e+16,884.9381,69780.9428,48.6858,10.3523,synthetic_prototype_v1
SOL-02511,188.1877,5.4661468102445224e+16,656.7125,67769.5544,15.0,23.0,synthetic_prototype_v1
SOL-02512,116.1779,2028087807010835.8,563.2407,86795.2091,52.0311,12.8603,synthetic_prototype_v1
SOL-02513,130.6231,9068217233290242.0,510.9256,97763.2605,20.6652,13.9363,synthetic_prototype_v1
SOL-02514,268.8848,6.606140120429115e+17,894.9361,92306.0597,33.2953,11.7039,synthetic_prototype_v1
SOL-02515,72.9303,6.979409138469571e+16,615.4964,88781.5428,68.7586,8.5188,synthetic_prototype_v1
SOL-02516,121.2019,3999446357885365.5,727.6167,79486.8615,65.5599,8.9911,synthetic_prototype_v1
SOL-02517,122.242,9.681150805745306e+16,744.9946,63070.046,15.0,19.6896,synthetic_prototype_v1
SOL-02518,121.8683,2.7842406965604794e+17,704.9921,63605.2621,30.5038,13.5709,synthetic_prototype_v1
SOL-02519,160.0222,1932236846423387.0,801.9809,88101.6967,68.0418,8.0,synthetic_prototype_v1
SOL-02520,252.0629,1.0617772408681075e+17,813.6244,104845.6678,64.8864,8.0,synthetic_prototype_v1
SOL-02521,128.1425,6.798873174774662e+17,896.9835,84205.35,29.4294,8.0,synthetic_prototype_v1
SOL-02522,133.2411,2.8970724206300268e+16,667.1942,48023.0334,38.1549,20.3855,synthetic_prototype_v1
SOL-02523,108.0359,2.3488858645457053e+17,742.0839,66975.9811,33.8735,15.704,synthetic_prototype_v1
SOL-02524,81.0936,1.830457100268524e+17,605.5648,56226.3588,20.0848,12.6608,synthetic_prototype_v1
SOL-02525,252.4852,1.007833236780051e+16,695.9551,76861.1018,34.3668,10.4045,synthetic_prototype_v1
SOL-02526,134.7139,3.9104200610275456e+17,825.8665,78273.0957,74.9323,9.5178,synthetic_prototype_v1
SOL-02527,65.7793,1.1785466770356614e+16,545.7582,116237.9884,39.564,13.0262,synthetic_prototype_v1
SOL-02528,279.465,2.602298794198633e+16,644.0213,89085.4582,23.7661,12.4744,synthetic_prototype_v1
SOL-02529,155.7988,8050576142754032.0,666.6622,64757.2462,18.574,20.4272,synthetic_prototype_v1
SOL-02530,158.2449,2.3798107603301382e+17,753.5488,44640.7155,23.53,17.7584,synthetic_prototype_v1
SOL-02531,157.2565,9.024986546397013e+16,883.9461,23618.9578,71.9162,8.7063,synthetic_prototype_v1
SOL-02532,166.6273,1.5338430668515744e+17,574.8923,111513.0449,27.9259,14.5171,synthetic_prototype_v1
SOL-02533,191.4476,1678786498966450.5,558.3573,31071.9858,39.1126,12.4144,synthetic_prototype_v1
SOL-02534,190.6324,2.660244054585981e+16,751.0852,88895.002,15.0,19.3412,synthetic_prototype_v1
SOL-02535,111.1977,1.2325364059083216e+16,695.0603,88306.413,22.099,21.0341,synthetic_prototype_v1
SOL-02536,158.8047,8.520188401464347e+16,723.1079,86059.7124,32.9062,20.485,synthetic_prototype_v1
SOL-02537,88.8032,5.927084939407683e+17,818.7886,115797.2441,53.118,11.6402,synthetic_prototype_v1
SOL-02538,54.0576,2.5582196128748275e+17,705.5754,89819.146,65.1837,9.319,synthetic_prototype_v1
SOL-02539,190.6681,2.6969570091393197e+17,630.7956,72019.5434,61.8862,9.6957,synthetic_prototype_v1
SOL-02540,142.9729,1.5782839667075356e+16,614.7866,49692.152,17.058,20.2735,synthetic_prototype_v1
SOL-02541,256.6975,1.3277108395306994e+16,809.1982,93029.0268,22.0945,11.369,synthetic_prototype_v1
SOL-02542,166.8454,8.901890907113645e+16,831.9947,62944.4086,73.1395,8.0,synthetic_prototype_v1
SOL-02543,264.137,3065771656819331.0,805.3548,23654.2199,46.621,14.1154,synthetic_prototype_v1
SOL-02544,224.5474,1.132528265447429e+16,721.0645,43067.2541,70.794,10.0937,synthetic_prototype_v1
SOL-02545,148.6624,2.9319145293602224e+16,658.627,68132.0437,18.4105,22.8913,synthetic_prototype_v1
SOL-02546,228.3967,1816946918842717.8,529.0366,74742.8197,57.2553,10.6624,synthetic_prototype_v1
SOL-02547,126.8838,4.57397840297916e+16,552.9806,64770.9804,48.6551,13.3395,synthetic_prototype_v1
SOL-02548,114.3556,3.899734609949141e+16,850.985,91664.3032,45.1937,12.2699,synthetic_prototype_v1
SOL-02549,125.4412,2.513383604652566e+16,886.695,80811.0072,34.3433,11.6783,synthetic_prototype_v1
SOL-02550,98.6571,1.0511712233549275e+17,589.1957,101701.1634,51.4876,13.0662,synthetic_prototype_v1
SOL-02551,151.4833,2.890197353977413e+16,729.0439,43695.1334,31.4831,21.5943,synthetic_prototype_v1
SOL-02552,141.9933,6946428952096621.0,746.3103,45858.1793,28.5144,18.7285,synthetic_prototype_v1
SOL-02553,289.8331,1.4273398017678238e+17,671.8516,67793.0884,61.5192,8.8277,synthetic_prototype_v1
SOL-02554,164.5514,1.0182031779934498e+16,705.8641,85260.1214,31.4993,19.244,synthetic_prototype_v1
SOL-02555,197.3328,1.8020148959842908e+16,639.0688,53559.7849,36.8611,14.9694,synthetic_prototype_v1
SOL-02556,138.4637,4577599496167746.0,701.5807,97783.578,30.7284,17.874,synthetic_prototype_v1
SOL-02557,169.7643,1.2923696298968403e+17,749.6396,88615.3593,28.5259,16.8263,synthetic_prototype_v1
SOL-02558,199.542,1.1154955908287469e+17,748.6074,106062.5616,35.7097,18.2186,synthetic_prototype_v1
SOL-02559,114.365,2.345879730492036e+16,640.0677,46091.1512,15.0,19.7837,synthetic_prototype_v1
SOL-02560,81.8223,5766490276067192.0,711.4814,92488.3379,30.0778,15.1048,synthetic_prototype_v1
SOL-02561,186.3548,5.709798019626206e+16,686.6461,51672.6785,22.8977,21.597,synthetic_prototype_v1
SOL-02562,247.9936,1533403432478489.0,754.1717,76931.3808,62.9873,8.7908,synthetic_prototype_v1
SOL-02563,157.9419,1.2731407734569154e+16,665.6077,43098.2565,24.4398,20.3998,synthetic_prototype_v1
SOL-02564,172.3755,1.0367230565878794e+17,605.6767,70430.4879,55.9731,10.7236,synthetic_prototype_v1
SOL-02565,60.638,1.2540561624453626e+16,562.4897,85951.2401,52.2198,12.8422,synthetic_prototype_v1
SOL-02566,149.2971,6.21594270276284e+16,711.2772,56584.7675,35.7162,19.1596,synthetic_prototype_v1
SOL-02567,120.1529,9.318503103714238e+16,774.419,50830.4807,54.1333,15.6746,synthetic_prototype_v1
SOL-02568,151.5967,3.6387482284993126e+17,621.0653,22940.9603,18.1048,13.6028,synthetic_prototype_v1
SOL-02569,63.144,4.3757115434453e+16,735.5034,101117.4691,42.7568,12.1409,synthetic_prototype_v1
SOL-02570,79.1367,5.14157085454515e+16,729.4111,63975.0108,35.453,16.7323,synthetic_prototype_v1
SOL-02571,295.5917,5.7112236641503846e+17,664.6343,20394.3491,21.2879,12.5038,synthetic_prototype_v1
SOL-02572,190.8675,6.8976307270955896e+16,711.099,56298.586,39.2458,17.9141,synthetic_prototype_v1
SOL-02573,205.1777,6.422818120731375e+16,719.5263,60859.4921,33.0579,20.4114,synthetic_prototype_v1
SOL-02574,51.1853,3.3246497348275104e+16,887.5967,115081.1843,49.8282,10.9653,synthetic_prototype_v1
SOL-02575,122.0389,1.2355117726511149e+17,824.2242,64011.9837,68.7933,9.1451,synthetic_prototype_v1
SOL-02576,130.9753,1.7790852607620862e+16,715.0824,30576.7734,46.6851,18.3711,synthetic_prototype_v1
SOL-02577,161.5974,5.875488453684754e+17,637.5633,80754.1777,62.5104,8.244,synthetic_prototype_v1
SOL-02578,153.392,4739618789895539.0,756.0685,92447.379,26.7426,16.0395,synthetic_prototype_v1
SOL-02579,123.6888,9.484451016463547e+16,553.1704,39613.002,19.6008,15.0266,synthetic_prototype_v1
SOL-02580,123.6935,6826877643422538.0,740.1286,55017.9018,28.6464,17.9314,synthetic_prototype_v1
SOL-02581,86.4581,6.373861253863288e+16,715.9675,54638.8039,45.2284,14.8351,synthetic_prototype_v1
SOL-02582,273.3617,2041590203624397.8,778.6824,109618.3668,39.9166,13.3323,synthetic_prototype_v1
SOL-02583,188.7131,1649547860374169.5,853.7993,36076.8705,52.7385,10.6807,synthetic_prototype_v1
SOL-02584,240.1365,1.4313346427116638e+16,551.7237,87819.1218,60.0879,9.7646,synthetic_prototype_v1
SOL-02585,271.0364,1961706903027743.5,677.9603,33839.0429,40.2307,11.9539,synthetic_prototype_v1
SOL-02586,53.0993,4810307469362018.0,536.7469,51012.002,60.7961,8.0,synthetic_prototype_v1
SOL-02587,280.9751,2.652102271859081e+16,559.3772,56478.6742,18.2612,11.8894,synthetic_prototype_v1
SOL-02588,155.7001,1.8841558791223405e+17,838.3796,70072.1072,74.8522,8.0,synthetic_prototype_v1
SOL-02589,185.6533,3.251705667297649e+16,782.289,78215.2571,24.1362,18.9047,synthetic_prototype_v1
SOL-02590,132.3156,3.5332523389507245e+17,763.6237,101997.0266,31.1207,17.1391,synthetic_prototype_v1
SOL-02591,183.1806,5.8135183060337704e+16,579.2716,89851.4368,51.7114,14.9591,synthetic_prototype_v1
SOL-02592,241.2561,4009114372498998.0,551.1768,92439.0879,54.2428,9.5132,synthetic_prototype_v1
SOL-02593,289.774,1.724614165936876e+16,512.6869,50521.6458,57.4644,10.9003,synthetic_prototype_v1
SOL-02594,161.4404,4.002080544502501e+16,754.9064,82252.5605,28.122,21.7109,synthetic_prototype_v1
SOL-02595,85.4097,4501891311268798.5,516.2108,25665.0219,27.411,12.7669,synthetic_prototype_v1
SOL-02596,112.6083,1364030905745265.2,733.6088,113116.9423,33.7226,14.9102,synthetic_prototype_v1
SOL-02597,108.1425,3.982559679283606e+16,687.2342,114655.4888,44.8506,16.6683,synthetic_prototype_v1
SOL-02598,149.0416,8.991292575938063e+17,549.777,20521.6321,18.2652,14.5211,synthetic_prototype_v1
SOL-02599,187.7272,4167633095679170.5,583.0729,44605.698,22.6536,13.8017,synthetic_prototype_v1
SOL-02600,199.9355,4982082631984778.0,679.2814,74788.1676,23.983,15.3161,synthetic_prototype_v1
SOL-02601,146.5231,1.2266655165696884e+16,721.3805,98069.5129,29.399,23.0,synthetic_prototype_v1
SOL-02602,176.0548,5.3444614266354784e+17,655.6189,107770.2272,33.5333,16.6287,synthetic_prototype_v1
SOL-02603,76.0379,5.458185977633795e+16,584.5885,51887.3943,65.8812,8.0,synthetic_prototype_v1
SOL-02604,149.7371,6.461864773504745e+16,636.2534,88924.0761,38.6846,19.1809,synthetic_prototype_v1
SOL-02605,66.7064,6646717288445940.0,855.0844,119190.054,64.8654,9.1174,synthetic_prototype_v1
SOL-02606,90.6859,5.5743060739401466e+17,637.9807,46001.328,57.0773,9.0809,synthetic_prototype_v1
SOL-02607,227.0228,8.788001607455477e+16,827.5376,61049.7063,20.8771,14.1896,synthetic_prototype_v1
SOL-02608,226.2913,2.2835498522121016e+16,800.6905,46125.6352,37.3248,14.4442,synthetic_prototype_v1
SOL-02609,173.5159,1796074009349501.0,659.6623,93016.3502,42.7751,13.2724,synthetic_prototype_v1
SOL-02610,163.156,2.462540447255672e+17,782.3079,90863.2204,28.0879,15.2104,synthetic_prototype_v1
SOL-02611,180.9755,2.7560025446703544e+16,732.8241,60428.8871,15.0,22.5594,synthetic_prototype_v1
SOL-02612,296.0463,1.38542192151648e+17,710.8392,83652.8258,40.4325,13.1989,synthetic_prototype_v1
SOL-02613,116.3034,3.2454058398244704e+16,808.037,65047.2653,35.3743,16.9068,synthetic_prototype_v1
SOL-02614,134.5675,4.531285966016376e+16,675.3055,78093.2188,15.4192,23.0,synthetic_prototype_v1
SOL-02615,62.5267,2.8355711094376188e+16,605.0157,85926.4307,57.3687,10.7902,synthetic_prototype_v1
SOL-02616,190.2948,3.685622792269852e+17,740.0755,84990.7713,32.5803,15.5744,synthetic_prototype_v1
SOL-02617,149.0375,2.9115865621000348e+16,708.4889,52455.6933,27.7907,21.8753,synthetic_prototype_v1
SOL-02618,258.6769,5165865875256714.0,899.8072,68667.6346,55.1504,8.0,synthetic_prototype_v1
SOL-02619,77.6574,2541864607001391.5,748.3455,89430.8933,58.6657,8.0,synthetic_prototype_v1
SOL-02620,184.0086,6.743197209023175e+16,691.0376,42727.5791,33.9074,19.5583,synthetic_prototype_v1
SOL-02621,154.0656,4628815883100165.0,865.033,101866.1524,46.8333,11.2854,synthetic_prototype_v1
SOL-02622,150.1664,8797775451670280.0,782.3093,69619.8348,26.0487,16.4797,synthetic_prototype_v1
SOL-02623,64.308,6.415801023070148e+16,523.5903,114936.305,51.6718,12.9164,synthetic_prototype_v1
SOL-02624,256.6906,2.3050889435423546e+17,656.5117,68360.4252,29.6227,13.6994,synthetic_prototype_v1
SOL-02625,57.7674,4.206358030269564e+17,795.91,55344.804,43.3643,10.1501,synthetic_prototype_v1
SOL-02626,58.9607,1.3275250665144414e+17,798.743,116763.6073,55.5821,10.8092,synthetic_prototype_v1
SOL-02627,112.1016,4.5666307279215224e+16,788.3849,61391.4554,40.1027,14.0038,synthetic_prototype_v1
SOL-02628,137.9667,3.5023553437945024e+16,576.1894,50774.4808,17.1962,15.7527,synthetic_prototype_v1
SOL-02629,164.5941,6521060848994045.0,515.3668,101281.7283,48.4708,10.8434,synthetic_prototype_v1
SOL-02630,248.6143,7547163691142379.0,744.3796,101883.3865,32.5276,13.0032,synthetic_prototype_v1
SOL-02631,194.6684,1.6182260720321288e+16,603.8316,74804.137,23.8477,13.9115,synthetic_prototype_v1
SOL-02632,249.337,4.3190457574133064e+16,683.9119,46366.1878,18.3223,12.0971,synthetic_prototype_v1
SOL-02633,251.098,1.1271982625440418e+17,622.5385,61937.4757,58.1909,8.6132,synthetic_prototype_v1
SOL-02634,159.7461,4.176503224978644e+16,746.9446,41174.9657,32.0718,19.3127,synthetic_prototype_v1
SOL-02635,298.3857,5042861360887084.0,571.2193,118382.1841,56.9565,9.3693,synthetic_prototype_v1
SOL-02636,173.9013,4023973310291942.5,633.5399,28579.8948,74.8657,8.0,synthetic_prototype_v1
SOL-02637,241.1668,1.1067232763214614e+16,701.8661,24777.955,72.2834,8.0,synthetic_prototype_v1
SOL-02638,100.6262,2.4881157676437484e+16,606.3593,85222.3726,37.6737,15.2355,synthetic_prototype_v1
SOL-02639,289.7201,4649933654379666.0,719.8516,45929.2009,62.3795,8.7966,synthetic_prototype_v1
SOL-02640,180.1681,3630666107706018.0,799.495,61387.9248,38.6456,14.593,synthetic_prototype_v1
SOL-02641,99.1541,3.0022703401874976e+17,589.3613,89788.0377,28.3374,15.7456,synthetic_prototype_v1
SOL-02642,147.5156,1.0239518204274458e+17,839.4462,101352.5311,15.2186,12.7377,synthetic_prototype_v1
SOL-02643,87.3435,9645004343763880.0,606.4647,66026.9344,30.0125,14.589,synthetic_prototype_v1
SOL-02644,288.3014,3.8212027849537984e+17,740.9928,99792.5253,25.3017,13.4091,synthetic_prototype_v1
SOL-02645,101.6503,3.614216786167256e+16,628.2187,95218.1658,24.14,18.0104,synthetic_prototype_v1
SOL-02646,96.4936,2.442817139387721e+16,706.1457,23665.5395,24.4253,16.0195,synthetic_prototype_v1
SOL-02647,271.6394,1.2256009046093477e+17,512.2668,85552.0075,49.6051,10.0716,synthetic_prototype_v1
SOL-02648,82.2575,3.1888008756572e+16,723.5174,32781.4536,24.9139,17.0535,synthetic_prototype_v1
SOL-02649,104.0343,6110917435442146.0,773.3109,85277.6609,18.6342,13.6244,synthetic_prototype_v1
SOL-02650,80.3783,1.5691797644404598e+17,703.8877,99414.1046,37.5584,17.2842,synthetic_prototype_v1
SOL-02651,119.4889,4976765240807174.0,735.6605,90027.4678,32.9653,17.8351,synthetic_prototype_v1
SOL-02652,244.7052,1.264280482241202e+17,732.3978,55696.1806,21.8494,17.9524,synthetic_prototype_v1
SOL-02653,190.1943,8.13597365652824e+17,882.3556,60602.9561,54.3979,8.0,synthetic_prototype_v1
SOL-02654,168.3068,4.206295495330055e+16,753.3997,91345.3652,26.4568,19.1425,synthetic_prototype_v1
SOL-02655,227.6332,3424684510003141.5,709.8537,22971.7213,74.6154,8.7415,synthetic_prototype_v1
SOL-02656,72.1006,5085762217128968.0,710.6524,43679.8882,36.3774,13.8503,synthetic_prototype_v1
SOL-02657,244.5959,5.171774423393253e+16,692.2055,118787.0722,51.9946,13.3222,synthetic_prototype_v1
SOL-02658,66.4767,2.3812379887705784e+16,705.5898,71210.9747,18.2747,17.7701,synthetic_prototype_v1
SOL-02659,177.0394,9.347928822509552e+16,782.7262,94145.8123,17.1695,16.143,synthetic_prototype_v1
SOL-02660,156.4705,9617632067362420.0,731.4105,53882.4762,24.7975,23.0,synthetic_prototype_v1
SOL-02661,138.4801,2.4696002912953964e+16,765.5936,77725.0667,26.3569,18.9009,synthetic_prototype_v1
SOL-02662,271.8928,1.9815556259861028e+16,709.3867,92897.2006,36.1809,10.8351,synthetic_prototype_v1
SOL-02663,82.3103,8.641481688603346e+16,654.2474,51736.6049,39.8731,15.2271,synthetic_prototype_v1
SOL-02664,274.0305,2906256425705979.5,573.2722,98496.0864,45.4609,11.3283,synthetic_prototype_v1
SOL-02665,198.7973,6.116445603969043e+16,746.4794,20044.9526,26.6152,17.1424,synthetic_prototype_v1
SOL-02666,168.1928,2.6766369010094596e+16,678.3407,77493.0537,35.6098,22.6107,synthetic_prototype_v1
SOL-02667,153.9104,8.69189895875089e+16,723.2645,56789.4065,22.4259,18.1909,synthetic_prototype_v1
SOL-02668,296.6579,5295175456114377.0,880.2354,112860.3638,67.1395,9.6796,synthetic_prototype_v1
SOL-02669,193.7963,1.2843122965806646e+17,691.3429,60500.3836,15.0,18.6093,synthetic_prototype_v1
SOL-02670,97.5186,6940526714780370.0,677.1188,92161.8012,18.5569,17.1339,synthetic_prototype_v1
SOL-02671,185.4151,2.5773454671203424e+16,648.5356,51562.0592,30.6957,20.288,synthetic_prototype_v1
SOL-02672,227.0461,6943406892989379.0,899.9908,30338.99,49.5102,13.0261,synthetic_prototype_v1
SOL-02673,123.6725,1.579485660359617e+17,762.2502,83460.7897,15.0,16.3887,synthetic_prototype_v1
SOL-02674,285.3847,4840498895595647.0,882.7554,73747.4725,29.6703,10.8653,synthetic_prototype_v1
SOL-02675,131.7513,3.004556804742423e+17,724.7138,69778.1371,33.4368,18.1719,synthetic_prototype_v1
SOL-02676,257.676,2993958254571361.5,865.6146,34646.5471,64.0406,10.0742,synthetic_prototype_v1
SOL-02677,201.6213,1.022160607756395e+17,715.2151,98637.9017,31.3847,18.2797,synthetic_prototype_v1
SOL-02678,184.122,3.3923361460899516e+16,781.8554,61981.9829,72.8621,8.0,synthetic_prototype_v1
SOL-02679,227.9265,3.2320387038491704e+16,623.764,27696.8168,20.2433,16.4623,synthetic_prototype_v1
SOL-02680,101.7034,2.4320381746312323e+17,598.7637,47402.0975,17.1268,11.867,synthetic_prototype_v1
SOL-02681,66.8436,6.346702322718575e+16,790.4834,25944.1973,32.6055,12.5515,synthetic_prototype_v1
SOL-02682,240.7258,1943448336296613.2,643.3629,31963.0455,45.7944,16.155,synthetic_prototype_v1
SOL-02683,262.4325,3.836538612635832e+16,550.0256,105683.7265,18.1383,11.1553,synthetic_prototype_v1
SOL-02684,108.8694,2.3814517474892784e+16,702.8225,95679.6941,27.8354,21.0188,synthetic_prototype_v1
SOL-02685,198.3641,1.1815837951181628e+16,647.1431,49147.2428,55.8777,13.4514,synthetic_prototype_v1
SOL-02686,165.957,6166334448419170.0,531.9067,48260.6311,57.1185,8.0,synthetic_prototype_v1
SOL-02687,147.9165,3.923576462360419e+16,742.4627,95814.9629,15.0,23.0,synthetic_prototype_v1
SOL-02688,104.1556,3.604054135111234e+16,862.7821,111325.0609,20.138,11.4823,synthetic_prototype_v1
SOL-02689,282.6711,3.4090349036808036e+16,770.9019,26592.1389,22.6064,14.4448,synthetic_prototype_v1
SOL-02690,139.5723,6.526807531817421e+16,687.1075,98465.3909,26.5466,23.0,synthetic_prototype_v1
SOL-02691,287.5153,4.685692677489707e+17,739.4751,116258.7629,48.3232,11.7558,synthetic_prototype_v1
SOL-02692,54.6095,5047773943486888.0,840.5036,80717.8014,28.4214,10.8114,synthetic_prototype_v1
SOL-02693,108.0296,5.827692648581136e+16,668.5914,73590.2762,23.3459,19.377,synthetic_prototype_v1
SOL-02694,132.4653,2.260095172042264e+17,740.9099,38498.3095,72.7287,8.6526,synthetic_prototype_v1
SOL-02695,166.1262,5897184316254677.0,794.9046,95630.4335,17.6671,15.5834,synthetic_prototype_v1
SOL-02696,142.4961,1876697762806552.2,723.8038,65151.706,24.1609,15.5214,synthetic_prototype_v1
SOL-02697,180.6579,1.02127632467911e+16,851.6016,117363.3766,42.958,12.4585,synthetic_prototype_v1
SOL-02698,107.8201,4.3193308001647264e+17,546.7167,110558.5102,58.055,9.4836,synthetic_prototype_v1
SOL-02699,232.4538,9.245290248168198e+16,858.3178,37754.6552,49.6736,11.6414,synthetic_prototype_v1
SOL-02700,88.2193,5.564359887932575e+17,579.3683,92663.5129,35.0186,12.7311,synthetic_prototype_v1
SOL-02701,115.8623,2573329223510306.5,513.7841,53950.237,45.2562,13.1363,synthetic_prototype_v1
SOL-02702,173.4349,2.0448989773028108e+16,698.7955,86909.6291,15.1771,23.0,synthetic_prototype_v1
SOL-02703,184.8594,1.5626139561943182e+16,781.911,53765.3559,28.3499,16.7191,synthetic_prototype_v1
SOL-02704,79.2759,2005785850680310.2,540.4798,43251.2633,27.8775,11.7688,synthetic_prototype_v1
SOL-02705,55.9391,1.1841208919145909e+17,502.8684,87596.5907,35.3917,11.6097,synthetic_prototype_v1
SOL-02706,248.7787,1.7981750095374972e+16,616.0191,78356.5322,45.9896,12.9172,synthetic_prototype_v1
SOL-02707,145.4101,8.675425634229509e+16,634.2205,48750.0134,29.8036,19.4502,synthetic_prototype_v1
SOL-02708,132.3613,8.213372740874363e+16,714.9654,65192.4635,28.2674,19.7403,synthetic_prototype_v1
SOL-02709,218.6494,6.467249561831197e+17,541.9191,72881.4491,46.1976,11.861,synthetic_prototype_v1
SOL-02710,94.4599,2.8502122824264516e+16,721.9557,50645.0819,15.4786,17.2596,synthetic_prototype_v1
SOL-02711,206.0071,1.5023832030730596e+16,716.7056,78476.2877,28.0,18.3107,synthetic_prototype_v1
SOL-02712,142.6995,4.5702154524699546e+17,680.4754,33294.3103,45.4062,13.2851,synthetic_prototype_v1
SOL-02713,184.5426,1.052466592815828e+17,678.6649,65047.0061,24.4076,23.0,synthetic_prototype_v1
SOL-02714,116.1436,1.0821777038387898e+16,847.747,76426.3712,45.772,15.1809,synthetic_prototype_v1
SOL-02715,104.229,5.3395032568307976e+16,566.4405,84480.1653,70.0383,8.0,synthetic_prototype_v1
SOL-02716,69.5271,1216273688247419.5,863.1781,65650.8932,50.5299,10.0536,synthetic_prototype_v1
SOL-02717,193.9091,3.000416504000926e+16,666.5482,45906.1011,33.0001,20.3175,synthetic_prototype_v1
SOL-02718,73.5103,9471675634537740.0,643.9762,84451.3412,16.9363,16.2384,synthetic_prototype_v1
SOL-02719,125.378,4.2126225328307514e+17,804.9607,58344.9679,69.0267,8.0,synthetic_prototype_v1
SOL-02720,196.9111,4.772159889122318e+17,637.5226,89285.2955,45.5563,15.1032,synthetic_prototype_v1
SOL-02721,131.7246,1630802675632856.0,879.9692,51790.9159,31.1766,8.9418,synthetic_prototype_v1
SOL-02722,115.2554,1.3168988631598746e+16,640.6533,75169.7474,37.4479,17.7167,synthetic_prototype_v1
SOL-02723,166.9718,1.2924587926497142e+16,698.9012,86307.7815,15.0,22.6511,synthetic_prototype_v1
SOL-02724,73.1964,2.1162840539572067e+17,862.4863,27033.0458,57.0954,11.1464,synthetic_prototype_v1
SOL-02725,195.4318,1139081339066771.0,635.7848,26480.7699,24.266,11.6273,synthetic_prototype_v1
SOL-02726,92.239,8.387953629130046e+16,765.1082,55171.4706,28.2474,14.9688,synthetic_prototype_v1
SOL-02727,171.9609,4.61179523912568e+16,686.7552,62808.9603,22.8784,20.2002,synthetic_prototype_v1
SOL-02728,244.1621,9.160505507323883e+16,552.187,119333.3301,56.4308,9.1151,synthetic_prototype_v1
SOL-02729,142.4673,4.126922160472454e+16,810.9357,61637.8705,17.5307,18.0613,synthetic_prototype_v1
SOL-02730,264.9926,2843959873165644.0,824.0839,94071.1201,21.1804,11.3659,synthetic_prototype_v1
SOL-02731,149.7988,7.388601523736663e+17,586.0087,78679.4259,38.3179,13.8648,synthetic_prototype_v1
SOL-02732,128.4733,3009395140047097.5,830.4982,111874.4421,40.6027,16.1891,synthetic_prototype_v1
SOL-02733,121.7231,5.65184220374499e+16,556.1444,24809.284,15.2528,15.5325,synthetic_prototype_v1
SOL-02734,87.3525,7.696749134683738e+16,662.1537,71658.2905,15.0,16.6517,synthetic_prototype_v1
SOL-02735,113.6373,1.9374270008284052e+16,561.6288,85870.6209,31.8905,13.5831,synthetic_prototype_v1
SOL-02736,75.8209,7.224143627826505e+17,669.4513,88814.7802,71.7237,11.2198,synthetic_prototype_v1
SOL-02737,146.1752,6.302517676371665e+17,748.1961,77653.281,27.1853,12.0235,synthetic_prototype_v1
SOL-02738,182.7126,3.899833972947742e+17,821.8834,92269.432,18.2172,14.0068,synthetic_prototype_v1
SOL-02739,215.8633,8.219796614033093e+16,592.3604,61027.8988,39.2856,12.7676,synthetic_prototype_v1
SOL-02740,151.714,1.0802258231808018e+16,850.3989,59650.3847,36.2801,15.4182,synthetic_prototype_v1
SOL-02741,130.8165,2.7818009144670115e+17,716.8332,50379.9522,27.2458,17.5727,synthetic_prototype_v1
SOL-02742,277.6596,5058442252034409.0,527.4953,101196.7322,36.3028,12.3436,synthetic_prototype_v1
SOL-02743,204.189,2132886265124077.5,774.7593,92795.4367,45.7098,14.9383,synthetic_prototype_v1
SOL-02744,178.5329,3.2942084945157896e+16,655.2637,82589.6386,28.2018,19.4847,synthetic_prototype_v1
SOL-02745,202.7469,6.805750680369631e+16,731.2243,94753.3724,44.7603,18.1598,synthetic_prototype_v1
SOL-02746,245.7051,1442437867054630.2,812.7781,20868.3598,45.2361,9.6189,synthetic_prototype_v1
SOL-02747,113.6503,6.701096066407684e+17,668.2923,60471.6809,26.3627,14.9417,synthetic_prototype_v1
SOL-02748,111.6813,1677896193408172.0,525.5007,108481.2553,32.5662,12.1071,synthetic_prototype_v1
SOL-02749,212.0788,1.2714895603347462e+16,731.1164,49701.0195,25.6644,17.9762,synthetic_prototype_v1
SOL-02750,96.9759,8.73687986824401e+16,628.2721,95685.5277,51.5364,12.7056,synthetic_prototype_v1
SOL-02751,119.7235,4248916240025652.0,710.9286,94519.0938,19.5124,18.7497,synthetic_prototype_v1
SOL-02752,257.1367,8652934905488465.0,500.9646,68896.4074,30.747,12.7947,synthetic_prototype_v1
SOL-02753,159.282,4.503446026286722e+17,729.0487,55947.3523,45.0703,16.8187,synthetic_prototype_v1
SOL-02754,104.8563,6.109209376173797e+16,700.5067,77521.0239,25.6204,20.7934,synthetic_prototype_v1
SOL-02755,266.8559,1.865559082800756e+17,725.3915,42585.1484,53.9408,8.0,synthetic_prototype_v1
SOL-02756,83.6692,7026063438231833.0,645.2422,67246.4549,37.3492,16.0326,synthetic_prototype_v1
SOL-02757,128.0536,8134459330535906.0,701.5002,57392.7076,68.9655,8.0,synthetic_prototype_v1
SOL-02758,58.5449,3.8850966988160616e+16,563.0586,119434.363,37.6081,12.0148,synthetic_prototype_v1
SOL-02759,62.6299,3.822109146388674e+17,891.5905,113609.6467,37.2899,12.0581,synthetic_prototype_v1
SOL-02760,133.7617,3511125546997104.0,853.5654,48674.3925,37.4788,10.8126,synthetic_prototype_v1
SOL-02761,212.5063,3.422372458256535e+16,733.839,59714.2731,32.2273,19.5831,synthetic_prototype_v1
SOL-02762,272.0914,5114494687478432.0,773.4851,119226.9929,35.3356,11.7935,synthetic_prototype_v1
SOL-02763,190.9195,8404367712341905.0,749.4848,62153.4867,24.1398,18.2129,synthetic_prototype_v1
SOL-02764,203.0474,6765761927726696.0,626.6519,93338.9972,33.6857,16.166,synthetic_prototype_v1
SOL-02765,227.1417,8071268765436743.0,757.1106,72666.3873,29.2883,16.0165,synthetic_prototype_v1
SOL-02766,78.7965,2.973346203322341e+16,604.3243,49173.796,53.4174,11.5069,synthetic_prototype_v1
SOL-02767,129.4221,4740604011150968.0,739.1691,72295.7459,33.9929,17.0334,synthetic_prototype_v1
SOL-02768,99.4525,1.122353504890606e+16,875.0249,100935.1453,62.3045,9.4154,synthetic_prototype_v1
SOL-02769,262.6302,7330947515037298.0,572.4478,29530.6605,71.3893,9.896,synthetic_prototype_v1
SOL-02770,134.6479,3.232447728560353e+16,704.6809,42324.4144,25.3145,21.9656,synthetic_prototype_v1
SOL-02771,233.4384,1.7526887797994115e+17,817.5196,102771.4905,49.2603,15.1305,synthetic_prototype_v1
SOL-02772,235.865,9.580395452398803e+16,584.2417,81860.1577,49.6434,13.8881,synthetic_prototype_v1
SOL-02773,144.976,9066453272871320.0,761.8178,77590.2905,19.4813,18.9581,synthetic_prototype_v1
SOL-02774,79.1204,3.611603315392356e+16,706.941,50928.7825,34.6049,15.2133,synthetic_prototype_v1
SOL-02775,170.3185,1.6988385497565196e+16,687.3806,64570.4094,15.0,22.2131,synthetic_prototype_v1
SOL-02776,128.6454,1.1101946779861955e+17,756.9523,48455.6635,32.4394,17.0329,synthetic_prototype_v1
SOL-02777,120.5627,1.5282290117484722e+16,653.7797,58592.7909,26.9403,20.4883,synthetic_prototype_v1
SOL-02778,207.728,3.436574794067392e+16,599.5038,61772.5788,32.3154,13.4337,synthetic_prototype_v1
SOL-02779,180.5228,1.882391603020726e+17,640.8497,76493.9934,18.3637,12.9577,synthetic_prototype_v1
SOL-02780,281.28,7875483244715418.0,797.0276,75729.9346,18.9221,10.079,synthetic_prototype_v1
SOL-02781,50.0,1.8435082647431427e+17,760.5865,92773.7435,24.5975,13.1903,synthetic_prototype_v1
SOL-02782,215.4791,2.8412269789453178e+17,787.8736,97722.5319,41.0269,11.3754,synthetic_prototype_v1
SOL-02783,163.127,2391796960776240.5,841.3645,56039.1245,56.4598,8.5291,synthetic_prototype_v1
SOL-02784,75.7507,6.5001280385784e+16,724.5974,33618.7638,72.268,8.0,synthetic_prototype_v1
SOL-02785,59.6355,1.5407707922612638e+16,559.8019,63366.3802,65.5611,8.0,synthetic_prototype_v1
SOL-02786,276.448,8.336662491739004e+17,588.4886,100095.5242,22.563,15.6756,synthetic_prototype_v1
SOL-02787,145.4973,2.0699813262886896e+16,655.9582,59533.0796,18.2566,23.0,synthetic_prototype_v1
SOL-02788,169.0821,7.1650230108008104e+16,696.0285,64560.777,30.6091,18.391,synthetic_prototype_v1
SOL-02789,187.5781,1.989409342150945e+17,657.682,85752.7282,30.0897,14.8194,synthetic_prototype_v1
SOL-02790,151.2485,3.678421239230655e+16,758.0744,22476.8321,35.4957,17.6594,synthetic_prototype_v1
SOL-02791,299.7072,1.0065149620372998e+16,653.1299,101976.7589,69.2786,8.2823,synthetic_prototype_v1
SOL-02792,263.0363,1.956621990816953e+16,621.5841,105122.1308,74.0053,8.0,synthetic_prototype_v1
SOL-02793,204.4174,9.410226835832667e+17,640.577,102329.9794,23.9801,12.0341,synthetic_prototype_v1
SOL-02794,170.4614,1.508683123093486e+17,774.3515,84571.6818,35.7733,17.0286,synthetic_prototype_v1
SOL-02795,122.2767,2632544937334634.5,737.5186,80228.3002,33.0762,12.4492,synthetic_prototype_v1
SOL-02796,108.5015,1.4657450125792698e+16,653.4408,99746.1774,26.6999,19.1901,synthetic_prototype_v1
SOL-02797,86.9458,2.8746429869015318e+17,551.2649,109337.3809,35.117,10.4747,synthetic_prototype_v1
SOL-02798,250.6881,1.8574680121204592e+17,634.992,98975.0537,54.3329,11.4699,synthetic_prototype_v1
SOL-02799,265.1798,4.423047989321994e+17,638.701,102425.901,74.0762,10.3075,synthetic_prototype_v1
SOL-02800,139.2344,1.5979700503047788e+16,710.1873,83308.5888,33.8939,23.0,synthetic_prototype_v1
SOL-02801,111.549,2.3151365656525613e+17,647.4979,43645.0432,15.0,17.2108,synthetic_prototype_v1
SOL-02802,221.3037,1065900741320788.6,853.5467,115346.2847,22.6944,11.7394,synthetic_prototype_v1
SOL-02803,108.8141,1.7319841042507363e+17,853.988,90960.0459,25.4864,10.6688,synthetic_prototype_v1
SOL-02804,117.658,6.368683749423831e+17,695.4962,106752.6218,28.808,13.6191,synthetic_prototype_v1
SOL-02805,182.8086,3.129832182007928e+16,682.8134,80929.7219,25.9976,21.437,synthetic_prototype_v1
SOL-02806,94.1667,3.022835576667749e+16,537.9525,84338.5753,67.8001,9.1307,synthetic_prototype_v1
SOL-02807,191.8194,4.565022602006357e+16,651.9646,83272.3749,19.7535,19.6425,synthetic_prototype_v1
SOL-02808,268.0261,2.4848820872364948e+16,861.0906,28889.9659,34.8305,9.1439,synthetic_prototype_v1
SOL-02809,209.8386,3.160072344094886e+16,710.4276,66293.072,37.6373,14.817,synthetic_prototype_v1
SOL-02810,170.4409,3738138943594379.0,869.1968,42779.4027,74.5867,8.1368,synthetic_prototype_v1
SOL-02811,279.087,9.957953857595729e+17,677.4678,57627.2652,25.4067,14.3091,synthetic_prototype_v1
SOL-02812,59.6611,1.1313082019473288e+17,887.6347,117585.1034,28.0707,8.9696,synthetic_prototype_v1
SOL-02813,152.9107,4.859328248518923e+16,692.8338,72155.5043,26.8515,22.5389,synthetic_prototype_v1
SOL-02814,286.3541,1.1438996576290765e+17,853.5969,35313.6853,63.4866,8.1715,synthetic_prototype_v1
SOL-02815,128.6794,4.541029967474392e+16,538.6094,92507.8003,74.0307,8.266,synthetic_prototype_v1
SOL-02816,82.0733,3.867542554664748e+17,640.0566,28241.4791,17.5876,10.4303,synthetic_prototype_v1
SOL-02817,153.4826,9.310553286434318e+17,806.1874,77619.7584,21.1048,10.2469,synthetic_prototype_v1
SOL-02818,86.5433,1.7509825311544996e+16,774.1261,84631.6226,22.9219,16.9644,synthetic_prototype_v1
SOL-02819,85.0037,4.635000006291192e+16,714.6851,93762.6386,29.1147,17.2392,synthetic_prototype_v1
SOL-02820,240.961,4600272801798895.0,838.5981,116511.6862,39.831,12.4048,synthetic_prototype_v1
SOL-02821,185.2142,1.995821741831782e+16,533.9416,90876.6148,50.3587,12.7472,synthetic_prototype_v1
SOL-02822,114.86,5.146683465645519e+16,579.1068,74950.8547,74.2532,10.1571,synthetic_prototype_v1
SOL-02823,180.4286,4.348144194502659e+17,885.7815,52688.1442,29.1722,9.8284,synthetic_prototype_v1
SOL-02824,252.5756,3.5349677492686835e+17,510.7559,110952.1256,54.0335,9.3252,synthetic_prototype_v1
SOL-02825,245.6838,1.3185231639902661e+17,831.7714,41481.9365,46.1107,10.6247,synthetic_prototype_v1
SOL-02826,231.2042,7863696549602028.0,776.0101,28623.2916,46.9886,13.7899,synthetic_prototype_v1
SOL-02827,280.4212,5135489071727686.0,744.8458,114926.6963,67.548,8.0,synthetic_prototype_v1
SOL-02828,259.1533,7676800789328985.0,890.8448,116867.8201,34.2804,11.3954,synthetic_prototype_v1
SOL-02829,287.2145,1.3384009472411656e+17,728.0772,92540.451,48.8349,13.8171,synthetic_prototype_v1
SOL-02830,109.4146,2.9303975734419944e+16,600.5054,117409.7225,40.1286,15.8935,synthetic_prototype_v1
SOL-02831,243.4849,1408007039765121.2,695.3008,47277.3582,47.5228,8.9195,synthetic_prototype_v1
SOL-02832,177.6637,4.611522717871156e+16,676.1466,98102.2937,20.4377,22.9432,synthetic_prototype_v1
SOL-02833,196.6113,5.5985912943577005e+17,595.8743,109554.12,44.5128,14.5121,synthetic_prototype_v1
SOL-02834,196.0405,1.7733266383683427e+17,551.4147,101424.2931,43.2158,11.571,synthetic_prototype_v1
SOL-02835,126.4892,5610623634131636.0,638.784,61092.9528,24.7673,18.1943,synthetic_prototype_v1
SOL-02836,226.3516,5.0502856086045434e+17,854.5602,83984.34,62.3276,8.0,synthetic_prototype_v1
SOL-02837,121.6116,8.75532765867201e+17,872.9888,44498.7594,44.7983,9.5249,synthetic_prototype_v1
SOL-02838,289.9436,2.535401799693511e+17,620.9372,61540.9181,19.6314,13.6308,synthetic_prototype_v1
SOL-02839,140.9899,4.021371390837464e+16,694.1777,97728.8406,19.4606,22.6839,synthetic_prototype_v1
SOL-02840,169.3502,1.0079860003384174e+16,689.2944,74953.1937,31.9805,19.5545,synthetic_prototype_v1
SOL-02841,89.3808,4.349291140466071e+16,731.7653,110933.8689,41.4727,15.7702,synthetic_prototype_v1
SOL-02842,112.7132,4.1535227732084224e+17,643.7113,38943.7682,16.6958,12.761,synthetic_prototype_v1
SOL-02843,137.5471,2.6242340847424676e+16,684.726,70739.3039,23.3235,21.0359,synthetic_prototype_v1
SOL-02844,168.5223,2.2782059546209308e+16,734.8811,67003.836,16.9983,22.1942,synthetic_prototype_v1
SOL-02845,286.4234,1.5323080727902608e+16,815.2176,59195.0455,52.0252,9.4682,synthetic_prototype_v1
SOL-02846,147.6555,9.111378571602182e+16,803.8017,56326.7604,26.1172,14.2305,synthetic_prototype_v1
SOL-02847,132.2822,1.844051866939938e+16,641.5199,68246.6945,31.0459,17.7133,synthetic_prototype_v1
SOL-02848,148.7518,1.0894884496001776e+17,657.1008,88478.0918,29.2115,21.9637,synthetic_prototype_v1
SOL-02849,257.7782,9.232987370328037e+17,685.4845,106396.3696,40.7027,12.3387,synthetic_prototype_v1
SOL-02850,213.298,2271597433240315.5,602.0307,35079.3517,36.9632,14.1098,synthetic_prototype_v1
SOL-02851,114.0616,1.6786704493309786e+16,693.2442,90407.7242,24.7647,20.5788,synthetic_prototype_v1
SOL-02852,227.5613,2.755752598408683e+16,809.32,89406.6429,59.1661,8.4671,synthetic_prototype_v1
SOL-02853,77.1667,6.543830058808554e+17,579.2563,111204.5798,32.85,12.7382,synthetic_prototype_v1
SOL-02854,174.8201,1836078501749442.5,606.8869,69224.1386,22.7465,13.8843,synthetic_prototype_v1
SOL-02855,152.5122,5852507248765077.0,797.8765,103386.3571,45.691,13.1272,synthetic_prototype_v1
SOL-02856,229.8657,9.388958814803756e+17,867.177,25095.7025,54.208,10.5592,synthetic_prototype_v1
SOL-02857,264.5313,4.66289201667355e+16,855.6791,22205.6067,63.2874,8.1614,synthetic_prototype_v1
SOL-02858,125.8005,5.210173566630515e+17,766.1367,47888.0224,67.1601,8.8652,synthetic_prototype_v1
SOL-02859,224.342,1.821300548185279e+17,683.6708,68339.9028,50.0837,13.6649,synthetic_prototype_v1
SOL-02860,64.5757,5.571823956101435e+16,652.7502,74194.6232,38.8602,14.2562,synthetic_prototype_v1
SOL-02861,194.6523,1.1875788139841717e+17,690.8882,22053.8314,21.235,17.3682,synthetic_prototype_v1
SOL-02862,285.1486,3514219350802097.0,856.7553,39460.8401,18.0945,13.9205,synthetic_prototype_v1
SOL-02863,293.9056,2706895229845746.5,507.8876,88609.1071,27.0582,10.3466,synthetic_prototype_v1
SOL-02864,202.6213,1.573828286151928e+17,776.0386,46480.8737,49.9767,13.4203,synthetic_prototype_v1
SOL-02865,188.2246,1.977559536165038e+17,500.1668,23962.7261,29.8636,12.7511,synthetic_prototype_v1
SOL-02866,278.3296,8.36878669258945e+17,794.1327,64057.83,37.7712,12.4763,synthetic_prototype_v1
SOL-02867,208.4938,2.738728749276276e+17,871.1353,116211.6106,66.3067,8.8027,synthetic_prototype_v1
SOL-02868,206.3695,1.0923265756036966e+17,781.7716,79596.061,32.3846,15.3949,synthetic_prototype_v1
SOL-02869,241.9153,6.687291269956639e+16,785.1519,88320.6136,43.4483,13.5777,synthetic_prototype_v1
SOL-02870,108.1602,2.064025560756533e+16,827.4807,104026.5547,62.1673,12.4713,synthetic_prototype_v1
SOL-02871,169.267,3.218408670543389e+16,740.8275,56655.257,15.0,23.0,synthetic_prototype_v1
SOL-02872,58.7096,9.215720053125955e+17,639.2785,44376.8975,65.932,9.0801,synthetic_prototype_v1
SOL-02873,203.1088,1.0045424709975896e+17,715.8482,74770.039,40.8928,15.1268,synthetic_prototype_v1
SOL-02874,126.7321,5.489936072758298e+17,690.4671,70657.55,15.0,14.5768,synthetic_prototype_v1
SOL-02875,219.1184,2.1842614560981523e+17,659.6989,85176.4014,34.6286,13.6311,synthetic_prototype_v1
SOL-02876,179.1436,1.7592286130252488e+16,612.4854,87964.0842,61.0806,10.9436,synthetic_prototype_v1
SOL-02877,168.2976,9.09045126006154e+16,656.2392,88175.3357,29.4776,20.1586,synthetic_prototype_v1
SOL-02878,139.4207,3.6000766676295324e+16,513.8287,72052.9784,38.5352,14.2724,synthetic_prototype_v1
SOL-02879,119.0518,1.791610014947447e+17,809.1303,81049.4481,30.3185,12.7849,synthetic_prototype_v1
SOL-02880,178.1432,3504779108211239.0,664.909,41795.3763,15.0,13.0454,synthetic_prototype_v1
SOL-02881,150.9324,3430229197979758.5,736.9788,80174.6717,30.4313,15.7067,synthetic_prototype_v1
SOL-02882,117.3855,5800290079305808.0,657.9307,78157.6792,28.8647,15.6348,synthetic_prototype_v1
SOL-02883,186.9693,3.958448418154393e+16,689.2037,44615.485,16.361,17.4788,synthetic_prototype_v1
SOL-02884,163.9783,9799914586031054.0,714.2852,56794.9139,25.0747,21.0646,synthetic_prototype_v1
SOL-02885,87.6496,4.47356980857813e+17,763.536,110294.2904,60.1864,8.0,synthetic_prototype_v1
SOL-02886,188.9815,5.248743521912898e+16,706.2989,80310.7349,26.8961,21.7414,synthetic_prototype_v1
SOL-02887,169.4122,2.877897154602961e+16,548.125,57508.8026,40.677,14.0754,synthetic_prototype_v1
SOL-02888,104.8949,3731885150809459.0,502.2924,30764.4893,26.3858,13.1788,synthetic_prototype_v1
SOL-02889,92.2837,4.2222744605221736e+16,570.2828,34017.3744,52.7107,12.4958,synthetic_prototype_v1
SOL-02890,281.8762,1.012704805893946e+17,516.2933,92907.0721,40.6077,9.047,synthetic_prototype_v1
SOL-02891,122.3967,1.2317093436907912e+16,681.6885,41013.4512,33.1588,20.9603,synthetic_prototype_v1
SOL-02892,110.1883,3.862955548898505e+16,644.849,20422.5926,42.2983,17.2514,synthetic_prototype_v1
SOL-02893,185.8967,8391023009524116.0,716.9039,62753.6048,32.3482,19.1205,synthetic_prototype_v1
SOL-02894,230.8301,2.2816688998306268e+16,874.1395,80369.8239,16.4607,11.6968,synthetic_prototype_v1
SOL-02895,120.7849,7.404482712843902e+16,653.0413,76821.8286,31.9322,19.3752,synthetic_prototype_v1
SOL-02896,154.5917,4.287155480636825e+16,654.4263,54435.4892,17.6819,21.9179,synthetic_prototype_v1
SOL-02897,296.385,1.904492175746998e+17,788.3673,85581.4508,72.9058,8.4747,synthetic_prototype_v1
SOL-02898,153.3923,2.2189913908643644e+16,730.499,56180.2378,25.3274,23.0,synthetic_prototype_v1
SOL-02899,245.4393,3625483054559542.0,827.2598,28245.5518,62.8902,9.6736,synthetic_prototype_v1
SOL-02900,163.9441,8.241059089579382e+17,670.1662,118475.853,47.9626,14.3598,synthetic_prototype_v1
SOL-02901,59.1075,4.605309182376056e+16,708.5521,94557.0396,25.9069,15.5679,synthetic_prototype_v1
SOL-02902,131.5972,1.931497535284824e+16,690.6514,70651.3236,15.7305,22.171,synthetic_prototype_v1
SOL-02903,73.189,7.79721622537547e+16,780.822,73434.664,50.5896,13.0676,synthetic_prototype_v1
SOL-02904,104.1025,1.8880858277599276e+16,744.6168,43059.2032,29.7157,15.9291,synthetic_prototype_v1
SOL-02905,291.558,2.4456641274629612e+16,763.2129,76463.0932,74.396,8.0,synthetic_prototype_v1
SOL-02906,189.8018,4.847215779940863e+17,631.1524,21729.3024,38.0334,14.3733,synthetic_prototype_v1
SOL-02907,147.7545,2.402207999565735e+16,705.3907,42554.1712,28.5447,19.5166,synthetic_prototype_v1
SOL-02908,119.8718,1272762513081638.8,508.4176,85663.7813,27.9659,9.9235,synthetic_prototype_v1
SOL-02909,230.2601,6647976371177063.0,586.4362,56950.8761,61.979,8.0,synthetic_prototype_v1
SOL-02910,181.2721,3.3820087189969024e+17,745.0969,102804.3162,62.1083,8.0,synthetic_prototype_v1
SOL-02911,118.0071,9237179999470368.0,637.5409,50656.0904,16.428,16.7155,synthetic_prototype_v1
SOL-02912,173.4977,1.668959104017172e+17,558.5559,39377.1472,41.0191,16.1665,synthetic_prototype_v1
SOL-02913,282.1315,5128941014262762.0,763.1876,40491.9801,43.2783,13.6466,synthetic_prototype_v1
SOL-02914,80.4922,6.480278680037258e+16,766.9181,103621.8309,27.7873,17.6009,synthetic_prototype_v1
SOL-02915,126.0831,4.035894640023735e+17,611.9111,61623.3724,28.4711,11.5282,synthetic_prototype_v1
SOL-02916,165.9806,2.9115376399806675e+17,546.1943,31821.1268,19.6494,11.3202,synthetic_prototype_v1
SOL-02917,81.387,1.7448246618071838e+16,760.6205,88555.5978,21.1817,15.9315,synthetic_prototype_v1
SOL-02918,119.4742,5.1435002839837576e+16,713.8409,47198.1562,15.0,21.2301,synthetic_prototype_v1
SOL-02919,182.6808,2672076795877769.5,802.7372,55767.7933,56.3388,12.3285,synthetic_prototype_v1
SOL-02920,59.015,1.9180456467689866e+17,668.2272,30570.7629,68.6996,8.0,synthetic_prototype_v1
SOL-02921,285.9496,3.4557680734801344e+17,555.8037,73262.9133,70.3731,10.5296,synthetic_prototype_v1
SOL-02922,136.6673,1.1356058217794462e+16,703.1476,40379.0948,26.1507,23.0,synthetic_prototype_v1
SOL-02923,124.9756,8.264367499695838e+16,746.6572,53953.1747,26.9056,19.3042,synthetic_prototype_v1
SOL-02924,167.0542,7.999078257342216e+16,650.7176,72520.4661,21.5483,20.4391,synthetic_prototype_v1
SOL-02925,149.3178,6.23289735440467e+16,628.3454,95307.4664,23.677,20.4129,synthetic_prototype_v1
SOL-02926,162.0946,4.652981365103932e+16,713.8296,59958.7244,30.1689,22.7272,synthetic_prototype_v1
SOL-02927,209.6169,5.910336744741336e+16,724.487,25219.2202,72.0374,8.5071,synthetic_prototype_v1
SOL-02928,220.474,5068000344808163.0,807.341,20928.4385,58.017,8.677,synthetic_prototype_v1
SOL-02929,154.0083,5379808632713551.0,831.6798,96181.39,37.4386,13.7413,synthetic_prototype_v1
SOL-02930,126.1166,4.26632810644591e+16,845.2606,73134.3105,56.5473,9.9581,synthetic_prototype_v1
SOL-02931,122.3574,3.6598999143264166e+17,588.673,74268.8838,51.2684,11.7437,synthetic_prototype_v1
SOL-02932,286.8839,4.523646189916112e+17,694.217,92133.9624,65.0871,9.7408,synthetic_prototype_v1
SOL-02933,190.4547,2085288023969863.5,863.1732,26419.1482,22.9326,13.0643,synthetic_prototype_v1
SOL-02934,283.8453,3.273186670281431e+17,729.0817,97687.6683,45.102,13.2686,synthetic_prototype_v1
SOL-02935,263.9105,6175170995014382.0,568.655,89544.1455,69.5003,8.0,synthetic_prototype_v1
SOL-02936,169.6264,1.851363087750934e+17,665.7299,79648.8348,41.5502,17.3237,synthetic_prototype_v1
SOL-02937,117.282,3.572263951455366e+16,773.9483,52113.9884,31.0863,13.5259,synthetic_prototype_v1
SOL-02938,183.6298,2.3963025181823012e+16,676.5299,95752.2877,22.1288,22.0845,synthetic_prototype_v1
SOL-02939,214.4658,5908148764188761.0,873.0984,58138.9957,53.1434,9.8016,synthetic_prototype_v1
SOL-02940,146.2919,1.0228715531167814e+16,639.7078,117168.971,24.1528,19.1863,synthetic_prototype_v1
SOL-02941,60.9509,1.066122404086327e+16,501.7796,34658.7391,62.0845,8.3475,synthetic_prototype_v1
SOL-02942,83.5237,1.4814195180171344e+17,719.6562,92613.7383,30.6862,13.7546,synthetic_prototype_v1
SOL-02943,141.2298,3793347318445870.5,852.6253,41418.7626,25.9286,11.1985,synthetic_prototype_v1
SOL-02944,60.2698,3.47234292695784e+17,567.7201,103399.9961,33.9125,12.4567,synthetic_prototype_v1
SOL-02945,245.1823,6.037358973391337e+17,850.3267,99206.5875,61.8144,8.0,synthetic_prototype_v1
SOL-02946,243.4302,1.1630890600267144e+16,689.3444,113753.2445,48.1732,14.6068,synthetic_prototype_v1
SOL-02947,184.017,2803387840718653.5,545.0864,94871.4089,23.535,15.7379,synthetic_prototype_v1
SOL-02948,107.9123,1.360211064623408e+17,664.2295,73599.6772,24.3641,18.8431,synthetic_prototype_v1
SOL-02949,146.9096,1.1845287294835644e+16,671.117,64263.3749,29.685,20.8337,synthetic_prototype_v1
SOL-02950,98.3021,1013419189609203.5,816.1258,101851.739,32.7863,13.8592,synthetic_prototype_v1
SOL-02951,199.3983,1.0119840714251632e+16,758.4244,92496.9423,22.4992,17.7776,synthetic_prototype_v1
SOL-02952,294.4792,2612252993552300.0,646.4868,54268.1018,29.5497,11.751,synthetic_prototype_v1
SOL-02953,169.9496,4.0764880057872736e+17,519.544,29505.3378,67.5587,8.4016,synthetic_prototype_v1
SOL-02954,139.6682,1.4204722632184118e+17,802.9491,66671.1256,39.2587,14.7951,synthetic_prototype_v1
SOL-02955,196.4732,8823419603040861.0,797.8211,76996.9093,29.1713,13.6829,synthetic_prototype_v1
SOL-02956,111.6701,3.780379819066965e+17,651.4549,117652.2501,47.5913,13.9345,synthetic_prototype_v1
SOL-02957,73.7739,9220454065428900.0,619.1499,75381.9142,36.6765,12.6767,synthetic_prototype_v1
SOL-02958,122.082,2.4902874692710528e+17,580.5826,48635.9622,20.0283,15.5503,synthetic_prototype_v1
SOL-02959,57.3888,1.224518681516871e+16,662.2053,82946.8849,24.1224,17.2274,synthetic_prototype_v1
SOL-02960,162.3404,4.7583130576749485e+17,899.4782,81880.9929,50.0209,8.8412,synthetic_prototype_v1
SOL-02961,97.3728,2.5908806376294044e+16,781.4825,88247.0601,17.9417,15.7694,synthetic_prototype_v1
SOL-02962,133.5278,1445452834585619.2,523.7325,69078.4544,65.7344,8.8866,synthetic_prototype_v1
SOL-02963,272.0072,2124041116620172.5,605.7286,89697.0529,59.679,9.1678,synthetic_prototype_v1
SOL-02964,296.678,4.556747250163078e+17,728.9724,68407.4612,34.5164,10.6614,synthetic_prototype_v1
SOL-02965,154.1665,1863849948900716.5,613.6265,98592.6534,36.7932,14.4446,synthetic_prototype_v1
SOL-02966,179.9651,2.643334270681618e+17,596.3268,76232.6159,19.5944,16.7892,synthetic_prototype_v1
SOL-02967,232.1205,4598715095668194.0,632.8978,23620.4813,56.5031,8.0,synthetic_prototype_v1
SOL-02968,172.9043,4.404640869315304e+16,678.3105,64011.9577,26.3723,23.0,synthetic_prototype_v1
SOL-02969,50.142,3.063462846355771e+17,541.0778,77121.9077,55.9783,8.0,synthetic_prototype_v1
SOL-02970,252.9381,1431718086360714.0,752.7836,30308.8597,46.4646,12.055,synthetic_prototype_v1
SOL-02971,134.0325,5397446377209744.0,699.8302,110147.04,46.1983,17.7345,synthetic_prototype_v1
SOL-02972,168.1172,4.584439890534152e+16,713.8208,89344.2218,47.5392,18.7721,synthetic_prototype_v1
SOL-02973,151.1433,4797922919959051.0,732.1702,82119.5947,26.8397,18.5803,synthetic_prototype_v1
SOL-02974,131.8719,3.024515861746838e+16,731.6769,42686.3266,17.0398,19.6749,synthetic_prototype_v1
SOL-02975,200.2101,2.3042894693836292e+16,855.5266,113860.6166,37.1274,12.39,synthetic_prototype_v1
SOL-02976,155.0556,2813213059319002.5,701.1577,71543.5229,73.7651,8.8108,synthetic_prototype_v1
SOL-02977,146.9339,1.5389050234042916e+16,755.5004,57286.025,28.0484,19.2235,synthetic_prototype_v1
SOL-02978,158.0062,2.494560419957273e+16,769.633,96712.4267,35.8032,19.1967,synthetic_prototype_v1
SOL-02979,244.9675,2.7548185472467364e+16,580.6358,98167.6491,29.7948,14.91,synthetic_prototype_v1
SOL-02980,259.0499,1.4280300342795968e+16,617.8624,81429.7555,19.689,13.6756,synthetic_prototype_v1
SOL-02981,164.802,2.3252190860917194e+17,734.8108,90856.6736,21.4754,18.2869,synthetic_prototype_v1
SOL-02982,230.174,8.875193926215864e+16,725.7413,103429.8887,73.114,8.586,synthetic_prototype_v1
SOL-02983,168.8903,3422964785215945.5,690.1953,27953.0702,15.6941,12.8315,synthetic_prototype_v1
SOL-02984,144.8443,7.596407870886638e+16,714.1768,51788.9968,24.0536,20.3094,synthetic_prototype_v1
SOL-02985,75.0433,1.9562718277071056e+16,744.0276,40644.4305,33.7937,13.1933,synthetic_prototype_v1
SOL-02986,217.1007,3.327273580477435e+17,760.3196,81287.3489,73.3935,9.2005,synthetic_prototype_v1
SOL-02987,199.9705,6.349192719244909e+16,792.8552,80253.8895,36.9938,14.1484,synthetic_prototype_v1
SOL-02988,193.718,6.0853773041338856e+16,615.7665,100187.1933,22.038,16.5075,synthetic_prototype_v1
SOL-02989,161.5391,4.2385319175754355e+17,845.0657,30313.8853,72.0053,8.0,synthetic_prototype_v1
SOL-02990,251.8579,3684144820463139.5,830.5052,58972.1498,68.9103,8.0,synthetic_prototype_v1
SOL-02991,97.1781,2169190517533625.5,608.6261,106320.7376,61.2474,8.3314,synthetic_prototype_v1
SOL-02992,60.8688,3059201488343086.0,510.3705,41049.309,44.9295,10.9717,synthetic_prototype_v1
SOL-02993,257.3989,1.5519012592093622e+16,737.8275,33748.6683,35.567,11.4724,synthetic_prototype_v1
SOL-02994,115.2365,2.9444290598076044e+16,764.3836,97701.0062,38.4046,13.7979,synthetic_prototype_v1
SOL-02995,199.8984,5.521539582306279e+17,559.7086,54477.4136,69.0281,8.0,synthetic_prototype_v1
SOL-02996,180.5031,3.65264546119345e+17,555.8411,31288.1553,53.5305,10.1453,synthetic_prototype_v1
SOL-02997,75.6994,1862795213564955.2,770.7097,78975.5239,44.3671,14.0995,synthetic_prototype_v1
SOL-02998,168.8264,4305458225702881.0,818.3899,39158.6235,19.3133,12.4051,synthetic_prototype_v1
SOL-02999,130.2107,6351614825275868.0,619.6546,44111.3164,22.0188,17.3534,synthetic_prototype_v1
SOL-03000,163.0764,2.142048278663563e+16,625.9186,47605.5263,38.0054,18.4596,synthetic_prototype_v1
SOL-03001,227.8895,8998962484985073.0,505.7739,50471.1603,26.3135,12.8704,synthetic_prototype_v1
SOL-03002,153.5444,1569086947398645.0,610.4519,64635.0995,51.3536,10.7326,synthetic_prototype_v1
SOL-03003,105.7133,3.371574043884613e+16,676.5884,46154.907,29.8675,19.2645,synthetic_prototype_v1
SOL-03004,225.0663,5.3040440971772216e+16,622.3772,26986.4426,74.3603,8.1949,synthetic_prototype_v1
SOL-03005,87.9504,2.186469635757494e+16,829.1167,53670.0648,29.9627,14.5134,synthetic_prototype_v1
SOL-03006,53.4841,2275476999114506.0,721.1004,97565.5004,40.9112,15.0891,synthetic_prototype_v1
SOL-03007,174.4119,3345467574344895.0,674.0345,82134.8441,15.2017,18.5767,synthetic_prototype_v1
SOL-03008,236.7777,8.560870989739607e+17,682.5244,42548.4186,59.1666,8.0,synthetic_prototype_v1
SOL-03009,81.1026,1.0587204513139514e+17,664.972,76781.3146,26.4214,12.9205,synthetic_prototype_v1
SOL-03010,57.7045,5.3022743316829496e+16,866.7826,78876.67,43.0768,13.6862,synthetic_prototype_v1
SOL-03011,249.6121,9.198349327495672e+16,684.7251,30926.7254,41.727,11.1835,synthetic_prototype_v1
SOL-03012,84.7665,1.4104246447525446e+16,678.8186,77498.6415,27.1947,17.1328,synthetic_prototype_v1
SOL-03013,124.8858,2.4007946468947148e+16,778.2557,49909.7017,17.1045,20.2438,synthetic_prototype_v1
SOL-03014,213.8648,7908807957093509.0,759.1557,95133.8712,58.7226,10.7189,synthetic_prototype_v1
SOL-03015,170.5759,3.880393092975732e+16,766.3415,42884.6501,61.5325,9.5156,synthetic_prototype_v1
SOL-03016,118.235,2899538423405105.0,738.5159,43447.559,30.9631,16.0859,synthetic_prototype_v1
SOL-03017,54.7585,1676272432089004.5,732.2711,86015.4419,16.0003,13.2436,synthetic_prototype_v1
SOL-03018,246.1805,8430358198911214.0,642.5212,48104.7414,24.592,14.4058,synthetic_prototype_v1
SOL-03019,72.4328,6.539289283606957e+16,610.7171,99419.9221,54.3552,11.8056,synthetic_prototype_v1
SOL-03020,62.1423,1.081006749545531e+17,767.2224,49996.6432,26.0891,12.3347,synthetic_prototype_v1
SOL-03021,188.9924,3304241367306478.0,756.1362,76652.367,70.7543,9.4882,synthetic_prototype_v1
SOL-03022,162.4082,7.813541912956055e+17,674.5436,109628.0771,71.5238,8.0,synthetic_prototype_v1
SOL-03023,155.919,1.8659287782881788e+16,661.3737,49996.7633,29.008,20.4622,synthetic_prototype_v1
SOL-03024,142.7306,6.829918412963191e+17,880.733,101413.1161,40.8378,12.368,synthetic_prototype_v1
SOL-03025,143.546,2.0068838955940054e+17,714.9595,74961.3637,30.9206,16.6826,synthetic_prototype_v1
SOL-03026,174.1476,5.732289976807469e+16,896.9533,93418.8022,37.6297,11.8843,synthetic_prototype_v1
SOL-03027,58.0109,4.445844277776817e+16,786.2363,20532.2982,15.1569,11.2199,synthetic_prototype_v1
SOL-03028,295.0512,2.4151409078713424e+16,732.1627,35468.445,57.3987,8.0,synthetic_prototype_v1
SOL-03029,76.4375,1.7787014975163012e+16,680.6742,63818.8671,34.1198,16.6321,synthetic_prototype_v1
SOL-03030,155.0022,2.951811765077238e+16,607.1618,96390.4281,23.9414,18.5184,synthetic_prototype_v1
SOL-03031,222.5317,2079732495042610.8,850.1753,43015.2895,32.986,11.0814,synthetic_prototype_v1
SOL-03032,152.3161,8.589540446030762e+16,671.8771,93258.8854,18.8791,23.0,synthetic_prototype_v1
SOL-03033,282.3106,1286162497057272.8,714.7314,23545.4132,60.476,8.0,synthetic_prototype_v1
SOL-03034,90.1471,5.367987783010643e+17,533.4422,84956.7279,25.8582,12.5185,synthetic_prototype_v1
SOL-03035,81.7536,7495393275232739.0,672.715,53938.1803,22.3144,17.2475,synthetic_prototype_v1
SOL-03036,137.8768,2.3532337261507264e+17,718.9186,86972.7533,24.7948,17.8239,synthetic_prototype_v1
SOL-03037,109.6547,8.129556032508667e+16,731.6306,42508.2506,32.8252,18.335,synthetic_prototype_v1
SOL-03038,214.0574,3890616988901218.5,514.7417,20444.9539,47.049,13.4067,synthetic_prototype_v1
SOL-03039,60.0378,9.038444310525719e+17,545.2869,109373.6007,34.7787,14.5119,synthetic_prototype_v1
SOL-03040,119.8387,6338670014428884.0,657.1528,79480.4896,71.3182,8.0,synthetic_prototype_v1
SOL-03041,196.781,1.241752008525973e+16,719.5925,103640.4533,28.193,17.4409,synthetic_prototype_v1
SOL-03042,193.3741,9272068528445996.0,751.6185,55120.496,30.2969,17.649,synthetic_prototype_v1
SOL-03043,128.8369,2.7195358155109984e+16,742.8889,49145.9456,28.1908,22.4895,synthetic_prototype_v1
SOL-03044,177.2634,4.200505628596075e+16,769.461,78036.6567,28.88,21.8746,synthetic_prototype_v1
SOL-03045,112.287,4.323873866338085e+16,724.4504,92101.2129,15.0,22.4147,synthetic_prototype_v1
SOL-03046,224.0784,1.808095818512296e+16,652.2268,76327.3194,32.0819,16.2738,synthetic_prototype_v1
SOL-03047,195.7446,3001602934408182.0,626.8524,23751.5456,17.5206,12.2299,synthetic_prototype_v1
SOL-03048,153.0646,4.6148604432268104e+16,704.0042,40020.6303,46.6949,20.6271,synthetic_prototype_v1
SOL-03049,61.8435,5.69434092181629e+16,699.0239,106709.6815,30.0005,13.379,synthetic_prototype_v1
SOL-03050,177.86,1.4639356380999274e+17,645.8418,64160.6589,30.9875,14.6498,synthetic_prototype_v1
SOL-03051,79.6196,3027013618372298.0,695.8115,82396.1123,16.8135,16.1654,synthetic_prototype_v1
SOL-03052,251.0902,8.501638428070312e+16,536.7392,106609.6173,19.3298,13.1241,synthetic_prototype_v1
SOL-03053,127.0666,7708625566439263.0,697.3161,66798.3019,42.3119,17.0995,synthetic_prototype_v1
SOL-03054,204.6652,1.0376411035386901e+17,526.9175,71692.7866,48.8793,12.5988,synthetic_prototype_v1
SOL-03055,88.4033,4.6859879086160696e+16,556.5574,61294.353,16.8106,11.8558,synthetic_prototype_v1
SOL-03056,110.4097,4.7656071220615066e+17,654.2225,82790.3581,19.3095,11.912,synthetic_prototype_v1
SOL-03057,117.5852,6568493528274043.0,536.5881,21007.2945,26.7293,12.9392,synthetic_prototype_v1
SOL-03058,176.1327,1035034666468043.0,784.5623,72004.9312,57.6897,10.0169,synthetic_prototype_v1
SOL-03059,225.2203,1.348277026049709e+17,561.9876,22555.9767,34.6297,15.7341,synthetic_prototype_v1
SOL-03060,156.4705,1.347126263559507e+16,678.24,89218.3899,28.8845,22.5411,synthetic_prototype_v1
SOL-03061,284.2629,4228444652202275.5,601.9086,91123.7761,69.7196,8.0,synthetic_prototype_v1
SOL-03062,77.1643,2.3289482518581376e+17,706.5558,77365.065,21.2311,14.6946,synthetic_prototype_v1
SOL-03063,241.7189,2.1747810796385482e+17,851.1708,98636.4596,19.9795,8.0,synthetic_prototype_v1
SOL-03064,100.0459,1379378508611885.2,534.3483,32264.2848,53.7606,10.7904,synthetic_prototype_v1
SOL-03065,127.7751,4.43018518028392e+16,736.6037,63529.4146,22.9019,23.0,synthetic_prototype_v1
SOL-03066,126.714,4.057219664250408e+16,678.5326,55568.0678,18.5304,21.5879,synthetic_prototype_v1
SOL-03067,96.5619,3.1340955711276436e+16,648.794,45382.7754,31.2954,19.0249,synthetic_prototype_v1
SOL-03068,63.6251,5.701561919768763e+17,673.8417,59126.9408,62.9572,11.5474,synthetic_prototype_v1
SOL-03069,92.2183,3491640738954109.5,837.9071,107248.4903,28.0003,12.3863,synthetic_prototype_v1
SOL-03070,190.5427,1.630727276687901e+17,819.1736,112870.6595,24.9498,11.6164,synthetic_prototype_v1
SOL-03071,125.2432,1.010329088491838e+16,757.1249,90985.7082,26.505,20.1927,synthetic_prototype_v1
SOL-03072,73.64,1.538249895464434e+16,708.2284,89838.0412,33.4205,18.3433,synthetic_prototype_v1
SOL-03073,86.6858,8511523366468177.0,814.7023,57847.219,63.6043,8.9267,synthetic_prototype_v1
SOL-03074,55.4309,2.3177430194603508e+16,602.4465,31528.5575,42.2549,11.7356,synthetic_prototype_v1
SOL-03075,97.3639,2.9399833682605508e+16,779.6111,51960.9136,27.6489,14.1451,synthetic_prototype_v1
SOL-03076,254.8,9.686096999640851e+16,721.3593,111292.7808,41.5251,13.32,synthetic_prototype_v1
SOL-03077,253.5051,2887198318523311.0,894.4645,52941.2216,62.7448,8.0,synthetic_prototype_v1
SOL-03078,120.4238,5.956442837364491e+16,753.1335,75618.2543,15.4642,19.8443,synthetic_prototype_v1
SOL-03079,104.654,1.991981537584113e+17,723.7268,69718.8824,17.0726,16.8197,synthetic_prototype_v1
SOL-03080,169.8773,1.0385340536301276e+16,678.3789,61860.5004,34.1676,18.127,synthetic_prototype_v1
SOL-03081,242.6933,7.951693546202973e+17,632.9779,118482.2944,72.1114,8.3935,synthetic_prototype_v1
SOL-03082,126.6495,2.5229922503816384e+16,814.2996,80597.6811,26.9881,18.2437,synthetic_prototype_v1
SOL-03083,55.289,2097164693386333.2,807.6137,25803.9746,52.7419,10.151,synthetic_prototype_v1
SOL-03084,62.634,2.3946293329820032e+17,759.4279,75618.6584,20.1646,13.1638,synthetic_prototype_v1
SOL-03085,191.3772,1.6998350515106176e+17,631.5377,86877.5653,28.4197,17.7892,synthetic_prototype_v1
SOL-03086,260.683,7.400409848077826e+16,649.7204,24857.6738,55.3044,8.6728,synthetic_prototype_v1
SOL-03087,126.1762,5.253173694120897e+17,861.5163,57147.169,48.7958,12.0349,synthetic_prototype_v1
SOL-03088,235.6731,1.0470921945735426e+17,898.7027,107033.751,52.0248,10.7532,synthetic_prototype_v1
SOL-03089,197.9895,1.1384619342524724e+16,685.5471,60436.1632,15.0,19.5978,synthetic_prototype_v1
SOL-03090,299.2587,1792431993113781.0,719.2238,50025.0384,48.0051,10.4916,synthetic_prototype_v1
SOL-03091,144.0899,1581460726715309.5,786.6852,59909.45,74.3612,9.9569,synthetic_prototype_v1
SOL-03092,146.9286,4217292042125160.0,738.1366,64764.6299,26.9002,16.7138,synthetic_prototype_v1
SOL-03093,242.5467,1.2368729356942114e+16,881.1786,101432.9356,52.7137,11.7605,synthetic_prototype_v1
SOL-03094,222.6005,2.0844480632127613e+17,889.5031,65451.7069,24.2077,13.2317,synthetic_prototype_v1
SOL-03095,148.6306,1.0455812670573128e+16,686.9044,47720.0814,20.3544,22.4549,synthetic_prototype_v1
SOL-03096,237.9908,1864300557597777.5,837.1049,99923.4743,67.0271,8.0,synthetic_prototype_v1
SOL-03097,176.8937,5.134179070253134e+16,685.9993,52746.9209,28.9509,19.7953,synthetic_prototype_v1
SOL-03098,85.7217,8918992492813507.0,719.3432,91363.0814,28.7621,17.0388,synthetic_prototype_v1
SOL-03099,265.0705,1.1160390231367632e+17,697.9583,31093.3132,58.6711,8.5295,synthetic_prototype_v1
SOL-03100,191.309,1.5214310253837032e+16,561.9458,32725.7618,15.9717,13.5499,synthetic_prototype_v1
SOL-03101,264.7457,1006879252883684.8,839.6263,117967.2635,29.4054,13.2859,synthetic_prototype_v1
SOL-03102,50.0,8.874916473470666e+16,727.0554,97866.9542,29.9383,14.9745,synthetic_prototype_v1
SOL-03103,192.5748,9.534480621335331e+16,751.7937,48502.1712,20.0311,17.584,synthetic_prototype_v1
SOL-03104,130.9842,1.065933166399204e+17,786.0496,67816.9458,33.0811,14.4406,synthetic_prototype_v1
SOL-03105,288.9058,7.371936786982295e+17,502.4361,61318.0573,49.6864,9.8951,synthetic_prototype_v1
SOL-03106,64.7121,7.347619400937196e+17,795.3276,34000.3689,36.9527,13.7305,synthetic_prototype_v1
SOL-03107,128.61,6.19131374749406e+17,845.0907,73964.6051,50.1349,13.633,synthetic_prototype_v1
SOL-03108,234.3788,5.978902193892597e+16,540.1823,98471.522,18.9815,11.6328,synthetic_prototype_v1
SOL-03109,109.1189,2.63610419804517e+16,731.4029,66357.0833,23.913,19.537,synthetic_prototype_v1
SOL-03110,128.2339,2657955565007527.5,736.3023,58366.7701,15.0492,15.0366,synthetic_prototype_v1
SOL-03111,133.6313,8753323908446622.0,729.089,57014.4718,28.4509,19.3051,synthetic_prototype_v1
SOL-03112,134.6755,1.0613559162180773e+17,650.6212,62806.539,15.8175,18.4814,synthetic_prototype_v1
SOL-03113,184.2189,2.274800992515977e+16,692.3749,60115.7687,24.2492,22.8434,synthetic_prototype_v1
SOL-03114,162.5965,1.1315370597040386e+16,529.2723,23061.061,31.0192,12.163,synthetic_prototype_v1
SOL-03115,102.9353,8.518962420605707e+16,832.1008,62401.4676,50.0824,11.2941,synthetic_prototype_v1
SOL-03116,256.1039,1.1656201753856338e+16,840.7982,100348.2046,63.0077,9.9554,synthetic_prototype_v1
SOL-03117,242.3106,7747515724763612.0,854.809,81044.3374,73.1858,10.2618,synthetic_prototype_v1
SOL-03118,159.5966,6.292985028647592e+16,616.894,114631.5427,40.7186,15.8886,synthetic_prototype_v1
SOL-03119,236.5036,6.586194051399817e+17,712.1598,78865.2652,31.086,15.5924,synthetic_prototype_v1
SOL-03120,103.1482,2722473606605837.5,708.8759,70204.2252,16.8867,15.0055,synthetic_prototype_v1
SOL-03121,192.7918,1634957499225974.0,576.0369,93682.5264,69.8634,8.0,synthetic_prototype_v1
SOL-03122,262.6334,6.779879237068498e+16,745.4855,100167.4804,25.5248,13.3359,synthetic_prototype_v1
SOL-03123,128.587,2410784359229835.5,653.6578,61887.601,29.0021,13.4813,synthetic_prototype_v1
SOL-03124,152.1058,1.5028281436169802e+16,638.6933,70822.7647,24.6754,19.6181,synthetic_prototype_v1
SOL-03125,91.3278,3.2952870813701376e+16,526.5251,70676.394,23.9634,14.7285,synthetic_prototype_v1
SOL-03126,119.9538,1.4532081949426627e+17,664.3829,43185.6877,29.8699,18.7053,synthetic_prototype_v1
SOL-03127,183.936,4.684821428570121e+16,718.3008,71709.1543,33.2605,21.8131,synthetic_prototype_v1
SOL-03128,183.1038,3.3881824496413412e+16,649.2122,90320.9199,33.7832,19.2099,synthetic_prototype_v1
SOL-03129,285.6011,1.049763176169733e+16,645.8305,37039.5543,20.799,12.9791,synthetic_prototype_v1
SOL-03130,129.0651,4.921154080371647e+16,677.5606,52859.6556,20.6635,22.6604,synthetic_prototype_v1
SOL-03131,92.9901,1.4750338811979936e+17,532.0589,92282.9916,64.3354,9.218,synthetic_prototype_v1
SOL-03132,64.5922,7382538474623347.0,693.8055,53398.4239,15.9894,11.9564,synthetic_prototype_v1
SOL-03133,123.4901,6767213248210806.0,824.7387,102847.259,65.6142,8.0,synthetic_prototype_v1
SOL-03134,100.3371,8.71039670367813e+17,635.7178,86480.0766,24.172,16.0354,synthetic_prototype_v1
SOL-03135,154.1524,3.650159346711054e+16,834.4105,45707.0048,25.2325,12.6421,synthetic_prototype_v1
SOL-03136,159.288,1.4121091599562106e+17,555.483,107622.7111,33.2402,12.7929,synthetic_prototype_v1
SOL-03137,74.9656,8532725487675862.0,615.5204,79696.0706,17.9801,11.0169,synthetic_prototype_v1
SOL-03138,104.0533,8.589764696825791e+17,649.582,83493.1479,22.6821,13.1185,synthetic_prototype_v1
SOL-03139,259.0761,1.3477712823173108e+16,652.3012,93352.1588,70.1273,8.0,synthetic_prototype_v1
SOL-03140,102.9758,1.795666413267902e+16,669.1408,74688.3883,32.0345,18.2444,synthetic_prototype_v1
SOL-03141,204.3918,1.5916078537507046e+16,678.9777,73921.2875,20.2777,16.1353,synthetic_prototype_v1
SOL-03142,127.961,4.230179639517723e+16,766.909,90185.4899,23.1252,20.6108,synthetic_prototype_v1
SOL-03143,286.8299,2722372816558474.0,712.992,87709.8719,45.409,12.5758,synthetic_prototype_v1
SOL-03144,130.3864,1.4159842355490747e+17,755.1695,89537.6056,56.7492,12.1046,synthetic_prototype_v1
SOL-03145,229.9456,7.860068866808115e+17,695.9742,75562.1881,17.1052,15.7318,synthetic_prototype_v1
SOL-03146,141.048,2424075931758640.0,700.4933,79227.8525,40.3711,14.6098,synthetic_prototype_v1
SOL-03147,299.6858,1.9508949350149146e+17,786.2176,70313.3893,40.8952,13.5382,synthetic_prototype_v1
SOL-03148,172.1557,1.3711013993193758e+16,687.794,44742.2474,26.8175,21.2018,synthetic_prototype_v1
SOL-03149,249.8112,1084993820092024.9,633.1531,41474.0259,44.0999,12.9,synthetic_prototype_v1
SOL-03150,90.8942,2.8101111432712756e+16,684.0818,118451.1553,63.0437,8.0,synthetic_prototype_v1
SOL-03151,56.7275,1.391322311068469e+16,617.4197,60900.387,32.3228,13.6598,synthetic_prototype_v1
SOL-03152,215.2688,6085980070849874.0,674.2644,55706.7091,19.3157,16.2634,synthetic_prototype_v1
SOL-03153,125.9492,1.3955669240225165e+17,531.418,117235.1533,49.0372,10.3638,synthetic_prototype_v1
SOL-03154,211.7679,1532624921570928.8,530.0358,28160.9432,47.3955,11.3117,synthetic_prototype_v1
SOL-03155,88.237,1.5655283305587198e+16,696.7979,64085.1002,34.4022,16.1944,synthetic_prototype_v1
SOL-03156,151.0086,1118848617768275.8,746.0758,68751.7361,42.2813,16.5032,synthetic_prototype_v1
SOL-03157,89.4744,3.7980071525063176e+16,739.8522,82992.0737,16.1596,17.3001,synthetic_prototype_v1
SOL-03158,183.7245,1930637914988758.2,597.7612,76539.5099,44.3646,12.6558,synthetic_prototype_v1
SOL-03159,59.1861,2.3814591604308024e+16,748.1612,44973.7843,15.0,12.7703,synthetic_prototype_v1
SOL-03160,118.2011,1.766178441509662e+16,776.7686,22274.1463,41.2941,17.1987,synthetic_prototype_v1
SOL-03161,238.5679,2.587471635391819e+17,688.8156,83654.3503,35.0774,15.3682,synthetic_prototype_v1
SOL-03162,275.0228,1.584359357464278e+16,758.4717,74389.047,53.5975,11.2889,synthetic_prototype_v1
SOL-03163,240.7889,1044657536416283.2,532.5936,51058.8238,54.6026,9.6003,synthetic_prototype_v1
SOL-03164,255.0556,2.6230102641964196e+16,860.0121,83087.6504,24.1893,11.319,synthetic_prototype_v1
SOL-03165,74.9578,1.870903099464968e+16,618.1254,28919.5419,40.316,12.5327,synthetic_prototype_v1
SOL-03166,230.4591,1.1592716072515659e+17,878.9895,41216.7299,51.5492,11.1064,synthetic_prototype_v1
SOL-03167,78.8316,1.2595902689032208e+16,696.3326,111964.0073,48.7724,16.6153,synthetic_prototype_v1
SOL-03168,243.2284,2.8128057321020228e+16,736.6734,52911.4905,48.1132,14.6672,synthetic_prototype_v1
SOL-03169,79.6759,1.3731920580557112e+16,652.7871,55984.4835,36.1181,16.8209,synthetic_prototype_v1
SOL-03170,133.6339,1.131141168329095e+16,728.1627,50968.5831,32.6436,19.945,synthetic_prototype_v1
SOL-03171,245.9746,1.0571472455234864e+16,792.5576,114840.6962,68.7687,8.0,synthetic_prototype_v1
SOL-03172,114.363,1.1016695024116149e+17,889.3328,102743.7164,34.3515,12.0953,synthetic_prototype_v1
SOL-03173,81.7275,7916577557193745.0,548.1927,31504.2815,24.3568,14.8266,synthetic_prototype_v1
SOL-03174,175.0524,9.124612624304666e+16,647.6571,36304.8534,60.6165,11.7455,synthetic_prototype_v1
SOL-03175,138.7912,1.3920546802713229e+17,542.2485,36989.5179,58.33,8.0,synthetic_prototype_v1
SOL-03176,166.0739,5407779733487355.0,665.9093,50137.1594,28.3347,18.3779,synthetic_prototype_v1
SOL-03177,117.356,2.774140044785349e+16,709.8095,90121.4144,26.1058,23.0,synthetic_prototype_v1
SOL-03178,227.5898,7777073679505963.0,680.979,90854.2469,17.7953,15.4988,synthetic_prototype_v1
SOL-03179,136.7175,1.0052673537325584e+16,564.3305,37064.4359,58.0249,8.4785,synthetic_prototype_v1
SOL-03180,138.3344,4301116045199195.0,849.2124,33832.5339,65.5286,9.1388,synthetic_prototype_v1
SOL-03181,240.0037,3112692202703710.0,605.3823,68044.9414,39.9019,14.1473,synthetic_prototype_v1
SOL-03182,196.057,3.25725589367421e+17,713.9208,32586.414,64.7987,8.3468,synthetic_prototype_v1
SOL-03183,215.9053,1.6137605522872416e+16,851.3531,87954.3855,43.8543,9.8819,synthetic_prototype_v1
SOL-03184,81.819,7.593617342491997e+16,717.0752,24717.4557,50.762,17.0561,synthetic_prototype_v1
SOL-03185,117.6742,1.961799828502148e+16,713.7144,117421.653,66.4505,12.0129,synthetic_prototype_v1
SOL-03186,180.0688,8.37215030039885e+16,714.5242,95234.8523,29.7199,20.335,synthetic_prototype_v1
SOL-03187,139.7349,8835796352973976.0,744.2218,79929.186,29.3769,19.9979,synthetic_prototype_v1
SOL-03188,297.8112,4684166270533942.0,855.1826,112095.3187,52.904,11.6582,synthetic_prototype_v1
SOL-03189,121.2806,2.0129411689842428e+16,552.2682,21764.9875,28.4083,14.4098,synthetic_prototype_v1
SOL-03190,224.3184,6.9978284047426424e+16,546.5308,98144.8308,31.267,12.433,synthetic_prototype_v1
SOL-03191,155.7973,6.193229218807771e+16,788.2156,69540.7487,35.7079,19.3401,synthetic_prototype_v1
SOL-03192,262.4473,1184268899861612.0,577.2333,27649.0435,70.295,10.0207,synthetic_prototype_v1
SOL-03193,289.6769,1.3068785640494116e+16,691.6074,95363.3281,53.3241,10.0257,synthetic_prototype_v1
SOL-03194,238.3761,2440107698344123.0,888.9849,99262.3271,44.3641,8.0,synthetic_prototype_v1
SOL-03195,268.4721,5.927468820989432e+17,869.5236,61113.932,55.4463,11.2257,synthetic_prototype_v1
SOL-03196,171.6837,2.2451971170972464e+16,683.9331,86956.0608,15.0,23.0,synthetic_prototype_v1
SOL-03197,206.5398,4.60144680612438e+16,659.6891,78041.8637,27.2742,18.7397,synthetic_prototype_v1
SOL-03198,121.9637,2450595153146515.0,820.73,83840.9951,55.7166,10.0795,synthetic_prototype_v1
SOL-03199,65.4577,4.388721605496694e+16,690.5615,97958.8446,16.9341,18.2287,synthetic_prototype_v1
SOL-03200,160.1122,9.421925959897325e+16,661.8263,67433.1427,22.6976,19.7666,synthetic_prototype_v1
SOL-03201,175.3091,7243941138148264.0,665.475,45848.9703,16.7715,17.5826,synthetic_prototype_v1
SOL-03202,217.9032,6497722803515388.0,509.479,35294.8138,67.3187,11.397,synthetic_prototype_v1
SOL-03203,113.9913,4.594822027599645e+17,512.0877,72494.9046,40.3984,10.5287,synthetic_prototype_v1
SOL-03204,135.4259,8.310797098716946e+16,764.8108,95557.7418,16.4214,20.1446,synthetic_prototype_v1
SOL-03205,106.7273,2.9431177067705837e+17,675.0448,94136.1373,70.078,9.7153,synthetic_prototype_v1
SOL-03206,154.2344,1.4458119494108512e+16,736.1113,48053.4168,17.9053,21.073,synthetic_prototype_v1
SOL-03207,275.6385,7.078101631317793e+16,609.0274,116002.3258,40.504,10.8059,synthetic_prototype_v1
SOL-03208,88.078,7.013574325750772e+17,632.8405,73549.4094,30.1934,15.4285,synthetic_prototype_v1
SOL-03209,180.9073,1.6316063644359118e+16,712.4019,93594.9175,15.0,20.5048,synthetic_prototype_v1
SOL-03210,62.3648,2967172709976600.5,789.697,90545.3221,21.0685,11.9079,synthetic_prototype_v1
SOL-03211,153.3022,2.390175405157279e+16,700.074,79908.41,15.0651,21.0112,synthetic_prototype_v1
SOL-03212,199.3286,2.0050530926250436e+16,716.1002,52478.4264,32.5742,15.8239,synthetic_prototype_v1
SOL-03213,129.3871,1.7901579500729262e+16,747.4364,88400.1599,18.8338,18.8511,synthetic_prototype_v1
SOL-03214,161.7697,1.0400345197409526e+16,654.8393,53561.6975,28.8238,19.5054,synthetic_prototype_v1
SOL-03215,170.3979,2596056939272506.0,600.4247,56088.9942,45.5884,15.0315,synthetic_prototype_v1
SOL-03216,66.8796,1.0750976356777198e+16,699.9527,57215.051,40.8668,15.9516,synthetic_prototype_v1
SOL-03217,132.679,4188514266961325.0,636.974,105990.6445,17.8172,17.1436,synthetic_prototype_v1
SOL-03218,82.7644,7040495153371508.0,512.5109,96392.0507,33.1207,12.9782,synthetic_prototype_v1
SOL-03219,68.0148,8042295378428857.0,808.907,109470.5299,57.6221,8.2302,synthetic_prototype_v1
SOL-03220,236.1927,1052069468058882.4,525.1565,116618.1198,69.1179,10.5689,synthetic_prototype_v1
SOL-03221,178.1848,3234608876997369.5,521.4861,54449.6219,21.247,11.6798,synthetic_prototype_v1
SOL-03222,62.2892,1.0878595224749038e+16,694.0008,91516.8143,25.1417,13.4004,synthetic_prototype_v1
SOL-03223,105.9864,2798552590124645.5,842.6923,62563.2443,57.2398,8.0,synthetic_prototype_v1
SOL-03224,275.7473,9.361092502304316e+17,845.5394,95422.0833,61.3721,9.2915,synthetic_prototype_v1
SOL-03225,99.4167,2.8226039651796172e+16,679.7829,29550.4131,41.4938,18.0672,synthetic_prototype_v1
SOL-03226,296.7966,7.930803894704197e+16,558.2879,77981.7912,57.6204,9.209,synthetic_prototype_v1
SOL-03227,166.783,4.904724854085207e+16,713.2378,98499.9487,41.8285,18.2914,synthetic_prototype_v1
SOL-03228,294.1318,2158216052131370.2,656.9667,102840.2883,54.2094,10.569,synthetic_prototype_v1
SOL-03229,255.1393,1.4840719931054124e+16,739.4279,25382.5402,47.3975,13.5811,synthetic_prototype_v1
SOL-03230,191.0238,6909995351009105.0,581.1567,59192.5507,23.7944,13.0595,synthetic_prototype_v1
SOL-03231,126.2418,1.8058697841188252e+16,618.847,41704.7052,15.0,17.5596,synthetic_prototype_v1
SOL-03232,253.6425,2.313288403567495e+16,719.4399,97959.372,31.8451,14.7794,synthetic_prototype_v1
SOL-03233,85.606,1.6883173278232304e+16,759.2284,64215.2244,23.8715,16.9304,synthetic_prototype_v1
SOL-03234,186.4189,5647114886146831.0,664.7704,118139.5386,53.6274,11.54,synthetic_prototype_v1
SOL-03235,282.408,3.1755618387838456e+16,851.0539,99232.5649,43.612,11.34,synthetic_prototype_v1
SOL-03236,140.283,5.833699569913924e+16,596.6634,79886.5752,16.2307,17.8531,synthetic_prototype_v1
SOL-03237,232.0937,1.6377409436832848e+16,510.421,74724.6999,40.7931,10.6324,synthetic_prototype_v1
SOL-03238,214.0185,2.16312398240931e+17,562.205,66408.9638,43.563,12.3754,synthetic_prototype_v1
SOL-03239,140.2026,1260232591679897.8,524.246,103612.5416,29.392,12.6635,synthetic_prototype_v1
SOL-03240,124.4808,2.541936456802073e+17,713.6493,63636.4129,36.3477,16.0145,synthetic_prototype_v1
SOL-03241,177.4337,3.375311295899002e+17,676.2024,91656.2378,35.8809,12.3343,synthetic_prototype_v1
SOL-03242,90.3135,3.611422611368017e+16,613.213,102905.1892,23.7992,14.5435,synthetic_prototype_v1
SOL-03243,136.1424,2.410574390864327e+17,617.5043,78442.4191,31.0493,13.4292,synthetic_prototype_v1
SOL-03244,109.6046,2.4570572421996326e+17,716.6361,57976.4759,28.6529,14.3519,synthetic_prototype_v1
SOL-03245,138.6159,1.5976213434956816e+16,724.0624,67302.4366,15.4462,22.9172,synthetic_prototype_v1
SOL-03246,115.0871,1254882349525097.8,638.8124,80856.3023,23.3595,10.8583,synthetic_prototype_v1
SOL-03247,209.1269,1.2900248781684188e+16,739.557,86874.0212,19.157,19.5085,synthetic_prototype_v1
SOL-03248,283.2558,1.1259887541390387e+17,792.6691,20109.2074,53.1667,10.5342,synthetic_prototype_v1
SOL-03249,77.9001,1198407318572743.2,623.7735,39689.0144,25.9078,14.1608,synthetic_prototype_v1
SOL-03250,188.2659,7.677241024833627e+16,684.9098,73354.1448,35.2653,19.5299,synthetic_prototype_v1
SOL-03251,94.8561,3.0383616957132115e+17,770.4165,61017.1306,17.3996,11.9679,synthetic_prototype_v1
SOL-03252,63.2018,6094874211480377.0,631.2712,87316.5429,27.2449,14.1303,synthetic_prototype_v1
SOL-03253,161.4919,9122272624286888.0,664.1589,84471.9982,15.0,21.9094,synthetic_prototype_v1
SOL-03254,192.8924,9.923723295162472e+17,601.5533,98555.5496,47.1219,12.2125,synthetic_prototype_v1
SOL-03255,138.2837,2.1678667462287044e+16,732.1124,69341.4779,17.5991,23.0,synthetic_prototype_v1
SOL-03256,154.664,2.4803037745854298e+17,584.7338,23223.4586,15.2245,14.7789,synthetic_prototype_v1
SOL-03257,294.0321,1.8173211593222284e+16,835.346,67297.9085,59.0607,8.0,synthetic_prototype_v1
SOL-03258,74.4708,1.759388835831992e+16,783.3681,94458.6271,19.9497,12.1695,synthetic_prototype_v1
SOL-03259,113.7767,4.677825558993734e+17,521.7241,105322.7175,54.1647,10.7009,synthetic_prototype_v1
SOL-03260,121.615,6.248345314046153e+16,725.5711,43575.7628,24.215,19.7135,synthetic_prototype_v1
SOL-03261,184.7354,1.0255571259396196e+16,582.2668,51936.6024,58.9988,9.7818,synthetic_prototype_v1
SOL-03262,146.1279,1862711414162731.2,675.0112,53677.538,24.3336,13.6286,synthetic_prototype_v1
SOL-03263,212.0459,3.2193132922229875e+17,856.9508,90340.5932,50.9317,11.9503,synthetic_prototype_v1
SOL-03264,187.4226,1.2839589537436394e+16,663.2832,43204.4483,35.447,17.9602,synthetic_prototype_v1
SOL-03265,171.0683,5873142604072873.0,722.052,53347.7392,19.258,15.6068,synthetic_prototype_v1
SOL-03266,196.8521,8.285154285395155e+16,759.6862,52746.2901,15.0,18.95,synthetic_prototype_v1
SOL-03267,73.3377,1.1220306428617685e+17,717.7344,80384.0629,22.5477,17.5319,synthetic_prototype_v1
SOL-03268,191.9383,8.402578212799827e+17,680.2941,92133.7347,15.0,12.9412,synthetic_prototype_v1
SOL-03269,118.3699,4.465641552213303e+16,700.9627,53743.3681,27.6853,20.8144,synthetic_prototype_v1
SOL-03270,99.1855,1.2587603817613051e+17,538.3047,44623.5243,66.7647,8.0,synthetic_prototype_v1
SOL-03271,192.932,1.969862904418054e+17,732.9719,71367.1057,61.3759,9.9497,synthetic_prototype_v1
SOL-03272,183.2619,1.703639088144974e+17,686.5099,42004.0249,32.0585,16.4957,synthetic_prototype_v1
SOL-03273,94.6104,1.1902521619769997e+17,672.7392,52232.2058,42.7505,13.5629,synthetic_prototype_v1
SOL-03274,201.1262,4.358327686772541e+16,745.8893,70574.67,31.0493,15.9174,synthetic_prototype_v1
SOL-03275,75.4735,2020030683415581.0,810.8718,36281.1051,36.7831,14.5967,synthetic_prototype_v1
SOL-03276,137.8937,2.166285795701029e+16,743.5904,73312.1155,15.0,22.8385,synthetic_prototype_v1
SOL-03277,287.6241,1170579037870831.2,721.0184,81096.0414,62.1523,8.905,synthetic_prototype_v1
SOL-03278,280.2426,1.7561273900631154e+16,522.0809,113936.3315,28.3867,11.5633,synthetic_prototype_v1
SOL-03279,120.346,3.1838282587485524e+16,802.5876,32370.1982,19.0082,17.3302,synthetic_prototype_v1
SOL-03280,62.736,1.0739942243273262e+16,663.3417,104599.1908,31.6612,14.2271,synthetic_prototype_v1
SOL-03281,163.5795,2.622174239138718e+16,753.4415,71914.8587,48.549,20.5981,synthetic_prototype_v1
SOL-03282,136.5377,1.320757984959711e+16,708.8143,63871.6353,27.8337,23.0,synthetic_prototype_v1
SOL-03283,274.5938,1.713334886071918e+16,799.5005,41457.2295,71.3819,8.0,synthetic_prototype_v1
SOL-03284,129.048,1.1693809456929646e+16,683.7314,65568.3143,15.0,21.1014,synthetic_prototype_v1
SOL-03285,226.9975,4.7831743440106776e+16,769.3155,52957.6371,24.0765,14.4918,synthetic_prototype_v1
SOL-03286,256.3499,9.232975311354933e+16,866.1045,82474.2238,25.9933,13.2052,synthetic_prototype_v1
SOL-03287,180.5627,1866709037613904.2,776.1325,59727.0618,19.0975,12.7256,synthetic_prototype_v1
SOL-03288,188.6037,5.635665263873531e+16,681.1885,50554.6741,19.4421,19.9065,synthetic_prototype_v1
SOL-03289,88.8493,2.4053969794773504e+16,524.9207,47978.6812,41.9234,10.9187,synthetic_prototype_v1
SOL-03290,119.5055,1.4593539633130622e+16,750.1856,74008.0568,64.6784,9.2294,synthetic_prototype_v1
SOL-03291,90.7141,1.0945112703488068e+16,657.828,105899.0444,55.946,13.2867,synthetic_prototype_v1
SOL-03292,73.6599,8574158456429656.0,676.7909,66162.4366,58.925,12.9426,synthetic_prototype_v1
SOL-03293,172.9531,3474836205973061.0,891.9094,93250.0413,45.9496,12.8402,synthetic_prototype_v1
SOL-03294,294.8062,4.539397882400503e+16,505.1385,118549.4126,72.5044,8.0,synthetic_prototype_v1
SOL-03295,84.5613,1.4864633490519944e+16,694.4877,64034.3854,32.5006,17.7999,synthetic_prototype_v1
SOL-03296,214.0884,7.481908692105614e+16,621.5782,45708.4337,15.0,15.6463,synthetic_prototype_v1
SOL-03297,102.2399,4449755671302640.0,812.2053,21101.668,67.2578,8.7287,synthetic_prototype_v1
SOL-03298,128.4617,2.0195901903215136e+16,682.1853,89840.1596,46.4,20.5961,synthetic_prototype_v1
SOL-03299,82.4804,2.4728904589798536e+16,573.6561,46073.5998,28.8505,14.7222,synthetic_prototype_v1
SOL-03300,156.907,2.4377406112222532e+16,670.5046,73325.5549,15.0,19.5484,synthetic_prototype_v1
SOL-03301,97.5167,6.886142101040489e+16,665.2777,58937.5782,40.2733,18.2447,synthetic_prototype_v1
SOL-03302,167.3012,2.3253869476701764e+16,639.405,83898.2653,36.5249,20.1087,synthetic_prototype_v1
SOL-03303,251.5997,7207337286690949.0,521.7762,77304.5577,47.7412,12.0792,synthetic_prototype_v1
SOL-03304,82.1482,1.5931084473297566e+16,705.2482,67844.7386,29.767,16.8593,synthetic_prototype_v1
SOL-03305,150.1128,5888811819835438.0,643.6738,99808.0438,33.0457,16.0658,synthetic_prototype_v1
SOL-03306,192.0418,1.3198285588949854e+17,733.1955,28417.8542,28.589,16.0566,synthetic_prototype_v1
SOL-03307,258.1323,3.5736413247819706e+17,846.0961,20699.5942,66.6552,8.0,synthetic_prototype_v1
SOL-03308,211.9484,6.747977765521726e+16,685.3829,46452.6908,22.1151,17.2399,synthetic_prototype_v1
SOL-03309,184.2932,2937819055677232.5,866.5387,73627.8584,44.3839,11.0403,synthetic_prototype_v1
SOL-03310,141.752,4900590947342621.0,761.2786,70527.4139,15.0,18.5171,synthetic_prototype_v1
SOL-03311,119.2995,2.9950667085884646e+17,670.97,106912.9558,23.8551,15.6679,synthetic_prototype_v1
SOL-03312,188.4953,9.736027074079479e+17,834.7801,93582.1137,28.2689,11.6389,synthetic_prototype_v1
SOL-03313,148.0923,2.8802708197139965e+17,691.1164,43174.1864,33.9136,17.0369,synthetic_prototype_v1
SOL-03314,79.1706,4014313912118845.5,730.3329,67780.3952,34.1225,13.3308,synthetic_prototype_v1
SOL-03315,158.235,2.08205643859791e+16,704.9421,52721.8396,29.9553,22.3141,synthetic_prototype_v1
SOL-03316,163.7795,3.3068913908589856e+16,850.9812,94881.1802,20.0802,16.8253,synthetic_prototype_v1
SOL-03317,72.6102,1.932943069690876e+17,614.7575,86779.7237,33.0945,11.1818,synthetic_prototype_v1
SOL-03318,97.245,4.626345251154723e+16,727.4319,44999.6292,21.7405,18.042,synthetic_prototype_v1
SOL-03319,77.6811,5.868390308700698e+16,795.9579,108691.7476,62.6885,8.3351,synthetic_prototype_v1
SOL-03320,250.6802,2.5153581393950646e+17,881.4004,54788.12,57.2003,8.0,synthetic_prototype_v1
SOL-03321,54.5401,3.854670460233941e+16,848.4343,24928.7746,29.897,11.3926,synthetic_prototype_v1
SOL-03322,156.4592,1.9209466220238868e+16,697.1611,46255.6243,29.1332,23.0,synthetic_prototype_v1
SOL-03323,237.4959,1.1598604972810082e+16,620.0992,114314.4307,46.0053,14.2631,synthetic_prototype_v1
SOL-03324,94.1932,3.8167232091733626e+17,638.0112,110048.0747,70.1502,8.0,synthetic_prototype_v1
SOL-03325,244.192,1882259523207604.5,834.2533,77398.1064,58.6001,8.0,synthetic_prototype_v1
SOL-03326,153.382,2.916701717426641e+16,644.9736,93560.4261,18.8114,22.5255,synthetic_prototype_v1
SOL-03327,236.769,4.1519371936098086e+17,723.3316,98142.3029,51.8057,9.8246,synthetic_prototype_v1
SOL-03328,205.8968,1.621363306786011e+16,699.9683,67486.0245,40.7675,15.9129,synthetic_prototype_v1
SOL-03329,154.3132,3936914640053749.0,760.7794,86341.2271,30.8067,14.8958,synthetic_prototype_v1
SOL-03330,150.7596,7.943185900874658e+16,582.3437,51005.5392,20.4399,13.8344,synthetic_prototype_v1
SOL-03331,175.2612,3.4153191266316908e+16,743.3801,85909.7005,53.1822,15.2903,synthetic_prototype_v1
SOL-03332,210.5929,1.5936251126629412e+16,645.5998,82037.1417,23.3069,18.4316,synthetic_prototype_v1
SOL-03333,145.6649,2.101005322340879e+16,682.4792,53464.4554,36.9544,20.5797,synthetic_prototype_v1
SOL-03334,220.0087,1.906405773678895e+17,563.3001,84644.9388,20.0497,13.5719,synthetic_prototype_v1
SOL-03335,169.9659,9701322709981316.0,518.2323,91019.1395,60.0546,8.0,synthetic_prototype_v1
SOL-03336,292.483,4.872036731904732e+17,716.58,74471.2918,31.0185,12.1884,synthetic_prototype_v1
SOL-03337,130.4725,1.6508992939137616e+16,696.8214,72597.3444,32.4227,21.2389,synthetic_prototype_v1
SOL-03338,169.8543,8.484037765982125e+17,697.5684,69634.409,26.6817,10.4225,synthetic_prototype_v1
SOL-03339,281.6912,2.869314524106553e+17,598.0401,78878.7032,16.3842,13.8109,synthetic_prototype_v1
SOL-03340,170.3438,5462029350282477.0,777.6949,51362.4895,25.77,16.1223,synthetic_prototype_v1
SOL-03341,192.8082,4.417669360786791e+16,853.5349,32592.0701,56.8724,10.0974,synthetic_prototype_v1
SOL-03342,149.919,4301926473060613.5,529.8519,29033.1683,40.9377,14.1039,synthetic_prototype_v1
SOL-03343,148.2295,9425662516657712.0,750.4084,38052.2963,29.2018,17.0231,synthetic_prototype_v1
SOL-03344,109.0901,2.1240697878475716e+16,509.4769,49540.7158,69.8085,8.0,synthetic_prototype_v1
SOL-03345,112.3624,4574097587710101.0,719.4812,68296.0132,28.5595,16.1266,synthetic_prototype_v1
SOL-03346,193.0445,4.554880599306361e+16,672.4865,46005.6015,38.5139,20.2906,synthetic_prototype_v1
SOL-03347,177.6523,1.942074777298925e+16,794.1156,59685.6544,22.9156,16.4406,synthetic_prototype_v1
SOL-03348,92.9956,5.987589830161928e+16,695.1696,98247.0891,23.8029,19.5055,synthetic_prototype_v1
SOL-03349,169.3002,4.068735598196965e+16,827.8994,96504.9976,46.0968,14.3136,synthetic_prototype_v1
SOL-03350,222.9618,9253755131104372.0,860.7583,27401.9707,24.6036,12.5544,synthetic_prototype_v1
SOL-03351,120.0905,7.828617660804648e+16,775.1008,60918.1369,36.8925,17.4142,synthetic_prototype_v1
SOL-03352,127.2597,4.68556749353068e+16,658.9853,64497.4297,27.1231,19.7815,synthetic_prototype_v1
SOL-03353,176.3192,4458286009518190.0,605.7309,71100.6251,24.1545,11.1234,synthetic_prototype_v1
SOL-03354,99.8855,4.7613124953112056e+16,718.0139,114877.2581,61.8303,10.216,synthetic_prototype_v1
SOL-03355,160.664,6.08286272667631e+16,730.2425,117934.6119,69.3064,8.0,synthetic_prototype_v1
SOL-03356,270.259,2.8123619774221347e+17,649.8198,68970.5885,66.0011,11.0067,synthetic_prototype_v1
SOL-03357,157.8545,1781090947998180.5,549.5562,87364.5537,32.9513,14.4908,synthetic_prototype_v1
SOL-03358,131.1609,5.20582913246279e+16,794.2261,48455.2999,64.7126,8.0,synthetic_prototype_v1
SOL-03359,115.1759,4734014429266284.0,609.7642,42453.0818,70.8232,8.0,synthetic_prototype_v1
SOL-03360,203.5949,2.6024028277895068e+16,800.866,61940.3349,42.8079,14.9436,synthetic_prototype_v1
SOL-03361,69.8342,2996908345421313.5,743.8535,48069.6517,20.0325,15.3412,synthetic_prototype_v1
SOL-03362,121.6203,4.362466006432897e+16,732.2114,85699.5438,28.3591,22.1351,synthetic_prototype_v1
SOL-03363,93.2486,7.894755856079198e+16,579.3192,74725.1914,72.8584,9.8502,synthetic_prototype_v1
SOL-03364,154.4048,4.23875240383872e+17,788.6486,56775.3101,33.6,14.7234,synthetic_prototype_v1
SOL-03365,94.3089,1.2122672534021464e+17,562.1599,51323.8731,59.9692,8.0,synthetic_prototype_v1
SOL-03366,140.1173,7520474741631011.0,761.6214,65265.267,17.3958,16.0334,synthetic_prototype_v1
SOL-03367,128.5556,1.1937216351035818e+17,673.2625,84886.877,26.3852,21.7283,synthetic_prototype_v1
SOL-03368,223.197,2.2766545134825664e+16,636.8129,60637.6077,24.1234,17.0964,synthetic_prototype_v1
SOL-03369,212.9712,4110254568696367.0,666.5059,69955.6659,30.7701,16.1043,synthetic_prototype_v1
SOL-03370,116.8832,1.9753024519758192e+17,823.7756,94695.1177,15.0,13.3087,synthetic_prototype_v1
SOL-03371,197.9498,4.3645129645073286e+17,606.3348,94076.14,19.2731,12.5006,synthetic_prototype_v1
SOL-03372,104.0823,2.6451488988110516e+16,722.4041,67003.7785,16.2415,19.5238,synthetic_prototype_v1
SOL-03373,65.8006,4.9197485024881704e+16,752.7348,88396.222,33.5254,15.7164,synthetic_prototype_v1
SOL-03374,249.1429,9126710978456204.0,886.2317,26353.1935,63.5719,9.4698,synthetic_prototype_v1
SOL-03375,298.8888,9895503022164648.0,776.567,118739.6918,37.17,9.0441,synthetic_prototype_v1
SOL-03376,260.5175,5.569697603336512e+17,751.6792,105412.5758,38.4002,11.5494,synthetic_prototype_v1
SOL-03377,264.8827,2968608370378272.0,844.0095,24397.7748,58.9833,8.0,synthetic_prototype_v1
SOL-03378,240.9808,2958533505233157.0,621.1019,107135.3083,65.3797,12.0216,synthetic_prototype_v1
SOL-03379,147.7102,1.0444044487931136e+16,627.8892,53773.4579,35.0424,17.3766,synthetic_prototype_v1
SOL-03380,149.8878,5696649211583267.0,635.9187,77697.152,15.0,16.737,synthetic_prototype_v1
SOL-03381,194.7444,3.947258484089774e+17,571.7482,69766.6827,20.7204,13.0042,synthetic_prototype_v1
SOL-03382,152.9609,3277993534947228.0,564.9306,75557.6064,67.0681,8.0,synthetic_prototype_v1
SOL-03383,167.3317,1005712505780892.9,514.7198,110392.0148,38.0065,11.6553,synthetic_prototype_v1
SOL-03384,237.0177,5.730476991163285e+17,747.1944,44310.6977,61.6934,8.3815,synthetic_prototype_v1
SOL-03385,286.0359,1.4188358590755381e+17,889.162,118383.9507,33.8117,10.7606,synthetic_prototype_v1
SOL-03386,190.8291,8327248397267867.0,845.3938,72598.9118,70.45,10.2914,synthetic_prototype_v1
SOL-03387,81.6409,2217237950494120.2,501.3928,112429.8413,41.6858,12.0274,synthetic_prototype_v1
SOL-03388,126.5432,2.8888732528220876e+16,739.1363,68901.0328,35.5944,21.1087,synthetic_prototype_v1
SOL-03389,169.0229,9627779084620974.0,657.9985,102698.2204,73.7072,9.2499,synthetic_prototype_v1
SOL-03390,194.6012,3.534088112000074e+16,619.8647,50604.9564,26.7941,18.5177,synthetic_prototype_v1
SOL-03391,182.19,4.082272132778109e+17,676.5919,65423.821,38.7549,13.4972,synthetic_prototype_v1
SOL-03392,179.4154,5.991375465069908e+17,517.2564,36608.1719,70.3639,8.0,synthetic_prototype_v1
SOL-03393,270.5438,3139780175720263.0,880.488,91810.3055,48.2967,8.2688,synthetic_prototype_v1
SOL-03394,158.5873,4752410611051820.0,614.0212,42933.922,48.1462,13.3259,synthetic_prototype_v1
SOL-03395,231.545,3952484129540158.5,512.5566,110946.8396,45.7707,12.0181,synthetic_prototype_v1
SOL-03396,158.2845,1.0662092181527654e+16,719.703,81069.6137,42.5823,16.8968,synthetic_prototype_v1
SOL-03397,122.33,1891354437854754.0,863.1208,95198.6888,16.6905,8.0,synthetic_prototype_v1
SOL-03398,128.845,4.363688129155531e+16,612.8851,80777.8274,33.6135,16.5872,synthetic_prototype_v1
SOL-03399,120.0379,7.987910206957834e+16,671.638,95570.8575,29.3241,20.0603,synthetic_prototype_v1
SOL-03400,141.0585,1.5093336527503564e+16,700.854,84120.8917,15.0,22.9566,synthetic_prototype_v1
SOL-03401,92.8118,2.2333252914712508e+16,722.714,61727.2899,15.0,17.7036,synthetic_prototype_v1
SOL-03402,209.7534,4.0585543829082464e+17,815.2876,67742.5085,65.3092,8.2315,synthetic_prototype_v1
SOL-03403,181.8644,1.259013718201748e+17,543.4868,91933.9065,38.5473,15.1481,synthetic_prototype_v1
SOL-03404,188.509,1747254194856651.5,760.3776,25854.0286,16.8805,11.8499,synthetic_prototype_v1
SOL-03405,120.7933,7695298862217082.0,667.8153,82667.7784,21.4025,20.611,synthetic_prototype_v1
SOL-03406,170.1693,4780566378516382.0,689.4716,46146.1545,23.2858,17.8552,synthetic_prototype_v1
SOL-03407,127.4667,4.966514967790543e+16,777.0645,44241.6929,24.2274,17.522,synthetic_prototype_v1
SOL-03408,148.8331,2.9160046706485444e+16,687.1544,49623.1739,22.1163,23.0,synthetic_prototype_v1
SOL-03409,174.7042,6.472096776825492e+17,898.2105,69669.2134,35.2702,12.6628,synthetic_prototype_v1
SOL-03410,284.1674,1.508597958948978e+16,647.0033,26438.5138,17.3216,10.4584,synthetic_prototype_v1
SOL-03411,268.5786,9.95925325332951e+17,819.1298,79873.8436,51.7571,11.3871,synthetic_prototype_v1
SOL-03412,190.3058,4.922837007756858e+16,673.6019,108973.0988,28.8536,19.8545,synthetic_prototype_v1
SOL-03413,164.5385,1.0948410990141576e+16,753.8548,51140.5784,38.103,18.7302,synthetic_prototype_v1
SOL-03414,119.5283,1.416351018926056e+17,526.0311,34972.2049,58.7569,8.4117,synthetic_prototype_v1
SOL-03415,141.1077,5.51822821734896e+16,764.0465,93385.4707,31.6698,21.9813,synthetic_prototype_v1
SOL-03416,106.3982,2.295316271263171e+16,578.1109,111493.9012,65.9953,8.0,synthetic_prototype_v1
SOL-03417,173.3225,8635912792214756.0,521.2645,36068.2393,74.2584,8.0,synthetic_prototype_v1
SOL-03418,246.866,3688766394084625.5,862.2371,31718.5523,17.9741,10.3715,synthetic_prototype_v1
SOL-03419,271.2123,2.6645393333129476e+16,740.1306,94736.707,49.1839,12.8264,synthetic_prototype_v1
SOL-03420,123.5821,1.8866103973949948e+16,777.3369,88608.4987,20.2222,20.0584,synthetic_prototype_v1
SOL-03421,63.892,1.3598418244783267e+17,893.2022,23109.1093,54.4211,9.8123,synthetic_prototype_v1
SOL-03422,143.1756,1994322674103455.5,761.3457,84528.1528,46.8407,13.9645,synthetic_prototype_v1
SOL-03423,171.3987,5.627870891199586e+16,701.0991,56745.1827,24.5285,22.0742,synthetic_prototype_v1
SOL-03424,279.3489,1.1418312052094114e+17,711.38,117567.7842,34.5115,15.0055,synthetic_prototype_v1
SOL-03425,168.196,6.9995987627245896e+16,652.7954,78640.1956,64.1784,8.1749,synthetic_prototype_v1
SOL-03426,202.601,8940503666581826.0,766.2349,57675.4663,53.3801,13.0106,synthetic_prototype_v1
SOL-03427,85.9772,1797112771813979.8,809.0152,49512.601,23.0174,14.6587,synthetic_prototype_v1
SOL-03428,102.1549,6.353879574452556e+16,654.2437,63305.9649,26.8167,17.3377,synthetic_prototype_v1
SOL-03429,234.4121,3.7670980360697896e+16,697.3736,95861.2614,23.039,16.6711,synthetic_prototype_v1
SOL-03430,239.6299,3.232478017770033e+16,516.0125,108484.7592,18.6916,12.2728,synthetic_prototype_v1
SOL-03431,50.4152,1.048134125371994e+16,777.0966,38263.3993,34.6128,12.965,synthetic_prototype_v1
SOL-03432,156.9621,1.0587320055527722e+16,687.3993,88251.9662,28.6749,18.4652,synthetic_prototype_v1
SOL-03433,93.7018,3.515653472866749e+17,643.3587,97767.478,25.9169,16.1985,synthetic_prototype_v1
SOL-03434,278.168,3258445411649250.5,607.3685,113734.3321,52.4438,11.5995,synthetic_prototype_v1
SOL-03435,105.592,1.2996950429163846e+16,529.4448,114302.0685,62.7959,9.0154,synthetic_prototype_v1
SOL-03436,202.6925,4.870621284290612e+16,647.4487,70865.9344,18.7053,17.4498,synthetic_prototype_v1
SOL-03437,206.8272,4.6715206348138744e+16,631.2574,62816.7191,72.1218,9.2529,synthetic_prototype_v1
SOL-03438,263.3362,2015139669759206.5,732.5628,115219.2536,27.9351,11.0457,synthetic_prototype_v1
SOL-03439,151.1959,1.898739734836767e+16,685.2137,79341.9604,22.4711,23.0,synthetic_prototype_v1
SOL-03440,160.8026,2.0489299905603744e+17,672.3099,52494.4106,32.4794,16.6532,synthetic_prototype_v1
SOL-03441,142.734,1.5396868579501642e+17,744.3563,75186.9859,36.233,16.6547,synthetic_prototype_v1
SOL-03442,77.3206,2498267526237951.5,538.5574,98401.6001,69.6634,8.0,synthetic_prototype_v1
SOL-03443,274.5916,3547762064694681.0,851.6953,59285.9152,62.7697,9.6981,synthetic_prototype_v1
SOL-03444,78.8725,6.196315797338377e+17,707.3523,32561.1169,25.7894,13.5397,synthetic_prototype_v1
SOL-03445,88.168,6.267491837805276e+16,693.5041,66296.292,18.8485,14.9192,synthetic_prototype_v1
SOL-03446,205.9998,2.633975633761861e+16,787.5318,95072.5641,15.0,15.7776,synthetic_prototype_v1
SOL-03447,119.7715,6219418765593133.0,703.4803,64228.8297,16.9,18.8987,synthetic_prototype_v1
SOL-03448,114.2398,2.9488986160588264e+16,652.1766,64757.8759,24.3951,20.3181,synthetic_prototype_v1
SOL-03449,146.8696,1.542522042569464e+17,703.756,70718.6393,65.8706,8.0,synthetic_prototype_v1
SOL-03450,168.3082,1.8657252540263344e+16,681.2616,61397.3177,24.9487,20.6783,synthetic_prototype_v1
SOL-03451,171.2768,3.216647783404549e+16,642.8249,77382.256,26.2158,22.9536,synthetic_prototype_v1
SOL-03452,237.7096,9643027997322354.0,554.4289,105506.993,42.262,12.176,synthetic_prototype_v1
SOL-03453,148.6575,3.020958496888862e+17,750.3373,97743.516,23.0665,16.1015,synthetic_prototype_v1
SOL-03454,262.3588,3086984658742134.5,898.1636,60020.6628,72.3981,8.1237,synthetic_prototype_v1
SOL-03455,66.5198,3.332985328167199e+17,776.3613,101619.3269,29.3523,14.7428,synthetic_prototype_v1
SOL-03456,175.1915,7.685255388549784e+17,838.6158,94873.1478,19.5494,11.6455,synthetic_prototype_v1
SOL-03457,73.5443,1243781211453577.2,568.0498,42281.9824,27.5955,12.5669,synthetic_prototype_v1
SOL-03458,105.9292,7.881579140997286e+16,576.0289,65387.9396,25.635,12.8029,synthetic_prototype_v1
SOL-03459,220.3324,3.6092947723100744e+16,722.2092,86953.9283,63.2824,8.0,synthetic_prototype_v1
SOL-03460,137.7899,2.5135353261430668e+16,747.8309,41199.8228,25.6987,20.6987,synthetic_prototype_v1
SOL-03461,69.6858,2.4935927697533504e+16,718.0715,49769.439,28.8611,13.2529,synthetic_prototype_v1
SOL-03462,135.003,1.4631087639988554e+16,691.2377,96771.0295,15.1813,23.0,synthetic_prototype_v1
SOL-03463,164.4675,2.0836054403570324e+16,663.2481,54313.576,18.7032,20.3046,synthetic_prototype_v1
SOL-03464,150.5345,1.8905698199968237e+17,669.5158,95415.2338,64.6299,9.9386,synthetic_prototype_v1
SOL-03465,193.0861,6234920309000232.0,699.7255,95983.4848,28.7802,19.2328,synthetic_prototype_v1
SOL-03466,172.4561,5.182596579081678e+16,762.5668,89041.4172,66.4285,9.6632,synthetic_prototype_v1
SOL-03467,295.8543,9268646492565748.0,613.8252,59238.2966,60.4279,8.4206,synthetic_prototype_v1
SOL-03468,100.4948,1261333433673954.5,589.3994,37425.0843,56.1881,8.6538,synthetic_prototype_v1
SOL-03469,242.5483,7.228232050242075e+16,854.2981,113298.176,33.4017,11.2511,synthetic_prototype_v1
SOL-03470,108.6759,5172847318603793.0,619.3319,24408.4556,49.4565,13.584,synthetic_prototype_v1
SOL-03471,100.5066,1.3616124759153792e+16,720.4856,70604.9126,28.248,18.4217,synthetic_prototype_v1
SOL-03472,141.2204,1.1841494451361854e+17,664.9872,47631.0594,20.4297,19.0731,synthetic_prototype_v1
SOL-03473,62.9374,3000649466726587.5,617.2617,76072.4856,48.872,11.662,synthetic_prototype_v1
SOL-03474,178.0607,2.7393012389483436e+16,627.7655,36534.6968,40.3411,18.2822,synthetic_prototype_v1
SOL-03475,172.8144,8486240941261982.0,697.9394,64862.8808,31.5843,22.7697,synthetic_prototype_v1
SOL-03476,140.4461,1.900144358238248e+16,631.6438,92644.6992,15.0,22.8329,synthetic_prototype_v1
SOL-03477,263.0039,1.0815202676535253e+17,589.3778,83567.6025,51.4837,12.2645,synthetic_prototype_v1
SOL-03478,99.9771,9.534470692977827e+17,691.7219,74699.9341,43.5473,10.9333,synthetic_prototype_v1
SOL-03479,278.1457,1274301803531711.5,590.0969,31967.3568,26.9991,11.0541,synthetic_prototype_v1
SOL-03480,262.9305,3.544668653941406e+17,775.976,86083.1297,61.5312,11.1271,synthetic_prototype_v1
SOL-03481,89.9758,4.947538626232885e+16,734.9979,72642.1118,18.4985,16.8236,synthetic_prototype_v1
SOL-03482,200.4992,4845174413814477.0,693.0815,94317.6081,58.3543,10.1327,synthetic_prototype_v1
SOL-03483,219.4052,5542491930633662.0,508.2537,83710.4073,64.5449,8.0,synthetic_prototype_v1
SOL-03484,143.431,2.2392601133912458e+17,761.6804,99409.4196,34.3044,15.9077,synthetic_prototype_v1
SOL-03485,67.4102,3.141225218368113e+17,702.3324,46394.3613,36.1936,12.3497,synthetic_prototype_v1
SOL-03486,255.7812,3.448726368625495e+16,673.0314,70548.2187,42.3585,14.4274,synthetic_prototype_v1
SOL-03487,187.1535,1449853524723662.5,807.6447,117426.8991,32.0153,12.9061,synthetic_prototype_v1
SOL-03488,160.7129,1.7177781940613336e+16,756.5672,95516.4204,34.1798,23.0,synthetic_prototype_v1
SOL-03489,57.5136,2638459761023717.0,669.9031,116850.0722,41.0452,12.0463,synthetic_prototype_v1
SOL-03490,132.9649,3.381663298846563e+16,722.0207,54669.1506,18.5129,20.5959,synthetic_prototype_v1
SOL-03491,160.5785,1968971732632562.8,689.999,40270.3361,67.0967,9.9786,synthetic_prototype_v1
SOL-03492,57.7487,8040959886098235.0,726.1743,90944.1561,65.7132,8.0,synthetic_prototype_v1
SOL-03493,141.6453,1240130624873727.0,862.4725,109278.2823,51.1722,10.4735,synthetic_prototype_v1
SOL-03494,207.9161,5.0868508643461997e+17,549.0694,65569.686,58.5155,8.4796,synthetic_prototype_v1
SOL-03495,208.6351,3734061546990172.5,696.9999,97364.9775,33.6799,12.9736,synthetic_prototype_v1
SOL-03496,97.3678,1.9309843534440164e+16,750.7688,53754.6247,74.7756,8.0,synthetic_prototype_v1
SOL-03497,118.6629,1.3373323054228206e+16,635.653,48154.7502,25.7856,18.2378,synthetic_prototype_v1
SOL-03498,198.1564,1.741945322407631e+17,718.7983,65727.5154,26.7939,15.8939,synthetic_prototype_v1
SOL-03499,145.8642,5476339119593693.0,630.7124,44198.3451,15.0,19.3355,synthetic_prototype_v1
SOL-03500,79.9181,3726134385832555.5,820.1799,106693.3835,32.7387,12.8919,synthetic_prototype_v1
SOL-03501,184.3769,6668936743406850.0,804.7046,50655.4087,52.8377,11.8655,synthetic_prototype_v1
SOL-03502,74.2445,3.652342325004941e+16,522.3763,100264.5838,36.0843,11.8435,synthetic_prototype_v1
SOL-03503,192.4957,8791512336813524.0,578.9586,34603.1625,28.3747,16.6052,synthetic_prototype_v1
SOL-03504,106.9669,3.756352041271061e+16,691.9378,64790.2231,56.6103,10.786,synthetic_prototype_v1
SOL-03505,90.9378,1480652128224337.2,767.214,30952.4729,52.0479,11.4158,synthetic_prototype_v1
SOL-03506,132.3421,2.950190604089448e+17,631.1419,62467.2675,27.423,12.4232,synthetic_prototype_v1
SOL-03507,296.6572,2381634630769639.0,826.8411,82553.835,53.7133,8.0,synthetic_prototype_v1
SOL-03508,161.0296,2.470271919839051e+16,720.8327,73168.5295,21.9175,22.26,synthetic_prototype_v1
SOL-03509,191.3043,1.4749080659617242e+16,634.8581,64345.1156,16.9454,14.9598,synthetic_prototype_v1
SOL-03510,165.3028,5.059725012070757e+16,692.5813,76531.6093,24.5451,23.0,synthetic_prototype_v1
SOL-03511,266.9347,5.800504775870071e+16,608.2159,40931.4303,34.2735,13.055,synthetic_prototype_v1
SOL-03512,140.519,1.6295004753258602e+16,710.8891,42320.8956,22.6344,22.4749,synthetic_prototype_v1
SOL-03513,160.8293,1.1199619393296412e+16,704.8743,82057.8058,22.87,21.5906,synthetic_prototype_v1
SOL-03514,296.1624,4055396888387749.0,766.8379,104842.1355,18.9585,10.1377,synthetic_prototype_v1
SOL-03515,226.961,6.8654677453014104e+16,504.0427,94513.7419,65.5682,10.3018,synthetic_prototype_v1
SOL-03516,144.3205,1317215426052715.0,676.1421,112954.6859,34.383,17.0998,synthetic_prototype_v1
SOL-03517,77.1439,4.428260165966801e+17,861.7431,103767.9512,61.1522,9.2584,synthetic_prototype_v1
SOL-03518,171.9015,1.0214704341994722e+16,694.4154,42339.3376,23.2448,21.2705,synthetic_prototype_v1
SOL-03519,175.7187,5.362664593968979e+17,670.2371,84309.0769,52.7086,14.3924,synthetic_prototype_v1
SOL-03520,125.6112,1.0873595614581666e+16,653.9065,76315.2456,19.4606,19.7776,synthetic_prototype_v1
SOL-03521,90.7832,3.1267602996269324e+16,750.0122,97483.0624,15.0,18.6724,synthetic_prototype_v1
SOL-03522,152.894,2.6515616500305094e+17,563.3655,75147.212,57.9588,8.0,synthetic_prototype_v1
SOL-03523,215.8484,1.1017371952668581e+17,735.8779,64617.4781,27.8231,16.4197,synthetic_prototype_v1
SOL-03524,125.0355,1.060824234421594e+17,654.1944,89136.7391,27.513,19.3108,synthetic_prototype_v1
SOL-03525,156.2448,4258748384579974.5,514.212,43843.7187,32.3405,12.5789,synthetic_prototype_v1
SOL-03526,184.8819,6.49236033323919e+16,798.5093,31704.9271,39.2777,12.7575,synthetic_prototype_v1
SOL-03527,192.8097,9704647617514966.0,641.3667,71526.0334,24.4044,20.4155,synthetic_prototype_v1
SOL-03528,275.7232,2.873921673524424e+16,645.8991,72154.422,22.198,14.9483,synthetic_prototype_v1
SOL-03529,240.1054,4.0192974936748584e+16,652.6167,21017.0962,40.705,14.4689,synthetic_prototype_v1
SOL-03530,282.5264,1.6809314792350338e+16,521.8356,62353.0195,61.7169,10.7139,synthetic_prototype_v1
SOL-03531,86.131,2570336374991724.0,868.4922,64037.6802,54.1493,8.7389,synthetic_prototype_v1
SOL-03532,143.7418,4.84805235663159e+16,648.0116,46741.8409,21.4838,20.0103,synthetic_prototype_v1
SOL-03533,199.736,2.2087013342214764e+16,721.4348,72433.7943,30.8024,19.901,synthetic_prototype_v1
SOL-03534,114.0777,5.232898965656053e+16,722.1946,96219.3696,29.9152,18.6671,synthetic_prototype_v1
SOL-03535,172.3163,3.727998992786156e+17,717.5075,89028.8167,46.6609,12.342,synthetic_prototype_v1
SOL-03536,131.1229,6.030748257592967e+16,706.0188,54702.6667,29.2717,20.7729,synthetic_prototype_v1
SOL-03537,297.151,1.9825188372995034e+17,514.6849,79596.1791,53.9255,9.3162,synthetic_prototype_v1
SOL-03538,179.5312,6600972938682943.0,707.783,77595.4604,32.2857,17.8369,synthetic_prototype_v1
SOL-03539,284.2033,3.218021295934844e+17,724.7511,76117.6421,18.7944,13.1642,synthetic_prototype_v1
SOL-03540,218.0661,2.106912568334458e+16,785.5237,113360.8963,63.4427,8.0,synthetic_prototype_v1
SOL-03541,248.4088,2.6180126889735357e+17,577.9354,53079.8219,57.1541,10.3396,synthetic_prototype_v1
SOL-03542,124.8458,1200707722648106.2,524.4518,20609.2405,40.9542,11.1495,synthetic_prototype_v1
SOL-03543,153.4107,6.7029362099572984e+16,740.0536,84113.5687,15.0,21.9541,synthetic_prototype_v1
SOL-03544,266.7004,1025294751819918.9,782.1058,38896.8606,63.4426,8.6857,synthetic_prototype_v1
SOL-03545,272.6981,2243064175831281.0,587.6467,59834.8208,61.5994,8.0,synthetic_prototype_v1
SOL-03546,83.6381,6.21913501726823e+17,702.7308,37968.2015,39.4617,10.0185,synthetic_prototype_v1
SOL-03547,181.8862,9852234378546956.0,814.7115,59159.0218,45.8435,12.3763,synthetic_prototype_v1
SOL-03548,122.1501,2036832372621545.2,662.3798,90188.28,17.5103,13.5813,synthetic_prototype_v1
SOL-03549,179.2087,1.9177076912099446e+17,732.1779,88206.8926,36.7474,14.8068,synthetic_prototype_v1
SOL-03550,288.2306,4345343571039254.0,853.9663,41392.1852,44.5645,10.2343,synthetic_prototype_v1
SOL-03551,165.9071,3.300410861499191e+16,752.9835,85823.2942,28.8419,22.8632,synthetic_prototype_v1
SOL-03552,102.6279,3.225301614583633e+16,757.9674,47523.9526,24.5529,19.6163,synthetic_prototype_v1
SOL-03553,149.0163,1.5866180569567894e+17,501.5456,41895.5022,58.9099,9.2667,synthetic_prototype_v1
SOL-03554,86.0937,1.0407706190381684e+16,728.0075,56705.0259,30.2405,16.2941,synthetic_prototype_v1
SOL-03555,150.0154,5.33906016907825e+16,511.228,84835.2666,60.4236,8.0,synthetic_prototype_v1
SOL-03556,278.0513,4.546150608897677e+16,842.6461,41806.2028,71.9379,8.0,synthetic_prototype_v1
SOL-03557,196.9087,1.5454180514961373e+17,505.4715,35713.6305,60.2958,8.4778,synthetic_prototype_v1
SOL-03558,63.8176,6.6740083975289576e+16,825.1208,80733.2956,51.5281,11.7851,synthetic_prototype_v1
SOL-03559,175.2772,2.433629213913089e+16,725.6822,53763.0898,48.4225,20.4077,synthetic_prototype_v1
SOL-03560,188.6462,3912426173372901.0,650.0455,75408.9246,43.2891,15.4562,synthetic_prototype_v1
SOL-03561,191.7086,1.9073403776992692e+16,744.9066,71164.0234,20.2271,19.881,synthetic_prototype_v1
SOL-03562,162.3596,1.4463179816499778e+16,748.6893,70621.2307,23.3985,21.1042,synthetic_prototype_v1
SOL-03563,148.1432,1.604136544537546e+17,573.2561,82699.484,72.646,9.3105,synthetic_prototype_v1
SOL-03564,197.5801,4.965347420047212e+16,721.78,85572.5473,71.1545,8.0,synthetic_prototype_v1
SOL-03565,145.6252,7952267019878315.0,619.1153,56621.0455,15.0,17.8218,synthetic_prototype_v1
SOL-03566,141.2336,3981229989622390.5,718.8113,59179.7644,23.1463,18.9348,synthetic_prototype_v1
SOL-03567,100.0378,1.889469846889956e+17,631.5963,66973.6884,22.9421,17.081,synthetic_prototype_v1
SOL-03568,253.0307,5.275280532332683e+17,683.394,21337.2133,31.7104,8.3305,synthetic_prototype_v1
SOL-03569,182.4364,3.4910655172192304e+16,872.5996,39303.3211,21.4312,11.2831,synthetic_prototype_v1
SOL-03570,172.719,6.94254241239932e+16,639.7302,97564.8643,18.1034,20.7546,synthetic_prototype_v1
SOL-03571,144.1838,7.751099718814784e+16,534.8517,30656.797,20.9626,13.9036,synthetic_prototype_v1
SOL-03572,91.3719,2140474879377952.5,826.3724,84943.7773,25.4678,12.6387,synthetic_prototype_v1
SOL-03573,195.9187,4.433560729440915e+17,644.4395,84685.4114,19.2461,13.1361,synthetic_prototype_v1
SOL-03574,281.2021,1.6490122695692102e+17,758.3958,68710.8247,55.9702,9.0193,synthetic_prototype_v1
SOL-03575,147.4724,9.557689150677621e+16,783.9449,40241.9609,50.8116,17.094,synthetic_prototype_v1
SOL-03576,150.7407,3.1516268161233612e+16,748.7017,50651.2616,49.867,16.8838,synthetic_prototype_v1
SOL-03577,205.4655,2.1622593524965018e+17,796.8199,74094.3621,60.4857,8.0,synthetic_prototype_v1
SOL-03578,145.8357,1.7410426932935588e+16,833.7616,38513.6123,65.9431,8.5703,synthetic_prototype_v1
SOL-03579,169.3781,6245048098021595.0,659.0629,71491.8391,21.923,17.0546,synthetic_prototype_v1
SOL-03580,188.845,2.063894940488996e+17,726.0307,90953.3715,19.4004,19.1651,synthetic_prototype_v1
SOL-03581,104.0673,1.099748006166106e+17,609.8336,37501.6975,54.3386,12.4126,synthetic_prototype_v1
SOL-03582,115.8689,1.1056355266844602e+16,865.4171,106599.7774,54.2115,8.0718,synthetic_prototype_v1
SOL-03583,234.1308,5.884075571045682e+16,584.0019,79038.385,38.5252,11.9361,synthetic_prototype_v1
SOL-03584,126.0064,5.024383343836868e+16,666.1997,45475.7483,18.1771,20.7525,synthetic_prototype_v1
SOL-03585,131.6367,1.8519667812803126e+17,536.4678,79689.3701,16.5391,11.9129,synthetic_prototype_v1
SOL-03586,163.5229,9679416855088656.0,686.419,98315.4701,43.7124,21.8328,synthetic_prototype_v1
SOL-03587,177.0882,2.215005387107416e+16,832.9134,54930.4819,73.3888,8.0295,synthetic_prototype_v1
SOL-03588,285.0048,7540551569585914.0,669.0068,33729.3837,42.7516,12.0192,synthetic_prototype_v1
SOL-03589,201.8546,1.4157818561878006e+17,598.872,78441.0718,30.5976,10.7185,synthetic_prototype_v1
SOL-03590,75.1817,2.0898994462757116e+16,773.4865,57313.0971,38.8336,13.7647,synthetic_prototype_v1
SOL-03591,185.6923,3182639357719393.0,747.5135,81697.4853,19.7783,16.5521,synthetic_prototype_v1
SOL-03592,266.3641,9252131971746934.0,579.3757,37217.1108,65.8644,8.0,synthetic_prototype_v1
SOL-03593,189.8827,3.441498416573092e+16,713.5827,40980.4835,16.9864,18.5579,synthetic_prototype_v1
SOL-03594,219.1631,1.1415405491794752e+17,851.2117,91111.0376,32.2016,12.9977,synthetic_prototype_v1
SOL-03595,159.0792,6.074963955484869e+17,703.1863,20243.928,58.1789,8.4369,synthetic_prototype_v1
SOL-03596,248.9471,4.413585310365939e+16,550.1539,94395.5441,58.4613,8.0,synthetic_prototype_v1
SOL-03597,234.1853,5006423848880166.0,637.0451,89043.5377,20.4532,12.8944,synthetic_prototype_v1
SOL-03598,169.6012,2.74043904684534e+16,610.0523,25944.7982,59.88,10.1491,synthetic_prototype_v1
SOL-03599,108.5046,1.5394284032240848e+17,710.3729,69452.8623,15.0,19.0228,synthetic_prototype_v1
SOL-03600,103.6347,2691846001680149.5,865.9369,51419.3456,38.39,9.0237,synthetic_prototype_v1
SOL-03601,161.2839,2.015714851639104e+16,717.675,53975.3754,15.0,23.0,synthetic_prototype_v1
SOL-03602,141.5287,5.0607029151613784e+16,720.3556,45620.7405,15.0,21.5817,synthetic_prototype_v1
SOL-03603,253.6185,6.9707977848314584e+16,651.8366,66392.1645,74.4583,9.6643,synthetic_prototype_v1
SOL-03604,76.9352,9.08576863432255e+16,757.8421,34191.2103,35.1754,10.3582,synthetic_prototype_v1
SOL-03605,168.4832,1088043825528054.5,691.0608,77934.6594,51.5322,13.8469,synthetic_prototype_v1
SOL-03606,244.3397,3.124909728821497e+16,680.5122,46998.8737,46.1253,13.4595,synthetic_prototype_v1
SOL-03607,107.8812,1.7307673862155827e+17,632.1644,60480.1021,18.0583,16.5839,synthetic_prototype_v1
SOL-03608,158.844,1.8747221821069784e+16,654.9724,98774.671,30.6224,21.391,synthetic_prototype_v1
SOL-03609,71.8638,6.232544754372642e+16,749.5077,65805.5047,24.0502,15.3576,synthetic_prototype_v1
SOL-03610,129.7831,5.335228930475942e+17,643.0927,87227.3548,22.5949,15.4398,synthetic_prototype_v1
SOL-03611,288.2871,5442488616292245.0,760.742,20794.9684,66.5227,9.4964,synthetic_prototype_v1
SOL-03612,159.0233,2.832650391169872e+16,733.1901,55947.1727,18.9434,21.2248,synthetic_prototype_v1
SOL-03613,133.3875,3.920587453646918e+17,753.033,34089.0862,52.6977,12.7435,synthetic_prototype_v1
SOL-03614,79.6693,2.0443536341409124e+16,714.9408,92072.8387,59.2697,11.2975,synthetic_prototype_v1
SOL-03615,79.5015,1.5132324684553636e+16,604.9165,115842.4804,54.6299,12.6892,synthetic_prototype_v1
SOL-03616,152.6099,5.491110518699672e+16,725.6897,62136.9869,15.5103,21.0447,synthetic_prototype_v1
SOL-03617,115.5971,5.869373996114034e+16,511.1946,85932.0637,39.3936,11.7801,synthetic_prototype_v1
SOL-03618,192.7478,1.8860459380626544e+16,632.755,96660.2366,35.6846,16.4499,synthetic_prototype_v1
SOL-03619,136.624,2.9548653046038784e+16,620.5261,85791.9052,28.201,18.375,synthetic_prototype_v1
SOL-03620,111.9599,9172985094740156.0,569.821,90305.5567,23.621,15.3251,synthetic_prototype_v1
SOL-03621,292.2941,2.7345812986821542e+17,634.1784,86268.8239,51.9932,11.1124,synthetic_prototype_v1
SOL-03622,192.1424,6017204018611727.0,539.9819,79380.6207,43.9305,13.7142,synthetic_prototype_v1
SOL-03623,65.8321,5.942246437849906e+17,635.6128,45298.7878,47.0864,11.964,synthetic_prototype_v1
SOL-03624,276.9012,3866471440481854.0,580.7274,44739.0879,47.3549,12.7412,synthetic_prototype_v1
SOL-03625,94.3766,1.51716465983419e+17,851.6903,117335.4073,22.0786,11.2105,synthetic_prototype_v1
SOL-03626,71.2048,3841608109056251.5,599.2688,43399.1943,64.584,8.0,synthetic_prototype_v1
SOL-03627,97.1326,2.160266235907866e+16,870.5133,27687.4245,38.2375,9.9209,synthetic_prototype_v1
SOL-03628,153.4577,1.844177284298983e+16,734.1308,51079.6669,24.6825,21.0911,synthetic_prototype_v1
SOL-03629,82.688,2.1532699910468704e+16,763.877,40210.0105,19.8215,17.0672,synthetic_prototype_v1
SOL-03630,215.7311,1.879339731658116e+17,807.7362,68090.7773,38.5598,10.6488,synthetic_prototype_v1
SOL-03631,77.6471,1.7259372499371056e+17,864.1649,79310.8309,18.6812,11.3589,synthetic_prototype_v1
SOL-03632,183.46,2.4763256810191348e+16,609.4426,67474.1742,57.2117,12.4375,synthetic_prototype_v1
SOL-03633,180.495,7.058595776944347e+17,715.3938,37301.5409,43.3314,13.8595,synthetic_prototype_v1
SOL-03634,144.1005,7.579941705245907e+16,763.1475,71779.6847,27.0442,21.8962,synthetic_prototype_v1
SOL-03635,237.3382,7.023443357347108e+16,659.1099,119905.9435,34.4155,14.8023,synthetic_prototype_v1
SOL-03636,104.1804,3.3567766406654548e+16,703.9696,72263.8391,15.0,20.4849,synthetic_prototype_v1
SOL-03637,209.6706,2.3188036619738512e+17,686.4741,90583.378,15.0,14.1362,synthetic_prototype_v1
SOL-03638,294.5114,4.428483157371824e+17,679.3211,85913.3433,28.667,8.9036,synthetic_prototype_v1
SOL-03639,130.5011,2.725532705104959e+17,714.4241,88079.6227,15.0,15.7882,synthetic_prototype_v1
SOL-03640,164.1726,1.2456496545785888e+17,578.6683,47061.5537,22.925,14.4809,synthetic_prototype_v1
SOL-03641,136.18,2.948865058870288e+16,696.4088,79919.2935,37.3334,22.7599,synthetic_prototype_v1
SOL-03642,227.3946,8.817480578604794e+16,736.3095,93052.7796,51.3978,14.0834,synthetic_prototype_v1
SOL-03643,239.1258,7336312280703483.0,792.9582,97103.2997,58.1334,8.9145,synthetic_prototype_v1
SOL-03644,191.2695,3.06156541886439e+17,510.5583,81020.8807,56.5484,11.7961,synthetic_prototype_v1
SOL-03645,240.4469,4705203836886944.0,688.3436,75512.7639,34.3025,13.462,synthetic_prototype_v1
SOL-03646,134.0715,2.4610120876023744e+16,740.3805,23614.0337,41.9718,17.6253,synthetic_prototype_v1
SOL-03647,152.285,2.120536110287437e+16,576.7577,33577.0682,20.5036,16.3471,synthetic_prototype_v1
SOL-03648,192.4921,1.3306957301464532e+16,623.1232,40243.682,24.5521,15.4147,synthetic_prototype_v1
SOL-03649,201.1705,3.6098369645643976e+16,713.1484,48879.523,24.3943,18.6768,synthetic_prototype_v1
SOL-03650,166.2434,1.220832525418451e+17,569.595,116669.4244,61.0585,8.0,synthetic_prototype_v1
SOL-03651,52.7337,1.1643394463781496e+16,824.4743,67147.7262,15.1578,10.5531,synthetic_prototype_v1
SOL-03652,136.8541,1.5222876897940056e+16,651.8406,46112.1842,18.3569,20.4327,synthetic_prototype_v1
SOL-03653,221.5125,2902223579605053.5,521.8174,72804.8029,25.4363,16.6945,synthetic_prototype_v1
SOL-03654,127.5837,8977739598409925.0,542.487,74410.9115,74.5391,10.1526,synthetic_prototype_v1
SOL-03655,295.7468,1590333809501430.8,660.288,97192.5427,34.103,11.8192,synthetic_prototype_v1
SOL-03656,148.5707,1.6618015985383378e+16,762.5654,76015.2588,27.4007,21.5924,synthetic_prototype_v1
SOL-03657,284.0442,1.3693916359155084e+16,817.5531,98774.5163,53.0979,11.535,synthetic_prototype_v1
SOL-03658,114.6393,3.372467103056279e+17,899.9443,57341.0398,53.8969,8.0,synthetic_prototype_v1
SOL-03659,177.4576,5.341113114740171e+16,508.7219,28505.948,29.0899,13.2801,synthetic_prototype_v1
SOL-03660,90.8017,7.377156933226984e+16,578.4481,100729.0425,48.3953,12.5893,synthetic_prototype_v1
SOL-03661,83.7699,1143584773386772.8,739.4654,89036.2312,52.6928,12.2844,synthetic_prototype_v1
SOL-03662,234.8579,4.951665915463352e+17,650.7975,96413.64,72.8796,8.0,synthetic_prototype_v1
SOL-03663,93.4691,3.4476060258895184e+16,696.0215,69231.4196,35.3296,18.675,synthetic_prototype_v1
SOL-03664,240.5628,9963596154844838.0,650.9567,28881.1882,35.1538,12.3523,synthetic_prototype_v1
SOL-03665,285.6262,1.8194027499333898e+17,651.8204,110025.221,65.3828,9.4401,synthetic_prototype_v1
SOL-03666,133.4424,2.6195307593579836e+16,685.7375,58995.3716,30.8307,21.1188,synthetic_prototype_v1
SOL-03667,203.4571,1.291843364842915e+17,566.1839,44468.742,74.6526,9.9135,synthetic_prototype_v1
SOL-03668,161.3504,1.631935392115968e+17,637.8537,88086.0588,18.6607,17.6408,synthetic_prototype_v1
SOL-03669,193.1145,4.369586899362512e+16,807.732,54935.8046,37.6433,14.6967,synthetic_prototype_v1
SOL-03670,285.2691,5.444561937454332e+17,592.81,30091.5031,64.3546,8.5012,synthetic_prototype_v1
SOL-03671,266.6522,3.317057973237751e+17,757.5832,111731.5772,67.2136,8.449,synthetic_prototype_v1
SOL-03672,177.0999,5.465896910660086e+16,697.0301,80653.3747,27.344,19.9931,synthetic_prototype_v1
SOL-03673,157.0426,1.4952397997794147e+17,590.8592,64420.0999,28.6527,13.4955,synthetic_prototype_v1
SOL-03674,132.8922,4157370310158628.0,789.3638,113271.4873,50.2287,16.6209,synthetic_prototype_v1
SOL-03675,67.4829,3.3721038394131576e+16,539.3138,85668.0656,68.2236,8.0,synthetic_prototype_v1
SOL-03676,114.4735,3.290598042089047e+16,604.2356,41444.9511,26.2605,16.6676,synthetic_prototype_v1
SOL-03677,136.0353,2691700073134169.5,859.3369,50311.6353,28.3649,10.731,synthetic_prototype_v1
SOL-03678,214.3335,4748652338067339.0,827.913,99020.9437,57.6407,8.0,synthetic_prototype_v1
SOL-03679,180.5991,3.955229900531297e+16,688.8897,63811.1441,15.0,22.1086,synthetic_prototype_v1
SOL-03680,104.2158,1.0414531008146772e+16,661.5721,77285.3255,31.5743,16.9671,synthetic_prototype_v1
SOL-03681,174.4007,1.934606770718166e+17,701.5859,66052.5759,15.0,16.4115,synthetic_prototype_v1
SOL-03682,149.235,1345629120196749.2,600.9805,75143.0927,19.8954,12.3477,synthetic_prototype_v1
SOL-03683,277.4492,1.1967876581507826e+16,818.7567,69330.5313,29.9414,11.2948,synthetic_prototype_v1
SOL-03684,60.2702,1.5624340905830976e+16,720.6191,50910.4469,28.6844,14.7827,synthetic_prototype_v1
SOL-03685,154.9413,6.8619828315057304e+16,811.7367,68853.1163,32.1462,17.6955,synthetic_prototype_v1
SOL-03686,171.8031,1.862413629264645e+16,725.2392,90020.5266,30.0132,20.4626,synthetic_prototype_v1
SOL-03687,143.4144,1.1496051410446845e+17,534.3996,114495.4136,51.524,13.2316,synthetic_prototype_v1
SOL-03688,250.3474,4.257790143306725e+17,790.8203,92328.8336,35.8325,11.9535,synthetic_prototype_v1
SOL-03689,153.8597,1.715392113273122e+16,728.7143,78854.0005,28.9068,20.9318,synthetic_prototype_v1
SOL-03690,233.1034,2130404040464779.0,525.0207,108015.4947,35.3296,11.6185,synthetic_prototype_v1
SOL-03691,190.9656,1123253596348304.1,505.6852,54669.5762,67.2755,9.0404,synthetic_prototype_v1
SOL-03692,127.9911,3.709673106629953e+16,706.231,52718.0115,23.0039,22.3466,synthetic_prototype_v1
SOL-03693,121.5208,1.8325692898219824e+17,744.8244,98661.8413,35.6613,18.0418,synthetic_prototype_v1
SOL-03694,211.0024,2.0503499780475194e+17,680.2161,49843.9976,31.139,15.3366,synthetic_prototype_v1
SOL-03695,182.0288,2.790479992290692e+16,693.2825,83411.254,32.9958,21.5962,synthetic_prototype_v1
SOL-03696,268.6405,1.1478064167319892e+16,630.2779,67913.5092,43.35,11.6356,synthetic_prototype_v1
SOL-03697,65.9184,1.6206388677306768e+16,720.963,95179.079,25.9406,15.6854,synthetic_prototype_v1
SOL-03698,110.6263,6216365645544773.0,673.5617,93264.7842,32.1709,14.4548,synthetic_prototype_v1
SOL-03699,99.5294,2.8502355378427932e+16,808.5151,115014.3886,54.8103,13.8189,synthetic_prototype_v1
SOL-03700,74.7783,6.774384694206003e+16,629.3677,119022.3667,28.4695,14.7591,synthetic_prototype_v1
SOL-03701,97.0805,1.2081894512243507e+17,809.1185,109806.1823,15.5363,14.1118,synthetic_prototype_v1
SOL-03702,125.4818,3.0737137762328666e+17,712.6626,22197.6679,21.1079,12.8229,synthetic_prototype_v1
SOL-03703,71.1111,1.1637096043404426e+16,845.53,101366.8077,16.1494,11.4247,synthetic_prototype_v1
SOL-03704,188.107,4.0182572618023416e+16,647.2695,73038.5745,27.225,21.0675,synthetic_prototype_v1
SOL-03705,175.1853,1527257256626220.8,653.6832,47805.8469,67.4696,9.564,synthetic_prototype_v1
SOL-03706,142.5184,4.352915381556951e+16,783.9506,48528.0233,36.4705,18.2531,synthetic_prototype_v1
SOL-03707,191.7344,4.8509050145904584e+16,850.6629,67874.8415,50.5057,12.5353,synthetic_prototype_v1
SOL-03708,124.7813,1.1911874225445254e+17,859.5782,106870.5804,45.7495,12.4057,synthetic_prototype_v1
SOL-03709,294.2982,2.915182162427124e+17,654.4134,116102.0409,15.9473,13.137,synthetic_prototype_v1
SOL-03710,114.4032,2.64343507226659e+16,778.748,69381.1693,63.0446,8.9556,synthetic_prototype_v1
SOL-03711,180.7726,1.6176636447861646e+16,549.5601,36079.0241,38.4155,14.3615,synthetic_prototype_v1
SOL-03712,169.1456,3.00998310436383e+17,632.3254,81161.2776,25.4705,16.3938,synthetic_prototype_v1
SOL-03713,153.0937,1.0783838158277176e+16,823.3798,38616.2467,21.2012,17.7291,synthetic_prototype_v1
SOL-03714,134.939,1.837334225243514e+16,710.4278,59625.3988,34.9666,21.3422,synthetic_prototype_v1
SOL-03715,88.3814,1.7944709570638803e+17,673.2762,116974.9227,21.6902,14.8957,synthetic_prototype_v1
SOL-03716,209.8126,4.6030270786976256e+17,862.3028,22525.1883,59.2441,9.3421,synthetic_prototype_v1
SOL-03717,223.4356,1.9824784700886564e+16,776.2699,61734.0366,22.9247,15.9135,synthetic_prototype_v1
SOL-03718,196.5441,1378072715937069.0,854.7725,53470.7819,17.9682,11.3121,synthetic_prototype_v1
SOL-03719,187.362,2965825095114144.5,668.3225,58073.4118,36.3491,12.9662,synthetic_prototype_v1
SOL-03720,280.4744,1.6790788651992698e+17,863.6496,87453.9151,73.8414,8.7356,synthetic_prototype_v1
SOL-03721,103.0369,9.388528572515517e+17,511.0657,54381.9884,43.4511,10.56,synthetic_prototype_v1
SOL-03722,92.45,3.018106941731762e+16,838.5043,21292.5955,55.0082,10.1305,synthetic_prototype_v1
SOL-03723,176.9192,5171209222762193.0,572.0777,116010.063,56.8232,9.8098,synthetic_prototype_v1
SOL-03724,250.2179,4.88537306910035e+16,633.1299,50779.2008,34.6993,12.2344,synthetic_prototype_v1
SOL-03725,159.7196,1.0050569343014299e+17,568.8632,100417.1334,24.1699,18.2312,synthetic_prototype_v1
SOL-03726,162.054,3.198788501365004e+16,691.6257,65965.5243,31.1393,22.9501,synthetic_prototype_v1
SOL-03727,213.3598,2.739478136140675e+16,711.6705,75666.1907,24.4033,17.8934,synthetic_prototype_v1
SOL-03728,167.6471,1.4113434425668554e+16,682.8496,59891.2313,27.4544,21.127,synthetic_prototype_v1
SOL-03729,204.3653,1.9766957017477098e+17,652.2749,68515.1123,19.6991,17.0374,synthetic_prototype_v1
SOL-03730,162.4383,3.0177565763676416e+16,698.6026,46112.5839,31.9833,23.0,synthetic_prototype_v1
SOL-03731,150.8386,1.4220667343169846e+16,522.3662,47942.2845,45.3319,14.6674,synthetic_prototype_v1
SOL-03732,181.4642,9767796925414526.0,691.5973,96995.3851,31.7516,17.8103,synthetic_prototype_v1
SOL-03733,111.2612,1.6884517713769626e+16,658.2091,84145.6654,22.1167,18.291,synthetic_prototype_v1
SOL-03734,186.4748,2.0950851850066536e+16,755.8259,87594.6493,22.165,21.8174,synthetic_prototype_v1
SOL-03735,129.4915,3.090290140785277e+16,753.452,60391.5611,15.0,20.4701,synthetic_prototype_v1
SOL-03736,214.6884,9.771153550126726e+16,765.918,74151.056,59.7769,11.1941,synthetic_prototype_v1
SOL-03737,202.4148,2.581999487456641e+16,678.7357,98002.0386,17.0587,16.9653,synthetic_prototype_v1
SOL-03738,202.1649,7437226417837725.0,647.4493,32578.6355,42.1768,16.2748,synthetic_prototype_v1
SOL-03739,122.8324,7.13073935906408e+17,657.4266,94036.0909,59.4924,8.0,synthetic_prototype_v1
SOL-03740,239.0233,9.579806026040688e+16,671.7484,87342.0978,16.4798,15.4507,synthetic_prototype_v1
SOL-03741,165.3022,5821734400007317.0,670.9696,41783.2879,44.9302,14.8569,synthetic_prototype_v1
SOL-03742,110.2785,9169078442665590.0,751.0411,95117.461,24.3101,17.514,synthetic_prototype_v1
SOL-03743,115.536,1.6737593694428778e+16,761.3333,74498.6414,21.5535,15.8113,synthetic_prototype_v1
SOL-03744,265.4536,1253925374258035.8,747.361,40615.3587,52.5324,12.2045,synthetic_prototype_v1
SOL-03745,138.5396,8392720816424171.0,627.53,95811.1199,22.1871,18.0739,synthetic_prototype_v1
SOL-03746,155.7915,4985726591607543.0,755.3213,83346.6087,20.9482,14.1876,synthetic_prototype_v1
SOL-03747,261.4249,9871693117722776.0,781.9188,25816.6891,20.6252,12.0438,synthetic_prototype_v1
SOL-03748,71.2029,2.699284113858256e+16,793.7735,104368.5564,31.8607,15.5298,synthetic_prototype_v1
SOL-03749,163.32,1917297885647037.2,883.9255,75065.1728,57.5178,8.1455,synthetic_prototype_v1
SOL-03750,254.9522,2.054040821056426e+16,789.5199,119492.2731,54.3012,13.1444,synthetic_prototype_v1
SOL-03751,174.0486,1.6487842166062734e+16,653.1155,83176.2934,19.333,22.9921,synthetic_prototype_v1
SOL-03752,97.5948,6.475498412976811e+16,720.9447,56299.2353,22.5149,16.0886,synthetic_prototype_v1
SOL-03753,221.4358,3.657449791681951e+17,577.0972,53336.2367,60.9934,8.646,synthetic_prototype_v1
SOL-03754,219.3218,4.347806692751689e+17,540.0422,31041.5458,37.1853,9.4495,synthetic_prototype_v1
SOL-03755,101.4549,2355371663483664.0,816.9868,31596.29,31.0164,11.0689,synthetic_prototype_v1
SOL-03756,169.4866,2.2494706527295424e+16,682.9353,112586.3065,52.2125,21.3382,synthetic_prototype_v1
SOL-03757,169.0643,1639432348720388.2,553.4722,106017.0156,36.7071,14.1241,synthetic_prototype_v1
SOL-03758,55.4047,1.8988500385838486e+17,679.3401,97446.9455,34.7292,13.914,synthetic_prototype_v1
SOL-03759,157.8798,1.3761281355836154e+17,847.3998,31741.6888,67.0698,8.0,synthetic_prototype_v1
SOL-03760,83.1355,2753400764056155.0,739.0553,27568.6015,31.591,12.9651,synthetic_prototype_v1
SOL-03761,79.7383,8339802152868251.0,656.8821,87923.4913,22.7302,16.8876,synthetic_prototype_v1
SOL-03762,196.5208,1.647752492490388e+17,730.333,81150.3497,31.9996,15.17,synthetic_prototype_v1
SOL-03763,178.8761,3.2863516099535732e+16,793.6691,73897.951,25.9229,15.2855,synthetic_prototype_v1
SOL-03764,199.3486,2.7460980710890342e+17,877.1163,40151.958,46.2219,11.8179,synthetic_prototype_v1
SOL-03765,161.254,1.40701883771264e+17,506.97,36252.6253,60.8297,8.2229,synthetic_prototype_v1
SOL-03766,266.8258,3053063752557743.0,543.4362,44553.2799,26.869,10.8638,synthetic_prototype_v1
SOL-03767,170.6767,5.454785764879093e+16,703.664,46078.0903,15.0,23.0,synthetic_prototype_v1
SOL-03768,130.0402,1077112715397457.0,643.101,82228.9134,62.2202,8.0,synthetic_prototype_v1
SOL-03769,159.5654,3.429539492094701e+16,584.9795,44002.3624,29.8767,16.0229,synthetic_prototype_v1
SOL-03770,264.0573,5.932433120214924e+16,637.1682,30137.5083,35.5566,12.2896,synthetic_prototype_v1
SOL-03771,99.9696,4.6312191702339784e+16,790.5081,40467.6454,19.1164,16.5271,synthetic_prototype_v1
SOL-03772,200.3432,3369374213856700.0,692.824,105054.0387,47.6719,14.1872,synthetic_prototype_v1
SOL-03773,118.3574,5.319285706690702e+17,731.1782,80116.7504,65.002,8.0,synthetic_prototype_v1
SOL-03774,102.7336,2.823866704417085e+17,629.9027,35725.7459,62.6546,9.7721,synthetic_prototype_v1
SOL-03775,268.5836,1609966558653610.0,563.971,67001.7523,55.1279,10.6511,synthetic_prototype_v1
SOL-03776,175.446,1.0051437103909846e+17,625.2008,82920.5783,22.0805,20.6807,synthetic_prototype_v1
SOL-03777,131.1165,2.19288799173948e+16,697.0001,87361.3078,27.8174,23.0,synthetic_prototype_v1
SOL-03778,200.4925,6.676224624476335e+16,732.5061,69220.6438,33.7439,17.0962,synthetic_prototype_v1
SOL-03779,100.1406,3.3603105566500376e+16,635.7004,49880.3361,18.1966,16.9994,synthetic_prototype_v1
SOL-03780,82.3407,4271473430032396.0,581.888,34994.2177,72.6227,8.0,synthetic_prototype_v1
SOL-03781,136.6197,6.036581767614209e+17,650.5123,97282.8237,51.6475,11.0667,synthetic_prototype_v1
SOL-03782,156.3623,1.3768047070325722e+16,661.3276,76736.4955,26.1048,19.8113,synthetic_prototype_v1
SOL-03783,176.4831,3.403325957971367e+16,643.8767,79094.1696,33.2907,17.9924,synthetic_prototype_v1
SOL-03784,93.8656,4.5064027987520416e+17,576.0164,106333.6174,39.2912,10.1105,synthetic_prototype_v1
SOL-03785,135.174,5705541002864783.0,734.6855,83232.8728,25.1961,17.5288,synthetic_prototype_v1
SOL-03786,160.9189,3009991919673578.0,633.1341,54371.8815,15.0,17.9309,synthetic_prototype_v1
SOL-03787,74.9686,6907214103454147.0,661.9257,77806.6615,31.886,16.2453,synthetic_prototype_v1
SOL-03788,204.9298,3.403939991291943e+16,721.3493,92447.1833,56.4759,13.6562,synthetic_prototype_v1
SOL-03789,122.7739,2.587989543700909e+16,780.6747,86275.2361,22.2214,17.8921,synthetic_prototype_v1
SOL-03790,182.907,4.27489032682828e+16,677.8243,75395.6284,37.2785,21.9111,synthetic_prototype_v1
SOL-03791,227.9795,7.17167680275849e+16,668.0498,23178.3582,26.9535,13.9981,synthetic_prototype_v1
SOL-03792,94.0728,4770530418558321.0,801.2437,102657.9795,37.9651,15.9786,synthetic_prototype_v1
SOL-03793,237.7522,3.2481093718780934e+17,535.2672,31137.261,64.7327,8.0,synthetic_prototype_v1
SOL-03794,225.3478,1485498577169727.5,598.1313,40688.2931,15.3178,13.5394,synthetic_prototype_v1
SOL-03795,297.2833,8128546566539979.0,787.83,36370.3062,54.5804,11.0488,synthetic_prototype_v1
SOL-03796,77.6723,2.876680324544591e+16,752.2107,99430.3409,15.408,19.7571,synthetic_prototype_v1
SOL-03797,269.1695,7367325253907124.0,771.1489,52149.5752,22.5735,13.3006,synthetic_prototype_v1
SOL-03798,139.2713,7239802371511124.0,713.2263,87148.564,15.0,19.2707,synthetic_prototype_v1
SOL-03799,145.676,8.555779824140986e+16,824.1135,58566.9996,23.4213,14.7592,synthetic_prototype_v1
SOL-03800,92.6425,5.6348094814852536e+16,749.1362,95930.3058,28.1041,15.3152,synthetic_prototype_v1
SOL-03801,222.6239,4555252475888635.0,633.7558,75561.302,43.4191,11.5959,synthetic_prototype_v1
SOL-03802,293.0866,8742989744039053.0,720.015,83958.2564,57.9157,9.3919,synthetic_prototype_v1
SOL-03803,139.9166,3.561933694190383e+17,847.3766,57124.053,36.7495,8.0254,synthetic_prototype_v1
SOL-03804,207.5706,3144836628641453.5,733.3974,85588.2052,67.1286,10.0635,synthetic_prototype_v1
SOL-03805,273.1219,7.335574858394698e+16,677.862,58419.001,58.3044,8.0,synthetic_prototype_v1
SOL-03806,209.3972,1.3956383949986666e+17,872.7296,57289.1826,56.3517,9.6429,synthetic_prototype_v1
SOL-03807,165.0582,7.50186598727602e+16,597.6262,90850.1911,22.3354,19.7922,synthetic_prototype_v1
SOL-03808,115.488,2.1993010237679684e+16,650.3184,46580.391,18.3794,18.5328,synthetic_prototype_v1
SOL-03809,192.4835,7321463533558874.0,660.5673,112367.7374,32.2104,14.2371,synthetic_prototype_v1
SOL-03810,176.8593,3.205126709561729e+16,761.6747,47001.4364,29.5004,19.4047,synthetic_prototype_v1
SOL-03811,96.6359,1.2886760649755094e+17,683.2494,77942.07,15.0,17.53,synthetic_prototype_v1
SOL-03812,209.4022,4.17278354386129e+16,589.0764,68794.4487,33.8631,13.9609,synthetic_prototype_v1
SOL-03813,160.9785,2.705399694357871e+16,735.378,83250.6301,34.2259,22.4799,synthetic_prototype_v1
SOL-03814,128.7181,2.6821734861763148e+16,808.4861,81635.5225,15.0,16.8135,synthetic_prototype_v1
SOL-03815,209.1676,8.086447951780349e+16,835.5574,22778.4096,72.0396,8.0,synthetic_prototype_v1
SOL-03816,160.0125,2.5920180348065002e+17,835.2668,37418.5414,60.3139,8.6113,synthetic_prototype_v1
SOL-03817,82.9556,9690356036935570.0,641.8622,74549.1646,37.4019,18.4802,synthetic_prototype_v1
SOL-03818,197.0645,8484583428342592.0,733.8453,31397.0587,46.3846,18.3054,synthetic_prototype_v1
SOL-03819,173.6743,1.1420437750897502e+17,690.6773,46726.6247,17.8259,18.4262,synthetic_prototype_v1
SOL-03820,235.9001,2.0779569110953664e+16,867.4342,26698.8314,34.1449,10.3428,synthetic_prototype_v1
SOL-03821,123.8398,4268363244444748.5,665.4887,41281.305,33.3857,14.8728,synthetic_prototype_v1
SOL-03822,113.4257,3.1996659765257908e+16,613.0934,96553.1461,35.2573,17.7926,synthetic_prototype_v1
SOL-03823,144.8716,2.8800164297491152e+17,655.6565,60154.7513,26.8815,14.9614,synthetic_prototype_v1
SOL-03824,196.5998,9.783854002977254e+16,692.1832,87949.3053,25.7199,17.5589,synthetic_prototype_v1
SOL-03825,234.6277,8.475965735253194e+16,680.8985,37862.8619,19.4489,13.603,synthetic_prototype_v1
SOL-03826,93.412,1.975412244937328e+17,671.4903,69462.7875,26.2946,16.7024,synthetic_prototype_v1
SOL-03827,62.7084,5.883972114095245e+17,641.1238,30231.2925,38.8753,10.678,synthetic_prototype_v1
SOL-03828,125.5979,3.012656585272412e+17,713.9384,84933.5962,20.399,15.8639,synthetic_prototype_v1
SOL-03829,156.6468,4.944401122735302e+16,685.9019,95423.2155,20.9572,23.0,synthetic_prototype_v1
SOL-03830,184.142,1.3589643437113158e+17,775.7347,79553.9311,64.5166,10.2142,synthetic_prototype_v1
SOL-03831,151.8406,7.692067585376047e+17,639.4023,108850.7057,61.4821,8.0,synthetic_prototype_v1
SOL-03832,148.0097,6.1903666792898e+16,718.578,41544.4329,27.5695,20.1217,synthetic_prototype_v1
SOL-03833,94.2504,1.1824822508614464e+16,605.3957,58279.1565,60.8446,9.0923,synthetic_prototype_v1
SOL-03834,76.5306,2.018905937435363e+16,711.4269,82138.7457,30.2452,17.4169,synthetic_prototype_v1
SOL-03835,73.5854,2.1356690883848144e+16,635.9257,101894.755,65.8742,9.2752,synthetic_prototype_v1
SOL-03836,81.5066,4.3049949166923654e+17,524.3833,86219.2489,22.0986,13.1199,synthetic_prototype_v1
SOL-03837,100.3837,1603406615739812.2,886.8289,31504.5082,68.859,8.0,synthetic_prototype_v1
SOL-03838,125.149,8894264832653077.0,651.3669,54426.7735,15.8109,19.3154,synthetic_prototype_v1
SOL-03839,206.1902,2.8213710284926867e+17,585.7023,89158.3412,70.9466,8.0,synthetic_prototype_v1
SOL-03840,280.2643,7.553318830658222e+17,525.3135,41917.414,39.1792,10.7775,synthetic_prototype_v1
SOL-03841,213.1682,6.321125019456585e+16,701.5465,48923.1887,16.6811,16.8687,synthetic_prototype_v1
SOL-03842,111.5489,1.1557936688366834e+16,602.8511,77276.6099,19.7274,16.2499,synthetic_prototype_v1
SOL-03843,125.7736,2.4865711859028572e+16,675.174,56767.9647,36.8011,16.4315,synthetic_prototype_v1
SOL-03844,263.8729,7.291297694296783e+17,766.3659,35681.4902,50.9853,15.4454,synthetic_prototype_v1
SOL-03845,181.6933,8.092107920211149e+17,524.7316,103474.7923,27.1281,13.0207,synthetic_prototype_v1
SOL-03846,244.3512,9.878373513658277e+17,772.7267,75932.1334,58.8575,8.2079,synthetic_prototype_v1
SOL-03847,259.5341,5.6092668567888275e+17,877.9987,118605.1294,51.2091,11.2273,synthetic_prototype_v1
SOL-03848,122.2794,4.073841733254089e+16,589.873,92598.4544,29.9737,15.9427,synthetic_prototype_v1
SOL-03849,229.1879,3.7130049777043923e+17,729.7086,23919.5891,67.8349,8.0,synthetic_prototype_v1
SOL-03850,121.7898,1.347653199737789e+16,697.0964,58014.8482,30.4625,20.4909,synthetic_prototype_v1
SOL-03851,265.0865,1.4537897637050528e+16,669.8224,91808.7249,28.9901,14.2749,synthetic_prototype_v1
SOL-03852,108.4062,1.0325611820490174e+17,671.6303,62978.7038,23.7592,18.6633,synthetic_prototype_v1
SOL-03853,192.2085,3475572042696443.5,793.9772,38136.2048,23.7677,13.4194,synthetic_prototype_v1
SOL-03854,145.83,1.4073198811762421e+17,840.2763,73950.0343,59.6486,8.5768,synthetic_prototype_v1
SOL-03855,267.0591,1.2342153586366898e+16,703.0018,93550.9531,33.8345,13.0236,synthetic_prototype_v1
SOL-03856,99.5511,9516733899042070.0,742.2367,61441.3862,30.9001,16.0594,synthetic_prototype_v1
SOL-03857,290.1566,3.973029725295722e+16,740.7431,117695.2374,66.9354,8.8859,synthetic_prototype_v1
SOL-03858,80.4804,2.921744009794123e+17,816.4532,105005.4731,63.9774,9.5181,synthetic_prototype_v1
SOL-03859,87.5439,3.2158820882945016e+16,716.9595,72072.7339,15.0,18.802,synthetic_prototype_v1
SOL-03860,270.7064,4.582653922489782e+17,667.3572,33564.1769,58.9253,8.0,synthetic_prototype_v1
SOL-03861,255.7818,1841495687972052.2,708.0205,90634.8891,41.4882,12.6951,synthetic_prototype_v1
SOL-03862,142.169,5098384040961996.0,673.0938,95205.2609,19.3604,18.8668,synthetic_prototype_v1
SOL-03863,209.4842,9324420885775382.0,611.776,59230.8491,24.8264,13.3109,synthetic_prototype_v1
SOL-03864,131.8919,2.1581061107549116e+16,627.8114,59521.3405,18.2053,18.7569,synthetic_prototype_v1
SOL-03865,144.4594,9834727690787552.0,627.7161,69617.6092,68.3573,8.1362,synthetic_prototype_v1
SOL-03866,74.0238,2.250156701029877e+16,805.2863,52965.1472,49.5866,12.8092,synthetic_prototype_v1
SOL-03867,84.9059,2981972204207592.5,700.6864,32460.7165,60.2745,8.6462,synthetic_prototype_v1
SOL-03868,213.749,2357490974432170.5,891.0991,69804.4168,18.3632,9.704,synthetic_prototype_v1
SOL-03869,208.6796,2.984221142317747e+16,647.3873,94633.8923,30.0519,15.0748,synthetic_prototype_v1
SOL-03870,176.016,2.3137044263245256e+16,718.6737,25993.7777,22.5302,20.5742,synthetic_prototype_v1
SOL-03871,237.8727,1798557220783016.8,782.2952,73249.2809,44.6911,13.0439,synthetic_prototype_v1
SOL-03872,230.2185,1.002544611832327e+17,679.0192,72786.7406,15.0,16.5689,synthetic_prototype_v1
SOL-03873,213.1083,3.5545706892843757e+17,713.7676,65912.3617,67.2038,10.9416,synthetic_prototype_v1
SOL-03874,232.4214,4.2198760162257094e+17,800.8553,59191.4207,44.0867,12.8642,synthetic_prototype_v1
SOL-03875,269.0668,3.017474331920954e+17,673.6595,114188.9726,54.9928,9.5493,synthetic_prototype_v1
SOL-03876,84.5513,6.1559828842422904e+16,624.1607,44701.9838,70.887,8.0,synthetic_prototype_v1
SOL-03877,190.5023,9.697031017579846e+16,881.1137,77227.2348,26.9561,9.2722,synthetic_prototype_v1
SOL-03878,153.5065,1.2470983541245061e+17,775.1307,24352.3582,22.0374,18.2333,synthetic_prototype_v1
SOL-03879,186.1371,9249158983686780.0,584.0661,107966.3138,24.1723,13.4863,synthetic_prototype_v1
SOL-03880,202.1853,6.256490355749759e+17,527.4712,97619.5829,39.447,10.7614,synthetic_prototype_v1
SOL-03881,231.4289,1809916871064143.0,742.6714,24419.0819,38.428,11.1723,synthetic_prototype_v1
SOL-03882,125.7571,2.924142425822836e+16,616.0004,45076.0868,15.0,19.345,synthetic_prototype_v1
SOL-03883,64.8779,2.1796173695815936e+16,730.8054,76397.6445,15.2383,16.3577,synthetic_prototype_v1
SOL-03884,189.5345,2.022478221638887e+16,760.5175,64076.6789,29.8524,19.0321,synthetic_prototype_v1
SOL-03885,122.015,8.942552545449133e+17,890.4507,33776.9899,49.8575,10.3701,synthetic_prototype_v1
SOL-03886,161.3112,1.6053134617118163e+17,650.652,60961.9143,39.404,16.1722,synthetic_prototype_v1
SOL-03887,219.5235,1.2488488971728398e+16,713.3552,106343.3756,61.1258,9.5933,synthetic_prototype_v1
SOL-03888,130.2714,1.7255684061790306e+16,518.1723,32653.6609,27.9427,12.9441,synthetic_prototype_v1
SOL-03889,122.5797,4.023818197622416e+16,726.6921,74407.4152,22.9144,21.1423,synthetic_prototype_v1
SOL-03890,149.2018,2.014152309850853e+16,702.3297,87055.6978,40.9459,22.6904,synthetic_prototype_v1
SOL-03891,95.8833,3.0662277689080204e+16,581.1679,40049.4152,31.3767,16.4112,synthetic_prototype_v1
SOL-03892,158.4251,2.006641053924718e+16,720.1994,47112.0397,31.5235,21.0789,synthetic_prototype_v1
SOL-03893,274.3255,4968684054789261.0,523.4669,83384.6867,20.4935,12.0769,synthetic_prototype_v1
SOL-03894,241.019,1.0087222726326877e+17,768.9747,74263.6355,58.9863,9.0195,synthetic_prototype_v1
SOL-03895,159.4974,9.840707927142877e+17,666.2377,79262.8324,55.7871,9.2445,synthetic_prototype_v1
SOL-03896,144.5501,2.3539892063904624e+17,674.5665,71677.1659,40.3299,13.7493,synthetic_prototype_v1
SOL-03897,292.9566,3.0018483680285396e+16,580.4818,109773.0736,60.6189,10.9093,synthetic_prototype_v1
SOL-03898,279.003,5.719117163220238e+17,530.9064,45943.8536,46.1156,14.9148,synthetic_prototype_v1
SOL-03899,268.228,4.9710791378465274e+17,789.1626,37206.2188,68.1628,8.7658,synthetic_prototype_v1
SOL-03900,212.3055,6090197423327756.0,639.5912,84979.4415,15.0,15.0776,synthetic_prototype_v1
SOL-03901,196.2978,8.72436598485335e+17,780.1026,113064.7566,52.0635,11.7162,synthetic_prototype_v1
SOL-03902,88.8604,5858915650909591.0,555.3483,36193.6353,55.029,8.6175,synthetic_prototype_v1
SOL-03903,217.9635,7675742934152217.0,593.6414,98805.7462,21.0724,15.1207,synthetic_prototype_v1
SOL-03904,108.5599,3.1933636989137908e+16,718.5203,42835.2409,21.6312,19.7437,synthetic_prototype_v1
SOL-03905,208.0515,1889113598513075.5,787.237,90293.879,16.6432,15.1334,synthetic_prototype_v1
SOL-03906,298.0105,1.8653421032479293e+17,599.9299,55059.985,51.1384,12.9723,synthetic_prototype_v1
SOL-03907,253.6274,2.153399309118627e+16,654.416,72820.7872,15.1306,13.3553,synthetic_prototype_v1
SOL-03908,151.1782,1.060103727831662e+17,681.6294,94846.6769,16.1045,21.0012,synthetic_prototype_v1
SOL-03909,237.4047,6800382769611177.0,586.3917,60005.4966,21.3353,13.0417,synthetic_prototype_v1
SOL-03910,145.891,1.1308239485836602e+16,646.9437,53263.898,31.4678,16.2561,synthetic_prototype_v1
SOL-03911,231.4518,8.024952824104171e+16,666.8658,85088.4681,15.0,13.5352,synthetic_prototype_v1
SOL-03912,284.7013,2.6333182050125174e+17,701.9889,71462.6326,33.0394,12.1216,synthetic_prototype_v1
SOL-03913,292.6775,1.731062292160929e+17,797.7095,63841.7577,40.7022,11.4011,synthetic_prototype_v1
SOL-03914,131.4836,1.926137669854473e+16,657.4806,94800.2327,31.9338,19.4069,synthetic_prototype_v1
SOL-03915,196.8799,2376720046855157.5,741.2716,61264.5098,54.9157,10.1474,synthetic_prototype_v1
SOL-03916,167.389,3.655332587945008e+16,784.9925,80362.0763,32.8632,18.5775,synthetic_prototype_v1
SOL-03917,263.3424,1.8750346025835544e+16,588.4089,72457.4833,45.4825,12.9395,synthetic_prototype_v1
SOL-03918,56.2601,9424457261644750.0,548.1756,68529.4096,30.8632,13.8825,synthetic_prototype_v1
SOL-03919,139.3855,1.655189460296634e+16,648.0047,85977.3885,24.0739,20.4674,synthetic_prototype_v1
SOL-03920,171.5702,2942549106612306.0,514.4251,51350.9606,17.9139,11.7965,synthetic_prototype_v1
SOL-03921,127.2254,5193577636486782.0,700.319,80447.6464,34.6091,17.7844,synthetic_prototype_v1
SOL-03922,283.9685,8.686904425507027e+17,601.6609,66406.603,57.9723,9.5214,synthetic_prototype_v1
SOL-03923,261.0681,8.222803109271853e+16,860.7667,90611.867,54.8508,10.0339,synthetic_prototype_v1
SOL-03924,60.0238,6630481888247287.0,877.7239,77830.8452,23.8945,8.0,synthetic_prototype_v1
SOL-03925,221.9201,1.122138971155122e+16,639.0124,63137.3264,25.1044,14.8806,synthetic_prototype_v1
SOL-03926,156.5929,5.001438762065068e+16,695.5628,56319.5713,39.4828,20.4549,synthetic_prototype_v1
SOL-03927,129.3225,9.602772015758683e+16,647.4219,72227.4107,33.7253,20.0539,synthetic_prototype_v1
SOL-03928,116.8343,6.983226305111182e+17,746.3074,82864.1119,26.2686,15.9128,synthetic_prototype_v1
SOL-03929,246.8889,1006417825211454.2,615.9567,41213.3975,53.5383,10.3011,synthetic_prototype_v1
SOL-03930,249.2043,1.990648795788197e+16,824.7504,61062.1159,65.0025,8.0,synthetic_prototype_v1
SOL-03931,116.4524,5.6143533691248845e+17,830.6669,70060.4225,36.1557,12.2078,synthetic_prototype_v1
SOL-03932,271.5837,5383816668119874.0,675.999,73921.0802,58.1667,11.5631,synthetic_prototype_v1
SOL-03933,169.3765,1.9254100903525248e+17,665.5727,70378.8613,63.1695,11.6913,synthetic_prototype_v1
SOL-03934,289.2429,3931096354421261.5,501.0314,44933.6851,22.6525,12.0932,synthetic_prototype_v1
SOL-03935,91.5157,1.5856220232682836e+16,688.815,58758.5063,46.8411,13.6742,synthetic_prototype_v1
SOL-03936,280.5894,1.9234661364453772e+16,763.2775,113524.9555,24.5077,13.0509,synthetic_prototype_v1
SOL-03937,142.6095,4.387375871382998e+16,755.4563,72680.6277,22.5161,21.2242,synthetic_prototype_v1
SOL-03938,114.7089,4.2139715714452864e+17,865.1652,36617.0189,29.8341,10.0653,synthetic_prototype_v1
SOL-03939,51.125,1.0879551075365052e+16,876.5376,63392.6207,68.1892,8.0,synthetic_prototype_v1
SOL-03940,99.8477,1.3479358936000715e+17,655.9778,50103.959,42.4569,14.837,synthetic_prototype_v1
SOL-03941,142.6725,1.18208239319663e+16,691.5775,49820.2672,36.2109,18.4153,synthetic_prototype_v1
SOL-03942,71.8013,3.383125830550102e+16,767.774,68104.5287,35.2467,14.284,synthetic_prototype_v1
SOL-03943,86.8565,2.4848293742580125e+17,800.7628,25138.0249,57.9749,9.8185,synthetic_prototype_v1
SOL-03944,88.3667,5.381356079230262e+16,656.9231,69045.0058,36.7258,14.2483,synthetic_prototype_v1
SOL-03945,294.6585,5917833296849969.0,794.3919,79617.3651,68.34,8.0,synthetic_prototype_v1
SOL-03946,200.0762,8727893782870617.0,729.6822,64378.3629,26.2213,16.4269,synthetic_prototype_v1
SOL-03947,63.7337,2.049641511859001e+17,504.0981,42028.1485,23.7047,10.2968,synthetic_prototype_v1
SOL-03948,260.8971,2677403624550672.5,797.8584,68461.6939,72.7909,8.0,synthetic_prototype_v1
SOL-03949,163.8714,1.4258840547989388e+16,779.3786,72319.4947,27.117,19.7875,synthetic_prototype_v1
SOL-03950,172.0776,1.9131783354801456e+16,743.6783,60804.4052,34.6115,21.6171,synthetic_prototype_v1
SOL-03951,157.0007,1.0922173294939674e+16,711.7329,73766.8115,24.8589,21.1455,synthetic_prototype_v1
SOL-03952,115.6151,1.432988464388174e+16,872.0728,105728.0266,49.4112,9.3388,synthetic_prototype_v1
SOL-03953,68.5176,5.7235607673465914e+17,824.6283,70679.8747,39.6972,12.4397,synthetic_prototype_v1
SOL-03954,202.0323,1.4489431527543342e+16,896.2499,37961.7602,18.929,12.0815,synthetic_prototype_v1
SOL-03955,157.0114,2.4996683989994172e+16,633.8639,45823.6032,22.9386,19.1931,synthetic_prototype_v1
SOL-03956,143.0399,5167645022220167.0,698.007,84305.1773,35.2633,18.274,synthetic_prototype_v1
SOL-03957,186.7469,4418017425401021.0,578.7819,58981.9648,51.3437,11.0549,synthetic_prototype_v1
SOL-03958,128.0596,1.6616655466123974e+17,719.2723,69092.0405,32.9083,20.1245,synthetic_prototype_v1
SOL-03959,165.9299,2.3210849892737024e+16,639.1467,87414.3476,73.0653,8.0,synthetic_prototype_v1
SOL-03960,280.9686,1.8929431503161652e+16,655.8184,83432.1199,22.4359,14.4589,synthetic_prototype_v1
SOL-03961,119.5189,4.048327247562246e+17,706.3562,46690.831,74.7376,8.0,synthetic_prototype_v1
SOL-03962,156.1705,1.8751990055782388e+16,765.9405,84017.4676,36.4019,19.7054,synthetic_prototype_v1
SOL-03963,171.8511,3.884463020162837e+16,660.0667,95110.2018,15.0,23.0,synthetic_prototype_v1
SOL-03964,157.8318,5.8731968706134936e+16,766.9716,75108.0102,17.8975,20.6564,synthetic_prototype_v1
SOL-03965,287.2184,3.1367995954416704e+16,700.6164,117496.7282,47.1637,13.3418,synthetic_prototype_v1
SOL-03966,138.6315,7.564649080684532e+17,724.3446,77803.9248,26.2687,16.825,synthetic_prototype_v1
SOL-03967,142.142,2.9711362486698708e+16,693.176,72251.8169,27.2569,23.0,synthetic_prototype_v1
SOL-03968,209.1021,6452054569603274.0,798.69,76739.7575,44.58,12.6865,synthetic_prototype_v1
SOL-03969,93.8366,3.753475304496255e+16,569.3307,79688.8556,66.938,11.3989,synthetic_prototype_v1
SOL-03970,115.6824,2.6493930866944372e+16,575.7313,36351.6544,20.7846,14.6074,synthetic_prototype_v1
SOL-03971,271.9972,2.496446971129296e+17,538.8121,43803.136,24.4508,11.8614,synthetic_prototype_v1
SOL-03972,180.4796,1.4817532444410746e+16,562.9931,104454.15,23.69,14.9774,synthetic_prototype_v1
SOL-03973,130.6158,3.753059511616301e+16,730.7898,47511.7077,24.4058,22.0935,synthetic_prototype_v1
SOL-03974,90.6284,7.374344237663174e+16,727.1553,62288.8905,32.2614,20.2915,synthetic_prototype_v1
SOL-03975,174.5058,8.794776078305493e+16,736.6255,43960.7962,21.3176,23.0,synthetic_prototype_v1
SOL-03976,118.1466,6362485509315079.0,835.6684,114123.2557,63.9834,9.6176,synthetic_prototype_v1
SOL-03977,239.0188,3.6714311293272314e+17,862.2913,31881.6576,23.8857,9.472,synthetic_prototype_v1
SOL-03978,205.0373,2.104387139443448e+16,819.6866,99403.8905,62.2744,8.0,synthetic_prototype_v1
SOL-03979,116.0492,1.5461459325825872e+16,572.6734,60644.296,15.0,15.8409,synthetic_prototype_v1
SOL-03980,109.5846,2943214614759628.5,882.8162,45216.7239,61.0126,8.8061,synthetic_prototype_v1
SOL-03981,92.6482,1018877146357287.2,806.3363,49605.3728,56.737,9.2542,synthetic_prototype_v1
SOL-03982,117.5954,5932582150255177.0,713.03,44110.1404,22.1572,20.8843,synthetic_prototype_v1
SOL-03983,100.0473,9934096674485080.0,675.7611,89545.9469,25.2041,20.6277,synthetic_prototype_v1
SOL-03984,94.2296,4276854033140207.0,725.7225,40167.4534,26.7147,12.2895,synthetic_prototype_v1
SOL-03985,190.7239,1554623389820843.5,662.377,84532.416,40.7747,12.3528,synthetic_prototype_v1
SOL-03986,182.956,1.729151587821113e+17,860.6926,49137.9858,72.208,9.5518,synthetic_prototype_v1
SOL-03987,198.2392,1.5410393611259578e+17,737.5145,67640.2286,50.536,15.1043,synthetic_prototype_v1
SOL-03988,233.7233,6.065732920638018e+16,637.255,84974.204,46.1583,14.7327,synthetic_prototype_v1
SOL-03989,94.0346,2.427069551421341e+17,841.7324,56048.4295,69.7225,8.3483,synthetic_prototype_v1
SOL-03990,212.3083,1.694740584017189e+16,602.8568,113411.1419,16.994,12.2709,synthetic_prototype_v1
SOL-03991,175.628,1.3435033237310453e+17,870.1795,73319.4004,42.8321,9.9233,synthetic_prototype_v1
SOL-03992,111.4689,4.083192126377699e+16,893.3519,71774.7013,58.3445,8.7439,synthetic_prototype_v1
SOL-03993,176.7182,1.6541674229332772e+16,628.6181,50263.9424,15.2324,18.6113,synthetic_prototype_v1
SOL-03994,84.6342,5.119392925472733e+16,713.3931,87779.6526,15.0,21.9974,synthetic_prototype_v1
SOL-03995,152.4956,1.865331588601377e+16,818.4066,31975.0827,36.7984,14.8881,synthetic_prototype_v1
SOL-03996,299.8555,6.439252843404666e+17,674.7379,81051.5227,49.6602,11.5075,synthetic_prototype_v1
SOL-03997,136.4327,5.940972409191969e+17,839.1517,42252.2361,33.4077,9.1179,synthetic_prototype_v1
SOL-03998,235.4291,2.2565098417561704e+16,754.0453,47255.4873,48.6382,15.1081,synthetic_prototype_v1
SOL-03999,171.9872,7.498190313418184e+16,656.5253,54170.6444,19.8413,19.6624,synthetic_prototype_v1
SOL-04000,154.2215,3.786320162993167e+16,660.197,88198.2632,26.1945,20.4889,synthetic_prototype_v1
