experiment_id,coagulant_dose_mg_l,ph,contact_time_min,temperature_c,mixing_speed_rpm,turbidity_removal_percent,source
WAT-00001,27.121,5.9905,75.0912,32.8641,292.598,30.0,synthetic_prototype_v1
WAT-00002,32.9348,7.898,44.9715,20.3415,79.7421,57.3304,synthetic_prototype_v1
WAT-00003,99.5691,4.7733,42.0917,24.8807,279.8259,30.0,synthetic_prototype_v1
WAT-00004,44.3597,8.3785,57.8522,21.6864,160.5182,47.7513,synthetic_prototype_v1
WAT-00005,21.8329,7.4638,25.1256,23.8646,100.5265,56.2408,synthetic_prototype_v1
WAT-00006,25.3855,7.6857,114.9791,6.17,108.9554,60.8661,synthetic_prototype_v1
WAT-00007,18.3976,9.7132,38.144,17.7177,261.3024,32.801,synthetic_prototype_v1
WAT-00008,60.2061,9.2394,94.0908,30.1899,98.6125,33.3729,synthetic_prototype_v1
WAT-00009,61.9414,7.7606,40.9007,9.7364,106.9465,50.9176,synthetic_prototype_v1
WAT-00010,61.4139,9.4432,22.9893,39.5763,94.5976,31.0988,synthetic_prototype_v1
WAT-00011,38.3427,6.0558,120.0,20.5882,158.8435,65.1143,synthetic_prototype_v1
WAT-00012,49.135,7.0179,73.1703,17.6019,80.3436,73.0429,synthetic_prototype_v1
WAT-00013,76.138,5.501,114.7911,6.8652,197.3115,33.7144,synthetic_prototype_v1
WAT-00014,38.029,8.1205,88.0058,27.8302,145.805,62.9953,synthetic_prototype_v1
WAT-00015,31.6404,6.3571,37.4438,8.9084,146.6081,66.4907,synthetic_prototype_v1
WAT-00016,44.2137,6.1742,28.3395,18.3463,110.2462,72.7765,synthetic_prototype_v1
WAT-00017,83.1952,9.5671,105.9019,31.2003,293.0521,30.0,synthetic_prototype_v1
WAT-00018,50.046,9.7841,104.9177,10.4938,86.7653,30.4377,synthetic_prototype_v1
WAT-00019,5.6949,7.8873,93.771,7.1302,261.7629,30.0,synthetic_prototype_v1
WAT-00020,50.6865,4.0449,33.6991,25.2561,119.8458,30.0,synthetic_prototype_v1
WAT-00021,56.6321,6.7166,102.9397,39.7486,109.3162,70.9887,synthetic_prototype_v1
WAT-00022,79.1796,5.2696,31.04,17.7704,189.1521,36.2531,synthetic_prototype_v1
WAT-00023,40.4453,7.1113,49.2323,20.6847,95.5268,79.3423,synthetic_prototype_v1
WAT-00024,65.6312,6.1018,41.4745,12.2346,200.1552,39.3449,synthetic_prototype_v1
WAT-00025,53.1831,7.7289,63.3841,32.0209,219.1843,40.7219,synthetic_prototype_v1
WAT-00026,26.8173,5.4686,88.8753,29.5832,79.6591,52.505,synthetic_prototype_v1
WAT-00027,43.1036,7.0702,55.3098,26.2963,112.7785,81.6955,synthetic_prototype_v1
WAT-00028,22.1761,5.8707,61.886,20.6033,128.5559,58.0629,synthetic_prototype_v1
WAT-00029,76.8817,9.4968,106.8485,28.8263,189.7269,30.6283,synthetic_prototype_v1
WAT-00030,85.9763,5.3193,90.874,37.4881,199.8633,35.6358,synthetic_prototype_v1
WAT-00031,74.302,8.7544,7.7658,13.1397,184.979,33.7301,synthetic_prototype_v1
WAT-00032,49.6458,5.6244,18.1621,31.6326,102.3052,54.9988,synthetic_prototype_v1
WAT-00033,44.2193,6.007,5.0,6.8419,71.6794,48.3015,synthetic_prototype_v1
WAT-00034,26.0651,9.5315,21.7153,15.53,203.4515,30.0,synthetic_prototype_v1
WAT-00035,5.8186,4.9637,95.9247,6.7208,176.1513,37.8781,synthetic_prototype_v1
WAT-00036,7.0531,4.1976,28.4348,36.6514,183.2022,30.0,synthetic_prototype_v1
WAT-00037,24.4177,9.8006,20.6941,36.1238,96.3875,31.1683,synthetic_prototype_v1
WAT-00038,74.7439,6.9354,111.0683,29.2667,244.9995,30.0,synthetic_prototype_v1
WAT-00039,62.5887,7.2956,96.2408,36.0874,59.5123,47.9748,synthetic_prototype_v1
WAT-00040,49.6492,7.5422,12.4518,13.2414,74.344,48.8003,synthetic_prototype_v1
WAT-00041,87.8905,7.0463,15.9432,6.5375,81.6236,32.9189,synthetic_prototype_v1
WAT-00042,92.576,4.8592,50.5132,5.8275,218.9649,30.1678,synthetic_prototype_v1
WAT-00043,48.526,7.21,5.1132,9.067,97.2363,60.6383,synthetic_prototype_v1
WAT-00044,58.3415,4.2842,106.3597,14.7778,93.1837,30.0,synthetic_prototype_v1
WAT-00045,58.7457,7.3285,35.1571,18.1806,107.8777,55.1979,synthetic_prototype_v1
WAT-00046,34.6177,6.7597,28.8557,13.8717,91.171,74.8276,synthetic_prototype_v1
WAT-00047,70.828,9.4764,42.367,18.1447,196.4082,30.4854,synthetic_prototype_v1
WAT-00048,76.1178,4.8113,100.3394,20.5406,71.7163,30.0,synthetic_prototype_v1
WAT-00049,90.7472,7.8568,37.4032,17.6761,245.5354,30.0,synthetic_prototype_v1
WAT-00050,30.1117,5.7882,36.9445,21.0932,112.5366,62.386,synthetic_prototype_v1
WAT-00051,69.1,4.4976,110.7744,11.4482,55.3256,32.5901,synthetic_prototype_v1
WAT-00052,31.5442,7.9837,116.543,17.3439,72.2276,50.2978,synthetic_prototype_v1
WAT-00053,39.8073,6.7375,17.6685,9.4403,203.67,45.1619,synthetic_prototype_v1
WAT-00054,55.2225,7.6816,43.7864,38.2404,227.3536,32.8842,synthetic_prototype_v1
WAT-00055,10.5203,5.1314,75.8753,31.4932,286.0553,30.5637,synthetic_prototype_v1
WAT-00056,60.194,7.3858,103.4582,29.2803,126.5978,62.0105,synthetic_prototype_v1
WAT-00057,37.2065,7.5617,100.7384,25.1902,133.6919,77.6198,synthetic_prototype_v1
WAT-00058,97.7103,5.0342,34.5109,18.3283,166.621,31.3841,synthetic_prototype_v1
WAT-00059,36.0039,7.2465,69.3814,21.0999,148.4335,74.9195,synthetic_prototype_v1
WAT-00060,35.8076,7.0766,6.6411,34.5889,134.1261,69.0675,synthetic_prototype_v1
WAT-00061,24.8936,8.2382,34.9907,11.7146,163.4242,47.7071,synthetic_prototype_v1
WAT-00062,74.8373,6.9063,18.4143,17.7133,290.4563,30.2245,synthetic_prototype_v1
WAT-00063,16.6175,7.0253,28.1789,23.261,87.3396,51.4467,synthetic_prototype_v1
WAT-00064,55.2704,7.0658,33.0649,11.9506,139.399,62.8272,synthetic_prototype_v1
WAT-00065,62.9996,6.6526,92.6565,10.2485,283.4466,34.9718,synthetic_prototype_v1
WAT-00066,40.2367,7.3583,117.6115,13.5705,164.2728,64.3013,synthetic_prototype_v1
WAT-00067,42.4574,7.1282,65.0473,21.8364,135.567,84.6452,synthetic_prototype_v1
WAT-00068,79.2905,6.5002,88.5936,33.8859,79.9784,39.0968,synthetic_prototype_v1
WAT-00069,98.7947,7.8626,23.7401,12.5719,237.7077,33.5084,synthetic_prototype_v1
WAT-00070,47.1243,5.6268,51.5455,24.3925,127.4181,61.3536,synthetic_prototype_v1
WAT-00071,43.1202,4.1693,89.967,37.0845,154.3129,30.0,synthetic_prototype_v1
WAT-00072,59.0343,8.1221,99.2033,20.472,101.0971,50.2772,synthetic_prototype_v1
WAT-00073,30.9203,7.5659,17.8815,26.2638,110.1005,64.4219,synthetic_prototype_v1
WAT-00074,17.1708,7.9963,13.3906,38.0778,211.7969,33.879,synthetic_prototype_v1
WAT-00075,70.0334,6.9902,88.8627,33.8825,107.1417,49.4093,synthetic_prototype_v1
WAT-00076,40.1611,8.218,14.4138,17.7619,124.7231,58.1532,synthetic_prototype_v1
WAT-00077,37.8419,6.345,16.8486,31.5845,79.5257,65.3012,synthetic_prototype_v1
WAT-00078,23.5368,6.8834,77.2466,18.0901,163.2315,61.619,synthetic_prototype_v1
WAT-00079,70.1792,7.2937,6.0851,37.3607,292.1951,30.0,synthetic_prototype_v1
WAT-00080,43.1579,8.1965,75.9519,22.1934,162.8176,55.6543,synthetic_prototype_v1
WAT-00081,46.4432,6.4001,62.3163,13.8455,60.5816,57.7713,synthetic_prototype_v1
WAT-00082,20.7612,8.6614,110.117,19.0094,144.2204,39.1373,synthetic_prototype_v1
WAT-00083,49.5555,7.7021,106.8871,24.6188,76.8811,59.1322,synthetic_prototype_v1
WAT-00084,21.4297,5.5103,103.2269,31.0823,211.3706,38.391,synthetic_prototype_v1
WAT-00085,48.7208,7.5621,33.7722,15.8737,139.4272,66.7539,synthetic_prototype_v1
WAT-00086,73.8924,8.1517,104.0423,19.942,91.393,40.9626,synthetic_prototype_v1
WAT-00087,34.5013,7.7579,93.8576,25.996,183.4108,51.0709,synthetic_prototype_v1
WAT-00088,56.8508,8.6514,116.2685,20.3224,67.5502,39.6447,synthetic_prototype_v1
WAT-00089,52.3098,5.7202,24.8219,18.4102,212.2559,45.1624,synthetic_prototype_v1
WAT-00090,56.8224,4.7972,32.5737,18.9709,169.8963,30.0,synthetic_prototype_v1
WAT-00091,39.3519,8.7788,6.4415,6.7167,223.8853,33.4741,synthetic_prototype_v1
WAT-00092,19.2623,8.2878,107.7382,31.0569,151.3544,43.5567,synthetic_prototype_v1
WAT-00093,27.3445,7.1273,27.631,17.1848,151.3664,63.4941,synthetic_prototype_v1
WAT-00094,35.2479,9.6672,48.4717,20.3271,175.4192,30.5981,synthetic_prototype_v1
WAT-00095,37.2749,8.3789,68.6942,6.2304,240.9446,30.1711,synthetic_prototype_v1
WAT-00096,18.1098,8.3816,66.1224,23.7372,296.515,30.0,synthetic_prototype_v1
WAT-00097,52.1597,5.307,116.4321,26.322,73.661,47.5054,synthetic_prototype_v1
WAT-00098,38.8429,7.0866,65.0912,18.4996,108.5302,84.96,synthetic_prototype_v1
WAT-00099,33.7816,6.6282,94.4002,17.1457,70.708,63.1138,synthetic_prototype_v1
WAT-00100,35.9534,9.3266,51.6836,8.1541,120.7125,32.2008,synthetic_prototype_v1
WAT-00101,33.6276,9.2969,19.9553,37.8879,102.0133,35.5061,synthetic_prototype_v1
WAT-00102,84.4809,9.5583,10.2078,34.7007,283.5581,30.0,synthetic_prototype_v1
WAT-00103,8.7547,6.8854,90.5343,28.1146,251.703,30.0,synthetic_prototype_v1
WAT-00104,83.83,6.6716,54.2029,22.8601,93.6039,36.3018,synthetic_prototype_v1
WAT-00105,37.8534,7.6063,70.777,13.4792,93.9196,70.9147,synthetic_prototype_v1
WAT-00106,7.755,5.6716,77.1195,13.2986,75.3603,41.2671,synthetic_prototype_v1
WAT-00107,40.1937,7.7809,51.5781,29.2612,173.5927,52.2997,synthetic_prototype_v1
WAT-00108,78.3412,5.2998,32.3684,31.8911,157.7845,38.2149,synthetic_prototype_v1
WAT-00109,14.8434,6.0541,8.7952,22.0969,79.4146,40.1065,synthetic_prototype_v1
WAT-00110,15.4495,6.1619,5.0,24.6618,122.91,46.5272,synthetic_prototype_v1
WAT-00111,13.2068,4.912,32.6001,12.8255,167.0168,35.2051,synthetic_prototype_v1
WAT-00112,77.4868,4.0098,119.9149,16.2325,165.4337,30.0,synthetic_prototype_v1
WAT-00113,27.8481,6.6311,46.7684,28.2425,88.1785,68.4473,synthetic_prototype_v1
WAT-00114,54.2969,4.0846,112.6919,6.2,162.3858,30.0,synthetic_prototype_v1
WAT-00115,39.2721,7.9158,101.3677,17.7693,151.2796,65.8569,synthetic_prototype_v1
WAT-00116,35.6312,7.1189,24.9605,17.5748,143.1238,75.3809,synthetic_prototype_v1
WAT-00117,46.1324,6.6042,6.0735,17.7989,187.5939,46.1147,synthetic_prototype_v1
WAT-00118,52.897,8.7546,37.6943,15.4342,251.5127,30.0,synthetic_prototype_v1
WAT-00119,17.998,9.7581,78.2675,20.6841,291.0289,33.4771,synthetic_prototype_v1
WAT-00120,34.8719,6.3065,49.6936,23.1173,128.8675,79.5613,synthetic_prototype_v1
WAT-00121,75.6795,8.5962,88.2065,28.6065,152.2193,37.5942,synthetic_prototype_v1
WAT-00122,90.5264,7.81,52.9936,30.8856,214.2302,32.368,synthetic_prototype_v1
WAT-00123,93.3503,9.4462,96.8538,39.4064,239.0809,32.1579,synthetic_prototype_v1
WAT-00124,34.3822,6.2207,34.0267,22.2718,130.1473,73.6434,synthetic_prototype_v1
WAT-00125,53.6908,6.1759,60.3868,5.0,135.9365,66.8743,synthetic_prototype_v1
WAT-00126,5.3699,4.3257,48.5769,31.7199,148.6107,30.0,synthetic_prototype_v1
WAT-00127,72.4516,8.3813,49.0024,25.9221,147.0342,38.5491,synthetic_prototype_v1
WAT-00128,61.9069,6.6927,30.5169,27.195,137.4374,57.0468,synthetic_prototype_v1
WAT-00129,67.0276,4.5133,104.9122,24.267,160.7404,31.6479,synthetic_prototype_v1
WAT-00130,14.197,9.7231,85.4209,10.9915,144.268,30.9457,synthetic_prototype_v1
WAT-00131,32.9109,7.7749,16.6702,21.1982,80.1625,53.5166,synthetic_prototype_v1
WAT-00132,31.9084,6.1926,7.5336,15.9858,65.4222,51.4103,synthetic_prototype_v1
WAT-00133,66.8768,5.2921,29.593,33.6917,123.7982,43.9887,synthetic_prototype_v1
WAT-00134,59.4933,5.4046,6.4529,17.3416,60.743,39.5418,synthetic_prototype_v1
WAT-00135,40.2966,7.6192,6.7222,9.8338,276.0777,30.7686,synthetic_prototype_v1
WAT-00136,73.9416,7.6552,11.351,30.3532,259.6254,30.0,synthetic_prototype_v1
WAT-00137,32.6415,6.9218,15.6043,9.3274,160.7295,62.895,synthetic_prototype_v1
WAT-00138,37.3653,7.0143,24.563,20.8351,103.0154,75.7373,synthetic_prototype_v1
WAT-00139,63.934,9.5908,50.5569,32.8514,277.2623,30.0,synthetic_prototype_v1
WAT-00140,55.5032,9.2631,87.1444,29.4497,243.0705,30.6857,synthetic_prototype_v1
WAT-00141,86.0949,8.4509,82.1972,36.4142,82.6986,30.3182,synthetic_prototype_v1
WAT-00142,47.3769,9.4311,85.4938,18.661,72.4625,31.0617,synthetic_prototype_v1
WAT-00143,98.178,9.1131,84.5638,20.0957,116.3812,30.0,synthetic_prototype_v1
WAT-00144,9.6516,9.515,36.1346,16.2523,234.6576,30.0,synthetic_prototype_v1
WAT-00145,79.2229,5.4691,108.1876,14.0701,198.6269,33.8456,synthetic_prototype_v1
WAT-00146,71.6902,9.2489,67.7487,31.0002,122.9086,30.0,synthetic_prototype_v1
WAT-00147,52.367,9.171,71.4292,39.558,137.5027,33.2185,synthetic_prototype_v1
WAT-00148,19.471,5.3203,26.3905,12.4373,93.1702,40.5893,synthetic_prototype_v1
WAT-00149,6.3418,7.4016,40.8095,16.4392,177.3285,37.2198,synthetic_prototype_v1
WAT-00150,29.0261,5.5831,17.2104,11.2528,115.8376,51.8509,synthetic_prototype_v1
WAT-00151,56.9919,8.971,18.2916,19.1399,182.8473,37.927,synthetic_prototype_v1
WAT-00152,54.3766,7.0344,51.1807,17.3956,243.7351,30.0,synthetic_prototype_v1
WAT-00153,10.2626,7.7288,77.7457,19.8507,98.9831,43.6454,synthetic_prototype_v1
WAT-00154,11.5681,4.3201,49.1085,33.8888,92.6955,30.0,synthetic_prototype_v1
WAT-00155,40.226,6.9584,26.3633,10.669,50.0,53.7531,synthetic_prototype_v1
WAT-00156,52.9548,8.3057,32.2803,7.9439,97.6515,52.1669,synthetic_prototype_v1
WAT-00157,6.8778,4.3108,24.2094,32.2577,120.2688,32.1451,synthetic_prototype_v1
WAT-00158,30.5784,7.2757,5.0,21.2162,161.8153,51.2096,synthetic_prototype_v1
WAT-00159,57.0007,5.8484,50.6711,22.6804,101.8354,54.6487,synthetic_prototype_v1
WAT-00160,39.1244,8.2226,99.4371,15.6685,173.8549,47.3068,synthetic_prototype_v1
WAT-00161,52.7816,5.7502,37.3203,12.8628,87.4691,55.4927,synthetic_prototype_v1
WAT-00162,51.8819,7.2435,31.0994,17.2876,112.9625,66.169,synthetic_prototype_v1
WAT-00163,98.9637,6.1654,103.2377,16.1259,145.3788,30.6618,synthetic_prototype_v1
WAT-00164,45.6973,7.7862,43.368,24.4937,245.1598,30.0,synthetic_prototype_v1
WAT-00165,11.0626,9.1653,9.3546,28.0765,70.891,30.5247,synthetic_prototype_v1
WAT-00166,56.4642,7.0903,53.3503,18.9119,87.5838,60.9975,synthetic_prototype_v1
WAT-00167,77.0015,7.4065,7.0708,20.7059,69.7904,36.2291,synthetic_prototype_v1
WAT-00168,8.7582,7.5422,116.6458,19.4505,131.8462,45.0965,synthetic_prototype_v1
WAT-00169,15.0603,8.4181,74.1151,25.7108,201.8154,37.2825,synthetic_prototype_v1
WAT-00170,80.1201,8.8108,86.2463,12.681,157.6554,33.6588,synthetic_prototype_v1
WAT-00171,57.6679,7.0952,102.6527,9.603,99.9909,62.6571,synthetic_prototype_v1
WAT-00172,57.1687,4.2848,38.4763,19.5271,290.5298,30.0,synthetic_prototype_v1
WAT-00173,31.734,6.9068,22.0251,29.1548,142.2319,68.9617,synthetic_prototype_v1
WAT-00174,18.7874,6.6514,6.7706,7.9222,240.5947,30.0,synthetic_prototype_v1
WAT-00175,37.5667,6.028,73.1165,22.3669,102.0027,76.217,synthetic_prototype_v1
WAT-00176,91.3178,6.3782,82.9571,22.9467,111.4835,30.0,synthetic_prototype_v1
WAT-00177,95.2502,5.304,102.6043,30.9882,183.6454,32.1729,synthetic_prototype_v1
WAT-00178,33.2033,4.2068,21.742,18.8999,54.3925,31.2771,synthetic_prototype_v1
WAT-00179,80.0731,4.7217,9.67,16.0534,111.5608,31.3723,synthetic_prototype_v1
WAT-00180,66.6639,7.7332,25.7058,23.0023,86.5021,45.9756,synthetic_prototype_v1
WAT-00181,65.947,7.3514,65.7466,36.8556,86.4408,52.3718,synthetic_prototype_v1
WAT-00182,83.1103,8.5889,11.7608,35.3167,88.3506,36.4523,synthetic_prototype_v1
WAT-00183,16.9027,6.5835,51.6835,16.4517,89.2946,53.7198,synthetic_prototype_v1
WAT-00184,58.9538,5.5286,118.9773,19.8574,214.0344,36.12,synthetic_prototype_v1
WAT-00185,40.837,7.8064,26.8011,16.4535,121.208,63.3048,synthetic_prototype_v1
WAT-00186,35.269,5.0648,18.7526,17.0694,120.7515,48.5922,synthetic_prototype_v1
WAT-00187,43.9233,6.0489,34.5116,13.8003,50.0,49.2211,synthetic_prototype_v1
WAT-00188,95.2359,8.4409,20.4336,8.8684,159.8269,30.0,synthetic_prototype_v1
WAT-00189,33.3996,5.8525,64.0776,36.2418,114.0717,71.1937,synthetic_prototype_v1
WAT-00190,91.4811,4.9512,79.8519,35.8737,105.7408,30.0,synthetic_prototype_v1
WAT-00191,27.8237,4.8917,42.6073,36.1951,100.6555,40.4772,synthetic_prototype_v1
WAT-00192,49.9455,7.9317,75.3681,21.6341,97.4828,63.5044,synthetic_prototype_v1
WAT-00193,34.5742,7.3523,27.4753,20.1766,121.8923,73.1177,synthetic_prototype_v1
WAT-00194,79.376,5.6988,14.8005,14.5804,225.0757,33.3431,synthetic_prototype_v1
WAT-00195,78.6163,7.1886,36.5178,8.2775,264.493,30.0,synthetic_prototype_v1
WAT-00196,25.823,8.5481,38.5099,30.0904,216.0961,35.6858,synthetic_prototype_v1
WAT-00197,28.9659,8.7476,54.6019,21.4671,121.5037,44.8125,synthetic_prototype_v1
WAT-00198,31.2128,9.9366,21.2448,9.7015,125.4838,30.0,synthetic_prototype_v1
WAT-00199,79.0504,7.7384,7.7057,20.8242,269.5867,30.0,synthetic_prototype_v1
WAT-00200,41.197,9.9217,81.8391,10.2391,159.6813,30.0,synthetic_prototype_v1
WAT-00201,81.5484,4.2631,108.192,29.5582,208.941,30.0,synthetic_prototype_v1
WAT-00202,34.1261,6.823,112.0075,12.7727,115.157,81.5365,synthetic_prototype_v1
WAT-00203,26.3919,7.3334,49.2948,12.6061,110.0763,66.747,synthetic_prototype_v1
WAT-00204,58.4525,7.8104,18.8807,9.9133,110.297,50.3124,synthetic_prototype_v1
WAT-00205,35.8764,5.8933,72.3902,11.3822,142.9029,69.9679,synthetic_prototype_v1
WAT-00206,70.4456,7.9204,64.6428,27.3059,145.6454,39.3651,synthetic_prototype_v1
WAT-00207,89.8465,9.5909,16.8371,13.8572,116.0151,30.2812,synthetic_prototype_v1
WAT-00208,50.9808,6.8525,43.9703,20.2802,107.1794,73.1345,synthetic_prototype_v1
WAT-00209,48.163,7.1442,50.4709,21.5,155.0623,70.7092,synthetic_prototype_v1
WAT-00210,9.8337,9.6383,88.1532,27.3664,94.1098,30.0,synthetic_prototype_v1
WAT-00211,97.9294,5.1068,101.4424,22.4896,120.0066,31.652,synthetic_prototype_v1
WAT-00212,41.5963,7.8814,60.8632,19.567,94.2285,62.8198,synthetic_prototype_v1
WAT-00213,42.9377,6.628,14.0161,29.1491,141.5259,73.694,synthetic_prototype_v1
WAT-00214,17.7097,8.8713,7.0853,14.3845,167.2747,38.6035,synthetic_prototype_v1
WAT-00215,42.7649,4.6691,119.0536,28.2385,168.7059,31.5333,synthetic_prototype_v1
WAT-00216,48.9659,7.8926,46.6897,5.9144,190.3286,43.2928,synthetic_prototype_v1
WAT-00217,37.5169,6.9092,30.4162,18.0783,118.259,78.8996,synthetic_prototype_v1
WAT-00218,48.6569,7.8914,10.143,20.5177,166.5503,52.043,synthetic_prototype_v1
WAT-00219,98.2716,4.9258,80.8529,39.3926,185.7601,30.0,synthetic_prototype_v1
WAT-00220,44.7818,8.0793,37.0114,16.2904,98.7087,56.1523,synthetic_prototype_v1
WAT-00221,7.1983,6.6828,10.7898,17.2359,129.9433,43.704,synthetic_prototype_v1
WAT-00222,40.6514,9.0097,72.0199,34.3297,168.7933,41.4297,synthetic_prototype_v1
WAT-00223,8.1169,7.2584,9.2379,23.6928,187.8636,35.8747,synthetic_prototype_v1
WAT-00224,68.4914,5.8932,57.0385,16.3879,157.3546,43.1534,synthetic_prototype_v1
WAT-00225,50.1271,7.9973,20.6365,5.8493,73.2246,44.8717,synthetic_prototype_v1
WAT-00226,46.0916,5.9021,25.8104,24.0964,178.1868,54.0469,synthetic_prototype_v1
WAT-00227,60.8817,6.0126,33.1981,19.9756,86.2381,50.7568,synthetic_prototype_v1
WAT-00228,47.5829,8.7743,43.1678,15.9216,230.8224,31.488,synthetic_prototype_v1
WAT-00229,99.9777,7.105,92.9735,30.379,220.944,30.0,synthetic_prototype_v1
WAT-00230,31.1395,5.8555,54.3801,9.7389,141.8229,63.9858,synthetic_prototype_v1
WAT-00231,12.7096,4.1164,100.6879,29.5755,230.1516,31.4818,synthetic_prototype_v1
WAT-00232,37.4008,5.9333,7.5809,18.5399,109.6484,59.8106,synthetic_prototype_v1
WAT-00233,38.4602,8.3452,41.4697,13.4088,196.9558,43.0752,synthetic_prototype_v1
WAT-00234,28.588,9.3976,20.597,20.7061,52.7165,32.5659,synthetic_prototype_v1
WAT-00235,15.1099,4.477,54.3525,27.309,107.2698,34.7803,synthetic_prototype_v1
WAT-00236,96.3803,9.2244,15.6443,15.6773,242.803,30.6329,synthetic_prototype_v1
WAT-00237,83.5281,4.8253,92.2337,28.9453,180.6839,30.0,synthetic_prototype_v1
WAT-00238,8.3417,7.8423,106.2974,25.9005,195.0586,41.534,synthetic_prototype_v1
WAT-00239,36.1121,4.9299,117.8279,37.8197,123.9395,48.6675,synthetic_prototype_v1
WAT-00240,76.4712,8.9069,85.939,6.9788,275.4886,30.0,synthetic_prototype_v1
WAT-00241,14.4199,6.6391,49.6816,15.1099,177.7324,41.0772,synthetic_prototype_v1
WAT-00242,44.2404,6.6407,27.2994,25.685,138.4857,76.954,synthetic_prototype_v1
WAT-00243,36.753,7.8323,77.732,22.2432,178.8328,53.5543,synthetic_prototype_v1
WAT-00244,35.5714,6.6626,40.1342,30.1864,56.6253,54.2961,synthetic_prototype_v1
WAT-00245,42.4771,7.9729,52.4194,12.3827,113.8793,64.9744,synthetic_prototype_v1
WAT-00246,35.6366,4.6966,57.4102,27.7377,86.5761,30.0,synthetic_prototype_v1
WAT-00247,48.3818,6.5768,51.1306,14.5623,156.0517,69.6523,synthetic_prototype_v1
WAT-00248,31.7172,9.2181,73.4983,17.5997,148.513,33.3815,synthetic_prototype_v1
WAT-00249,69.4395,9.6372,113.3378,23.9253,203.4383,30.0,synthetic_prototype_v1
WAT-00250,60.4893,7.0737,14.9457,27.8067,276.6171,33.6511,synthetic_prototype_v1
WAT-00251,38.0506,8.9692,64.9058,33.8889,109.7718,45.8051,synthetic_prototype_v1
WAT-00252,84.9894,5.5311,68.3064,16.0657,198.9901,32.8702,synthetic_prototype_v1
WAT-00253,95.8244,9.1911,101.6663,16.7921,216.8947,30.2133,synthetic_prototype_v1
WAT-00254,59.964,6.2781,41.4233,25.6975,101.6743,58.7188,synthetic_prototype_v1
WAT-00255,31.5655,4.8162,84.452,5.9335,277.8556,30.0,synthetic_prototype_v1
WAT-00256,52.0301,6.6439,44.0226,19.5923,122.8409,74.4417,synthetic_prototype_v1
WAT-00257,36.7786,6.4093,16.3134,15.7071,74.38,57.6681,synthetic_prototype_v1
WAT-00258,69.3823,4.6349,61.7032,23.3808,68.764,31.0346,synthetic_prototype_v1
WAT-00259,46.1465,5.8713,24.8752,5.0,137.5848,63.1086,synthetic_prototype_v1
WAT-00260,30.0947,5.0282,5.2557,23.5729,113.3782,44.2224,synthetic_prototype_v1
WAT-00261,91.9534,6.9008,74.8493,32.7754,70.7186,31.4232,synthetic_prototype_v1
WAT-00262,83.7957,8.7216,19.8539,10.9618,224.5138,31.8159,synthetic_prototype_v1
WAT-00263,55.4843,9.0131,21.7826,30.8232,80.1083,38.5129,synthetic_prototype_v1
WAT-00264,15.8318,5.4182,28.7005,27.2282,189.2738,37.4021,synthetic_prototype_v1
WAT-00265,23.8654,8.9664,103.4801,24.6075,262.8321,31.6828,synthetic_prototype_v1
WAT-00266,31.5033,8.099,94.0377,27.8662,90.8872,59.7041,synthetic_prototype_v1
WAT-00267,36.2578,6.9685,53.4423,20.0335,99.4344,80.8435,synthetic_prototype_v1
WAT-00268,55.2556,6.3808,48.5212,22.923,137.6723,65.939,synthetic_prototype_v1
WAT-00269,47.374,6.1949,86.0335,18.3241,94.7817,74.163,synthetic_prototype_v1
WAT-00270,35.7542,4.5703,37.0877,15.4571,107.6031,30.6902,synthetic_prototype_v1
WAT-00271,50.0426,5.2316,13.0314,19.0385,180.2515,43.7404,synthetic_prototype_v1
WAT-00272,33.4387,6.607,52.5121,5.886,138.8066,76.1519,synthetic_prototype_v1
WAT-00273,98.5794,4.243,65.9304,23.703,84.5237,31.4489,synthetic_prototype_v1
WAT-00274,69.5099,4.9672,119.0209,38.8245,269.9664,31.3642,synthetic_prototype_v1
WAT-00275,68.1128,5.1406,114.1617,11.1997,122.0798,39.5989,synthetic_prototype_v1
WAT-00276,49.2686,7.1073,81.1402,26.837,211.1931,42.0707,synthetic_prototype_v1
WAT-00277,85.3707,4.9584,84.996,32.7365,177.2646,31.169,synthetic_prototype_v1
WAT-00278,39.5816,6.9874,36.108,25.2787,88.9933,75.4908,synthetic_prototype_v1
WAT-00279,26.9209,4.7477,61.8186,38.3878,210.4814,30.0,synthetic_prototype_v1
WAT-00280,60.1416,8.5463,17.7545,35.7835,283.7462,30.0,synthetic_prototype_v1
WAT-00281,89.7914,4.9998,70.9943,22.1047,86.6861,30.2826,synthetic_prototype_v1
WAT-00282,5.1014,8.6111,44.2425,15.6155,246.7162,30.0,synthetic_prototype_v1
WAT-00283,5.6994,6.521,12.146,34.3916,273.8222,30.0,synthetic_prototype_v1
WAT-00284,32.1556,6.7014,17.7676,30.7288,153.7115,65.978,synthetic_prototype_v1
WAT-00285,7.3228,8.9454,91.3851,37.0715,147.8308,37.9299,synthetic_prototype_v1
WAT-00286,27.2243,6.8313,103.8667,7.9226,258.7386,30.4468,synthetic_prototype_v1
WAT-00287,60.3512,9.9657,74.9906,38.4741,68.2507,30.0,synthetic_prototype_v1
WAT-00288,47.2994,9.197,115.9905,15.7878,223.1816,31.2945,synthetic_prototype_v1
WAT-00289,75.7929,5.1059,10.5325,28.3948,80.4962,34.9001,synthetic_prototype_v1
WAT-00290,54.3572,4.1744,83.551,26.0307,177.6964,30.0,synthetic_prototype_v1
WAT-00291,54.8888,5.6593,22.3178,20.3341,129.2411,53.7229,synthetic_prototype_v1
WAT-00292,89.5518,7.1405,70.4549,15.4635,217.0485,33.3012,synthetic_prototype_v1
WAT-00293,71.4787,6.6762,85.0447,38.759,116.9027,48.2118,synthetic_prototype_v1
WAT-00294,27.9736,6.4637,60.1303,9.977,126.3734,70.3045,synthetic_prototype_v1
WAT-00295,35.4467,5.4428,57.1279,7.3644,268.4239,31.6054,synthetic_prototype_v1
WAT-00296,43.0703,6.1717,102.1525,18.4516,63.791,57.3903,synthetic_prototype_v1
WAT-00297,67.6452,8.1906,52.917,13.9723,68.2668,38.3886,synthetic_prototype_v1
WAT-00298,66.8255,7.9102,117.9536,30.5968,149.0953,46.9922,synthetic_prototype_v1
WAT-00299,17.8286,7.1845,51.8936,28.358,159.7147,53.7704,synthetic_prototype_v1
WAT-00300,79.7578,8.8835,34.684,25.3434,247.5197,30.0,synthetic_prototype_v1
WAT-00301,98.3037,5.0669,34.766,6.7445,153.286,34.3454,synthetic_prototype_v1
WAT-00302,33.5901,5.7269,49.2514,11.8351,171.5406,55.1697,synthetic_prototype_v1
WAT-00303,66.6692,7.6048,59.0488,24.378,184.076,41.9438,synthetic_prototype_v1
WAT-00304,49.3385,7.3622,20.828,32.6596,77.8627,59.6387,synthetic_prototype_v1
WAT-00305,30.4681,6.9059,11.9974,37.4794,98.9986,64.7218,synthetic_prototype_v1
WAT-00306,44.3636,5.9388,98.7556,38.8427,207.5464,46.8554,synthetic_prototype_v1
WAT-00307,72.9637,4.1698,88.6405,5.0791,196.0344,30.0,synthetic_prototype_v1
WAT-00308,50.1133,4.6442,109.4248,26.4418,150.423,30.6979,synthetic_prototype_v1
WAT-00309,16.4623,7.5531,26.9098,16.7306,169.5322,42.6089,synthetic_prototype_v1
WAT-00310,19.3139,7.5912,48.9815,35.8925,284.5744,30.0,synthetic_prototype_v1
WAT-00311,44.9599,5.9778,18.9836,13.3585,120.5894,66.1029,synthetic_prototype_v1
WAT-00312,36.7641,4.1359,84.7109,27.2382,277.8452,30.0,synthetic_prototype_v1
WAT-00313,66.9958,7.5387,110.2533,17.466,299.6307,30.0,synthetic_prototype_v1
WAT-00314,41.143,6.1111,61.7812,5.0,87.4456,63.0408,synthetic_prototype_v1
WAT-00315,64.9142,8.2138,67.954,25.841,99.7306,44.2387,synthetic_prototype_v1
WAT-00316,34.051,9.9895,83.3111,28.4628,226.3143,30.0,synthetic_prototype_v1
WAT-00317,29.0981,8.9297,24.9901,35.2633,236.77,30.0,synthetic_prototype_v1
WAT-00318,34.5516,7.6125,9.8428,28.8801,103.9945,57.1002,synthetic_prototype_v1
WAT-00319,28.0359,4.2323,57.6655,32.9708,107.575,30.6131,synthetic_prototype_v1
WAT-00320,72.1579,7.1199,53.6996,17.4423,117.5621,42.7779,synthetic_prototype_v1
WAT-00321,51.1929,8.7241,26.4973,16.1608,142.1274,46.2974,synthetic_prototype_v1
WAT-00322,18.5857,6.9279,35.5172,31.0461,249.9644,30.0,synthetic_prototype_v1
WAT-00323,84.0647,5.7463,57.9875,8.7475,186.1951,36.6952,synthetic_prototype_v1
WAT-00324,46.4187,8.3662,20.6515,20.8591,159.7178,45.9636,synthetic_prototype_v1
WAT-00325,40.0809,6.8439,109.6474,30.441,298.0499,30.7153,synthetic_prototype_v1
WAT-00326,89.2083,5.1725,16.1795,18.759,128.1046,35.5714,synthetic_prototype_v1
WAT-00327,16.773,6.1191,51.5115,27.0103,189.6382,43.8488,synthetic_prototype_v1
WAT-00328,49.1763,8.9206,86.2795,20.6927,274.539,30.2584,synthetic_prototype_v1
WAT-00329,90.7365,5.2829,35.5842,11.76,65.141,30.9428,synthetic_prototype_v1
WAT-00330,88.133,4.1397,41.6693,9.9468,275.2603,30.754,synthetic_prototype_v1
WAT-00331,5.3807,7.9531,92.4079,10.408,204.0467,35.1165,synthetic_prototype_v1
WAT-00332,31.6852,6.6299,118.8235,19.3097,294.4818,32.5393,synthetic_prototype_v1
WAT-00333,39.8278,4.4598,45.4293,16.7014,200.7228,30.0,synthetic_prototype_v1
WAT-00334,31.4351,6.6494,120.0,17.164,136.8898,77.2066,synthetic_prototype_v1
WAT-00335,19.6489,7.2399,50.8174,18.863,144.4272,57.3203,synthetic_prototype_v1
WAT-00336,53.9377,6.6832,30.5374,12.8565,263.2759,31.3815,synthetic_prototype_v1
WAT-00337,78.5605,5.9227,81.1609,29.0844,112.2809,36.9615,synthetic_prototype_v1
WAT-00338,48.5633,4.91,96.9386,13.7325,221.5857,31.0356,synthetic_prototype_v1
WAT-00339,82.574,7.9652,25.4983,25.1998,224.467,33.1077,synthetic_prototype_v1
WAT-00340,82.7316,5.9134,68.1821,34.121,64.9045,34.6591,synthetic_prototype_v1
WAT-00341,64.7501,6.6005,25.3934,23.3667,118.498,52.8797,synthetic_prototype_v1
WAT-00342,46.4834,7.8953,55.1043,34.9612,248.0952,32.6529,synthetic_prototype_v1
WAT-00343,91.4075,9.202,86.3999,30.3106,162.7713,30.7401,synthetic_prototype_v1
WAT-00344,11.5683,5.1272,35.8291,6.6203,228.7733,30.6674,synthetic_prototype_v1
WAT-00345,90.0729,5.2566,67.8839,36.6101,130.6942,34.2575,synthetic_prototype_v1
WAT-00346,37.2072,7.616,68.2646,9.6303,58.7361,51.2244,synthetic_prototype_v1
WAT-00347,37.4334,6.1226,40.0318,5.0,105.709,72.6647,synthetic_prototype_v1
WAT-00348,16.4105,8.4682,16.0283,27.8629,67.6016,41.5203,synthetic_prototype_v1
WAT-00349,46.433,8.261,66.241,27.8107,145.5337,58.7337,synthetic_prototype_v1
WAT-00350,35.5266,5.6878,58.7762,18.9378,97.9035,62.7148,synthetic_prototype_v1
WAT-00351,9.9364,9.8877,81.2724,7.2784,177.6174,30.5986,synthetic_prototype_v1
WAT-00352,54.0283,5.3382,10.2828,14.265,247.5117,33.0151,synthetic_prototype_v1
WAT-00353,40.9402,4.6809,17.1694,38.667,65.1068,30.0,synthetic_prototype_v1
WAT-00354,61.137,5.6323,46.1482,26.8001,89.2678,46.2923,synthetic_prototype_v1
WAT-00355,17.4597,5.9297,22.7932,12.9388,273.397,30.3902,synthetic_prototype_v1
WAT-00356,42.0308,5.9205,34.9853,16.691,118.9933,70.8964,synthetic_prototype_v1
WAT-00357,11.3808,7.9878,40.8292,5.6726,214.3264,35.1886,synthetic_prototype_v1
WAT-00358,41.7744,6.44,52.47,5.0,106.5852,75.3384,synthetic_prototype_v1
WAT-00359,18.6678,4.6255,90.0935,31.4578,244.4805,30.0,synthetic_prototype_v1
WAT-00360,65.0047,7.552,10.6274,7.2145,235.7602,30.0,synthetic_prototype_v1
WAT-00361,66.9129,6.5924,28.4022,18.8005,76.6998,45.5736,synthetic_prototype_v1
WAT-00362,10.7599,6.5499,99.1784,22.4814,179.1021,43.6126,synthetic_prototype_v1
WAT-00363,92.2882,5.8882,84.854,19.5426,256.9103,30.0,synthetic_prototype_v1
WAT-00364,48.597,6.3666,74.2401,11.8905,181.7731,55.1859,synthetic_prototype_v1
WAT-00365,42.3507,6.1641,76.0472,14.2646,132.174,78.0757,synthetic_prototype_v1
WAT-00366,6.6785,5.6538,95.2987,33.9434,98.3724,39.8624,synthetic_prototype_v1
WAT-00367,35.468,7.139,23.4534,12.7918,115.7527,75.0865,synthetic_prototype_v1
WAT-00368,21.148,9.2081,95.8099,38.5637,132.321,31.4754,synthetic_prototype_v1
WAT-00369,94.8244,8.9193,71.1657,18.3536,212.9176,30.1963,synthetic_prototype_v1
WAT-00370,15.6901,7.9592,14.6779,30.8092,169.8778,40.7212,synthetic_prototype_v1
WAT-00371,18.4516,8.962,83.207,34.1194,284.3098,31.3738,synthetic_prototype_v1
WAT-00372,60.3323,6.5255,24.6117,17.6342,154.4002,50.9705,synthetic_prototype_v1
WAT-00373,40.1141,6.2347,18.7603,17.8481,121.506,71.8292,synthetic_prototype_v1
WAT-00374,69.7528,6.9956,39.6173,8.6021,88.3386,42.5249,synthetic_prototype_v1
WAT-00375,7.9348,9.0403,40.5315,33.5551,70.787,31.1052,synthetic_prototype_v1
WAT-00376,11.3078,8.804,40.1148,37.2292,69.7374,36.8141,synthetic_prototype_v1
WAT-00377,44.8309,4.0425,30.3117,23.7977,234.9645,30.0,synthetic_prototype_v1
WAT-00378,32.6372,4.9707,21.7138,27.2947,192.2335,37.2415,synthetic_prototype_v1
WAT-00379,48.372,4.6556,80.8179,18.5051,108.9491,31.4842,synthetic_prototype_v1
WAT-00380,49.2948,6.496,56.8069,15.637,143.6848,76.0163,synthetic_prototype_v1
WAT-00381,38.0138,6.3317,5.8591,24.5579,89.0445,60.6251,synthetic_prototype_v1
WAT-00382,17.4346,5.4999,6.935,32.1843,263.7324,31.2079,synthetic_prototype_v1
WAT-00383,33.1485,4.4177,92.1994,13.3903,284.5117,32.4572,synthetic_prototype_v1
WAT-00384,32.3048,8.0974,33.8042,19.8173,194.7132,41.6507,synthetic_prototype_v1
WAT-00385,75.945,9.6097,57.3861,28.3146,84.726,31.6281,synthetic_prototype_v1
WAT-00386,66.1672,6.957,115.7098,29.5492,82.4865,46.3867,synthetic_prototype_v1
WAT-00387,47.9985,5.6897,9.8693,5.0,125.8288,56.984,synthetic_prototype_v1
WAT-00388,36.1943,4.9663,54.3837,29.8675,58.6783,37.9941,synthetic_prototype_v1
WAT-00389,92.4633,8.8043,88.7239,13.089,112.9252,34.2014,synthetic_prototype_v1
WAT-00390,39.7324,5.8068,38.1094,12.3277,50.0,47.8808,synthetic_prototype_v1
WAT-00391,71.3215,5.5233,53.3844,37.3356,128.2228,38.7497,synthetic_prototype_v1
WAT-00392,66.2578,7.6016,111.7807,29.7236,56.6856,41.7905,synthetic_prototype_v1
WAT-00393,34.1725,6.6886,22.1627,26.3237,91.0561,69.9108,synthetic_prototype_v1
WAT-00394,32.4331,7.3621,12.357,26.7943,129.6083,67.4686,synthetic_prototype_v1
WAT-00395,35.6716,7.7179,18.5645,15.8439,118.5237,65.6378,synthetic_prototype_v1
WAT-00396,39.9927,4.7378,30.7304,23.2977,181.4133,30.2063,synthetic_prototype_v1
WAT-00397,38.8305,5.9203,43.6559,20.3931,194.087,49.0535,synthetic_prototype_v1
WAT-00398,62.5862,5.8852,35.313,12.0784,139.4884,49.382,synthetic_prototype_v1
WAT-00399,69.8459,7.5733,57.2631,38.0325,208.3392,35.4488,synthetic_prototype_v1
WAT-00400,69.6398,5.8295,58.9862,34.5971,267.439,30.0,synthetic_prototype_v1
WAT-00401,26.8375,6.9078,14.659,13.1015,73.7482,58.2632,synthetic_prototype_v1
WAT-00402,25.7914,5.7965,97.5169,13.3612,53.9856,42.5255,synthetic_prototype_v1
WAT-00403,92.9402,5.6493,88.2568,32.7463,154.9346,30.2668,synthetic_prototype_v1
WAT-00404,53.3487,7.5932,99.1274,8.1569,230.2636,33.2537,synthetic_prototype_v1
WAT-00405,8.8241,5.9235,27.4817,32.153,253.8635,30.9368,synthetic_prototype_v1
WAT-00406,6.6945,6.2303,113.554,7.9225,186.9456,36.3347,synthetic_prototype_v1
WAT-00407,20.6377,8.5245,79.7744,32.2975,254.4916,30.0,synthetic_prototype_v1
WAT-00408,33.2025,9.2736,106.2064,5.5228,192.3605,30.0,synthetic_prototype_v1
WAT-00409,14.4954,8.4777,48.409,20.2275,100.3612,39.7374,synthetic_prototype_v1
WAT-00410,64.0702,4.3438,90.5427,11.2314,180.8372,30.0,synthetic_prototype_v1
WAT-00411,64.1573,8.8233,101.5756,35.988,134.2272,40.7463,synthetic_prototype_v1
WAT-00412,67.6987,6.5873,49.0117,14.2616,260.9462,31.7381,synthetic_prototype_v1
WAT-00413,93.6256,8.5262,22.5598,19.1962,80.7608,34.0256,synthetic_prototype_v1
WAT-00414,65.2523,6.9609,116.4249,32.069,140.4157,51.3996,synthetic_prototype_v1
WAT-00415,13.5266,7.9118,78.8085,39.9054,167.5118,43.0073,synthetic_prototype_v1
WAT-00416,68.24,5.7576,10.4194,20.0022,147.2178,42.4346,synthetic_prototype_v1
WAT-00417,9.8848,8.7748,22.3558,20.3042,247.4599,30.8056,synthetic_prototype_v1
WAT-00418,55.939,8.7207,99.6786,29.01,144.1754,46.3473,synthetic_prototype_v1
WAT-00419,42.6546,5.9616,35.0784,17.8942,126.6559,70.2916,synthetic_prototype_v1
WAT-00420,76.222,4.4057,70.9989,38.6807,131.8541,30.0,synthetic_prototype_v1
WAT-00421,13.4482,7.9336,17.9225,19.5966,151.5567,41.5694,synthetic_prototype_v1
WAT-00422,81.0554,9.6976,80.9758,13.4588,81.5466,30.0,synthetic_prototype_v1
WAT-00423,57.7438,5.32,98.9998,30.5335,65.9339,44.0681,synthetic_prototype_v1
WAT-00424,44.0733,7.4584,36.6557,10.6723,137.5975,68.1446,synthetic_prototype_v1
WAT-00425,89.5404,8.3545,48.7762,21.258,179.2822,33.5122,synthetic_prototype_v1
WAT-00426,66.9645,5.9615,78.5318,18.1332,185.9674,40.1198,synthetic_prototype_v1
WAT-00427,21.2727,8.6601,12.4001,23.2196,116.3006,40.9571,synthetic_prototype_v1
WAT-00428,10.6833,5.9414,97.3852,14.0473,93.9869,45.2638,synthetic_prototype_v1
WAT-00429,95.1213,6.0623,35.6597,32.5715,146.9505,33.305,synthetic_prototype_v1
WAT-00430,45.1597,4.2397,41.1327,24.6235,227.4584,30.0,synthetic_prototype_v1
WAT-00431,58.81,4.0935,23.525,35.5781,262.2082,30.5777,synthetic_prototype_v1
WAT-00432,29.3886,5.654,53.9673,8.685,119.6478,57.2724,synthetic_prototype_v1
WAT-00433,83.6069,7.7415,93.7349,21.5596,116.3127,36.0435,synthetic_prototype_v1
WAT-00434,9.5004,9.1848,64.1401,15.8813,220.8325,31.0242,synthetic_prototype_v1
WAT-00435,87.7839,4.8364,92.1257,22.338,136.378,30.0,synthetic_prototype_v1
WAT-00436,46.4882,6.8036,61.3958,29.2976,113.7995,84.0534,synthetic_prototype_v1
WAT-00437,19.8178,6.2385,32.0778,23.7909,125.7798,57.5572,synthetic_prototype_v1
WAT-00438,81.4526,9.2897,80.1023,14.6832,58.9795,30.0,synthetic_prototype_v1
WAT-00439,7.2066,6.28,9.2935,19.1232,253.9721,32.4307,synthetic_prototype_v1
WAT-00440,30.6555,6.2452,15.9338,22.4182,126.5325,67.0716,synthetic_prototype_v1
WAT-00441,35.0133,6.1085,26.7288,39.0493,167.3358,60.8291,synthetic_prototype_v1
WAT-00442,55.721,5.2101,32.5917,5.0446,83.3746,42.0183,synthetic_prototype_v1
WAT-00443,94.6213,4.258,17.8358,8.8218,299.4986,30.6052,synthetic_prototype_v1
WAT-00444,37.7409,4.6248,57.098,36.0339,77.0754,30.5909,synthetic_prototype_v1
WAT-00445,97.234,6.2238,51.1748,12.5683,160.377,31.5906,synthetic_prototype_v1
WAT-00446,17.0588,7.3909,118.309,5.2227,171.549,45.8882,synthetic_prototype_v1
WAT-00447,12.8593,7.4518,36.87,26.7998,289.2144,30.0,synthetic_prototype_v1
WAT-00448,43.0725,6.5137,48.9086,12.8291,129.5153,83.0237,synthetic_prototype_v1
WAT-00449,49.2566,7.3469,88.3567,16.4901,77.8573,67.0089,synthetic_prototype_v1
WAT-00450,18.278,7.4069,73.0211,26.0768,219.3939,36.4713,synthetic_prototype_v1
WAT-00451,32.0484,6.4626,96.5571,9.4624,123.7392,77.3376,synthetic_prototype_v1
WAT-00452,53.731,7.0704,20.1361,23.0265,76.2304,54.7884,synthetic_prototype_v1
WAT-00453,36.1417,5.2861,110.0906,11.2879,297.5062,30.8345,synthetic_prototype_v1
WAT-00454,65.2633,7.6046,54.0391,17.3289,91.2185,47.9672,synthetic_prototype_v1
WAT-00455,77.6749,5.4759,106.8512,22.4985,226.2521,31.8921,synthetic_prototype_v1
WAT-00456,57.9704,7.7541,15.6522,5.6843,148.7534,48.1306,synthetic_prototype_v1
WAT-00457,69.0485,6.9804,36.1493,9.2292,179.6779,37.5519,synthetic_prototype_v1
WAT-00458,99.5083,7.9239,45.8149,16.7445,112.5628,31.1483,synthetic_prototype_v1
WAT-00459,40.0323,6.6937,41.7438,16.6315,186.2125,54.7002,synthetic_prototype_v1
WAT-00460,49.9815,6.1634,39.2841,25.9048,110.7849,69.5179,synthetic_prototype_v1
WAT-00461,66.1664,6.0084,25.8843,17.3054,108.361,44.2462,synthetic_prototype_v1
WAT-00462,46.3262,7.0503,36.9885,29.831,108.9651,80.8824,synthetic_prototype_v1
WAT-00463,35.0006,5.1942,37.3904,13.7636,154.755,47.9944,synthetic_prototype_v1
WAT-00464,32.1745,5.1048,17.1446,34.5139,218.3846,36.3281,synthetic_prototype_v1
WAT-00465,48.1337,5.9631,49.9629,10.1621,95.4011,64.0508,synthetic_prototype_v1
WAT-00466,92.9873,7.1699,86.2681,5.5235,251.3824,31.7525,synthetic_prototype_v1
WAT-00467,63.8163,4.0608,91.9051,5.7902,156.3492,30.3547,synthetic_prototype_v1
WAT-00468,29.4504,6.384,101.6393,8.2921,278.447,33.6876,synthetic_prototype_v1
WAT-00469,24.6378,6.6742,11.4726,16.6097,177.919,51.277,synthetic_prototype_v1
WAT-00470,75.2782,4.9624,112.1472,20.8424,297.3857,30.0,synthetic_prototype_v1
WAT-00471,24.7331,5.8406,85.3329,7.7674,253.2367,30.0,synthetic_prototype_v1
WAT-00472,22.8699,7.581,110.3844,12.8914,128.9905,61.636,synthetic_prototype_v1
WAT-00473,87.4116,6.5879,71.0632,31.2968,161.1069,37.3962,synthetic_prototype_v1
WAT-00474,52.1886,7.7691,39.9512,24.0435,110.1874,62.8629,synthetic_prototype_v1
WAT-00475,14.9384,8.5079,43.2277,7.6565,65.4952,39.203,synthetic_prototype_v1
WAT-00476,99.2186,4.6049,103.5827,10.683,82.1406,31.2776,synthetic_prototype_v1
WAT-00477,82.1389,5.05,68.9069,32.4485,254.8287,30.0,synthetic_prototype_v1
WAT-00478,66.9939,4.7345,25.3376,25.17,147.4949,31.3142,synthetic_prototype_v1
WAT-00479,53.6189,8.2726,9.8137,13.8106,84.5964,46.3451,synthetic_prototype_v1
WAT-00480,73.6958,4.801,48.0204,24.4824,254.9373,30.0,synthetic_prototype_v1
WAT-00481,36.3252,7.3059,28.3731,19.8408,121.1438,72.3164,synthetic_prototype_v1
WAT-00482,85.8575,4.0059,119.8693,39.6174,157.053,30.0,synthetic_prototype_v1
WAT-00483,56.3453,8.2219,106.6061,8.9568,298.8445,31.0388,synthetic_prototype_v1
WAT-00484,48.3584,5.8893,5.3302,16.6767,246.1097,30.0,synthetic_prototype_v1
WAT-00485,32.0956,7.2129,5.0,13.1677,111.1932,60.9365,synthetic_prototype_v1
WAT-00486,57.4555,9.974,58.4389,29.4017,285.2086,30.0,synthetic_prototype_v1
WAT-00487,51.7546,5.4877,82.0919,13.4414,282.451,30.0,synthetic_prototype_v1
WAT-00488,43.6169,6.209,57.0392,14.0659,71.8637,61.9308,synthetic_prototype_v1
WAT-00489,66.0359,6.5205,34.3136,37.6044,261.7785,30.6585,synthetic_prototype_v1
WAT-00490,35.6105,9.2699,88.6221,15.6501,56.1039,30.3594,synthetic_prototype_v1
WAT-00491,43.2983,5.1386,54.8812,38.2619,271.6307,30.9183,synthetic_prototype_v1
WAT-00492,6.0191,8.3282,22.9286,12.4447,147.2576,34.9805,synthetic_prototype_v1
WAT-00493,17.773,5.5848,34.6371,12.398,134.0999,46.8931,synthetic_prototype_v1
WAT-00494,39.6952,5.9816,25.2381,13.9929,118.2492,68.8188,synthetic_prototype_v1
WAT-00495,60.1228,5.704,93.9655,9.2144,179.6498,42.009,synthetic_prototype_v1
WAT-00496,45.695,6.905,56.704,13.4575,143.8747,74.112,synthetic_prototype_v1
WAT-00497,27.8787,8.2537,31.0868,7.2022,67.9104,46.1998,synthetic_prototype_v1
WAT-00498,53.8854,7.5774,53.9747,5.5062,84.2946,56.5224,synthetic_prototype_v1
WAT-00499,60.6549,7.0486,7.0635,11.6487,146.2358,50.4679,synthetic_prototype_v1
WAT-00500,43.6455,7.7378,7.6532,13.2256,154.3169,50.2789,synthetic_prototype_v1
WAT-00501,67.2742,8.895,9.2787,10.1577,116.9479,38.1751,synthetic_prototype_v1
WAT-00502,64.9512,7.7308,19.1635,37.6914,113.9497,46.6303,synthetic_prototype_v1
WAT-00503,58.9076,6.038,15.7348,15.2763,91.6387,53.801,synthetic_prototype_v1
WAT-00504,30.314,9.5372,95.3862,26.03,211.3892,30.0,synthetic_prototype_v1
WAT-00505,57.2728,6.5646,103.2196,18.2454,84.9871,60.0932,synthetic_prototype_v1
WAT-00506,81.257,6.4979,82.4203,36.2101,109.1457,41.9639,synthetic_prototype_v1
WAT-00507,71.5508,6.3102,34.4782,22.3518,159.0758,40.8195,synthetic_prototype_v1
WAT-00508,67.7448,6.333,44.458,14.4817,112.5145,50.827,synthetic_prototype_v1
WAT-00509,93.9141,6.0751,7.969,32.09,70.4268,31.1508,synthetic_prototype_v1
WAT-00510,40.4407,6.6909,5.9872,22.8926,117.0057,70.8992,synthetic_prototype_v1
WAT-00511,67.1364,6.9648,98.195,20.5031,67.2308,43.902,synthetic_prototype_v1
WAT-00512,20.6649,8.1233,36.316,15.5844,159.5932,45.5022,synthetic_prototype_v1
WAT-00513,19.2931,6.0773,22.8935,13.5341,229.8836,33.3928,synthetic_prototype_v1
WAT-00514,62.8415,5.7906,35.8089,25.693,135.7391,47.6438,synthetic_prototype_v1
WAT-00515,19.6265,9.2056,23.029,17.8987,117.8242,32.6217,synthetic_prototype_v1
WAT-00516,30.5674,7.2179,31.1903,25.6722,285.9088,35.1838,synthetic_prototype_v1
WAT-00517,85.0522,4.7467,75.2504,10.5405,226.6773,30.6044,synthetic_prototype_v1
WAT-00518,18.2807,4.6357,54.063,34.4556,149.0138,31.7817,synthetic_prototype_v1
WAT-00519,32.8914,6.8329,71.394,27.6877,170.9937,66.2986,synthetic_prototype_v1
WAT-00520,36.6956,7.4431,27.3217,12.0845,250.1807,30.0,synthetic_prototype_v1
WAT-00521,76.9482,4.1532,101.4058,17.6392,83.6769,30.0,synthetic_prototype_v1
WAT-00522,38.0292,6.1634,72.2226,35.5669,81.4926,72.8424,synthetic_prototype_v1
WAT-00523,41.5279,5.456,33.6736,37.6298,293.7213,30.0,synthetic_prototype_v1
WAT-00524,39.2782,6.7625,39.5831,18.755,98.589,78.717,synthetic_prototype_v1
WAT-00525,92.3283,6.4475,7.2649,15.9329,108.2082,33.1215,synthetic_prototype_v1
WAT-00526,9.4888,5.8432,68.7629,6.5615,199.8708,35.4489,synthetic_prototype_v1
WAT-00527,49.4156,8.7491,10.3642,19.9271,139.4726,44.1695,synthetic_prototype_v1
WAT-00528,74.6793,5.8107,111.5576,15.3388,241.3366,30.0,synthetic_prototype_v1
WAT-00529,40.5647,6.817,9.597,18.5063,127.0961,75.9088,synthetic_prototype_v1
WAT-00530,8.9533,5.0076,21.7063,34.5941,274.0255,30.0,synthetic_prototype_v1
WAT-00531,40.4971,6.1702,26.6342,11.9083,66.0386,55.4754,synthetic_prototype_v1
WAT-00532,29.7068,6.1085,28.6542,24.2935,144.418,63.9951,synthetic_prototype_v1
WAT-00533,91.4308,6.7783,89.0838,5.4839,99.997,34.6663,synthetic_prototype_v1
WAT-00534,22.1671,9.647,85.3041,35.1234,178.3057,30.0,synthetic_prototype_v1
WAT-00535,81.0916,6.2679,39.9207,27.9444,158.3552,36.3568,synthetic_prototype_v1
WAT-00536,40.0539,6.1852,79.6908,24.0611,53.0407,54.871,synthetic_prototype_v1
WAT-00537,16.1267,6.0075,22.4161,6.8624,115.7916,48.5793,synthetic_prototype_v1
WAT-00538,88.6361,7.7202,22.9874,24.9891,271.803,30.0,synthetic_prototype_v1
WAT-00539,48.9895,5.9345,6.2894,23.3863,157.4007,54.4729,synthetic_prototype_v1
WAT-00540,37.7863,6.494,56.9436,9.1153,106.6838,82.3683,synthetic_prototype_v1
WAT-00541,91.7496,4.3917,42.0045,38.1404,109.5092,31.0514,synthetic_prototype_v1
WAT-00542,95.3635,7.2933,38.8814,19.4632,84.2861,34.0037,synthetic_prototype_v1
WAT-00543,75.7524,4.4946,97.0286,38.8505,50.9856,33.0095,synthetic_prototype_v1
WAT-00544,76.2753,6.9478,28.5146,7.7362,67.0017,38.447,synthetic_prototype_v1
WAT-00545,18.6703,7.5751,21.852,5.9092,247.8931,30.0,synthetic_prototype_v1
WAT-00546,33.7356,7.3639,18.0446,35.6546,223.2251,35.6841,synthetic_prototype_v1
WAT-00547,45.4774,6.5656,26.6257,5.0,79.4632,60.0512,synthetic_prototype_v1
WAT-00548,44.4702,6.8683,71.6049,17.62,89.2046,75.2651,synthetic_prototype_v1
WAT-00549,14.3978,7.6601,74.8017,6.2365,187.9019,40.2719,synthetic_prototype_v1
WAT-00550,57.6511,7.2072,15.4827,8.799,82.8293,52.2219,synthetic_prototype_v1
WAT-00551,31.2117,7.5413,39.8861,20.8985,98.9076,71.3913,synthetic_prototype_v1
WAT-00552,65.2898,7.6528,91.7596,37.3994,133.8453,49.6375,synthetic_prototype_v1
WAT-00553,16.1952,9.3796,112.7908,31.2007,271.54,30.0,synthetic_prototype_v1
WAT-00554,80.5013,6.5525,104.3016,17.0954,264.9635,30.0,synthetic_prototype_v1
WAT-00555,23.3389,6.6843,48.1894,17.7591,251.3238,30.9893,synthetic_prototype_v1
WAT-00556,32.122,6.3552,55.1433,12.2606,102.9609,74.8528,synthetic_prototype_v1
WAT-00557,88.424,6.9862,63.1504,16.0484,140.3275,34.2976,synthetic_prototype_v1
WAT-00558,16.662,8.439,117.5126,8.2878,204.0778,33.3266,synthetic_prototype_v1
WAT-00559,30.4629,5.9519,39.0133,11.6752,76.0547,56.1519,synthetic_prototype_v1
WAT-00560,67.0052,8.2577,51.3506,18.2999,242.7354,31.5348,synthetic_prototype_v1
WAT-00561,77.3083,7.6852,10.9902,32.3362,245.5082,30.0,synthetic_prototype_v1
WAT-00562,64.8511,7.8132,69.7109,18.0506,231.1578,30.0,synthetic_prototype_v1
WAT-00563,14.6588,4.7612,90.7768,8.5715,296.4155,30.0,synthetic_prototype_v1
WAT-00564,15.9919,5.9877,84.7062,19.2387,171.7422,44.5803,synthetic_prototype_v1
WAT-00565,44.6947,7.8901,42.766,26.955,102.4339,65.4384,synthetic_prototype_v1
WAT-00566,34.3596,6.167,37.9281,8.8837,50.0,49.6459,synthetic_prototype_v1
WAT-00567,18.9446,7.3745,14.5114,24.3941,124.9613,56.932,synthetic_prototype_v1
WAT-00568,33.5258,6.4828,5.7799,39.5867,153.6025,59.9412,synthetic_prototype_v1
WAT-00569,23.3374,4.8971,115.8206,21.4196,94.9839,37.8118,synthetic_prototype_v1
WAT-00570,44.7646,5.9095,77.8963,33.9239,131.4892,75.9115,synthetic_prototype_v1
WAT-00571,75.8765,4.4219,86.2761,17.42,179.9283,30.1669,synthetic_prototype_v1
WAT-00572,53.356,7.2148,51.9059,21.4467,110.1768,69.3487,synthetic_prototype_v1
WAT-00573,55.3299,6.2775,74.2959,32.0573,161.3072,60.9559,synthetic_prototype_v1
WAT-00574,19.562,9.0796,54.8795,6.9426,250.5589,30.0,synthetic_prototype_v1
WAT-00575,9.0233,9.3193,106.5888,18.813,163.1622,30.0,synthetic_prototype_v1
WAT-00576,43.2736,9.0153,71.9076,12.3912,140.5682,43.222,synthetic_prototype_v1
WAT-00577,78.5619,4.9186,15.2197,13.3623,125.4284,31.8607,synthetic_prototype_v1
WAT-00578,69.8897,5.4479,32.1276,11.5005,202.7086,39.3749,synthetic_prototype_v1
WAT-00579,39.3459,8.1115,47.112,17.6674,149.3928,54.533,synthetic_prototype_v1
WAT-00580,34.7557,7.0561,84.2034,13.0136,98.3079,77.3422,synthetic_prototype_v1
WAT-00581,53.6803,6.7236,58.7877,23.0279,106.2118,74.31,synthetic_prototype_v1
WAT-00582,50.5205,5.8291,22.0227,18.5892,116.1623,59.9416,synthetic_prototype_v1
WAT-00583,43.8453,7.4559,37.0042,25.2969,120.6183,77.8888,synthetic_prototype_v1
WAT-00584,46.9574,6.3275,24.0197,30.3294,103.3742,71.1554,synthetic_prototype_v1
WAT-00585,62.1686,8.2314,8.8018,26.2878,201.0759,36.5911,synthetic_prototype_v1
WAT-00586,46.6141,6.9822,13.3722,29.993,91.2548,70.2958,synthetic_prototype_v1
WAT-00587,54.5371,7.7274,117.3171,10.1341,83.7103,54.2598,synthetic_prototype_v1
WAT-00588,47.9001,6.1303,29.5488,16.2616,71.302,56.3297,synthetic_prototype_v1
WAT-00589,31.0031,6.8718,13.0638,21.0912,116.4721,65.4241,synthetic_prototype_v1
WAT-00590,67.9721,4.3243,95.3261,38.1593,276.916,34.1384,synthetic_prototype_v1
WAT-00591,76.6082,9.8683,114.9382,26.2873,144.0557,30.1649,synthetic_prototype_v1
WAT-00592,62.6045,8.7272,80.1504,17.6206,229.8217,31.9786,synthetic_prototype_v1
WAT-00593,78.0196,9.9075,65.6075,19.1844,150.022,30.3056,synthetic_prototype_v1
WAT-00594,50.4969,7.9699,77.5795,27.528,155.4368,57.7881,synthetic_prototype_v1
WAT-00595,37.0894,5.6347,96.1879,20.7633,152.9604,63.9483,synthetic_prototype_v1
WAT-00596,76.0591,9.1358,73.6364,24.189,299.7633,30.0,synthetic_prototype_v1
WAT-00597,54.9758,8.2375,63.7003,6.1649,86.4244,45.657,synthetic_prototype_v1
WAT-00598,53.9824,5.3691,41.421,12.8828,100.6459,49.5595,synthetic_prototype_v1
WAT-00599,62.6851,9.2903,102.2654,30.1335,275.7153,30.7632,synthetic_prototype_v1
WAT-00600,68.1098,8.8035,115.1231,14.5678,293.5371,32.0688,synthetic_prototype_v1
WAT-00601,15.0014,6.5901,79.284,15.662,239.8323,30.0,synthetic_prototype_v1
WAT-00602,90.752,4.5306,33.8085,35.0639,77.7886,30.2724,synthetic_prototype_v1
WAT-00603,59.3353,8.3621,100.3271,5.3705,171.8856,44.0518,synthetic_prototype_v1
WAT-00604,44.8336,7.5341,45.4895,18.6538,178.6183,53.729,synthetic_prototype_v1
WAT-00605,42.2457,5.5313,16.3171,25.1967,207.8709,45.3709,synthetic_prototype_v1
WAT-00606,8.0542,4.2452,80.9202,30.3436,218.4736,31.2371,synthetic_prototype_v1
WAT-00607,28.3415,4.7646,86.4452,39.5118,146.107,32.5229,synthetic_prototype_v1
WAT-00608,19.2444,6.4718,117.8361,29.035,63.066,48.5306,synthetic_prototype_v1
WAT-00609,86.0142,4.2239,9.9844,11.9249,129.3233,30.0,synthetic_prototype_v1
WAT-00610,62.7062,6.5808,9.9532,23.4047,160.0609,49.8456,synthetic_prototype_v1
WAT-00611,34.6323,6.369,20.5249,9.1815,134.8419,67.2376,synthetic_prototype_v1
WAT-00612,98.6728,6.0481,31.4743,15.571,81.2218,32.0208,synthetic_prototype_v1
WAT-00613,5.6747,6.9128,46.2929,23.4365,89.2361,44.0359,synthetic_prototype_v1
WAT-00614,62.2511,6.074,27.7614,14.5899,139.9443,50.7115,synthetic_prototype_v1
WAT-00615,44.7876,7.7224,34.4043,8.7323,112.0051,65.8137,synthetic_prototype_v1
WAT-00616,48.7009,7.5127,8.9167,15.7398,175.1861,52.1673,synthetic_prototype_v1
WAT-00617,63.9139,5.7979,80.3176,18.5749,187.842,43.5465,synthetic_prototype_v1
WAT-00618,38.063,8.824,99.3896,7.7629,234.7831,32.6957,synthetic_prototype_v1
WAT-00619,89.84,5.9284,21.9435,26.4416,137.7238,34.1063,synthetic_prototype_v1
WAT-00620,65.3782,9.6978,93.998,14.6263,64.1547,30.0,synthetic_prototype_v1
WAT-00621,15.1923,5.7476,98.0272,24.6752,142.7022,46.336,synthetic_prototype_v1
WAT-00622,50.8257,9.6437,73.4244,10.6592,225.6809,30.1106,synthetic_prototype_v1
WAT-00623,66.7619,9.3358,86.7521,39.0664,196.3173,30.0,synthetic_prototype_v1
WAT-00624,55.5292,8.4717,47.7228,35.3227,199.255,38.4274,synthetic_prototype_v1
WAT-00625,75.0908,9.7676,10.9349,18.6563,298.3337,30.0,synthetic_prototype_v1
WAT-00626,63.161,6.1304,11.9533,32.7434,102.6284,50.0137,synthetic_prototype_v1
WAT-00627,86.1285,8.744,9.0698,5.793,63.4796,37.4491,synthetic_prototype_v1
WAT-00628,99.2217,6.7055,69.9807,27.4018,212.755,30.0,synthetic_prototype_v1
WAT-00629,63.1611,7.4909,120.0,18.5138,153.7191,47.834,synthetic_prototype_v1
WAT-00630,53.7095,4.0748,58.5614,26.6125,275.1916,31.7506,synthetic_prototype_v1
WAT-00631,18.3237,9.0243,80.642,36.0357,282.0396,30.0,synthetic_prototype_v1
WAT-00632,88.0846,4.6867,110.6187,32.256,156.3405,30.0,synthetic_prototype_v1
WAT-00633,52.5628,5.4579,41.9793,32.6702,124.4446,56.1318,synthetic_prototype_v1
WAT-00634,49.4905,5.8488,5.1099,32.6159,175.0519,47.4641,synthetic_prototype_v1
WAT-00635,30.2576,6.3272,88.4856,38.0808,92.7598,74.1346,synthetic_prototype_v1
WAT-00636,34.4296,7.3512,41.872,18.21,86.1967,67.6852,synthetic_prototype_v1
WAT-00637,9.8412,5.6498,33.4946,6.3307,120.6719,42.9808,synthetic_prototype_v1
WAT-00638,15.3687,4.274,22.8878,34.2989,127.3472,30.3675,synthetic_prototype_v1
WAT-00639,42.4745,6.299,26.4277,15.3628,64.6897,57.9305,synthetic_prototype_v1
WAT-00640,26.2672,6.9372,11.179,20.5225,124.3013,63.9374,synthetic_prototype_v1
WAT-00641,87.1845,8.4487,109.8958,7.8996,215.9667,31.8435,synthetic_prototype_v1
WAT-00642,25.3139,9.1272,21.6119,36.4182,255.3195,30.0,synthetic_prototype_v1
WAT-00643,38.0895,6.3078,26.0516,19.022,116.6928,75.1019,synthetic_prototype_v1
WAT-00644,88.4447,9.4138,70.6055,22.1843,138.4262,31.0826,synthetic_prototype_v1
WAT-00645,5.0493,5.6689,113.4179,27.7691,290.2673,30.0,synthetic_prototype_v1
WAT-00646,79.3812,4.0403,22.7692,39.7245,185.9319,30.0,synthetic_prototype_v1
WAT-00647,25.4375,7.0369,55.3458,19.6086,208.4802,44.3049,synthetic_prototype_v1
WAT-00648,38.9534,6.688,5.0,10.8589,127.8907,66.5768,synthetic_prototype_v1
WAT-00649,21.264,5.5204,91.3424,22.8053,110.1814,53.2579,synthetic_prototype_v1
WAT-00650,5.0,5.8285,76.1972,20.6444,124.0031,38.8223,synthetic_prototype_v1
WAT-00651,26.684,6.1379,78.7224,10.0959,58.8438,47.9759,synthetic_prototype_v1
WAT-00652,71.0058,7.3788,64.6636,33.0099,227.349,30.8209,synthetic_prototype_v1
WAT-00653,53.2759,7.018,9.2866,16.9666,85.5106,55.0667,synthetic_prototype_v1
WAT-00654,31.3617,6.2011,22.5679,17.3941,137.0739,66.9195,synthetic_prototype_v1
WAT-00655,60.8482,6.3107,85.4164,25.1424,111.9085,61.2385,synthetic_prototype_v1
WAT-00656,87.5601,7.1159,49.5403,10.9219,126.952,35.3452,synthetic_prototype_v1
WAT-00657,62.3587,6.0941,79.7785,24.8866,138.1263,55.3993,synthetic_prototype_v1
WAT-00658,38.116,6.5585,35.03,22.6832,121.1124,83.0536,synthetic_prototype_v1
WAT-00659,40.6816,7.3201,5.0,23.4205,128.4142,65.1189,synthetic_prototype_v1
WAT-00660,35.8597,7.3714,36.2278,19.286,133.7916,77.6132,synthetic_prototype_v1
WAT-00661,22.2255,8.4229,20.2636,17.1055,252.5221,32.7157,synthetic_prototype_v1
WAT-00662,22.4952,7.1221,38.1346,23.2759,155.8415,56.8403,synthetic_prototype_v1
WAT-00663,48.4573,6.3341,18.5982,11.3342,152.3729,65.2566,synthetic_prototype_v1
WAT-00664,15.5157,8.8596,19.8639,6.3603,268.8598,30.0,synthetic_prototype_v1
WAT-00665,71.8589,6.0418,93.414,38.5039,85.7057,42.2686,synthetic_prototype_v1
WAT-00666,20.9601,5.4921,19.8406,24.5085,97.3617,48.3361,synthetic_prototype_v1
WAT-00667,18.4999,7.5119,12.211,25.9434,237.7539,30.2173,synthetic_prototype_v1
WAT-00668,43.6555,6.501,36.3415,21.8577,141.4788,75.8454,synthetic_prototype_v1
WAT-00669,48.2585,8.0858,89.7854,22.8214,98.8641,61.836,synthetic_prototype_v1
WAT-00670,97.2578,6.0421,77.3246,32.5153,79.0905,32.3595,synthetic_prototype_v1
WAT-00671,9.2417,5.1168,14.8795,23.3911,280.7511,30.0,synthetic_prototype_v1
WAT-00672,46.2817,8.5242,71.271,21.7165,133.8904,46.9356,synthetic_prototype_v1
WAT-00673,34.0053,6.1451,30.669,18.6082,110.4397,73.0459,synthetic_prototype_v1
WAT-00674,57.5864,7.3456,57.4383,23.0942,298.4786,30.4644,synthetic_prototype_v1
WAT-00675,39.0411,5.4116,26.7866,16.4435,150.1931,56.3993,synthetic_prototype_v1
WAT-00676,32.661,7.82,26.5703,24.0571,108.008,63.6616,synthetic_prototype_v1
WAT-00677,39.3234,6.8297,47.3642,25.1158,50.0312,56.0663,synthetic_prototype_v1
WAT-00678,38.2085,9.3549,87.4466,10.1135,226.4467,30.5793,synthetic_prototype_v1
WAT-00679,6.5751,4.8039,85.8725,30.5242,243.4599,30.0,synthetic_prototype_v1
WAT-00680,20.4728,5.2519,45.092,6.1175,158.5242,43.3145,synthetic_prototype_v1
WAT-00681,61.2661,4.8695,112.5482,13.5169,90.1077,38.1562,synthetic_prototype_v1
WAT-00682,62.8618,6.0767,29.9321,25.1854,115.2951,52.4701,synthetic_prototype_v1
WAT-00683,8.3361,5.6741,17.9197,39.0684,177.2866,39.9934,synthetic_prototype_v1
WAT-00684,66.0202,9.0201,81.6051,9.6238,55.5482,36.1423,synthetic_prototype_v1
WAT-00685,69.5551,6.8211,110.4159,36.0629,85.3644,44.4541,synthetic_prototype_v1
WAT-00686,31.6019,6.4871,5.0,14.5799,142.0565,61.668,synthetic_prototype_v1
WAT-00687,64.469,6.2003,110.4136,26.8427,94.0062,50.2149,synthetic_prototype_v1
WAT-00688,44.9746,6.7472,21.3335,22.9851,108.581,73.4488,synthetic_prototype_v1
WAT-00689,12.1266,7.9635,53.0028,23.5852,274.2202,32.5877,synthetic_prototype_v1
WAT-00690,35.9076,6.9494,102.4453,36.0664,143.6611,82.9705,synthetic_prototype_v1
WAT-00691,24.2396,6.5023,17.7351,38.4862,63.3127,51.7614,synthetic_prototype_v1
WAT-00692,57.6571,4.9421,104.3438,30.4493,184.2124,38.0771,synthetic_prototype_v1
WAT-00693,39.8019,8.0346,40.8339,38.4912,89.7104,62.1308,synthetic_prototype_v1
WAT-00694,79.3101,7.0183,6.696,19.7256,273.9066,32.3685,synthetic_prototype_v1
WAT-00695,60.4956,6.5476,23.359,10.3628,75.5939,46.8786,synthetic_prototype_v1
WAT-00696,38.4448,9.9839,85.0151,27.0901,154.179,30.0,synthetic_prototype_v1
WAT-00697,70.5274,4.9224,115.5763,12.362,298.5642,33.7022,synthetic_prototype_v1
WAT-00698,94.8726,5.9464,116.7313,13.9499,174.2043,30.0,synthetic_prototype_v1
WAT-00699,56.5246,6.2856,44.296,31.2746,264.9499,30.0,synthetic_prototype_v1
WAT-00700,22.7308,6.0682,70.1924,21.6575,89.8074,61.3374,synthetic_prototype_v1
WAT-00701,99.0869,4.7673,19.7635,39.1867,104.2677,30.0,synthetic_prototype_v1
WAT-00702,54.4219,4.2426,94.6141,7.009,175.1365,30.0,synthetic_prototype_v1
WAT-00703,46.4861,5.9442,5.0,13.7008,130.725,56.6572,synthetic_prototype_v1
WAT-00704,42.0639,6.7276,33.5454,15.5604,153.8717,73.1413,synthetic_prototype_v1
WAT-00705,49.7951,4.7903,49.4146,6.4769,58.5242,30.6957,synthetic_prototype_v1
WAT-00706,27.8584,7.493,24.3689,11.925,137.0541,58.3804,synthetic_prototype_v1
WAT-00707,71.9596,5.3302,97.9774,39.2198,246.8012,32.9265,synthetic_prototype_v1
WAT-00708,26.3195,8.4001,38.4462,26.2042,149.2621,49.274,synthetic_prototype_v1
WAT-00709,89.7093,5.5585,29.8859,36.6084,115.3593,34.7085,synthetic_prototype_v1
WAT-00710,57.8381,5.3314,60.2164,24.4959,73.4843,41.5406,synthetic_prototype_v1
WAT-00711,33.4741,5.9489,24.8905,28.822,128.7541,69.6589,synthetic_prototype_v1
WAT-00712,99.343,7.067,6.1658,27.4984,128.1013,31.7839,synthetic_prototype_v1
WAT-00713,35.4808,5.427,119.2486,29.5191,216.0811,34.813,synthetic_prototype_v1
WAT-00714,22.8229,6.0561,19.1386,22.3597,255.6689,30.0,synthetic_prototype_v1
WAT-00715,45.6975,6.1844,30.0125,25.4841,149.868,70.0634,synthetic_prototype_v1
WAT-00716,35.382,7.6176,11.4604,30.3372,111.1706,65.1485,synthetic_prototype_v1
WAT-00717,52.3035,4.4265,106.7946,27.7048,82.0477,30.0,synthetic_prototype_v1
WAT-00718,44.9588,6.3769,33.4984,21.5534,146.4369,70.3178,synthetic_prototype_v1
WAT-00719,44.2738,6.5837,14.1102,29.832,155.5875,66.444,synthetic_prototype_v1
WAT-00720,75.5761,8.4549,5.6326,27.1583,218.6713,37.1442,synthetic_prototype_v1
WAT-00721,93.9241,4.2933,73.6936,5.4938,150.1677,30.0,synthetic_prototype_v1
WAT-00722,45.4932,5.3667,83.5538,17.2972,282.1487,32.5672,synthetic_prototype_v1
WAT-00723,31.1816,6.8802,54.8443,25.1003,146.0823,75.2198,synthetic_prototype_v1
WAT-00724,24.2284,5.2458,101.7647,36.599,58.821,43.4498,synthetic_prototype_v1
WAT-00725,40.7897,4.7784,45.5645,35.304,168.4386,34.4573,synthetic_prototype_v1
WAT-00726,93.1406,8.7394,53.4465,13.0801,240.0968,30.0,synthetic_prototype_v1
WAT-00727,44.5771,6.2918,38.8571,27.2619,121.3461,77.6624,synthetic_prototype_v1
WAT-00728,70.3157,9.8395,76.6864,31.8715,197.9301,30.0,synthetic_prototype_v1
WAT-00729,18.1413,4.365,88.0908,38.1675,271.4067,30.0,synthetic_prototype_v1
WAT-00730,75.9395,4.7539,34.2917,11.7647,247.9661,30.0,synthetic_prototype_v1
WAT-00731,44.122,5.6038,47.5557,16.2504,244.868,31.7916,synthetic_prototype_v1
WAT-00732,87.2837,4.1199,33.3835,6.0677,176.7616,30.0,synthetic_prototype_v1
WAT-00733,17.3704,6.3527,66.2482,16.0323,82.3271,55.9643,synthetic_prototype_v1
WAT-00734,36.6439,8.7732,11.5618,31.1078,80.8606,41.6487,synthetic_prototype_v1
WAT-00735,83.5892,6.5918,70.2463,27.1309,203.132,33.8193,synthetic_prototype_v1
WAT-00736,44.1578,6.6949,28.9618,15.2309,144.9638,77.4077,synthetic_prototype_v1
WAT-00737,40.1093,8.3462,99.6041,28.8469,286.2216,31.8068,synthetic_prototype_v1
WAT-00738,49.6601,7.2508,12.3066,23.5873,139.6876,63.8758,synthetic_prototype_v1
WAT-00739,26.2411,4.292,53.5322,22.8649,162.0669,30.809,synthetic_prototype_v1
WAT-00740,33.0268,6.6346,101.4059,21.9655,86.4651,75.492,synthetic_prototype_v1
WAT-00741,85.6132,4.3599,37.3956,38.0485,296.6573,30.6934,synthetic_prototype_v1
WAT-00742,52.3708,7.7207,114.7062,28.6446,164.0738,56.4663,synthetic_prototype_v1
WAT-00743,19.1017,8.3898,80.5745,30.5924,223.7526,30.8266,synthetic_prototype_v1
WAT-00744,28.1484,9.7862,109.7527,36.5353,96.8826,31.1885,synthetic_prototype_v1
WAT-00745,62.426,6.508,41.0616,17.7058,105.6296,60.0822,synthetic_prototype_v1
WAT-00746,10.3474,5.3669,106.6842,21.6635,277.87,30.0,synthetic_prototype_v1
WAT-00747,33.6331,4.4653,75.3982,11.135,291.5187,30.0,synthetic_prototype_v1
WAT-00748,56.9991,6.5861,35.9065,13.2774,144.9989,58.31,synthetic_prototype_v1
WAT-00749,37.1032,6.837,70.9381,25.1583,133.8019,87.8455,synthetic_prototype_v1
WAT-00750,86.942,7.5711,66.1741,5.2968,262.7202,32.1818,synthetic_prototype_v1
WAT-00751,49.7541,6.3793,72.2829,6.3622,215.453,35.918,synthetic_prototype_v1
WAT-00752,37.7249,6.6929,30.2357,19.2827,118.1239,81.0851,synthetic_prototype_v1
WAT-00753,31.1279,6.9635,43.5751,19.8665,60.0581,59.0771,synthetic_prototype_v1
WAT-00754,25.8728,8.4895,43.0656,18.1531,149.3778,43.1934,synthetic_prototype_v1
WAT-00755,27.4829,8.5482,112.1404,37.7575,133.9241,44.4347,synthetic_prototype_v1
WAT-00756,56.0582,4.9076,9.4092,10.5369,144.3606,38.5965,synthetic_prototype_v1
WAT-00757,60.6663,8.5117,20.1428,18.7758,223.7371,38.1485,synthetic_prototype_v1
WAT-00758,62.9557,9.4501,20.9163,18.5598,155.9998,30.0,synthetic_prototype_v1
WAT-00759,95.5349,8.5322,92.7071,5.9362,105.5822,30.6022,synthetic_prototype_v1
WAT-00760,68.4115,4.1813,25.3857,9.8089,118.4548,31.0907,synthetic_prototype_v1
WAT-00761,8.919,6.1982,88.6691,32.7255,195.8967,36.0194,synthetic_prototype_v1
WAT-00762,33.8753,4.4207,105.0335,11.4494,99.9038,33.5728,synthetic_prototype_v1
WAT-00763,46.7819,5.6717,29.9603,38.8327,94.0369,62.4937,synthetic_prototype_v1
WAT-00764,40.6219,5.8185,36.539,23.4921,164.6435,59.429,synthetic_prototype_v1
WAT-00765,51.4155,8.0749,61.2844,14.227,160.1779,55.1166,synthetic_prototype_v1
WAT-00766,59.325,5.6454,70.6331,30.7834,92.9548,48.352,synthetic_prototype_v1
WAT-00767,36.3296,8.2113,42.1036,14.0338,287.164,33.8157,synthetic_prototype_v1
WAT-00768,39.5576,7.0601,33.0938,24.7537,162.9965,69.1372,synthetic_prototype_v1
WAT-00769,43.4348,7.7649,78.1253,9.2735,138.5691,68.0459,synthetic_prototype_v1
WAT-00770,20.3208,5.5307,40.3201,29.7146,298.3723,34.3705,synthetic_prototype_v1
WAT-00771,47.4497,6.2536,11.1923,23.4813,131.8461,63.414,synthetic_prototype_v1
WAT-00772,94.1586,4.2524,62.5078,39.1256,298.7345,30.0,synthetic_prototype_v1
WAT-00773,52.6869,6.4021,22.6477,17.4369,138.162,64.6799,synthetic_prototype_v1
WAT-00774,90.1918,4.4395,69.1646,19.1577,248.9762,30.0,synthetic_prototype_v1
WAT-00775,35.6201,7.1636,32.7077,18.3799,138.5123,80.4689,synthetic_prototype_v1
WAT-00776,25.915,7.305,95.9651,26.9636,228.9373,35.0342,synthetic_prototype_v1
WAT-00777,54.9729,7.3361,19.3546,13.3272,139.0513,59.5028,synthetic_prototype_v1
WAT-00778,16.8677,7.7067,35.1958,37.3887,136.2534,48.7098,synthetic_prototype_v1
WAT-00779,65.5949,8.0048,14.6494,19.5202,79.058,38.5071,synthetic_prototype_v1
WAT-00780,19.4555,6.3567,48.1165,17.6641,67.8975,49.3971,synthetic_prototype_v1
WAT-00781,38.9279,6.9958,47.8374,6.5998,111.3127,79.8052,synthetic_prototype_v1
WAT-00782,35.5161,5.9609,91.4899,14.9611,101.4669,73.1681,synthetic_prototype_v1
WAT-00783,84.3754,8.6985,11.2833,6.965,135.7801,33.347,synthetic_prototype_v1
WAT-00784,49.1432,6.6197,42.5358,21.0408,110.6441,79.5323,synthetic_prototype_v1
WAT-00785,52.2306,7.4267,26.0683,10.1876,92.6046,61.0282,synthetic_prototype_v1
WAT-00786,75.9906,7.0019,77.4883,24.9975,117.2438,41.0486,synthetic_prototype_v1
WAT-00787,29.1274,6.6738,34.1352,19.7794,141.3447,68.7235,synthetic_prototype_v1
WAT-00788,13.8677,7.1896,46.0992,16.6782,167.8717,45.5847,synthetic_prototype_v1
WAT-00789,89.142,4.1094,109.1379,35.0103,170.0779,30.0,synthetic_prototype_v1
WAT-00790,97.0315,9.1112,36.245,20.6431,225.6783,35.0976,synthetic_prototype_v1
WAT-00791,28.6918,5.9744,47.108,25.2105,262.0663,30.0,synthetic_prototype_v1
WAT-00792,82.3907,7.2763,65.8362,22.5222,76.7,32.7066,synthetic_prototype_v1
WAT-00793,69.6679,4.7109,83.5329,39.4643,287.2156,33.6695,synthetic_prototype_v1
WAT-00794,76.6842,8.1753,45.6496,15.8948,85.26,36.7424,synthetic_prototype_v1
WAT-00795,51.5215,8.8712,102.2348,34.4992,283.6531,31.3827,synthetic_prototype_v1
WAT-00796,50.3371,8.6403,114.8857,21.8707,75.9291,42.3025,synthetic_prototype_v1
WAT-00797,90.8775,8.7581,105.053,27.9793,84.1666,33.932,synthetic_prototype_v1
WAT-00798,37.3294,6.6363,49.4595,18.3324,130.1433,81.4843,synthetic_prototype_v1
WAT-00799,49.482,6.8577,88.1253,29.6931,280.709,30.0,synthetic_prototype_v1
WAT-00800,37.139,4.3095,102.8344,38.4404,266.651,30.0,synthetic_prototype_v1
WAT-00801,62.5184,6.3643,19.3414,20.5803,59.8057,44.1044,synthetic_prototype_v1
WAT-00802,9.9075,7.4244,75.6749,37.2308,157.5096,41.9168,synthetic_prototype_v1
WAT-00803,30.4539,7.4541,45.5873,17.0078,168.5174,58.8472,synthetic_prototype_v1
WAT-00804,25.1663,7.7665,65.6993,39.7491,136.3699,63.7192,synthetic_prototype_v1
WAT-00805,34.8728,5.9888,108.9442,29.2113,219.3808,38.0485,synthetic_prototype_v1
WAT-00806,40.1116,6.1693,80.7419,12.9424,108.7067,79.6234,synthetic_prototype_v1
WAT-00807,38.1762,5.966,29.6067,12.2997,86.0522,59.321,synthetic_prototype_v1
WAT-00808,21.7539,6.5882,17.6388,17.0571,53.9219,43.9826,synthetic_prototype_v1
WAT-00809,16.3476,8.5202,53.9891,25.0356,122.4553,46.8814,synthetic_prototype_v1
WAT-00810,74.987,9.7192,99.7226,29.6677,90.4663,31.5076,synthetic_prototype_v1
WAT-00811,99.8679,6.6342,45.1806,20.501,264.9536,30.6052,synthetic_prototype_v1
WAT-00812,43.8236,9.4876,58.5034,17.6216,162.9556,30.5268,synthetic_prototype_v1
WAT-00813,46.209,5.1028,116.2525,6.7762,102.5748,52.889,synthetic_prototype_v1
WAT-00814,51.5688,4.3415,61.7191,9.0432,188.7644,30.0,synthetic_prototype_v1
WAT-00815,18.3053,8.8374,81.3593,28.1771,138.4085,39.0138,synthetic_prototype_v1
WAT-00816,90.8161,9.5001,92.4317,25.5891,269.819,30.2728,synthetic_prototype_v1
WAT-00817,74.789,8.5883,95.1544,39.8109,111.0585,39.7291,synthetic_prototype_v1
WAT-00818,49.427,4.1573,86.0937,7.5754,145.1684,30.0,synthetic_prototype_v1
WAT-00819,93.1184,6.6076,21.9916,16.5858,289.8923,31.7894,synthetic_prototype_v1
WAT-00820,99.3168,6.5674,95.5131,32.5693,176.6706,35.2452,synthetic_prototype_v1
WAT-00821,24.1984,8.5498,66.8168,17.5477,269.0349,32.4663,synthetic_prototype_v1
WAT-00822,24.667,7.148,32.5782,8.8984,265.4308,30.0,synthetic_prototype_v1
WAT-00823,69.1636,7.711,46.9125,22.8003,122.0527,42.5868,synthetic_prototype_v1
WAT-00824,52.9896,5.0468,119.6458,28.4956,76.0671,46.5001,synthetic_prototype_v1
WAT-00825,51.8547,7.1001,12.7749,13.6829,101.9029,58.1261,synthetic_prototype_v1
WAT-00826,9.9135,4.9341,10.8597,22.5114,83.2402,33.62,synthetic_prototype_v1
WAT-00827,62.6238,4.7839,36.1098,15.7459,217.1201,30.9665,synthetic_prototype_v1
WAT-00828,30.819,6.4121,24.6952,24.9783,118.7475,72.147,synthetic_prototype_v1
WAT-00829,85.5962,6.5375,64.5248,12.046,92.0854,32.8677,synthetic_prototype_v1
WAT-00830,40.1531,6.769,28.1284,30.2151,132.1554,78.436,synthetic_prototype_v1
WAT-00831,33.0088,7.4552,52.1243,19.0859,142.845,72.7797,synthetic_prototype_v1
WAT-00832,32.4356,7.5869,40.85,16.7214,138.433,67.0057,synthetic_prototype_v1
WAT-00833,43.226,6.4707,6.3253,25.4378,78.5843,60.2044,synthetic_prototype_v1
WAT-00834,27.3098,7.4881,82.027,34.5464,221.874,39.8702,synthetic_prototype_v1
WAT-00835,7.5249,4.1209,27.3884,5.3108,97.5522,32.0631,synthetic_prototype_v1
WAT-00836,78.5893,4.9905,59.2865,26.6466,198.2484,32.7642,synthetic_prototype_v1
WAT-00837,97.3467,5.3501,113.9122,28.3494,125.2951,32.8074,synthetic_prototype_v1
WAT-00838,71.9777,7.062,96.5477,26.4498,208.8638,38.0001,synthetic_prototype_v1
WAT-00839,18.6533,8.875,62.3468,19.6627,90.6325,40.7738,synthetic_prototype_v1
WAT-00840,56.0822,6.2578,34.159,26.9078,142.2101,60.5667,synthetic_prototype_v1
WAT-00841,91.0801,6.9739,96.6156,19.0727,233.8863,30.0,synthetic_prototype_v1
WAT-00842,29.8932,6.8049,28.3755,13.2972,74.9384,59.9622,synthetic_prototype_v1
WAT-00843,85.7761,4.0262,88.2516,19.3199,182.8681,30.4912,synthetic_prototype_v1
WAT-00844,66.5978,6.1808,109.4588,29.9815,193.2036,38.0269,synthetic_prototype_v1
WAT-00845,40.7527,7.6098,63.505,11.3284,87.5105,63.9223,synthetic_prototype_v1
WAT-00846,63.7779,8.1688,18.5845,28.7526,67.3192,40.5862,synthetic_prototype_v1
WAT-00847,78.5258,6.4672,34.59,11.8292,281.8559,30.0,synthetic_prototype_v1
WAT-00848,55.5939,6.6112,73.5701,7.2884,90.445,68.0054,synthetic_prototype_v1
WAT-00849,57.8476,5.6613,12.2211,18.7482,96.2092,50.2305,synthetic_prototype_v1
WAT-00850,44.6546,8.8468,66.9077,24.0311,104.3386,47.9743,synthetic_prototype_v1
WAT-00851,95.4637,9.8401,107.5312,18.9491,206.883,30.331,synthetic_prototype_v1
WAT-00852,30.5001,8.0393,28.7547,8.6236,109.5586,55.3235,synthetic_prototype_v1
WAT-00853,61.9711,5.9651,91.2481,39.7276,68.9112,45.2481,synthetic_prototype_v1
WAT-00854,44.1943,4.3853,45.4847,39.2299,254.0793,30.0,synthetic_prototype_v1
WAT-00855,42.1931,9.6814,109.6261,33.9019,121.4352,31.053,synthetic_prototype_v1
WAT-00856,55.6587,5.4756,37.2047,27.1901,101.4348,51.2778,synthetic_prototype_v1
WAT-00857,43.7021,7.1207,27.3539,17.2449,110.5416,77.1884,synthetic_prototype_v1
WAT-00858,42.4581,7.6907,16.0257,22.1289,85.3503,54.057,synthetic_prototype_v1
WAT-00859,50.4407,5.4008,53.4475,10.4549,113.3941,57.0881,synthetic_prototype_v1
WAT-00860,75.7944,7.1115,23.0946,27.4853,201.6778,39.2848,synthetic_prototype_v1
WAT-00861,38.717,5.9769,59.4567,11.5207,106.6693,74.9043,synthetic_prototype_v1
WAT-00862,43.1288,9.8282,119.4091,37.9666,83.3543,32.8395,synthetic_prototype_v1
WAT-00863,85.653,4.223,27.6319,27.8186,103.3375,30.0,synthetic_prototype_v1
WAT-00864,47.2691,9.5104,106.0961,34.2184,216.7532,30.0,synthetic_prototype_v1
WAT-00865,66.0849,6.7055,52.5709,26.2023,241.4787,30.0,synthetic_prototype_v1
WAT-00866,24.7903,7.2047,19.7776,11.7324,127.1771,63.8591,synthetic_prototype_v1
WAT-00867,9.2665,6.1284,83.4058,36.4836,219.3752,36.079,synthetic_prototype_v1
WAT-00868,88.1255,7.1742,70.9061,39.2459,74.2725,36.9702,synthetic_prototype_v1
WAT-00869,35.241,9.8498,48.5904,38.5475,110.461,30.0,synthetic_prototype_v1
WAT-00870,53.3586,6.9547,70.3338,18.8379,99.5476,74.6051,synthetic_prototype_v1
WAT-00871,82.4944,9.5985,7.7376,11.9834,279.7589,31.5674,synthetic_prototype_v1
WAT-00872,83.6788,4.0447,63.5205,23.4659,143.4288,30.0,synthetic_prototype_v1
WAT-00873,64.9722,9.8595,22.4841,36.1009,199.2872,30.0,synthetic_prototype_v1
WAT-00874,26.7873,8.0519,19.9942,14.7837,116.2216,53.7422,synthetic_prototype_v1
WAT-00875,90.2147,8.3228,72.6791,37.6096,109.3289,36.1281,synthetic_prototype_v1
WAT-00876,59.6568,7.1403,39.8557,19.4283,130.7571,59.45,synthetic_prototype_v1
WAT-00877,18.5871,9.6889,55.652,34.8177,236.0709,30.0,synthetic_prototype_v1
WAT-00878,40.7046,5.1432,29.1797,17.0033,143.8567,45.1525,synthetic_prototype_v1
WAT-00879,16.7566,7.5804,115.3934,29.8455,219.3455,34.0843,synthetic_prototype_v1
WAT-00880,15.528,9.6242,48.0153,22.4657,273.2002,30.0,synthetic_prototype_v1
WAT-00881,97.0986,9.2581,67.7137,31.0532,97.7885,31.2348,synthetic_prototype_v1
WAT-00882,35.828,7.5456,17.2699,14.1281,128.192,62.5491,synthetic_prototype_v1
WAT-00883,54.9911,6.9964,44.941,19.6282,129.8467,68.2279,synthetic_prototype_v1
WAT-00884,50.7417,7.8692,101.0436,17.0285,262.2132,30.0,synthetic_prototype_v1
WAT-00885,30.1578,7.6459,62.0895,20.1937,96.1756,68.3749,synthetic_prototype_v1
WAT-00886,90.656,9.9276,35.0348,32.5443,190.2198,30.0,synthetic_prototype_v1
WAT-00887,38.5162,6.698,12.9223,5.0,98.9871,66.3698,synthetic_prototype_v1
WAT-00888,11.2254,9.0926,98.9863,29.3201,105.7107,32.7061,synthetic_prototype_v1
WAT-00889,26.4457,6.9809,36.8485,16.4358,89.6439,65.6454,synthetic_prototype_v1
WAT-00890,63.6857,7.6435,18.143,25.0127,165.1712,43.3843,synthetic_prototype_v1
WAT-00891,32.1179,6.5014,70.1939,32.5977,128.7374,81.0428,synthetic_prototype_v1
WAT-00892,86.4017,7.2693,49.1972,21.6808,152.3478,34.9697,synthetic_prototype_v1
WAT-00893,63.5494,5.492,26.0137,6.8306,176.6084,39.976,synthetic_prototype_v1
WAT-00894,19.797,4.0848,45.1445,10.1147,234.2446,30.0,synthetic_prototype_v1
WAT-00895,93.9321,7.9234,117.9565,26.8927,271.3993,31.9482,synthetic_prototype_v1
WAT-00896,21.9334,7.4546,20.9814,22.9909,155.5209,53.6546,synthetic_prototype_v1
WAT-00897,89.3656,7.9357,18.7072,27.021,255.0012,34.1214,synthetic_prototype_v1
WAT-00898,40.5423,7.9452,15.0623,12.9747,166.036,48.632,synthetic_prototype_v1
WAT-00899,84.6081,5.3806,13.1799,26.275,221.1075,31.7278,synthetic_prototype_v1
WAT-00900,28.2557,6.0642,46.2224,32.6159,60.0996,54.2275,synthetic_prototype_v1
WAT-00901,30.7008,7.9049,7.1563,29.1503,125.5718,52.9003,synthetic_prototype_v1
WAT-00902,50.9443,6.3545,20.1176,17.7341,133.0712,62.4089,synthetic_prototype_v1
WAT-00903,29.4737,5.0103,39.417,8.4685,268.5904,30.0,synthetic_prototype_v1
WAT-00904,50.8791,5.1603,36.4341,16.4735,131.2837,52.1814,synthetic_prototype_v1
WAT-00905,27.9303,9.6551,100.8232,5.64,264.7729,30.0,synthetic_prototype_v1
WAT-00906,43.6686,7.1762,117.4718,9.7604,125.5748,75.6619,synthetic_prototype_v1
WAT-00907,64.0803,4.689,58.1617,35.2302,202.7383,30.0,synthetic_prototype_v1
WAT-00908,46.5949,9.7205,115.261,36.5004,186.4355,30.589,synthetic_prototype_v1
WAT-00909,73.1757,5.3685,43.1935,22.6287,136.2964,39.2363,synthetic_prototype_v1
WAT-00910,45.3828,5.835,19.0754,24.9495,120.0855,62.5806,synthetic_prototype_v1
WAT-00911,12.3564,7.9775,72.0466,32.1274,95.426,45.5121,synthetic_prototype_v1
WAT-00912,66.014,8.3939,34.609,25.503,242.5082,30.0,synthetic_prototype_v1
WAT-00913,16.7651,9.5168,41.7868,33.1015,98.0665,30.0,synthetic_prototype_v1
WAT-00914,45.0678,6.2168,80.9612,38.2411,197.9097,46.5958,synthetic_prototype_v1
WAT-00915,18.9521,4.3505,104.9589,17.9029,88.3476,32.7951,synthetic_prototype_v1
WAT-00916,7.8343,8.4427,70.7755,7.6946,211.9307,34.6451,synthetic_prototype_v1
WAT-00917,42.9873,7.2857,37.3122,16.1033,122.0944,77.1302,synthetic_prototype_v1
WAT-00918,62.2952,5.3953,100.0646,30.0331,174.4819,43.2641,synthetic_prototype_v1
WAT-00919,46.509,7.9404,45.7588,22.1336,86.3384,60.889,synthetic_prototype_v1
WAT-00920,10.7502,6.2001,35.7663,30.8732,245.2587,30.0,synthetic_prototype_v1
WAT-00921,80.9877,8.0561,52.673,9.1802,66.5538,36.4979,synthetic_prototype_v1
WAT-00922,99.7784,5.4445,8.556,15.4829,191.6607,30.0651,synthetic_prototype_v1
WAT-00923,67.0863,8.1889,28.1886,18.5302,102.3013,43.4104,synthetic_prototype_v1
WAT-00924,41.5607,8.2271,49.0717,13.1478,120.2492,58.4364,synthetic_prototype_v1
WAT-00925,34.9067,6.0892,70.6966,26.4417,127.4151,75.4964,synthetic_prototype_v1
WAT-00926,84.337,7.4053,62.7076,35.107,147.7827,36.0237,synthetic_prototype_v1
WAT-00927,41.845,4.5899,83.2946,7.8098,231.245,31.378,synthetic_prototype_v1
WAT-00928,43.4612,6.8409,88.3883,18.2436,153.2655,77.4502,synthetic_prototype_v1
WAT-00929,14.1571,5.0223,26.1525,22.8159,54.3222,36.8864,synthetic_prototype_v1
WAT-00930,24.3668,7.9512,113.9491,39.8519,92.489,52.3839,synthetic_prototype_v1
WAT-00931,37.2356,9.1118,89.3185,24.0883,291.7396,30.0,synthetic_prototype_v1
WAT-00932,56.0566,8.3574,52.7553,24.7755,116.3913,48.2216,synthetic_prototype_v1
WAT-00933,31.8698,7.8744,20.7323,5.0,150.3612,57.7103,synthetic_prototype_v1
WAT-00934,75.5,5.7888,44.4136,6.3975,65.6495,39.1361,synthetic_prototype_v1
WAT-00935,23.0543,8.2242,62.0867,39.8752,196.0039,40.638,synthetic_prototype_v1
WAT-00936,51.0258,8.3564,43.1292,29.8256,82.9471,48.1394,synthetic_prototype_v1
WAT-00937,27.5512,6.7071,25.5585,24.8746,117.6336,69.9152,synthetic_prototype_v1
WAT-00938,99.0806,4.382,108.1484,17.4178,163.6545,30.0324,synthetic_prototype_v1
WAT-00939,11.7739,4.7088,69.9569,24.4846,70.2752,30.1631,synthetic_prototype_v1
WAT-00940,88.9483,9.9689,33.4422,7.1432,206.2069,30.0706,synthetic_prototype_v1
WAT-00941,23.6348,7.0315,23.5039,26.8508,177.6419,46.2696,synthetic_prototype_v1
WAT-00942,61.4712,6.7474,12.3063,35.8683,169.5073,46.3455,synthetic_prototype_v1
WAT-00943,89.9953,8.6071,77.0789,11.0103,296.3553,30.0,synthetic_prototype_v1
WAT-00944,37.8761,9.3777,95.3942,9.1984,133.1247,31.045,synthetic_prototype_v1
WAT-00945,99.0764,5.963,36.4345,14.239,164.6998,32.4135,synthetic_prototype_v1
WAT-00946,40.9663,7.7205,6.4083,25.9983,261.4979,30.0,synthetic_prototype_v1
WAT-00947,85.9336,4.9212,5.6233,17.5725,61.0579,30.0079,synthetic_prototype_v1
WAT-00948,97.1324,8.7439,83.0862,27.2942,217.5284,31.8301,synthetic_prototype_v1
WAT-00949,63.4999,6.2639,40.8641,11.9522,118.7111,51.1877,synthetic_prototype_v1
WAT-00950,60.6483,7.7255,55.7866,37.1165,178.5074,47.1041,synthetic_prototype_v1
WAT-00951,42.7699,9.5399,45.6418,26.8954,244.4084,32.5145,synthetic_prototype_v1
WAT-00952,55.6551,6.8887,5.0,16.4088,110.1031,63.6148,synthetic_prototype_v1
WAT-00953,44.748,5.8977,6.7469,10.8686,107.4445,57.755,synthetic_prototype_v1
WAT-00954,21.581,8.493,105.0946,37.9994,180.4317,42.9086,synthetic_prototype_v1
WAT-00955,88.5441,6.6304,26.1839,5.5422,137.5942,36.004,synthetic_prototype_v1
WAT-00956,24.2797,7.6102,15.8847,17.8866,107.7617,57.1345,synthetic_prototype_v1
WAT-00957,49.7605,7.2366,60.8052,28.6982,154.1357,70.3155,synthetic_prototype_v1
WAT-00958,11.3231,8.4867,27.0711,29.837,164.0007,39.4769,synthetic_prototype_v1
WAT-00959,56.6626,6.5191,39.3706,22.373,68.6064,53.1634,synthetic_prototype_v1
WAT-00960,73.1872,4.3642,70.3959,18.0863,234.4387,31.7507,synthetic_prototype_v1
WAT-00961,69.8453,8.5393,16.0489,13.671,172.6649,36.5401,synthetic_prototype_v1
WAT-00962,83.5436,4.2811,114.5516,13.5576,261.0735,30.0,synthetic_prototype_v1
WAT-00963,35.9728,6.7177,81.9403,25.0275,174.5648,61.2425,synthetic_prototype_v1
WAT-00964,44.1088,7.4864,14.8647,19.8615,94.0782,64.3802,synthetic_prototype_v1
WAT-00965,19.9999,8.1044,30.2041,13.9932,127.7927,46.3636,synthetic_prototype_v1
WAT-00966,53.5809,7.1194,20.9216,9.8923,185.5337,47.3346,synthetic_prototype_v1
WAT-00967,13.459,4.9169,8.8413,12.1148,55.3285,35.4343,synthetic_prototype_v1
WAT-00968,48.5349,4.7801,62.3072,14.8037,193.1804,31.077,synthetic_prototype_v1
WAT-00969,53.1013,4.9945,99.083,25.5766,241.9677,30.7945,synthetic_prototype_v1
WAT-00970,34.0766,6.9356,47.4345,8.4994,132.7393,77.8131,synthetic_prototype_v1
WAT-00971,85.9992,5.4674,35.7155,22.6331,114.3772,34.8986,synthetic_prototype_v1
WAT-00972,6.6968,8.3543,88.7544,34.3309,280.4514,30.0,synthetic_prototype_v1
WAT-00973,77.6563,9.7544,14.7563,30.1581,150.9331,30.0,synthetic_prototype_v1
WAT-00974,67.5557,9.1218,37.2334,15.6804,67.887,35.5682,synthetic_prototype_v1
WAT-00975,66.1553,6.8436,108.8241,24.6061,109.9919,51.5847,synthetic_prototype_v1
WAT-00976,42.0181,7.7101,11.8518,23.0341,92.7247,61.6998,synthetic_prototype_v1
WAT-00977,45.3848,7.0439,99.6878,39.1771,285.0333,30.0,synthetic_prototype_v1
WAT-00978,71.7882,7.3301,64.7283,24.1565,137.4214,45.5739,synthetic_prototype_v1
WAT-00979,95.4332,4.4229,69.2253,38.4838,268.5289,31.5548,synthetic_prototype_v1
WAT-00980,52.3192,6.6622,37.2163,21.9368,131.2517,73.5883,synthetic_prototype_v1
WAT-00981,98.0592,9.847,115.8973,7.7108,167.45,30.0,synthetic_prototype_v1
WAT-00982,36.5324,6.6272,42.9186,20.8815,138.6171,75.4381,synthetic_prototype_v1
WAT-00983,84.5513,7.8786,101.5199,28.357,55.9153,36.1201,synthetic_prototype_v1
WAT-00984,48.3096,8.5439,58.6064,11.5795,130.975,50.3928,synthetic_prototype_v1
WAT-00985,79.6761,5.3953,111.9367,16.8799,217.963,31.6603,synthetic_prototype_v1
WAT-00986,40.9925,8.8335,53.1148,29.1605,75.8668,45.4728,synthetic_prototype_v1
WAT-00987,60.6461,8.3602,18.5407,13.5212,125.0148,44.701,synthetic_prototype_v1
WAT-00988,61.384,5.5901,118.6961,23.0309,162.1392,41.2152,synthetic_prototype_v1
WAT-00989,78.1586,9.2133,35.3964,27.111,70.384,31.0905,synthetic_prototype_v1
WAT-00990,38.7457,5.7131,96.7024,31.1911,95.0569,68.5593,synthetic_prototype_v1
WAT-00991,50.3294,5.9265,14.3876,18.1763,87.7509,55.9268,synthetic_prototype_v1
WAT-00992,56.6144,7.9506,103.5375,14.2405,147.216,52.7986,synthetic_prototype_v1
WAT-00993,38.4897,7.3634,111.9674,15.268,117.9232,79.6069,synthetic_prototype_v1
WAT-00994,99.2757,7.0843,87.9816,38.5423,155.271,32.082,synthetic_prototype_v1
WAT-00995,41.7923,5.8824,35.9016,22.7885,185.5816,48.0809,synthetic_prototype_v1
WAT-00996,43.2909,4.9178,35.9223,5.0,109.2063,41.6768,synthetic_prototype_v1
WAT-00997,25.5538,4.8297,17.4465,23.3597,152.0349,36.1009,synthetic_prototype_v1
WAT-00998,96.5401,6.9825,56.599,5.9052,259.1137,30.0059,synthetic_prototype_v1
WAT-00999,17.7649,5.943,86.9371,14.8109,106.9664,51.7007,synthetic_prototype_v1
WAT-01000,32.8972,6.3564,53.1281,22.8623,106.5334,79.0357,synthetic_prototype_v1
WAT-01001,29.0852,6.4909,15.944,26.2853,173.2083,51.7631,synthetic_prototype_v1
WAT-01002,25.7769,5.88,19.0355,17.623,181.2869,43.2686,synthetic_prototype_v1
WAT-01003,39.3722,8.9179,119.0108,25.4428,136.0391,41.3164,synthetic_prototype_v1
WAT-01004,34.6748,9.1776,35.0493,25.9954,204.6991,30.0,synthetic_prototype_v1
WAT-01005,83.8262,5.5421,32.9892,6.8114,174.3571,31.2984,synthetic_prototype_v1
WAT-01006,10.7314,4.6057,56.8728,19.1834,171.6283,30.4386,synthetic_prototype_v1
WAT-01007,93.8765,9.6136,58.6713,5.8128,130.0369,30.2485,synthetic_prototype_v1
WAT-01008,48.7731,8.0018,40.5192,35.6102,116.3356,61.8347,synthetic_prototype_v1
WAT-01009,42.586,5.5059,64.3458,16.1432,55.9253,47.3877,synthetic_prototype_v1
WAT-01010,63.3667,6.6796,36.6438,18.9844,209.4044,38.2673,synthetic_prototype_v1
WAT-01011,51.915,6.6599,18.9114,16.9965,161.7505,57.3559,synthetic_prototype_v1
WAT-01012,46.8705,5.8027,45.1378,17.2902,140.1184,62.9155,synthetic_prototype_v1
WAT-01013,23.4907,6.535,55.8625,12.2398,171.4231,53.1099,synthetic_prototype_v1
WAT-01014,49.8058,5.0793,26.6459,37.7802,224.4121,30.6121,synthetic_prototype_v1
WAT-01015,29.0383,8.1956,24.3127,16.9787,288.8558,33.7521,synthetic_prototype_v1
WAT-01016,39.711,4.6315,37.3164,33.3747,238.2475,30.0,synthetic_prototype_v1
WAT-01017,19.6569,9.2675,14.8091,36.3171,178.2723,30.0,synthetic_prototype_v1
WAT-01018,35.6193,6.2778,18.2292,12.9917,104.8962,66.8499,synthetic_prototype_v1
WAT-01019,89.9786,7.2301,81.9902,36.8017,173.8912,34.52,synthetic_prototype_v1
WAT-01020,92.2854,9.1977,67.0115,17.6559,54.3935,30.0,synthetic_prototype_v1
WAT-01021,36.7845,7.86,19.2998,14.9626,151.5824,53.2818,synthetic_prototype_v1
WAT-01022,62.8639,6.7191,16.5338,20.3297,157.1384,48.5159,synthetic_prototype_v1
WAT-01023,58.9358,7.79,19.8656,17.6765,135.9222,49.364,synthetic_prototype_v1
WAT-01024,54.4435,9.9345,103.2164,21.1545,289.8669,30.0,synthetic_prototype_v1
WAT-01025,25.2421,5.1131,27.1099,24.6367,63.5012,43.1991,synthetic_prototype_v1
WAT-01026,48.9446,6.0923,60.0308,5.0,94.4106,65.701,synthetic_prototype_v1
WAT-01027,19.3071,5.8644,23.4557,12.4439,196.0488,40.9202,synthetic_prototype_v1
WAT-01028,99.4556,7.7028,59.8244,13.4375,99.9041,32.9778,synthetic_prototype_v1
WAT-01029,49.4258,7.3779,14.5783,35.2931,69.2749,55.1045,synthetic_prototype_v1
WAT-01030,79.1286,4.5971,42.2991,22.8349,114.8411,30.0,synthetic_prototype_v1
WAT-01031,24.4307,7.9145,12.7562,17.3418,101.083,52.7157,synthetic_prototype_v1
WAT-01032,61.4559,7.8946,72.5125,26.8838,252.2103,30.0,synthetic_prototype_v1
WAT-01033,49.1747,7.1418,48.7731,12.5114,132.5176,73.2892,synthetic_prototype_v1
WAT-01034,96.9134,6.9794,110.2754,29.0096,206.6,32.2734,synthetic_prototype_v1
WAT-01035,96.9213,9.9859,48.5775,5.4178,94.636,30.0,synthetic_prototype_v1
WAT-01036,14.5273,7.8911,74.6726,34.7343,228.7094,35.3377,synthetic_prototype_v1
WAT-01037,55.9712,7.4064,46.4285,12.0298,56.1267,48.3865,synthetic_prototype_v1
WAT-01038,57.5449,6.1102,64.0825,29.0013,191.3917,47.1157,synthetic_prototype_v1
WAT-01039,37.1534,9.9195,97.1515,19.7677,187.7758,30.0,synthetic_prototype_v1
WAT-01040,61.3998,5.0119,73.9875,16.8305,254.6372,32.1873,synthetic_prototype_v1
WAT-01041,36.4143,5.6812,92.0262,5.1921,100.4788,64.1292,synthetic_prototype_v1
WAT-01042,30.2729,6.0415,119.4937,37.9764,176.1191,56.8196,synthetic_prototype_v1
WAT-01043,41.0303,8.6598,43.4574,22.9936,148.0852,48.2611,synthetic_prototype_v1
WAT-01044,57.464,8.1363,41.5437,30.8824,117.55,54.2335,synthetic_prototype_v1
WAT-01045,78.9244,6.336,115.805,25.7017,113.9817,40.349,synthetic_prototype_v1
WAT-01046,37.1382,7.9184,107.4763,24.1074,139.4257,65.2049,synthetic_prototype_v1
WAT-01047,62.9716,7.6649,30.4485,35.6164,135.343,49.3761,synthetic_prototype_v1
WAT-01048,46.8915,4.3137,117.3024,29.3224,63.842,30.0,synthetic_prototype_v1
WAT-01049,56.4327,7.0926,29.2117,24.6805,107.4046,66.3418,synthetic_prototype_v1
WAT-01050,60.6324,7.0002,50.6175,37.5947,118.9453,62.169,synthetic_prototype_v1
WAT-01051,50.7929,8.8731,80.0237,19.7512,280.8284,30.0,synthetic_prototype_v1
WAT-01052,78.35,8.1334,109.226,33.0475,273.9945,30.4789,synthetic_prototype_v1
WAT-01053,46.3342,7.8916,34.3972,34.3609,243.4225,30.0,synthetic_prototype_v1
WAT-01054,5.5158,6.8455,78.7893,16.4787,95.7868,41.9485,synthetic_prototype_v1
WAT-01055,42.8436,6.7549,33.2718,10.4304,109.8525,79.426,synthetic_prototype_v1
WAT-01056,25.6766,8.5537,43.841,8.3417,81.978,44.6386,synthetic_prototype_v1
WAT-01057,40.5032,7.0731,27.4997,35.9489,94.6174,75.9321,synthetic_prototype_v1
WAT-01058,50.8444,8.2646,32.9221,12.2087,278.2122,30.0,synthetic_prototype_v1
WAT-01059,40.1634,5.2026,120.0,17.1451,100.9835,51.4714,synthetic_prototype_v1
WAT-01060,54.7565,4.6498,52.3921,21.1949,170.1211,30.0,synthetic_prototype_v1
WAT-01061,36.0707,5.2618,80.5927,13.1347,101.2257,54.9805,synthetic_prototype_v1
WAT-01062,40.4771,6.9154,5.0,26.2928,124.294,69.5313,synthetic_prototype_v1
WAT-01063,39.5687,7.235,9.8471,23.2497,141.3805,67.8973,synthetic_prototype_v1
WAT-01064,23.5426,4.4846,48.1024,27.0325,280.2757,30.1513,synthetic_prototype_v1
WAT-01065,46.442,7.2171,21.9137,24.4215,118.8508,77.1618,synthetic_prototype_v1
WAT-01066,27.6543,8.6544,78.9542,37.2337,104.5156,46.8331,synthetic_prototype_v1
WAT-01067,84.5602,6.5385,84.6921,15.2391,206.3738,35.5206,synthetic_prototype_v1
WAT-01068,45.6776,6.5492,23.6304,13.1805,161.8814,65.8697,synthetic_prototype_v1
WAT-01069,79.0306,8.8696,36.1449,8.1014,241.2117,30.0,synthetic_prototype_v1
WAT-01070,42.6614,9.5222,117.0973,14.1811,267.8198,30.0,synthetic_prototype_v1
WAT-01071,61.9455,8.5791,31.4371,34.6169,166.9412,45.3206,synthetic_prototype_v1
WAT-01072,25.2658,6.168,84.5216,13.9274,157.7541,58.9894,synthetic_prototype_v1
WAT-01073,77.4406,6.8148,22.0238,38.7637,58.3441,36.5908,synthetic_prototype_v1
WAT-01074,58.0294,6.189,64.1002,22.639,161.8734,53.3376,synthetic_prototype_v1
WAT-01075,33.4853,6.8003,46.7227,14.2517,151.7942,68.3133,synthetic_prototype_v1
WAT-01076,33.0154,6.3942,39.6976,12.6832,83.9022,66.3023,synthetic_prototype_v1
WAT-01077,31.4408,8.1988,31.7366,11.1369,90.05,51.4648,synthetic_prototype_v1
WAT-01078,52.9318,5.6422,46.1465,37.3721,103.2469,63.4601,synthetic_prototype_v1
WAT-01079,51.6172,9.0665,9.869,17.6947,168.3593,36.7043,synthetic_prototype_v1
WAT-01080,65.982,6.7883,7.6859,19.2847,110.6042,46.0484,synthetic_prototype_v1
WAT-01081,66.5551,9.4963,17.14,38.2196,110.4801,33.056,synthetic_prototype_v1
WAT-01082,23.6613,8.0769,84.1013,13.1286,67.7079,48.4255,synthetic_prototype_v1
WAT-01083,86.3589,8.3208,5.5959,32.0672,86.8596,31.8834,synthetic_prototype_v1
WAT-01084,91.7762,6.6369,18.5557,13.2564,208.6706,31.8008,synthetic_prototype_v1
WAT-01085,40.0209,7.7406,17.329,22.1982,119.4784,63.773,synthetic_prototype_v1
WAT-01086,26.4633,5.7582,73.9747,23.8743,105.7536,59.7765,synthetic_prototype_v1
WAT-01087,22.0305,7.478,52.3391,16.8687,163.7507,53.6203,synthetic_prototype_v1
WAT-01088,73.3347,7.316,98.2505,9.4567,65.6301,39.6255,synthetic_prototype_v1
WAT-01089,76.8315,8.5779,47.888,19.0376,299.1336,30.0,synthetic_prototype_v1
WAT-01090,49.625,5.6875,29.4565,19.3289,128.1647,59.4224,synthetic_prototype_v1
WAT-01091,6.1846,5.5842,57.1317,14.9604,248.1581,30.0,synthetic_prototype_v1
WAT-01092,55.484,5.544,119.3501,24.8224,118.0296,54.3267,synthetic_prototype_v1
WAT-01093,30.3215,6.7549,16.4916,8.7162,171.4066,52.547,synthetic_prototype_v1
WAT-01094,66.9893,7.4027,116.1755,19.701,194.3899,37.8962,synthetic_prototype_v1
WAT-01095,83.1454,4.6727,39.313,5.8804,115.7934,32.5636,synthetic_prototype_v1
WAT-01096,71.1889,5.1527,28.0555,24.7921,217.4668,37.2067,synthetic_prototype_v1
WAT-01097,26.8703,4.6031,21.3514,29.1888,252.3673,30.0,synthetic_prototype_v1
WAT-01098,86.2702,5.6875,32.5342,13.7408,58.067,31.5138,synthetic_prototype_v1
WAT-01099,42.2246,9.6647,87.6457,13.3122,265.0341,30.0,synthetic_prototype_v1
WAT-01100,36.5555,5.4567,46.0311,28.6257,55.6326,51.6624,synthetic_prototype_v1
WAT-01101,56.9074,6.6263,29.7522,9.9331,161.0664,53.6685,synthetic_prototype_v1
WAT-01102,29.0593,6.594,41.5516,37.3877,135.1818,74.6124,synthetic_prototype_v1
WAT-01103,47.8048,8.9882,29.1407,13.1003,93.0546,42.1601,synthetic_prototype_v1
WAT-01104,12.6047,8.2703,114.7075,9.9305,254.7243,30.0,synthetic_prototype_v1
WAT-01105,34.2247,5.6123,17.4347,27.1894,122.8367,59.8372,synthetic_prototype_v1
WAT-01106,18.0351,6.094,117.2681,6.1164,78.1629,46.4442,synthetic_prototype_v1
WAT-01107,54.4068,6.3843,84.6437,19.1281,198.002,44.1644,synthetic_prototype_v1
WAT-01108,51.987,6.871,14.1119,32.8843,147.7038,65.1129,synthetic_prototype_v1
WAT-01109,67.1397,8.2076,13.5897,22.5057,263.232,30.2768,synthetic_prototype_v1
WAT-01110,61.7963,5.895,103.3749,17.4582,208.0554,39.8644,synthetic_prototype_v1
WAT-01111,45.2821,7.0043,38.3993,26.3386,96.9163,76.0721,synthetic_prototype_v1
WAT-01112,48.6724,8.3672,66.1317,37.482,253.208,30.0,synthetic_prototype_v1
WAT-01113,84.1195,5.4129,86.3972,35.4767,85.811,38.0764,synthetic_prototype_v1
WAT-01114,86.9626,4.9456,21.9888,15.9947,229.2835,30.0,synthetic_prototype_v1
WAT-01115,72.7595,5.7092,63.9505,32.9514,163.9285,36.5863,synthetic_prototype_v1
WAT-01116,31.1493,5.2325,57.6001,14.5681,135.1316,52.713,synthetic_prototype_v1
WAT-01117,54.5783,5.7206,12.8503,11.1068,291.489,30.0,synthetic_prototype_v1
WAT-01118,45.969,7.3925,38.9349,22.944,138.2872,68.1535,synthetic_prototype_v1
WAT-01119,82.5253,4.2843,79.103,15.5976,297.0057,30.0,synthetic_prototype_v1
WAT-01120,26.6569,5.8579,99.8157,11.21,287.3427,30.9057,synthetic_prototype_v1
WAT-01121,69.8371,7.9875,16.838,12.5249,61.7431,38.925,synthetic_prototype_v1
WAT-01122,84.5831,9.7542,32.6327,17.2544,78.6112,30.0,synthetic_prototype_v1
WAT-01123,85.3507,9.2094,46.9042,22.2537,133.7254,30.458,synthetic_prototype_v1
WAT-01124,17.5588,7.3419,75.4233,17.1022,88.038,48.8749,synthetic_prototype_v1
WAT-01125,36.4199,7.3636,67.796,28.7186,276.4658,30.0,synthetic_prototype_v1
WAT-01126,40.969,4.421,89.0315,8.3499,216.5212,30.6131,synthetic_prototype_v1
WAT-01127,30.0151,6.2227,9.213,36.7175,76.8723,58.5784,synthetic_prototype_v1
WAT-01128,26.7213,8.1713,59.8546,34.8512,246.089,30.0,synthetic_prototype_v1
WAT-01129,29.1632,6.6737,70.2779,16.2732,157.4931,66.9422,synthetic_prototype_v1
WAT-01130,69.4073,8.8575,22.7582,7.8741,173.8802,38.2515,synthetic_prototype_v1
WAT-01131,5.5199,6.076,10.1126,35.5259,198.1344,35.5744,synthetic_prototype_v1
WAT-01132,49.1446,8.2267,39.0501,6.1078,133.5397,52.1046,synthetic_prototype_v1
WAT-01133,93.3094,5.5135,92.8373,36.2981,88.9667,34.0747,synthetic_prototype_v1
WAT-01134,41.6101,4.3696,113.8805,15.4731,244.388,31.2422,synthetic_prototype_v1
WAT-01135,26.4702,5.7524,10.021,19.3799,166.6615,49.7476,synthetic_prototype_v1
WAT-01136,6.5658,6.8665,32.7064,5.2665,235.5898,30.4345,synthetic_prototype_v1
WAT-01137,77.6,8.1702,7.2482,34.0316,124.1111,39.4739,synthetic_prototype_v1
WAT-01138,29.7689,6.9094,53.578,18.9514,94.8342,70.742,synthetic_prototype_v1
WAT-01139,64.1431,6.0252,27.4648,11.9676,90.0873,48.6337,synthetic_prototype_v1
WAT-01140,88.1352,6.1596,58.0513,24.2309,149.75,37.5056,synthetic_prototype_v1
WAT-01141,11.4144,6.1447,53.2823,8.4209,136.3187,43.6981,synthetic_prototype_v1
WAT-01142,34.4255,7.4968,51.6937,14.8837,103.3583,75.6874,synthetic_prototype_v1
WAT-01143,20.237,4.9045,110.2226,5.1175,152.8739,35.4701,synthetic_prototype_v1
WAT-01144,43.4528,6.4445,56.9208,21.3753,148.3074,74.3978,synthetic_prototype_v1
WAT-01145,33.6254,4.0184,91.2191,11.1562,207.8736,30.0,synthetic_prototype_v1
WAT-01146,52.2285,7.4161,18.0393,17.2372,115.8546,63.4703,synthetic_prototype_v1
WAT-01147,11.4151,5.1252,49.8401,15.8272,289.2201,30.0,synthetic_prototype_v1
WAT-01148,89.8379,5.2016,84.213,10.5263,213.1858,32.6918,synthetic_prototype_v1
WAT-01149,33.4419,7.3184,46.9172,18.3529,106.7522,77.2441,synthetic_prototype_v1
WAT-01150,8.6814,8.7209,73.9285,35.7748,120.434,41.087,synthetic_prototype_v1
WAT-01151,37.3622,5.7069,26.1729,11.242,127.9941,59.4694,synthetic_prototype_v1
WAT-01152,30.0609,6.017,74.5627,22.355,114.4314,70.0411,synthetic_prototype_v1
WAT-01153,46.6881,7.227,36.1631,22.745,160.7923,60.8088,synthetic_prototype_v1
WAT-01154,32.096,4.3766,53.816,21.5072,279.0719,30.0,synthetic_prototype_v1
WAT-01155,47.8494,9.5736,7.3624,23.4323,199.0123,31.4919,synthetic_prototype_v1
WAT-01156,37.1185,8.1427,59.2882,16.6093,95.5693,58.5459,synthetic_prototype_v1
WAT-01157,49.1464,7.4338,76.1039,17.6981,129.5047,77.5054,synthetic_prototype_v1
WAT-01158,14.2899,8.9687,118.9188,38.1912,250.9904,30.0,synthetic_prototype_v1
WAT-01159,80.8193,5.8075,31.0125,29.1085,220.9272,30.7145,synthetic_prototype_v1
WAT-01160,20.2296,4.6515,33.1728,39.6584,223.0072,30.0,synthetic_prototype_v1
WAT-01161,42.7857,5.5427,24.286,33.3524,118.4762,61.6549,synthetic_prototype_v1
WAT-01162,5.2193,9.2971,22.1022,26.0091,229.0885,32.2847,synthetic_prototype_v1
WAT-01163,55.5115,7.6351,30.5671,18.2455,126.736,60.5512,synthetic_prototype_v1
WAT-01164,51.8831,4.179,108.4647,28.1424,202.3886,30.0,synthetic_prototype_v1
WAT-01165,14.0439,7.4412,63.5591,9.9473,64.8741,44.5985,synthetic_prototype_v1
WAT-01166,14.6051,4.4382,107.6152,20.24,194.8366,31.1383,synthetic_prototype_v1
WAT-01167,38.6467,8.3847,26.7649,17.1771,152.0563,47.6443,synthetic_prototype_v1
WAT-01168,70.9549,4.2698,35.7796,38.8075,101.1076,30.0,synthetic_prototype_v1
WAT-01169,28.6279,5.4888,38.9687,10.4174,83.4294,48.758,synthetic_prototype_v1
WAT-01170,15.8804,5.3547,27.31,30.9417,206.484,38.459,synthetic_prototype_v1
WAT-01171,46.5103,6.3706,8.2393,20.6358,93.5941,61.1459,synthetic_prototype_v1
WAT-01172,36.6261,6.8405,5.0,17.2033,107.8482,67.8594,synthetic_prototype_v1
WAT-01173,35.366,7.5328,62.3264,16.3772,95.1668,71.4223,synthetic_prototype_v1
WAT-01174,22.3502,5.9892,25.0445,12.8866,129.5611,57.1478,synthetic_prototype_v1
WAT-01175,5.8797,5.9819,32.6751,17.8773,197.1003,37.8459,synthetic_prototype_v1
WAT-01176,81.6597,6.0539,106.0901,29.939,110.6784,36.8923,synthetic_prototype_v1
WAT-01177,38.5862,6.5966,32.7691,20.9301,69.6663,60.4995,synthetic_prototype_v1
WAT-01178,65.0592,5.669,91.241,11.0199,249.5398,33.0552,synthetic_prototype_v1
WAT-01179,28.8307,6.6059,18.3623,5.0,108.1375,62.9537,synthetic_prototype_v1
WAT-01180,20.4917,6.797,5.0,20.25,148.4186,51.0069,synthetic_prototype_v1
WAT-01181,98.1955,5.6376,58.5257,12.3524,170.1056,31.1706,synthetic_prototype_v1
WAT-01182,52.7292,8.8654,41.8436,5.02,122.0103,42.0011,synthetic_prototype_v1
WAT-01183,14.9731,6.9491,58.475,8.7913,87.7564,51.3986,synthetic_prototype_v1
WAT-01184,23.3295,7.6747,111.9778,6.4263,109.93,59.8523,synthetic_prototype_v1
WAT-01185,50.8395,6.6272,9.5376,11.1131,102.4264,58.79,synthetic_prototype_v1
WAT-01186,31.4398,7.8024,79.8418,19.2062,141.6906,70.7512,synthetic_prototype_v1
WAT-01187,30.1313,9.3328,26.7702,5.2977,203.2014,30.0,synthetic_prototype_v1
WAT-01188,28.1995,8.4271,93.5217,30.2666,205.9501,40.797,synthetic_prototype_v1
WAT-01189,13.9743,7.235,26.9375,38.15,293.0134,30.0,synthetic_prototype_v1
WAT-01190,21.4186,6.7924,16.5428,25.5248,104.2748,57.1433,synthetic_prototype_v1
WAT-01191,99.5259,4.7235,74.3665,18.0644,215.7956,33.7469,synthetic_prototype_v1
WAT-01192,37.5536,7.1776,52.3269,20.501,145.058,76.9857,synthetic_prototype_v1
WAT-01193,50.8238,8.2358,14.1298,24.1954,117.056,51.0791,synthetic_prototype_v1
WAT-01194,28.7155,6.9064,7.3482,15.4151,74.744,53.6764,synthetic_prototype_v1
WAT-01195,91.7621,5.2303,51.834,28.2666,179.5164,30.0,synthetic_prototype_v1
WAT-01196,64.1557,6.6836,99.7418,18.3529,50.0,40.6899,synthetic_prototype_v1
WAT-01197,7.3617,6.7913,114.3246,18.5456,109.2885,40.0929,synthetic_prototype_v1
WAT-01198,78.3257,6.6961,43.8798,13.6353,273.4176,30.7614,synthetic_prototype_v1
WAT-01199,24.8605,8.5661,114.5141,28.9728,80.9495,44.3597,synthetic_prototype_v1
WAT-01200,26.4763,6.8202,42.9304,11.423,157.1064,60.9713,synthetic_prototype_v1
WAT-01201,47.1561,6.9236,67.0578,15.1363,101.1345,77.3706,synthetic_prototype_v1
WAT-01202,57.6612,6.5619,49.3475,31.2957,70.1688,57.381,synthetic_prototype_v1
WAT-01203,61.1208,6.9819,101.6895,37.0015,218.075,38.7802,synthetic_prototype_v1
WAT-01204,52.7657,7.3609,32.8564,20.3648,112.7906,66.2028,synthetic_prototype_v1
WAT-01205,39.6795,7.493,6.0022,12.6981,167.2559,52.4683,synthetic_prototype_v1
WAT-01206,47.5023,5.1714,27.6272,28.8834,272.2033,30.0,synthetic_prototype_v1
WAT-01207,29.8437,5.6217,60.7111,11.5955,85.1975,58.3786,synthetic_prototype_v1
WAT-01208,37.7745,7.0486,52.8585,13.3818,125.5549,84.4108,synthetic_prototype_v1
WAT-01209,43.7749,5.2999,81.9005,30.5919,109.6158,58.2892,synthetic_prototype_v1
WAT-01210,16.5741,5.1028,31.0481,34.403,287.2726,31.6239,synthetic_prototype_v1
WAT-01211,35.9926,6.2881,48.9207,20.0026,180.6985,54.1479,synthetic_prototype_v1
WAT-01212,68.6693,8.1439,52.5286,39.3489,83.0124,40.2658,synthetic_prototype_v1
WAT-01213,39.9136,8.0411,42.6179,30.4714,93.993,60.3046,synthetic_prototype_v1
WAT-01214,77.3361,9.5364,74.6031,10.9309,60.2489,31.1699,synthetic_prototype_v1
WAT-01215,61.624,8.9585,54.0972,16.1765,208.6059,33.953,synthetic_prototype_v1
WAT-01216,9.1966,6.8198,30.8713,34.9954,243.0108,30.0,synthetic_prototype_v1
WAT-01217,40.269,4.0989,78.7368,23.5852,289.1271,30.9563,synthetic_prototype_v1
WAT-01218,17.4874,6.8127,87.3314,16.9671,150.5983,58.4521,synthetic_prototype_v1
WAT-01219,58.5347,4.3535,63.5028,22.885,286.8532,32.4751,synthetic_prototype_v1
WAT-01220,24.2245,5.4835,33.855,9.9346,245.678,31.4534,synthetic_prototype_v1
WAT-01221,76.3198,7.1901,25.2969,16.454,140.3198,40.7882,synthetic_prototype_v1
WAT-01222,48.363,6.2885,107.4396,6.2621,234.1627,30.0,synthetic_prototype_v1
WAT-01223,40.0379,6.5368,19.4942,17.8461,139.3338,74.6469,synthetic_prototype_v1
WAT-01224,55.3919,5.1709,27.0639,20.9274,299.4472,30.0,synthetic_prototype_v1
WAT-01225,31.6506,7.4889,40.3382,27.9773,119.7193,69.605,synthetic_prototype_v1
WAT-01226,96.059,5.4058,73.6068,23.3377,87.9402,31.9473,synthetic_prototype_v1
WAT-01227,16.3257,8.8946,46.5937,39.1173,254.5208,30.0,synthetic_prototype_v1
WAT-01228,8.703,6.4013,84.0113,27.9429,163.8911,40.9312,synthetic_prototype_v1
WAT-01229,51.7129,7.0077,5.5139,28.9611,118.4597,64.9963,synthetic_prototype_v1
WAT-01230,36.3691,5.8195,73.7408,16.4135,53.1209,50.1407,synthetic_prototype_v1
WAT-01231,57.7007,6.3817,83.7114,19.4414,124.4669,63.9174,synthetic_prototype_v1
WAT-01232,81.8521,5.1819,74.7353,10.6062,212.2498,30.8944,synthetic_prototype_v1
WAT-01233,77.2078,7.3012,17.0248,16.491,101.1839,39.65,synthetic_prototype_v1
WAT-01234,16.3747,9.8188,46.8424,24.3548,221.5416,30.0,synthetic_prototype_v1
WAT-01235,7.1664,6.7602,94.1944,15.6982,137.085,44.4383,synthetic_prototype_v1
WAT-01236,97.7831,5.0037,90.8215,33.3335,76.3913,31.3107,synthetic_prototype_v1
WAT-01237,88.5115,7.0692,110.716,22.5401,265.0306,30.0,synthetic_prototype_v1
WAT-01238,61.1794,5.6575,77.7385,32.6658,88.0948,50.891,synthetic_prototype_v1
WAT-01239,18.1722,5.2189,46.057,25.9117,72.0852,41.3828,synthetic_prototype_v1
WAT-01240,36.9734,6.2861,45.4777,9.3298,112.8427,79.8432,synthetic_prototype_v1
WAT-01241,97.2163,5.37,16.358,16.1144,155.9518,30.0,synthetic_prototype_v1
WAT-01242,74.6468,4.9765,89.5762,30.2573,88.4897,35.7228,synthetic_prototype_v1
WAT-01243,37.0748,8.3168,33.4187,13.6935,161.8523,51.7175,synthetic_prototype_v1
WAT-01244,29.1992,5.1205,86.5613,33.0359,72.359,49.487,synthetic_prototype_v1
WAT-01245,55.3065,9.7978,94.3726,23.4362,254.0154,30.0,synthetic_prototype_v1
WAT-01246,67.3456,6.3595,55.9345,15.8703,289.3151,31.131,synthetic_prototype_v1
WAT-01247,33.571,5.5764,7.2509,27.1307,144.8252,51.3848,synthetic_prototype_v1
WAT-01248,59.3792,7.5867,53.131,17.8349,147.7556,52.57,synthetic_prototype_v1
WAT-01249,70.1156,4.7715,97.1238,19.2175,139.5066,30.0,synthetic_prototype_v1
WAT-01250,48.8783,8.0284,68.8049,12.6771,67.3516,51.7644,synthetic_prototype_v1
WAT-01251,27.4908,7.298,45.2922,7.6918,253.5544,30.0425,synthetic_prototype_v1
WAT-01252,44.3686,5.1412,23.7628,20.4355,140.7077,51.5662,synthetic_prototype_v1
WAT-01253,5.4388,6.3182,91.4923,21.6084,137.8391,45.4863,synthetic_prototype_v1
WAT-01254,13.9572,4.9148,30.4282,19.5742,179.6055,34.0365,synthetic_prototype_v1
WAT-01255,51.178,7.7654,13.0318,13.3837,108.4831,58.5844,synthetic_prototype_v1
WAT-01256,21.9017,7.6714,51.2883,36.1546,114.4909,59.9489,synthetic_prototype_v1
WAT-01257,54.1169,8.7511,106.9827,19.8978,117.3592,47.2933,synthetic_prototype_v1
WAT-01258,65.8844,4.2577,108.0023,25.4606,176.335,30.0,synthetic_prototype_v1
WAT-01259,38.8974,7.1303,23.554,18.5919,138.8716,74.8694,synthetic_prototype_v1
WAT-01260,47.5696,7.2827,13.5099,22.8347,115.8304,68.8935,synthetic_prototype_v1
WAT-01261,97.3214,8.3276,35.7018,10.6764,163.3388,31.527,synthetic_prototype_v1
WAT-01262,44.297,8.8411,71.6873,17.3919,141.6131,46.708,synthetic_prototype_v1
WAT-01263,41.9185,6.0425,18.2223,16.6504,185.1415,49.4869,synthetic_prototype_v1
WAT-01264,38.8356,6.1623,28.735,22.8035,90.2513,69.1664,synthetic_prototype_v1
WAT-01265,33.0703,7.4625,113.7208,14.2413,165.7444,60.4105,synthetic_prototype_v1
WAT-01266,27.5312,7.0603,42.0654,20.6697,103.0528,69.578,synthetic_prototype_v1
WAT-01267,53.7302,7.2153,55.3568,12.079,135.9313,63.9642,synthetic_prototype_v1
WAT-01268,22.6107,8.308,74.1401,29.8806,80.3124,47.3633,synthetic_prototype_v1
WAT-01269,85.0047,9.5786,63.5923,9.7207,283.3097,30.0,synthetic_prototype_v1
WAT-01270,42.1558,5.6625,60.5963,21.2827,164.4736,60.8009,synthetic_prototype_v1
WAT-01271,9.1016,7.0382,62.762,38.9652,237.8695,31.0869,synthetic_prototype_v1
WAT-01272,22.0517,9.3153,16.0261,10.9557,131.5528,30.0,synthetic_prototype_v1
WAT-01273,78.3268,8.3882,41.1292,5.8148,240.1989,30.9636,synthetic_prototype_v1
WAT-01274,41.1778,5.209,96.6965,15.6922,131.7872,59.3998,synthetic_prototype_v1
WAT-01275,31.0428,4.899,47.6576,13.7709,85.0471,37.3137,synthetic_prototype_v1
WAT-01276,13.3371,4.0955,101.0903,8.6108,248.5823,30.0,synthetic_prototype_v1
WAT-01277,29.8802,4.8274,78.8597,27.2709,83.8426,34.2912,synthetic_prototype_v1
WAT-01278,66.7354,8.8447,77.9311,18.7997,237.3576,30.4814,synthetic_prototype_v1
WAT-01279,17.4553,8.4768,32.7735,13.9792,282.8847,30.0,synthetic_prototype_v1
WAT-01280,47.4075,6.7076,27.1091,15.1417,160.4288,69.4732,synthetic_prototype_v1
WAT-01281,37.6128,7.8324,9.8335,34.3362,299.6685,30.7861,synthetic_prototype_v1
WAT-01282,36.467,6.2609,31.4755,11.0479,72.216,59.81,synthetic_prototype_v1
WAT-01283,90.2182,8.1891,79.9461,26.2498,225.666,30.0,synthetic_prototype_v1
WAT-01284,62.0697,5.6111,60.5752,27.3091,138.4141,48.747,synthetic_prototype_v1
WAT-01285,93.3119,8.1073,30.787,16.7202,242.6629,30.7518,synthetic_prototype_v1
WAT-01286,51.9599,6.7573,50.0696,31.9796,133.0609,74.911,synthetic_prototype_v1
WAT-01287,70.8863,5.6388,65.7861,18.7212,276.9061,30.0,synthetic_prototype_v1
WAT-01288,24.4083,6.0818,5.802,9.169,177.4002,43.4634,synthetic_prototype_v1
WAT-01289,16.1629,4.4841,55.0021,23.2062,213.0727,30.0322,synthetic_prototype_v1
WAT-01290,77.6519,4.7872,20.1964,31.861,263.5889,30.0,synthetic_prototype_v1
WAT-01291,10.0713,4.1216,113.6153,12.9481,123.208,30.0,synthetic_prototype_v1
WAT-01292,89.8474,8.0897,62.5653,37.6743,155.9953,31.8776,synthetic_prototype_v1
WAT-01293,40.3648,5.9943,12.4007,24.0457,213.2191,41.3662,synthetic_prototype_v1
WAT-01294,19.5932,5.9875,12.8844,7.2179,229.3014,34.5637,synthetic_prototype_v1
WAT-01295,52.7821,7.1046,35.4547,23.6806,105.6427,68.538,synthetic_prototype_v1
WAT-01296,90.8709,9.2646,83.098,35.0824,97.0687,31.0172,synthetic_prototype_v1
WAT-01297,63.5357,4.9215,38.1041,22.9488,128.2247,35.8938,synthetic_prototype_v1
WAT-01298,99.4374,9.8554,19.2032,23.4705,196.1997,30.0,synthetic_prototype_v1
WAT-01299,99.3846,6.4885,6.4187,31.583,167.1995,30.0,synthetic_prototype_v1
WAT-01300,29.0912,7.3329,38.694,9.774,131.3695,69.8502,synthetic_prototype_v1
WAT-01301,44.6391,5.4558,56.6689,6.3191,182.8448,48.1945,synthetic_prototype_v1
WAT-01302,90.0853,7.3181,104.314,8.1827,141.2294,33.5538,synthetic_prototype_v1
WAT-01303,97.5861,7.1907,90.3568,19.6077,215.7535,30.0,synthetic_prototype_v1
WAT-01304,31.6021,7.5634,5.0,15.2382,84.8187,54.5605,synthetic_prototype_v1
WAT-01305,58.8726,6.8133,13.5746,15.8903,94.5545,53.2146,synthetic_prototype_v1
WAT-01306,91.6826,5.4489,13.2795,21.4796,242.3052,30.0,synthetic_prototype_v1
WAT-01307,97.1691,8.0545,71.5335,5.7065,204.8778,33.312,synthetic_prototype_v1
WAT-01308,39.1781,6.9365,103.0556,15.8886,139.1088,84.4918,synthetic_prototype_v1
WAT-01309,59.4959,8.3,49.038,9.3337,159.0181,43.1307,synthetic_prototype_v1
WAT-01310,35.1282,9.0467,100.2459,8.055,131.1702,38.4479,synthetic_prototype_v1
WAT-01311,39.9113,7.8964,71.6734,20.0234,156.5887,63.9188,synthetic_prototype_v1
WAT-01312,17.5167,9.427,44.2267,14.4472,270.6528,30.0,synthetic_prototype_v1
WAT-01313,28.2996,6.8257,79.7687,19.0519,179.1431,57.0243,synthetic_prototype_v1
WAT-01314,94.8723,5.4669,65.7622,33.9628,125.0025,30.0,synthetic_prototype_v1
WAT-01315,39.7089,7.0849,74.9201,25.5049,106.4482,86.9524,synthetic_prototype_v1
WAT-01316,65.1272,6.1911,114.7753,26.3075,244.2517,30.0,synthetic_prototype_v1
WAT-01317,85.4337,6.791,42.729,11.2642,277.1765,30.5714,synthetic_prototype_v1
WAT-01318,10.5783,4.1396,18.0534,30.7622,287.069,30.0,synthetic_prototype_v1
WAT-01319,57.6881,7.4508,45.2699,25.2086,107.2309,61.476,synthetic_prototype_v1
WAT-01320,51.1743,9.2703,56.0359,33.2317,217.5144,30.0,synthetic_prototype_v1
WAT-01321,68.767,5.7008,22.959,39.1641,157.3944,42.6173,synthetic_prototype_v1
WAT-01322,44.3307,6.0564,43.1088,18.8293,69.6402,59.7174,synthetic_prototype_v1
WAT-01323,48.2441,6.446,96.4621,18.3436,139.3389,77.4716,synthetic_prototype_v1
WAT-01324,54.2806,6.8362,12.2274,21.3189,112.6846,62.6787,synthetic_prototype_v1
WAT-01325,21.9293,6.3044,107.9508,19.0191,125.6019,62.7473,synthetic_prototype_v1
WAT-01326,61.0686,9.131,66.5762,33.0878,251.1474,30.0,synthetic_prototype_v1
WAT-01327,93.0431,9.8467,117.0116,5.8596,261.0412,30.5873,synthetic_prototype_v1
WAT-01328,79.2393,4.3324,89.9251,26.1461,130.8599,30.0,synthetic_prototype_v1
WAT-01329,43.744,6.915,24.7591,30.6213,123.2892,79.1501,synthetic_prototype_v1
WAT-01330,46.9702,7.145,98.5754,14.7476,89.8837,73.2653,synthetic_prototype_v1
WAT-01331,39.2624,5.5461,103.2202,5.0843,55.691,48.3603,synthetic_prototype_v1
WAT-01332,25.3388,5.7419,73.9018,21.1852,171.754,51.5437,synthetic_prototype_v1
WAT-01333,64.5484,8.6249,40.8096,13.891,280.0058,30.2897,synthetic_prototype_v1
WAT-01334,24.1693,8.2366,81.8999,8.8579,69.6338,40.2387,synthetic_prototype_v1
WAT-01335,15.2033,5.6662,37.7348,25.339,181.849,43.9223,synthetic_prototype_v1
WAT-01336,44.7678,7.2577,33.4187,28.5208,123.5294,77.1351,synthetic_prototype_v1
WAT-01337,25.361,6.9878,71.1558,26.4267,197.5364,48.527,synthetic_prototype_v1
WAT-01338,35.2092,5.6474,29.1036,5.3088,171.3522,47.5728,synthetic_prototype_v1
WAT-01339,53.012,7.0532,23.1435,20.6605,115.264,66.4627,synthetic_prototype_v1
WAT-01340,38.681,5.5072,94.2119,14.9679,131.4412,65.6429,synthetic_prototype_v1
WAT-01341,33.791,6.2004,54.9182,28.8322,140.2259,72.2415,synthetic_prototype_v1
WAT-01342,84.5052,4.6645,73.7643,16.7266,123.2807,30.9227,synthetic_prototype_v1
WAT-01343,73.5811,9.4605,27.1127,36.7608,92.9578,30.0,synthetic_prototype_v1
WAT-01344,41.0956,7.0581,29.5115,17.3549,173.875,61.4867,synthetic_prototype_v1
WAT-01345,63.0031,7.4013,35.0993,32.6809,105.7887,55.8876,synthetic_prototype_v1
WAT-01346,13.9368,9.2738,65.7995,16.2498,255.4222,30.0,synthetic_prototype_v1
WAT-01347,6.0466,7.5339,115.1608,33.4632,278.5401,30.0533,synthetic_prototype_v1
WAT-01348,32.1298,5.8478,20.3322,36.6503,63.7168,49.1387,synthetic_prototype_v1
WAT-01349,73.6241,5.4327,95.2706,15.4312,82.1608,38.4946,synthetic_prototype_v1
WAT-01350,21.7538,6.298,5.9731,12.0081,111.4786,56.8594,synthetic_prototype_v1
WAT-01351,9.0229,9.9688,118.5277,24.3581,90.7486,31.027,synthetic_prototype_v1
WAT-01352,47.584,5.8389,110.6115,33.7276,103.8908,68.9008,synthetic_prototype_v1
WAT-01353,68.1953,5.4139,39.013,8.7712,164.4662,40.3613,synthetic_prototype_v1
WAT-01354,77.1661,4.1216,38.5441,21.019,154.4203,31.2488,synthetic_prototype_v1
WAT-01355,49.6311,8.6937,9.3959,12.279,62.6261,43.9793,synthetic_prototype_v1
WAT-01356,33.7914,8.1495,40.8334,11.9987,86.0987,51.0052,synthetic_prototype_v1
WAT-01357,57.9181,8.4739,25.4454,38.9681,99.2447,47.5845,synthetic_prototype_v1
WAT-01358,47.7366,5.9801,75.3895,24.8569,224.1659,40.5112,synthetic_prototype_v1
WAT-01359,34.4807,8.6224,9.6961,38.3225,274.4653,32.1313,synthetic_prototype_v1
WAT-01360,13.6167,4.4985,7.5766,37.405,69.7874,31.0388,synthetic_prototype_v1
WAT-01361,5.409,8.0739,77.9314,19.0579,299.7422,30.0,synthetic_prototype_v1
WAT-01362,35.1296,9.0065,18.6687,6.7708,80.0343,42.0965,synthetic_prototype_v1
WAT-01363,28.4904,6.6375,118.3481,24.8949,103.9049,76.9269,synthetic_prototype_v1
WAT-01364,61.2526,4.0413,47.6797,38.2004,213.4768,30.0,synthetic_prototype_v1
WAT-01365,27.9615,9.8876,46.0352,12.8295,130.7519,30.7213,synthetic_prototype_v1
WAT-01366,41.61,7.3528,76.9201,18.8572,116.4554,81.4741,synthetic_prototype_v1
WAT-01367,44.8159,6.7073,55.9351,17.7692,124.512,83.0586,synthetic_prototype_v1
WAT-01368,96.6155,6.9718,104.5893,26.9042,202.7021,32.528,synthetic_prototype_v1
WAT-01369,16.0104,8.1995,74.7482,12.852,283.7321,31.8541,synthetic_prototype_v1
WAT-01370,44.9667,6.8166,27.3625,9.825,117.0441,74.5609,synthetic_prototype_v1
WAT-01371,29.1304,6.5283,68.7497,18.8286,149.4497,71.0544,synthetic_prototype_v1
WAT-01372,64.5605,7.9355,47.4838,19.9907,131.1911,47.3918,synthetic_prototype_v1
WAT-01373,11.519,6.6093,113.9853,30.8303,267.888,30.3713,synthetic_prototype_v1
WAT-01374,67.4557,6.7658,9.0284,26.5778,94.1643,43.629,synthetic_prototype_v1
WAT-01375,22.9395,5.0587,104.0428,20.4213,169.2135,40.0892,synthetic_prototype_v1
WAT-01376,40.6595,6.2268,27.7711,23.4935,75.129,62.6944,synthetic_prototype_v1
WAT-01377,83.0169,7.0645,56.9551,31.7756,261.7294,30.1232,synthetic_prototype_v1
WAT-01378,28.1893,6.448,11.2153,20.6585,136.2501,60.8183,synthetic_prototype_v1
WAT-01379,27.8922,4.4508,49.583,38.0444,251.9796,30.0,synthetic_prototype_v1
WAT-01380,78.9813,8.2574,6.4095,38.4171,243.775,30.9727,synthetic_prototype_v1
WAT-01381,57.9125,6.1344,32.1999,5.0,112.1217,55.8797,synthetic_prototype_v1
WAT-01382,49.3473,6.3951,41.1272,30.0571,113.3863,72.3632,synthetic_prototype_v1
WAT-01383,39.9314,7.0309,61.3587,22.2908,161.052,75.0639,synthetic_prototype_v1
WAT-01384,29.9728,8.947,51.7633,18.856,240.8296,30.0,synthetic_prototype_v1
WAT-01385,39.9821,9.9059,58.8192,11.5762,140.6274,30.6175,synthetic_prototype_v1
WAT-01386,11.3798,6.4839,23.575,10.6676,118.4276,43.1085,synthetic_prototype_v1
WAT-01387,59.1909,7.7486,5.0,23.9636,97.5377,47.46,synthetic_prototype_v1
WAT-01388,47.7607,6.1913,37.9085,15.6881,121.0788,71.6119,synthetic_prototype_v1
WAT-01389,24.8266,7.2464,50.6935,29.9196,112.7711,69.4906,synthetic_prototype_v1
WAT-01390,33.2541,7.9047,12.4962,12.1945,280.1718,30.0,synthetic_prototype_v1
WAT-01391,89.0838,5.931,51.2678,35.3975,231.583,33.7668,synthetic_prototype_v1
WAT-01392,44.8436,6.9824,107.489,18.981,151.279,77.6336,synthetic_prototype_v1
WAT-01393,56.925,7.7893,120.0,19.2749,63.9065,45.2679,synthetic_prototype_v1
WAT-01394,24.2651,5.8019,108.0837,22.0728,141.7781,62.9369,synthetic_prototype_v1
WAT-01395,42.8845,6.6758,32.5708,18.4936,97.4339,74.3748,synthetic_prototype_v1
WAT-01396,58.969,7.0738,27.5357,21.7303,106.9458,65.1872,synthetic_prototype_v1
WAT-01397,27.5209,4.9039,87.5872,13.2046,266.115,30.9444,synthetic_prototype_v1
WAT-01398,42.2478,6.6143,23.5057,23.5096,118.6957,75.9883,synthetic_prototype_v1
WAT-01399,92.7594,4.2664,10.0767,24.5822,267.7734,30.7631,synthetic_prototype_v1
WAT-01400,59.9116,6.2435,29.1424,28.3071,186.4573,44.0868,synthetic_prototype_v1
WAT-01401,67.9403,9.4312,69.017,8.3188,287.9671,30.0,synthetic_prototype_v1
WAT-01402,42.4803,6.4074,88.7013,19.8848,137.5079,83.3956,synthetic_prototype_v1
WAT-01403,22.6079,6.6615,18.3581,21.9304,103.8193,61.7619,synthetic_prototype_v1
WAT-01404,9.0335,9.5927,80.4287,16.7438,114.0063,30.0,synthetic_prototype_v1
WAT-01405,24.6636,8.1136,63.2943,36.5226,243.3417,31.9815,synthetic_prototype_v1
WAT-01406,44.6067,5.2262,81.8112,5.0969,58.9009,44.2753,synthetic_prototype_v1
WAT-01407,33.9843,7.2052,85.317,19.2969,100.7649,78.8932,synthetic_prototype_v1
WAT-01408,23.9787,8.161,43.0879,28.6906,269.9429,31.4763,synthetic_prototype_v1
WAT-01409,37.5244,8.9328,53.386,27.6841,134.2151,45.6634,synthetic_prototype_v1
WAT-01410,48.0921,7.7359,26.0789,21.5753,113.9798,64.9668,synthetic_prototype_v1
WAT-01411,49.4996,6.4842,68.5791,14.6708,175.0443,58.5374,synthetic_prototype_v1
WAT-01412,46.0348,5.4177,89.9311,33.3041,111.4948,64.6936,synthetic_prototype_v1
WAT-01413,27.6128,6.6324,23.5096,15.2883,62.7858,51.0897,synthetic_prototype_v1
WAT-01414,15.6467,8.9306,73.3471,5.2612,123.1129,39.1455,synthetic_prototype_v1
WAT-01415,13.6343,5.9539,58.5527,16.1362,186.1765,43.1037,synthetic_prototype_v1
WAT-01416,39.8905,7.0967,35.8824,23.6852,96.1451,77.9073,synthetic_prototype_v1
WAT-01417,35.7787,7.1775,34.7298,29.455,140.1125,75.139,synthetic_prototype_v1
WAT-01418,62.1481,7.9966,115.6546,9.1403,209.6013,37.8573,synthetic_prototype_v1
WAT-01419,16.0064,9.6262,75.85,38.9618,282.2887,33.6027,synthetic_prototype_v1
WAT-01420,65.2081,4.5646,109.3351,31.4863,240.9627,31.3215,synthetic_prototype_v1
WAT-01421,64.1727,8.1276,5.0,6.8287,141.902,40.2633,synthetic_prototype_v1
WAT-01422,82.7392,8.7521,65.6989,10.4986,98.1173,39.2377,synthetic_prototype_v1
WAT-01423,62.9724,6.7531,33.2427,15.8372,151.5803,54.1518,synthetic_prototype_v1
WAT-01424,10.4818,7.6857,89.4158,18.3203,102.8572,45.7178,synthetic_prototype_v1
WAT-01425,6.3949,5.6237,16.309,15.704,250.7018,30.0767,synthetic_prototype_v1
WAT-01426,74.9744,8.272,24.1817,34.5332,204.461,36.1778,synthetic_prototype_v1
WAT-01427,7.9719,7.8845,37.9449,20.9333,270.9174,30.0,synthetic_prototype_v1
WAT-01428,22.1641,6.6536,12.6467,24.5409,97.9543,57.3217,synthetic_prototype_v1
WAT-01429,33.1926,6.8857,83.7715,15.8363,132.5846,79.5135,synthetic_prototype_v1
WAT-01430,8.4355,8.454,40.8537,32.4266,76.0826,36.6591,synthetic_prototype_v1
WAT-01431,44.5017,6.462,9.7326,25.1572,170.0967,54.9604,synthetic_prototype_v1
WAT-01432,33.5495,6.0823,15.8375,13.2596,76.2973,54.5871,synthetic_prototype_v1
WAT-01433,48.5967,6.2154,58.5818,5.0,116.7997,73.8724,synthetic_prototype_v1
WAT-01434,43.8583,9.2501,5.1483,39.348,132.9279,30.0,synthetic_prototype_v1
WAT-01435,30.9528,9.1017,114.1088,30.4306,242.172,30.0,synthetic_prototype_v1
WAT-01436,34.5121,5.4459,23.3842,17.3298,235.0228,30.0,synthetic_prototype_v1
WAT-01437,55.7871,7.4875,91.1732,19.0324,194.4533,47.1826,synthetic_prototype_v1
WAT-01438,91.3152,8.1325,68.7122,17.564,141.4823,33.6406,synthetic_prototype_v1
WAT-01439,58.7886,5.6765,19.7004,26.4082,113.3777,52.0907,synthetic_prototype_v1
WAT-01440,65.1492,6.7818,89.5164,12.2571,290.584,31.3374,synthetic_prototype_v1
WAT-01441,36.3307,4.9951,30.42,32.1757,86.4804,45.0797,synthetic_prototype_v1
WAT-01442,47.3831,8.0675,65.69,30.9106,141.1079,63.0899,synthetic_prototype_v1
WAT-01443,22.3055,6.3057,28.8433,29.9594,151.6722,54.401,synthetic_prototype_v1
WAT-01444,84.7215,8.1058,23.6104,17.0567,203.2372,33.639,synthetic_prototype_v1
WAT-01445,34.865,7.7019,23.1845,23.5845,155.2086,52.7221,synthetic_prototype_v1
WAT-01446,37.5523,8.3504,21.3448,13.8454,174.7303,46.8297,synthetic_prototype_v1
WAT-01447,22.8195,7.6693,15.0944,20.3391,78.2953,48.1384,synthetic_prototype_v1
WAT-01448,26.838,7.7205,64.6362,26.137,128.2314,69.2949,synthetic_prototype_v1
WAT-01449,32.0177,9.6662,101.5855,23.2737,205.4282,30.383,synthetic_prototype_v1
WAT-01450,80.1879,7.8325,41.4836,31.7062,113.3021,36.2768,synthetic_prototype_v1
WAT-01451,20.2187,5.639,32.7984,24.0062,87.702,48.8076,synthetic_prototype_v1
WAT-01452,43.4798,7.1157,28.0632,11.7608,121.5318,75.1068,synthetic_prototype_v1
WAT-01453,75.4534,6.4102,98.3088,38.5397,164.7174,40.6378,synthetic_prototype_v1
WAT-01454,98.1026,7.7041,109.8652,31.8397,207.6941,30.0,synthetic_prototype_v1
WAT-01455,31.1889,6.7885,49.9114,26.1869,112.954,82.8942,synthetic_prototype_v1
WAT-01456,30.0573,7.1997,50.9447,30.5718,173.9046,55.0685,synthetic_prototype_v1
WAT-01457,11.5849,8.0944,107.8436,19.5331,98.4336,45.3535,synthetic_prototype_v1
WAT-01458,93.9333,5.6693,49.2249,31.4363,205.4814,30.7328,synthetic_prototype_v1
WAT-01459,44.8515,6.3667,25.639,13.7498,138.905,76.3179,synthetic_prototype_v1
WAT-01460,43.7907,8.7425,96.4155,38.5253,289.1074,30.0,synthetic_prototype_v1
WAT-01461,44.8983,8.0719,16.9261,13.2881,160.9795,50.232,synthetic_prototype_v1
WAT-01462,67.6954,7.9363,8.7178,33.8056,88.8003,39.918,synthetic_prototype_v1
WAT-01463,95.1829,7.3142,87.1493,24.3498,264.2533,31.4658,synthetic_prototype_v1
WAT-01464,40.199,6.6601,32.5796,12.9605,133.7766,78.9243,synthetic_prototype_v1
WAT-01465,22.8214,4.4307,79.2913,28.0439,107.5652,30.2343,synthetic_prototype_v1
WAT-01466,48.2657,6.6374,32.6501,21.3582,146.1731,69.5621,synthetic_prototype_v1
WAT-01467,54.8886,6.7166,25.7268,12.2171,102.462,64.3277,synthetic_prototype_v1
WAT-01468,30.8619,7.3788,21.0035,15.9428,128.286,64.2058,synthetic_prototype_v1
WAT-01469,12.3857,7.492,11.6429,9.7945,78.9705,41.2145,synthetic_prototype_v1
WAT-01470,43.0845,6.205,6.3714,21.006,120.2188,62.8212,synthetic_prototype_v1
WAT-01471,52.7322,5.6376,52.5129,14.6884,89.6436,54.9264,synthetic_prototype_v1
WAT-01472,7.6253,6.671,34.4775,14.5557,185.8573,38.322,synthetic_prototype_v1
WAT-01473,56.5933,6.6679,14.7813,18.1772,97.1757,59.1464,synthetic_prototype_v1
WAT-01474,89.5174,6.02,49.6497,18.2785,165.7776,33.4165,synthetic_prototype_v1
WAT-01475,84.7116,9.9761,95.5916,28.5144,168.6031,30.0,synthetic_prototype_v1
WAT-01476,71.1504,6.2878,56.5611,36.8771,162.5085,41.7785,synthetic_prototype_v1
WAT-01477,42.2127,5.7043,56.0296,25.1099,109.4738,69.4003,synthetic_prototype_v1
WAT-01478,35.0575,7.8807,15.2661,30.371,126.3256,61.5953,synthetic_prototype_v1
WAT-01479,25.9758,7.8935,96.2178,34.2642,145.1653,60.1902,synthetic_prototype_v1
WAT-01480,80.7635,7.4443,64.971,32.4363,167.5591,36.5024,synthetic_prototype_v1
WAT-01481,43.9772,6.5231,109.3817,15.8466,130.5988,85.2722,synthetic_prototype_v1
WAT-01482,34.2282,8.5618,34.63,8.412,84.0872,47.4126,synthetic_prototype_v1
WAT-01483,37.8114,8.6525,61.2522,29.6905,156.7842,47.3333,synthetic_prototype_v1
WAT-01484,53.9903,5.1205,73.9657,12.8658,53.2419,42.7982,synthetic_prototype_v1
WAT-01485,13.8607,4.6648,19.9596,24.2104,147.6392,31.6553,synthetic_prototype_v1
WAT-01486,28.2878,7.606,23.5319,20.893,72.8495,53.8115,synthetic_prototype_v1
WAT-01487,54.6019,5.0182,8.1211,24.4279,133.1465,43.4638,synthetic_prototype_v1
WAT-01488,86.7599,5.4824,75.8696,32.9062,222.5388,34.0056,synthetic_prototype_v1
WAT-01489,35.3732,6.6989,45.6007,10.1663,109.726,77.1026,synthetic_prototype_v1
WAT-01490,96.409,9.4117,31.3274,38.9043,281.4915,30.0,synthetic_prototype_v1
WAT-01491,22.6478,6.3523,78.4099,10.7857,233.6757,32.3911,synthetic_prototype_v1
WAT-01492,40.9394,8.8005,53.7861,20.0459,183.0319,40.5562,synthetic_prototype_v1
WAT-01493,78.7002,6.1402,37.8661,17.4713,63.1958,40.7244,synthetic_prototype_v1
WAT-01494,79.5525,5.6228,28.4817,22.2231,273.1957,33.4252,synthetic_prototype_v1
WAT-01495,96.2558,7.9526,76.6456,17.8942,155.8205,31.3988,synthetic_prototype_v1
WAT-01496,21.1803,9.1501,113.8528,5.2753,270.6857,30.4078,synthetic_prototype_v1
WAT-01497,74.1451,7.4749,58.9913,38.6539,231.8222,33.4896,synthetic_prototype_v1
WAT-01498,44.4286,7.2964,60.7484,20.6237,80.3143,68.4052,synthetic_prototype_v1
WAT-01499,40.955,7.2158,49.8399,21.7163,177.9068,57.0513,synthetic_prototype_v1
WAT-01500,8.5542,5.8946,108.5214,29.8553,98.0107,42.6796,synthetic_prototype_v1
WAT-01501,23.9805,6.363,23.4838,10.6872,86.4607,58.234,synthetic_prototype_v1
WAT-01502,14.0428,7.4042,76.9799,5.8525,275.6954,31.0104,synthetic_prototype_v1
WAT-01503,48.1202,8.8903,90.9632,36.8106,254.1426,30.7506,synthetic_prototype_v1
WAT-01504,32.7696,9.9983,7.4901,22.3933,210.1917,30.3608,synthetic_prototype_v1
WAT-01505,30.0378,7.3837,23.4723,27.3148,161.3631,59.218,synthetic_prototype_v1
WAT-01506,36.1892,6.0827,22.1043,8.3741,104.6935,66.8461,synthetic_prototype_v1
WAT-01507,82.4319,8.2556,96.1388,25.2496,139.8006,34.2038,synthetic_prototype_v1
WAT-01508,33.1231,4.2923,38.0621,12.8174,201.9093,30.0,synthetic_prototype_v1
WAT-01509,42.4368,7.7371,17.084,6.6246,57.2802,47.5711,synthetic_prototype_v1
WAT-01510,80.5471,7.5357,6.5925,8.7798,78.9332,35.093,synthetic_prototype_v1
WAT-01511,66.7415,6.9359,120.0,19.5877,114.9334,51.481,synthetic_prototype_v1
WAT-01512,55.3693,7.0764,32.8173,13.7906,80.8343,60.0691,synthetic_prototype_v1
WAT-01513,54.6893,6.989,30.5962,20.3159,124.2135,68.9115,synthetic_prototype_v1
WAT-01514,76.542,8.6012,63.9512,19.7437,75.7582,37.2227,synthetic_prototype_v1
WAT-01515,72.0009,5.0735,119.155,37.3992,180.0114,37.2111,synthetic_prototype_v1
WAT-01516,29.0642,6.413,26.4735,9.5223,195.9554,48.2296,synthetic_prototype_v1
WAT-01517,27.8215,4.2335,87.7641,32.4256,76.0227,30.0,synthetic_prototype_v1
WAT-01518,70.4621,8.0173,25.41,8.6279,124.216,39.4743,synthetic_prototype_v1
WAT-01519,56.6187,7.2484,115.254,7.5096,118.7438,59.9389,synthetic_prototype_v1
WAT-01520,62.3236,9.1941,31.7641,11.3152,178.8089,30.9967,synthetic_prototype_v1
WAT-01521,16.2965,9.0167,105.2788,24.9344,240.8909,33.4156,synthetic_prototype_v1
WAT-01522,87.093,7.283,81.9868,29.6723,141.9335,35.204,synthetic_prototype_v1
WAT-01523,61.8553,8.1995,18.1312,29.549,95.2028,44.8077,synthetic_prototype_v1
WAT-01524,52.2071,7.2002,25.2863,20.7253,180.0105,52.0489,synthetic_prototype_v1
WAT-01525,84.1044,8.5599,38.7265,14.409,145.2589,34.091,synthetic_prototype_v1
WAT-01526,22.184,6.232,19.2469,16.259,68.6511,49.8922,synthetic_prototype_v1
WAT-01527,11.8269,4.6186,55.529,12.6757,117.3649,30.0,synthetic_prototype_v1
WAT-01528,62.229,9.5447,61.2304,28.8119,284.1565,31.426,synthetic_prototype_v1
WAT-01529,48.215,4.1778,86.9813,18.4312,286.4646,30.0,synthetic_prototype_v1
WAT-01530,55.4231,5.4721,89.9573,21.0224,294.2618,32.85,synthetic_prototype_v1
WAT-01531,45.2321,8.9184,73.7212,20.4105,274.6209,31.8057,synthetic_prototype_v1
WAT-01532,40.5741,4.5593,90.4297,10.1037,228.3358,30.0,synthetic_prototype_v1
WAT-01533,93.6287,4.9932,87.7638,38.8026,176.8128,32.0563,synthetic_prototype_v1
WAT-01534,49.7915,6.5393,14.6605,21.5368,103.5249,66.3269,synthetic_prototype_v1
WAT-01535,33.4425,6.4502,22.1382,12.8647,106.5843,71.2608,synthetic_prototype_v1
WAT-01536,19.5922,4.8117,28.7008,6.0136,208.8178,30.0,synthetic_prototype_v1
WAT-01537,83.3431,7.1517,17.7299,13.1564,225.457,33.1438,synthetic_prototype_v1
WAT-01538,26.3636,6.608,120.0,20.2006,128.0729,72.9669,synthetic_prototype_v1
WAT-01539,14.2215,5.3578,30.847,22.9693,134.6392,44.936,synthetic_prototype_v1
WAT-01540,40.0434,5.6496,87.1036,26.8319,130.9443,67.8766,synthetic_prototype_v1
WAT-01541,35.6198,7.0745,32.4054,21.9339,74.8158,68.4527,synthetic_prototype_v1
WAT-01542,18.1733,6.0196,76.5124,17.243,187.09,42.0586,synthetic_prototype_v1
WAT-01543,73.9481,4.4557,119.3204,8.7735,235.0672,30.5619,synthetic_prototype_v1
WAT-01544,39.86,6.0709,19.203,21.4293,118.3673,67.4785,synthetic_prototype_v1
WAT-01545,43.1267,7.6654,10.6761,13.3104,117.1539,66.5917,synthetic_prototype_v1
WAT-01546,46.4668,7.5778,7.5861,20.4553,102.8996,62.9131,synthetic_prototype_v1
WAT-01547,35.1362,5.4729,49.8236,13.4093,129.9835,60.7742,synthetic_prototype_v1
WAT-01548,18.0538,9.9198,115.6088,14.8909,285.271,30.5633,synthetic_prototype_v1
WAT-01549,98.634,7.8874,39.912,37.4764,119.5923,30.6425,synthetic_prototype_v1
WAT-01550,79.1552,8.6431,47.3627,31.0257,77.3038,36.6989,synthetic_prototype_v1
WAT-01551,77.1374,9.1026,70.9848,11.4996,229.1068,30.0,synthetic_prototype_v1
WAT-01552,43.8344,5.3317,104.7719,21.5375,76.454,46.9707,synthetic_prototype_v1
WAT-01553,65.7076,5.0495,48.3284,7.6618,230.3479,30.4075,synthetic_prototype_v1
WAT-01554,95.0118,7.2434,58.0703,14.2904,118.8823,34.011,synthetic_prototype_v1
WAT-01555,24.987,7.9719,66.9775,25.8298,104.0989,53.828,synthetic_prototype_v1
WAT-01556,73.726,6.6552,94.85,12.724,154.154,42.4938,synthetic_prototype_v1
WAT-01557,62.3253,7.341,43.7025,5.0656,266.1495,30.0,synthetic_prototype_v1
WAT-01558,58.7023,7.8622,18.9069,15.3566,129.1037,53.8515,synthetic_prototype_v1
WAT-01559,27.2104,6.2981,27.6944,27.8273,118.8568,69.9452,synthetic_prototype_v1
WAT-01560,48.4622,7.1124,31.0941,21.9293,171.0005,60.5603,synthetic_prototype_v1
WAT-01561,14.9238,5.8223,49.1042,23.8862,136.0254,50.4958,synthetic_prototype_v1
WAT-01562,21.9963,7.6523,43.3853,19.4292,137.7311,54.5007,synthetic_prototype_v1
WAT-01563,92.7138,6.1861,30.851,17.1679,79.7744,30.6684,synthetic_prototype_v1
WAT-01564,10.2449,7.3058,24.4392,25.0813,254.7275,31.6012,synthetic_prototype_v1
WAT-01565,20.8997,4.6578,115.6251,35.2222,265.0651,30.5741,synthetic_prototype_v1
WAT-01566,29.6841,7.1218,42.8806,15.8618,158.2498,65.1423,synthetic_prototype_v1
WAT-01567,41.6264,6.0128,40.0522,23.446,135.4765,71.3257,synthetic_prototype_v1
WAT-01568,28.4035,9.0521,41.4383,33.3391,205.9075,34.2972,synthetic_prototype_v1
WAT-01569,41.1696,5.2221,74.8289,16.2591,209.5245,38.8766,synthetic_prototype_v1
WAT-01570,52.4325,6.9556,106.3815,22.6674,103.1384,75.5131,synthetic_prototype_v1
WAT-01571,95.5326,9.9195,5.6485,29.0948,212.6307,30.0,synthetic_prototype_v1
WAT-01572,70.1855,5.4935,71.5901,38.6983,230.9028,30.8976,synthetic_prototype_v1
WAT-01573,80.3998,8.0631,83.9733,32.6513,55.1054,35.3494,synthetic_prototype_v1
WAT-01574,29.0714,8.7901,76.4919,12.2248,258.8817,30.0,synthetic_prototype_v1
WAT-01575,45.2797,5.8265,30.5068,8.9064,148.4667,63.1115,synthetic_prototype_v1
WAT-01576,46.514,7.3777,57.6519,39.1495,161.4719,67.2981,synthetic_prototype_v1
WAT-01577,48.7885,5.4933,78.9322,14.1899,77.3056,54.2378,synthetic_prototype_v1
WAT-01578,16.7741,7.1495,109.4027,29.2526,107.8546,52.3284,synthetic_prototype_v1
WAT-01579,22.7877,4.4423,54.5416,13.3067,121.8689,30.0,synthetic_prototype_v1
WAT-01580,41.7024,9.4142,54.2101,29.0568,213.7004,30.0,synthetic_prototype_v1
WAT-01581,38.9726,6.1473,25.7959,26.9658,133.9966,73.8159,synthetic_prototype_v1
WAT-01582,57.6521,6.6497,13.9238,12.7734,84.0322,51.2866,synthetic_prototype_v1
WAT-01583,88.2875,8.2436,49.0054,9.5939,196.5393,30.0,synthetic_prototype_v1
WAT-01584,54.6034,7.3337,72.1761,28.3004,197.5481,41.564,synthetic_prototype_v1
WAT-01585,8.5122,7.1098,43.2797,35.8776,298.7641,33.1998,synthetic_prototype_v1
WAT-01586,47.7056,8.9939,107.3912,10.1709,185.4718,36.8154,synthetic_prototype_v1
WAT-01587,72.4409,9.8524,31.1681,10.8704,276.4552,32.528,synthetic_prototype_v1
WAT-01588,37.9168,4.078,28.2193,34.9888,150.8774,30.2287,synthetic_prototype_v1
WAT-01589,94.0062,6.2415,59.8696,22.5488,271.4738,30.7925,synthetic_prototype_v1
WAT-01590,67.3079,6.8735,60.0713,21.2731,299.9868,30.0,synthetic_prototype_v1
WAT-01591,44.6856,7.8645,39.2948,30.297,219.8208,40.7656,synthetic_prototype_v1
WAT-01592,33.0621,9.2821,78.0066,27.6339,250.6625,30.0,synthetic_prototype_v1
WAT-01593,50.5028,6.9598,46.9695,16.7319,109.542,73.6324,synthetic_prototype_v1
WAT-01594,73.2433,9.1099,85.7257,31.6917,178.8841,35.1342,synthetic_prototype_v1
WAT-01595,55.5299,5.3318,74.2962,17.1117,165.6779,45.8484,synthetic_prototype_v1
WAT-01596,22.4676,7.3332,120.0,24.544,138.0803,64.5462,synthetic_prototype_v1
WAT-01597,68.9211,8.7349,87.2974,30.0059,194.9459,35.1349,synthetic_prototype_v1
WAT-01598,77.1969,8.8415,55.3589,5.6779,141.3308,35.9163,synthetic_prototype_v1
WAT-01599,63.2454,9.4071,76.071,13.8443,225.5581,30.0,synthetic_prototype_v1
WAT-01600,86.3784,5.3584,50.5468,39.3134,92.8995,33.5779,synthetic_prototype_v1
WAT-01601,45.6761,5.3156,57.4689,10.5968,58.2606,44.4941,synthetic_prototype_v1
WAT-01602,59.3809,9.4803,25.2512,35.9978,94.7183,30.0,synthetic_prototype_v1
WAT-01603,23.5712,6.4825,17.5453,18.9396,107.1119,58.7552,synthetic_prototype_v1
WAT-01604,98.5349,7.5413,87.4021,15.3033,122.129,30.0,synthetic_prototype_v1
WAT-01605,53.2095,7.5691,34.0238,23.6805,104.6611,63.6004,synthetic_prototype_v1
WAT-01606,53.135,6.5244,23.5464,15.3377,156.6935,59.2489,synthetic_prototype_v1
WAT-01607,73.7558,7.189,68.3406,23.1493,260.9562,31.0857,synthetic_prototype_v1
WAT-01608,50.1221,7.1411,6.0372,21.4337,93.8259,61.3349,synthetic_prototype_v1
WAT-01609,22.1154,6.3584,11.9654,18.6922,130.6225,54.5338,synthetic_prototype_v1
WAT-01610,36.7049,6.8919,18.8333,25.5318,127.8266,76.7985,synthetic_prototype_v1
WAT-01611,59.0304,7.3928,53.6342,13.478,93.623,58.589,synthetic_prototype_v1
WAT-01612,39.8926,6.895,68.4511,20.0139,139.4226,84.5632,synthetic_prototype_v1
WAT-01613,36.4172,7.3905,9.6345,15.1653,108.0641,64.187,synthetic_prototype_v1
WAT-01614,49.509,7.9744,57.16,18.8937,151.1031,57.8125,synthetic_prototype_v1
WAT-01615,32.1049,5.8912,55.2249,26.2039,136.6662,68.1113,synthetic_prototype_v1
WAT-01616,63.8591,6.3458,36.4582,32.5343,190.7492,42.0399,synthetic_prototype_v1
WAT-01617,49.6688,6.2172,17.5477,16.2266,133.8736,63.456,synthetic_prototype_v1
WAT-01618,83.7693,7.6864,78.8642,24.2188,288.5724,30.0,synthetic_prototype_v1
WAT-01619,18.1652,5.5055,10.2374,34.5674,265.0751,30.0,synthetic_prototype_v1
WAT-01620,42.3485,7.2125,26.3125,26.8361,111.6183,77.8609,synthetic_prototype_v1
WAT-01621,34.023,5.8631,23.2689,11.529,128.7734,59.5338,synthetic_prototype_v1
WAT-01622,85.6353,7.7084,70.7688,39.2263,269.6341,30.0,synthetic_prototype_v1
WAT-01623,45.7644,5.6723,80.1093,39.0105,105.4363,68.4475,synthetic_prototype_v1
WAT-01624,11.1699,9.1372,32.0167,10.3606,100.5763,33.4646,synthetic_prototype_v1
WAT-01625,12.991,9.8934,14.2022,11.0128,104.5448,34.993,synthetic_prototype_v1
WAT-01626,79.4633,4.153,76.7058,13.4091,162.5303,31.7447,synthetic_prototype_v1
WAT-01627,80.6257,4.1247,53.0171,23.4309,145.6292,30.0,synthetic_prototype_v1
WAT-01628,62.5629,5.8849,6.1958,14.3788,120.5247,45.6907,synthetic_prototype_v1
WAT-01629,29.4918,7.2553,118.9684,13.5655,92.5616,65.9575,synthetic_prototype_v1
WAT-01630,66.9086,4.3286,56.0105,22.0657,50.3928,30.0,synthetic_prototype_v1
WAT-01631,53.8898,8.8114,30.2394,28.8017,162.179,38.564,synthetic_prototype_v1
WAT-01632,86.0733,6.3919,99.9015,14.1459,241.8366,32.1568,synthetic_prototype_v1
WAT-01633,39.9689,6.5899,11.5298,12.8387,94.8246,71.152,synthetic_prototype_v1
WAT-01634,17.0865,8.655,90.7539,34.9912,186.8679,37.9753,synthetic_prototype_v1
WAT-01635,38.0862,4.3528,34.9595,22.8137,124.9281,30.5307,synthetic_prototype_v1
WAT-01636,42.3281,4.024,82.8958,24.2443,154.0493,30.0,synthetic_prototype_v1
WAT-01637,78.8476,5.6455,85.0324,14.8048,157.6998,35.3748,synthetic_prototype_v1
WAT-01638,38.8277,7.351,18.2551,20.9225,84.3442,65.5187,synthetic_prototype_v1
WAT-01639,40.4933,9.6482,21.4656,11.0545,268.3206,33.5561,synthetic_prototype_v1
WAT-01640,91.1748,4.7427,91.5819,11.9864,239.1794,30.5556,synthetic_prototype_v1
WAT-01641,27.5659,5.3436,102.3972,26.3364,233.8057,30.0,synthetic_prototype_v1
WAT-01642,35.0543,5.6283,82.7573,24.2398,213.8553,40.2974,synthetic_prototype_v1
WAT-01643,34.3037,4.4295,41.1188,15.8038,157.8473,30.5447,synthetic_prototype_v1
WAT-01644,27.4197,7.4852,55.4087,29.0123,261.2459,30.0,synthetic_prototype_v1
WAT-01645,31.8229,7.4867,31.1561,20.8544,57.409,52.1944,synthetic_prototype_v1
WAT-01646,80.3989,7.7814,97.8051,18.5829,232.5559,30.513,synthetic_prototype_v1
WAT-01647,21.4281,6.9,79.1308,24.7627,178.9761,49.6618,synthetic_prototype_v1
WAT-01648,99.37,9.7077,57.8941,9.7479,87.1579,30.0,synthetic_prototype_v1
WAT-01649,42.2079,6.0661,10.8403,15.4655,102.0336,66.9574,synthetic_prototype_v1
WAT-01650,42.5347,7.6285,77.2422,36.6636,203.6555,46.9769,synthetic_prototype_v1
WAT-01651,56.6136,6.1781,53.7842,16.5507,82.3267,57.1936,synthetic_prototype_v1
WAT-01652,91.9958,6.7192,35.749,13.5849,135.0914,32.48,synthetic_prototype_v1
WAT-01653,85.5445,9.9151,68.0131,11.1137,167.1847,30.0,synthetic_prototype_v1
WAT-01654,24.7598,5.0904,80.6976,6.9293,119.1944,50.0724,synthetic_prototype_v1
WAT-01655,39.7973,7.3886,24.4924,23.2375,170.6479,58.3902,synthetic_prototype_v1
WAT-01656,56.1231,5.4887,10.9002,17.3521,118.5285,49.4763,synthetic_prototype_v1
WAT-01657,32.9911,6.9751,50.5861,23.5488,138.3842,77.5732,synthetic_prototype_v1
WAT-01658,11.3629,4.9657,45.4568,12.857,73.7793,36.7136,synthetic_prototype_v1
WAT-01659,37.8509,7.5243,54.1055,26.5514,69.7922,62.8877,synthetic_prototype_v1
WAT-01660,85.8575,6.2783,50.0166,7.0699,243.8639,34.0648,synthetic_prototype_v1
WAT-01661,51.9435,5.1202,11.6267,17.9758,252.3677,31.2257,synthetic_prototype_v1
WAT-01662,5.7132,9.3001,28.5085,11.6049,179.7125,32.9644,synthetic_prototype_v1
WAT-01663,7.3582,5.7299,58.2481,24.8078,274.0121,30.0,synthetic_prototype_v1
WAT-01664,63.4,9.9409,72.4305,35.8883,62.9768,30.0,synthetic_prototype_v1
WAT-01665,7.8127,6.8354,95.3138,32.7289,113.3629,47.6251,synthetic_prototype_v1
WAT-01666,27.8881,4.1874,75.2523,18.9872,85.5133,32.4838,synthetic_prototype_v1
WAT-01667,40.9367,7.9087,41.8145,21.4909,153.2771,60.0049,synthetic_prototype_v1
WAT-01668,42.8439,6.8188,57.8911,21.5663,117.3996,84.4862,synthetic_prototype_v1
WAT-01669,12.6263,9.2787,24.1902,9.4345,293.2823,32.6978,synthetic_prototype_v1
WAT-01670,54.1869,7.2029,17.6074,17.9502,134.9042,60.4729,synthetic_prototype_v1
WAT-01671,96.0188,9.247,99.6829,11.6058,298.0471,30.6823,synthetic_prototype_v1
WAT-01672,13.605,9.0979,48.3455,12.3266,129.8996,32.9457,synthetic_prototype_v1
WAT-01673,23.7112,5.8088,80.1971,21.4949,273.7273,30.0,synthetic_prototype_v1
WAT-01674,31.1084,4.4759,74.1884,37.1731,153.6578,30.0,synthetic_prototype_v1
WAT-01675,92.8467,6.6361,82.158,5.2764,144.44,34.5719,synthetic_prototype_v1
WAT-01676,99.7701,7.85,18.7348,19.578,267.9689,30.0,synthetic_prototype_v1
WAT-01677,93.3183,5.6998,92.4721,18.7545,258.5018,30.0,synthetic_prototype_v1
WAT-01678,55.4728,7.0676,12.8026,29.7618,256.5474,31.0163,synthetic_prototype_v1
WAT-01679,60.8891,7.9559,24.9305,18.767,241.8342,30.0,synthetic_prototype_v1
WAT-01680,62.5984,9.5128,80.3658,21.7414,94.6823,30.0,synthetic_prototype_v1
WAT-01681,25.4482,4.452,42.3857,33.5084,113.6204,33.1716,synthetic_prototype_v1
WAT-01682,41.9637,6.7267,29.4752,18.1878,117.5732,82.1543,synthetic_prototype_v1
WAT-01683,28.3288,4.8486,86.8083,26.7773,231.5545,32.437,synthetic_prototype_v1
WAT-01684,22.3668,4.9693,20.6154,29.6961,259.349,30.5395,synthetic_prototype_v1
WAT-01685,39.403,6.1405,33.6397,23.4447,106.1849,75.2256,synthetic_prototype_v1
WAT-01686,6.5013,8.2986,11.0047,13.231,65.4848,36.603,synthetic_prototype_v1
WAT-01687,70.9166,9.484,47.2015,28.1327,241.754,34.0001,synthetic_prototype_v1
WAT-01688,74.682,9.6254,20.4294,11.5376,107.3352,30.9609,synthetic_prototype_v1
WAT-01689,89.5751,7.2699,7.5897,23.3403,125.3023,31.8227,synthetic_prototype_v1
WAT-01690,47.6293,5.3294,20.715,35.8717,155.6903,47.4621,synthetic_prototype_v1
WAT-01691,30.8788,6.7102,46.7762,24.8419,180.1142,58.1184,synthetic_prototype_v1
WAT-01692,49.5473,6.9956,21.1354,23.567,106.6223,68.8618,synthetic_prototype_v1
WAT-01693,70.3282,6.5608,36.6837,11.712,114.4638,47.6536,synthetic_prototype_v1
WAT-01694,37.4932,6.1252,79.4932,20.0634,158.7342,68.5571,synthetic_prototype_v1
WAT-01695,18.2765,9.0781,99.5151,29.6115,118.7145,37.9413,synthetic_prototype_v1
WAT-01696,28.0443,6.611,56.6971,17.3425,89.8157,68.4064,synthetic_prototype_v1
WAT-01697,47.6483,6.6193,75.7232,15.0707,72.5335,63.1475,synthetic_prototype_v1
WAT-01698,41.01,4.1227,97.9413,24.7339,171.9074,30.0,synthetic_prototype_v1
WAT-01699,31.2312,6.3383,10.5092,27.336,226.6909,32.712,synthetic_prototype_v1
WAT-01700,47.1746,5.7775,73.2777,5.5696,59.722,50.5207,synthetic_prototype_v1
WAT-01701,95.7582,5.8673,38.6838,8.6986,217.2187,33.6517,synthetic_prototype_v1
WAT-01702,90.1353,8.3441,91.6132,26.4881,103.5908,36.9925,synthetic_prototype_v1
WAT-01703,89.9056,7.9529,24.4857,18.0704,155.1592,32.679,synthetic_prototype_v1
WAT-01704,56.7743,7.524,77.2046,18.8588,63.4198,46.6454,synthetic_prototype_v1
WAT-01705,20.3844,9.755,30.0043,35.7034,79.1248,30.0,synthetic_prototype_v1
WAT-01706,26.3455,4.1829,31.8377,12.16,139.555,30.0,synthetic_prototype_v1
WAT-01707,83.2717,4.4915,115.0802,34.416,294.8311,31.8914,synthetic_prototype_v1
WAT-01708,41.5449,6.3244,11.8267,16.4146,214.1225,37.4354,synthetic_prototype_v1
WAT-01709,41.3663,7.0584,11.3776,18.524,130.0304,71.0475,synthetic_prototype_v1
WAT-01710,52.7545,4.0264,66.6671,39.4548,207.2654,30.7957,synthetic_prototype_v1
WAT-01711,20.0377,6.9077,95.2113,15.8122,89.849,54.3923,synthetic_prototype_v1
WAT-01712,30.779,7.4496,44.5783,21.9726,138.5031,72.1295,synthetic_prototype_v1
WAT-01713,36.9286,6.9069,5.3992,24.6704,144.593,65.1524,synthetic_prototype_v1
WAT-01714,62.1371,6.9633,96.1367,17.7935,107.6443,60.1863,synthetic_prototype_v1
WAT-01715,23.4366,7.915,59.533,21.1186,121.3611,60.1572,synthetic_prototype_v1
WAT-01716,44.5354,7.9894,37.5163,15.9138,242.1777,30.0,synthetic_prototype_v1
WAT-01717,12.0355,7.5326,24.9177,33.3768,298.5024,31.438,synthetic_prototype_v1
WAT-01718,19.5855,6.8296,93.1417,33.8657,207.7747,42.626,synthetic_prototype_v1
WAT-01719,42.2278,7.1714,47.7935,26.4814,130.377,81.4388,synthetic_prototype_v1
WAT-01720,8.8379,4.431,34.59,39.4766,52.0349,30.0,synthetic_prototype_v1
WAT-01721,14.1915,9.6163,32.1137,39.9669,281.7846,30.0,synthetic_prototype_v1
WAT-01722,42.7372,5.0821,50.3153,22.466,122.4901,51.2139,synthetic_prototype_v1
WAT-01723,23.2686,7.9185,92.2833,37.6688,118.4529,57.6441,synthetic_prototype_v1
WAT-01724,43.8514,6.4619,16.4584,12.9883,113.6475,68.027,synthetic_prototype_v1
WAT-01725,53.2783,6.4396,20.7777,6.5752,144.2186,61.0789,synthetic_prototype_v1
WAT-01726,78.3881,8.7036,62.1879,36.1617,130.5879,34.8327,synthetic_prototype_v1
WAT-01727,40.433,7.636,14.2124,15.6179,104.4259,62.5608,synthetic_prototype_v1
WAT-01728,54.2684,8.5513,18.1054,10.5488,195.1737,39.0415,synthetic_prototype_v1
WAT-01729,81.1925,5.2241,40.2198,23.5149,201.213,32.7952,synthetic_prototype_v1
WAT-01730,22.7159,4.7943,80.5268,35.1685,192.1498,30.8374,synthetic_prototype_v1
WAT-01731,59.8018,9.6955,68.9367,11.8278,230.3021,30.8425,synthetic_prototype_v1
WAT-01732,60.5185,6.791,111.1488,20.4506,97.9636,58.2845,synthetic_prototype_v1
WAT-01733,51.6078,7.7361,5.4538,18.7387,100.1019,51.7966,synthetic_prototype_v1
WAT-01734,96.6293,5.1404,65.5234,22.1493,108.9789,30.0,synthetic_prototype_v1
WAT-01735,31.9047,6.5691,74.6496,19.25,133.9977,79.4219,synthetic_prototype_v1
WAT-01736,28.9814,8.0882,47.2871,6.2411,52.704,39.1397,synthetic_prototype_v1
WAT-01737,46.722,7.3046,40.0286,37.8958,190.273,50.9469,synthetic_prototype_v1
WAT-01738,46.089,5.2149,95.6284,27.6099,164.3324,54.106,synthetic_prototype_v1
WAT-01739,30.8301,6.9453,41.977,25.5125,136.2154,73.7968,synthetic_prototype_v1
WAT-01740,97.5696,4.4582,54.8089,36.5913,106.5994,31.0781,synthetic_prototype_v1
WAT-01741,42.1917,9.9214,34.2729,14.3205,99.7538,33.9673,synthetic_prototype_v1
WAT-01742,28.1574,7.9752,21.9519,24.7117,124.5362,57.2562,synthetic_prototype_v1
WAT-01743,14.0297,9.2518,57.3012,8.2453,89.8656,30.0,synthetic_prototype_v1
WAT-01744,22.9051,6.5925,75.9064,10.6887,52.9659,46.2837,synthetic_prototype_v1
WAT-01745,24.2009,5.8988,29.3275,7.632,95.0811,58.0152,synthetic_prototype_v1
WAT-01746,27.2808,5.7995,70.2518,19.4464,121.3436,63.8084,synthetic_prototype_v1
WAT-01747,31.989,7.692,21.2801,17.4205,130.876,65.1984,synthetic_prototype_v1
WAT-01748,65.0737,6.8426,85.9125,11.4605,157.9741,54.3107,synthetic_prototype_v1
WAT-01749,82.9481,6.1322,80.0005,17.5216,269.1739,30.017,synthetic_prototype_v1
WAT-01750,43.7545,4.8411,27.4416,17.6291,146.6452,35.7424,synthetic_prototype_v1
WAT-01751,47.4359,7.5993,68.4938,26.2736,119.1556,75.941,synthetic_prototype_v1
WAT-01752,36.1528,5.5557,54.3072,6.1748,52.8352,47.1701,synthetic_prototype_v1
WAT-01753,28.4654,5.7922,30.306,18.3961,129.5103,60.8931,synthetic_prototype_v1
WAT-01754,21.4088,7.0177,30.8366,7.5755,164.0128,51.2109,synthetic_prototype_v1
WAT-01755,52.4235,4.0134,8.0976,25.8364,296.3848,33.2282,synthetic_prototype_v1
WAT-01756,24.796,9.771,58.2244,26.8789,188.8248,30.0,synthetic_prototype_v1
WAT-01757,59.0327,6.8244,5.0,23.255,132.6375,58.165,synthetic_prototype_v1
WAT-01758,44.4091,5.7708,33.5746,33.8242,113.2321,64.9405,synthetic_prototype_v1
WAT-01759,19.8477,6.6175,72.7532,11.3375,128.4501,59.4823,synthetic_prototype_v1
WAT-01760,26.9145,9.0535,117.6612,34.7402,71.3548,34.1664,synthetic_prototype_v1
WAT-01761,57.9152,4.8035,87.7141,33.6215,97.1619,33.687,synthetic_prototype_v1
WAT-01762,36.3853,6.6464,10.9572,9.4335,126.9651,68.6406,synthetic_prototype_v1
WAT-01763,96.7892,4.5205,114.9192,34.3815,116.9276,32.8837,synthetic_prototype_v1
WAT-01764,34.0207,5.9022,13.7008,36.0585,223.8534,36.1822,synthetic_prototype_v1
WAT-01765,49.0492,9.6815,21.6273,8.764,136.6323,32.4693,synthetic_prototype_v1
WAT-01766,82.2501,7.2939,9.9132,9.9055,285.0117,30.0,synthetic_prototype_v1
WAT-01767,48.8751,5.0439,27.0704,19.7913,65.1226,41.0477,synthetic_prototype_v1
WAT-01768,51.2325,4.5587,44.0636,10.8692,281.3327,33.0237,synthetic_prototype_v1
WAT-01769,80.9253,6.6356,114.254,22.0162,105.1646,37.7606,synthetic_prototype_v1
WAT-01770,55.8663,8.0449,82.455,11.8381,92.3657,53.2621,synthetic_prototype_v1
WAT-01771,20.7136,6.2604,10.8577,23.3352,120.6678,55.3972,synthetic_prototype_v1
WAT-01772,79.821,5.7514,35.3762,18.791,212.9953,35.3436,synthetic_prototype_v1
WAT-01773,82.5106,5.0887,108.2971,20.6361,236.8216,30.0,synthetic_prototype_v1
WAT-01774,36.8992,6.4798,40.8684,26.6436,118.1027,81.8711,synthetic_prototype_v1
WAT-01775,36.8021,7.9249,120.0,28.1354,108.6811,68.9491,synthetic_prototype_v1
WAT-01776,54.0948,6.7427,94.6403,17.5002,129.4943,72.9203,synthetic_prototype_v1
WAT-01777,49.7696,6.8694,35.4477,26.4341,100.6604,75.1236,synthetic_prototype_v1
WAT-01778,11.8207,5.1263,70.3418,37.345,258.5588,31.9742,synthetic_prototype_v1
WAT-01779,16.7676,5.6835,45.3344,16.687,84.0861,45.9314,synthetic_prototype_v1
WAT-01780,31.9713,7.5399,11.6189,18.9217,122.7418,62.9077,synthetic_prototype_v1
WAT-01781,73.2159,6.4516,115.331,18.8526,207.7525,36.836,synthetic_prototype_v1
WAT-01782,7.1155,8.1385,76.9867,21.4866,54.549,36.9469,synthetic_prototype_v1
WAT-01783,44.3314,6.3245,28.484,15.0771,109.4778,74.4898,synthetic_prototype_v1
WAT-01784,43.9599,7.0529,5.0,27.754,146.2473,63.0905,synthetic_prototype_v1
WAT-01785,55.1255,6.9203,83.7557,5.0005,261.4004,30.0,synthetic_prototype_v1
WAT-01786,64.4712,6.3417,108.5784,14.7201,240.2999,32.3574,synthetic_prototype_v1
WAT-01787,34.9544,6.3407,62.1389,15.115,146.5571,75.271,synthetic_prototype_v1
WAT-01788,81.084,8.8893,73.8197,14.9183,56.9118,33.2508,synthetic_prototype_v1
WAT-01789,86.6018,4.0257,105.4686,13.9266,174.9997,30.0,synthetic_prototype_v1
WAT-01790,51.525,7.2314,12.5793,25.4807,63.3217,48.555,synthetic_prototype_v1
WAT-01791,48.1735,9.5343,100.1502,23.7035,204.7783,32.3552,synthetic_prototype_v1
WAT-01792,39.5191,8.7324,23.4311,21.5658,96.1363,43.0478,synthetic_prototype_v1
WAT-01793,79.7317,9.5377,30.2523,17.2059,126.9171,31.0187,synthetic_prototype_v1
WAT-01794,34.8057,6.6766,72.2052,16.1244,73.844,66.1506,synthetic_prototype_v1
WAT-01795,31.4885,8.3068,24.0246,9.5819,105.1664,49.6173,synthetic_prototype_v1
WAT-01796,53.8512,9.9824,76.9956,30.4002,217.4123,30.0,synthetic_prototype_v1
WAT-01797,48.4427,7.4119,21.1591,20.436,109.2181,67.8614,synthetic_prototype_v1
WAT-01798,55.103,4.3329,68.369,36.9924,191.8686,30.0,synthetic_prototype_v1
WAT-01799,37.4831,6.0322,82.398,27.8636,105.4613,79.5649,synthetic_prototype_v1
WAT-01800,39.9509,4.4696,105.7085,37.1602,104.7607,30.0,synthetic_prototype_v1
WAT-01801,38.9501,9.7546,30.9451,15.7657,197.5488,30.0,synthetic_prototype_v1
WAT-01802,60.8146,9.3744,62.146,33.7294,283.5241,30.0,synthetic_prototype_v1
WAT-01803,53.8589,6.9818,32.7793,25.092,160.6213,61.0832,synthetic_prototype_v1
WAT-01804,17.9424,6.3127,28.3266,18.8959,132.7482,51.5019,synthetic_prototype_v1
WAT-01805,24.8393,6.8797,26.2242,22.8551,130.4125,64.483,synthetic_prototype_v1
WAT-01806,21.5035,6.354,33.833,19.758,101.1565,59.977,synthetic_prototype_v1
WAT-01807,7.1576,5.7119,27.9682,7.093,115.3591,40.1307,synthetic_prototype_v1
WAT-01808,39.2331,5.8311,25.6823,24.1004,97.0755,65.1372,synthetic_prototype_v1
WAT-01809,62.9819,8.788,90.4624,23.5257,263.1942,32.3013,synthetic_prototype_v1
WAT-01810,85.4155,7.2646,23.0215,28.1018,95.3015,34.8679,synthetic_prototype_v1
WAT-01811,46.2835,7.0236,69.6124,8.5565,165.0675,64.9245,synthetic_prototype_v1
WAT-01812,80.6227,5.1272,5.6439,39.6364,69.6392,35.5749,synthetic_prototype_v1
WAT-01813,36.0391,7.8454,54.6446,8.6107,139.8435,68.3848,synthetic_prototype_v1
WAT-01814,50.7425,5.8997,40.8776,14.035,85.9997,60.4707,synthetic_prototype_v1
WAT-01815,33.6549,5.9855,11.8073,21.442,105.7625,65.7126,synthetic_prototype_v1
WAT-01816,87.2294,7.7183,60.9727,20.9907,190.3043,35.251,synthetic_prototype_v1
WAT-01817,37.6144,6.7723,26.407,29.957,124.2286,80.3931,synthetic_prototype_v1
WAT-01818,28.7746,7.1836,17.897,10.6743,178.8329,51.2266,synthetic_prototype_v1
WAT-01819,84.1786,4.8793,40.9503,16.8699,268.7045,30.0,synthetic_prototype_v1
WAT-01820,32.2264,5.8219,95.5136,18.3546,245.2812,30.0,synthetic_prototype_v1
WAT-01821,28.7335,9.5766,109.7479,38.3283,257.2538,32.7048,synthetic_prototype_v1
WAT-01822,89.9992,4.2764,41.9501,12.0943,279.8065,30.6514,synthetic_prototype_v1
WAT-01823,36.1279,5.6894,33.8706,15.4378,122.3581,66.1895,synthetic_prototype_v1
WAT-01824,24.0211,4.7708,74.3568,26.9953,143.3701,32.3755,synthetic_prototype_v1
WAT-01825,96.5051,9.5694,63.5075,37.6345,235.5391,30.0,synthetic_prototype_v1
WAT-01826,45.6538,7.5876,5.0,22.2514,89.7594,57.7527,synthetic_prototype_v1
WAT-01827,11.8231,7.6566,49.4711,11.8262,137.1772,46.6741,synthetic_prototype_v1
WAT-01828,54.6364,6.9956,5.0,11.5661,137.9315,56.9546,synthetic_prototype_v1
WAT-01829,24.2285,5.8974,42.623,13.2428,282.4481,30.0,synthetic_prototype_v1
WAT-01830,20.9315,6.5802,115.9921,11.1264,148.4701,58.0616,synthetic_prototype_v1
WAT-01831,50.6577,7.6908,43.4682,32.1923,108.2984,67.5478,synthetic_prototype_v1
WAT-01832,38.5466,7.6199,31.7868,23.2354,65.6498,54.6024,synthetic_prototype_v1
WAT-01833,42.7228,6.5946,27.2841,17.5351,111.6614,80.7942,synthetic_prototype_v1
WAT-01834,42.5473,5.3105,71.0527,26.1506,214.064,41.7812,synthetic_prototype_v1
WAT-01835,27.1096,4.7002,36.4742,29.9314,88.2422,30.0,synthetic_prototype_v1
WAT-01836,61.4839,6.0536,107.7277,26.0368,212.2757,35.3202,synthetic_prototype_v1
WAT-01837,45.4672,7.4179,95.106,26.7132,137.9599,77.6046,synthetic_prototype_v1
WAT-01838,40.4714,6.1,109.821,6.6212,212.5817,41.7777,synthetic_prototype_v1
WAT-01839,35.3893,6.4642,90.4249,9.2753,92.0842,75.632,synthetic_prototype_v1
WAT-01840,24.4405,7.6233,30.8564,21.8084,53.0326,48.4075,synthetic_prototype_v1
WAT-01841,31.4328,7.1527,36.0106,21.5597,106.2213,75.8193,synthetic_prototype_v1
WAT-01842,76.7763,8.2292,71.6149,21.813,101.5607,36.862,synthetic_prototype_v1
WAT-01843,10.896,5.721,63.1808,11.2185,246.6466,30.0,synthetic_prototype_v1
WAT-01844,42.3562,5.4807,44.4394,14.1615,182.996,46.9068,synthetic_prototype_v1
WAT-01845,39.7277,7.3326,38.6543,18.4437,119.2716,76.1951,synthetic_prototype_v1
WAT-01846,53.0474,4.5729,61.8283,21.2889,228.688,30.0,synthetic_prototype_v1
WAT-01847,99.5074,7.4439,107.5457,6.6241,59.7227,31.9512,synthetic_prototype_v1
WAT-01848,83.625,8.9384,38.6774,39.0483,54.4606,30.5141,synthetic_prototype_v1
WAT-01849,92.718,9.2089,78.1598,31.4038,182.9592,30.0,synthetic_prototype_v1
WAT-01850,26.6278,8.893,9.9933,26.7306,291.1262,30.0,synthetic_prototype_v1
WAT-01851,35.0403,9.7875,103.3946,5.3012,165.9616,30.0,synthetic_prototype_v1
WAT-01852,57.4576,8.7961,26.193,21.4429,247.9647,30.0,synthetic_prototype_v1
WAT-01853,22.9895,7.2304,89.1983,6.0219,218.5426,41.3971,synthetic_prototype_v1
WAT-01854,35.8646,6.6508,64.3562,22.1731,81.9705,75.2328,synthetic_prototype_v1
WAT-01855,34.4294,5.0965,87.7427,17.5533,140.8022,53.0306,synthetic_prototype_v1
WAT-01856,43.0497,6.5391,23.3406,14.3532,132.8225,72.1846,synthetic_prototype_v1
WAT-01857,43.4063,8.9838,49.275,18.6132,249.2465,30.0,synthetic_prototype_v1
WAT-01858,14.2088,7.7771,20.8771,29.7584,210.6516,35.0007,synthetic_prototype_v1
WAT-01859,87.5894,7.812,73.7792,8.6972,272.9111,30.0,synthetic_prototype_v1
WAT-01860,99.1269,6.0596,46.5349,22.4773,143.8529,31.457,synthetic_prototype_v1
WAT-01861,92.1471,4.3462,33.0104,11.0162,227.8653,30.1816,synthetic_prototype_v1
WAT-01862,51.9676,6.3331,5.4522,6.6251,145.9934,55.115,synthetic_prototype_v1
WAT-01863,96.1249,6.5263,23.1758,7.2199,197.6029,31.3464,synthetic_prototype_v1
WAT-01864,36.371,6.3746,79.1196,18.327,130.1859,80.9971,synthetic_prototype_v1
WAT-01865,24.4142,9.1591,38.763,27.9534,79.8305,34.675,synthetic_prototype_v1
WAT-01866,24.6573,5.2763,22.2619,19.1288,150.4592,48.2447,synthetic_prototype_v1
WAT-01867,45.8459,6.6928,53.802,29.5675,240.9221,30.0,synthetic_prototype_v1
WAT-01868,66.0725,6.5308,33.7763,15.3062,172.0687,43.4025,synthetic_prototype_v1
WAT-01869,13.932,8.0937,87.2817,30.41,288.1767,32.7844,synthetic_prototype_v1
WAT-01870,48.8044,5.3547,102.2958,35.815,96.9895,56.3348,synthetic_prototype_v1
WAT-01871,62.5664,8.2256,72.1603,10.806,171.7394,41.1256,synthetic_prototype_v1
WAT-01872,45.9593,4.7301,102.5517,38.1545,88.933,30.4687,synthetic_prototype_v1
WAT-01873,93.4674,8.7836,111.8853,18.703,96.3219,30.6234,synthetic_prototype_v1
WAT-01874,39.6908,6.9017,70.0605,9.0656,124.3353,85.6134,synthetic_prototype_v1
WAT-01875,42.2803,7.4783,17.2223,13.0177,158.6635,60.4895,synthetic_prototype_v1
WAT-01876,40.7987,6.0271,12.8451,6.0198,131.6739,65.1989,synthetic_prototype_v1
WAT-01877,46.9162,9.1404,42.7477,31.4154,297.5021,30.2486,synthetic_prototype_v1
WAT-01878,42.286,7.0678,95.4349,39.4489,203.5221,45.8738,synthetic_prototype_v1
WAT-01879,42.4757,9.6392,106.334,35.3087,258.1296,30.0,synthetic_prototype_v1
WAT-01880,91.0607,5.5023,98.0026,26.1392,103.7598,31.1727,synthetic_prototype_v1
WAT-01881,75.1651,4.413,57.3798,23.7719,233.8689,30.0,synthetic_prototype_v1
WAT-01882,61.6623,5.3089,119.7876,27.7986,283.0977,32.6716,synthetic_prototype_v1
WAT-01883,79.3493,5.7016,68.3238,26.1689,243.2144,36.0195,synthetic_prototype_v1
WAT-01884,33.4897,6.6177,10.5808,26.9194,105.3713,69.5914,synthetic_prototype_v1
WAT-01885,37.4318,6.3427,87.7377,26.5619,85.0517,74.5303,synthetic_prototype_v1
WAT-01886,19.3443,4.2512,50.2153,5.1059,74.4912,30.0,synthetic_prototype_v1
WAT-01887,5.1171,4.6211,98.8533,39.0963,56.4182,30.0,synthetic_prototype_v1
WAT-01888,55.4643,7.6768,21.5124,10.2466,118.4206,57.3042,synthetic_prototype_v1
WAT-01889,63.7971,6.8711,70.2346,8.3953,89.4341,51.0488,synthetic_prototype_v1
WAT-01890,9.662,5.3779,12.3344,6.6579,156.8254,43.6028,synthetic_prototype_v1
WAT-01891,6.3088,7.8315,65.235,23.6824,170.7824,37.5354,synthetic_prototype_v1
WAT-01892,60.0259,4.837,78.3938,35.5681,151.8558,33.2194,synthetic_prototype_v1
WAT-01893,53.9968,9.081,85.7817,28.9148,280.7774,32.0022,synthetic_prototype_v1
WAT-01894,62.4477,6.5294,120.0,16.7541,175.6457,44.0227,synthetic_prototype_v1
WAT-01895,35.4377,7.8564,109.7518,9.8759,69.1278,56.6973,synthetic_prototype_v1
WAT-01896,84.0514,9.139,106.2923,7.4133,156.9683,30.0,synthetic_prototype_v1
WAT-01897,93.5347,6.417,108.1047,17.5474,123.2382,35.5887,synthetic_prototype_v1
WAT-01898,34.9012,6.5669,56.7241,27.7722,134.255,82.4075,synthetic_prototype_v1
WAT-01899,11.8258,6.2756,65.0503,29.5249,105.6516,50.7185,synthetic_prototype_v1
WAT-01900,32.4629,6.4917,69.0397,39.0541,228.4556,35.7275,synthetic_prototype_v1
WAT-01901,13.5545,8.435,17.9129,17.5899,208.789,37.034,synthetic_prototype_v1
WAT-01902,19.6702,5.9079,76.8997,32.1832,295.817,30.0,synthetic_prototype_v1
WAT-01903,38.2703,5.8372,18.4542,8.6187,155.3786,56.1734,synthetic_prototype_v1
WAT-01904,8.4104,6.6461,74.2023,8.494,182.5163,42.671,synthetic_prototype_v1
WAT-01905,12.6699,5.2139,76.8479,39.914,56.3707,41.1492,synthetic_prototype_v1
WAT-01906,33.1544,9.7093,19.7542,23.2868,154.4573,31.7182,synthetic_prototype_v1
WAT-01907,33.0294,7.0258,18.4257,20.5759,150.3465,64.275,synthetic_prototype_v1
WAT-01908,37.5578,7.6153,33.483,38.2095,286.7853,30.2509,synthetic_prototype_v1
WAT-01909,14.8233,6.3607,55.3434,5.1663,77.3643,45.4713,synthetic_prototype_v1
WAT-01910,48.8641,6.0692,55.3905,22.193,283.8437,30.0,synthetic_prototype_v1
WAT-01911,23.1692,7.9427,32.6169,24.8482,150.3555,49.6258,synthetic_prototype_v1
WAT-01912,48.9117,7.7599,79.765,22.6303,187.5335,50.4585,synthetic_prototype_v1
WAT-01913,95.7153,4.0149,18.3953,16.4322,140.3215,30.0,synthetic_prototype_v1
WAT-01914,63.8347,7.4243,9.0873,18.3811,140.5763,47.6265,synthetic_prototype_v1
WAT-01915,20.5222,6.3758,31.4191,19.2631,195.3063,46.7972,synthetic_prototype_v1
WAT-01916,65.7585,4.3456,51.0029,34.3963,187.5774,30.0,synthetic_prototype_v1
WAT-01917,34.196,7.3522,69.595,19.8523,76.3136,67.0768,synthetic_prototype_v1
WAT-01918,34.1591,6.8536,16.2247,18.2823,100.1696,74.6011,synthetic_prototype_v1
WAT-01919,50.5401,7.6375,87.4502,6.1879,112.4505,63.0718,synthetic_prototype_v1
WAT-01920,83.4977,5.3518,110.0198,27.9351,281.1832,30.0,synthetic_prototype_v1
WAT-01921,38.4333,4.0363,68.062,27.4845,201.8525,30.9221,synthetic_prototype_v1
WAT-01922,7.5206,7.2691,79.8928,24.8683,229.723,30.0,synthetic_prototype_v1
WAT-01923,63.6899,8.0142,118.7621,17.0007,112.8603,46.599,synthetic_prototype_v1
WAT-01924,37.8665,5.8672,109.9675,10.067,111.5056,72.5033,synthetic_prototype_v1
WAT-01925,47.3174,7.0756,58.7071,16.7144,96.0826,74.9904,synthetic_prototype_v1
WAT-01926,27.6625,5.6016,89.5077,29.4334,222.6504,33.4485,synthetic_prototype_v1
WAT-01927,79.8061,6.793,91.1899,29.0852,220.8861,32.2597,synthetic_prototype_v1
WAT-01928,51.1882,7.7775,29.0069,24.1733,148.2823,61.6096,synthetic_prototype_v1
WAT-01929,52.9331,7.1299,25.0582,20.7562,84.1242,63.253,synthetic_prototype_v1
WAT-01930,87.0903,6.0619,24.9953,34.8119,79.4912,33.7756,synthetic_prototype_v1
WAT-01931,29.7175,9.6141,79.6462,29.3603,72.9589,30.0,synthetic_prototype_v1
WAT-01932,93.1572,5.8297,118.4719,10.8782,230.34,30.0,synthetic_prototype_v1
WAT-01933,27.2927,7.4766,49.6918,26.9705,132.435,68.3734,synthetic_prototype_v1
WAT-01934,25.9007,6.8021,64.3817,20.6614,109.3584,72.1732,synthetic_prototype_v1
WAT-01935,45.9245,5.9989,31.9016,17.4263,151.1283,64.7935,synthetic_prototype_v1
WAT-01936,28.3594,6.6526,14.7994,17.6928,147.4541,63.0757,synthetic_prototype_v1
WAT-01937,74.3292,8.5302,87.5623,13.7528,281.2121,32.79,synthetic_prototype_v1
WAT-01938,17.7957,5.6979,71.1267,6.5542,292.7151,30.0,synthetic_prototype_v1
WAT-01939,40.056,7.6493,120.0,19.4911,125.3124,74.4645,synthetic_prototype_v1
WAT-01940,97.1283,7.9329,45.3099,9.4052,167.2338,32.1672,synthetic_prototype_v1
WAT-01941,42.3949,5.3008,19.7535,22.1041,193.5683,40.5492,synthetic_prototype_v1
WAT-01942,58.7483,9.5145,107.5845,13.7427,65.1019,30.0,synthetic_prototype_v1
WAT-01943,38.397,7.4114,42.794,27.5052,116.7152,78.4705,synthetic_prototype_v1
WAT-01944,10.6512,7.7462,20.6931,7.7696,217.767,35.6959,synthetic_prototype_v1
WAT-01945,32.0314,6.1165,116.1448,12.2459,188.1875,50.9804,synthetic_prototype_v1
WAT-01946,16.1332,6.2321,20.5349,16.932,143.9716,47.2275,synthetic_prototype_v1
WAT-01947,38.5537,6.9283,48.2825,13.439,72.3842,64.6499,synthetic_prototype_v1
WAT-01948,47.2952,6.6123,79.5262,21.6129,163.0524,67.7799,synthetic_prototype_v1
WAT-01949,83.7633,9.5002,74.0034,17.9822,69.2477,30.2068,synthetic_prototype_v1
WAT-01950,21.1228,7.132,116.4136,29.9593,126.0297,59.5367,synthetic_prototype_v1
WAT-01951,42.5454,6.4523,45.0756,18.1411,135.0608,81.7673,synthetic_prototype_v1
WAT-01952,36.4805,8.2354,13.1944,19.4525,117.0631,54.1052,synthetic_prototype_v1
WAT-01953,56.4975,9.2768,60.4522,13.8625,274.5371,32.3191,synthetic_prototype_v1
WAT-01954,46.0488,4.0728,51.7919,37.5418,198.6341,32.0014,synthetic_prototype_v1
WAT-01955,67.6996,8.0107,63.6212,35.7908,69.3056,42.629,synthetic_prototype_v1
WAT-01956,50.402,6.1906,38.9694,28.3162,105.0286,72.1201,synthetic_prototype_v1
WAT-01957,22.2423,4.5614,5.0362,26.5342,257.7628,30.0,synthetic_prototype_v1
WAT-01958,74.1487,7.5713,79.5667,16.2545,101.4097,42.431,synthetic_prototype_v1
WAT-01959,58.4535,7.1122,89.1395,10.4346,127.4032,62.2849,synthetic_prototype_v1
WAT-01960,41.2835,6.3994,35.1103,13.7703,150.702,69.8513,synthetic_prototype_v1
WAT-01961,57.6696,9.0232,44.7552,24.7774,207.8792,35.9523,synthetic_prototype_v1
WAT-01962,85.8447,7.0709,45.769,13.2464,159.0133,35.9597,synthetic_prototype_v1
WAT-01963,52.2555,6.9183,9.3605,19.8934,159.9408,56.7443,synthetic_prototype_v1
WAT-01964,47.2454,6.3848,10.1485,9.4487,144.1248,60.8646,synthetic_prototype_v1
WAT-01965,62.3747,7.8931,78.0052,7.6991,172.2114,41.7697,synthetic_prototype_v1
WAT-01966,22.0583,8.0727,53.833,12.4814,58.8162,41.4091,synthetic_prototype_v1
WAT-01967,90.3214,5.3003,72.1187,17.5822,113.4578,32.5757,synthetic_prototype_v1
WAT-01968,8.89,5.9836,52.1558,8.2736,221.5532,35.8137,synthetic_prototype_v1
WAT-01969,15.2837,7.0397,57.7371,8.7786,75.9152,47.2106,synthetic_prototype_v1
WAT-01970,7.5823,7.4113,68.0835,20.4775,264.34,31.0184,synthetic_prototype_v1
WAT-01971,49.2351,7.5473,6.2239,27.2089,79.6257,56.5984,synthetic_prototype_v1
WAT-01972,68.8628,8.7851,111.7553,28.7253,279.917,30.0,synthetic_prototype_v1
WAT-01973,65.9483,6.9362,42.466,22.5232,224.421,35.3714,synthetic_prototype_v1
WAT-01974,27.8783,7.305,13.2633,20.9493,110.7881,61.9686,synthetic_prototype_v1
WAT-01975,43.1945,4.4239,43.7466,9.813,189.4448,32.3661,synthetic_prototype_v1
WAT-01976,87.9338,5.0117,53.6115,34.2859,191.3539,35.4068,synthetic_prototype_v1
WAT-01977,86.4694,6.2748,105.6134,29.4714,95.3222,32.8743,synthetic_prototype_v1
WAT-01978,12.2903,4.0192,63.0652,5.7629,237.3768,30.0,synthetic_prototype_v1
WAT-01979,27.3177,7.4783,8.0218,11.3135,155.5127,53.6902,synthetic_prototype_v1
WAT-01980,18.183,6.8146,33.9042,19.1289,86.1609,56.7074,synthetic_prototype_v1
WAT-01981,57.2807,8.6185,103.418,31.2348,284.6211,30.0,synthetic_prototype_v1
WAT-01982,57.3977,6.372,81.2609,24.8612,141.4649,66.7117,synthetic_prototype_v1
WAT-01983,44.4482,6.9017,120.0,18.4261,105.5884,80.1701,synthetic_prototype_v1
WAT-01984,68.55,9.2874,10.3644,20.7183,69.9796,30.0,synthetic_prototype_v1
WAT-01985,77.7055,9.2747,17.2463,28.2054,66.2508,30.0,synthetic_prototype_v1
WAT-01986,52.9552,4.2411,9.3189,25.1757,119.8007,30.0124,synthetic_prototype_v1
WAT-01987,13.4298,6.6583,32.9704,6.896,271.7991,30.0,synthetic_prototype_v1
WAT-01988,40.9479,6.9987,15.2939,18.7865,163.7824,60.868,synthetic_prototype_v1
WAT-01989,42.9246,7.6999,14.4279,21.5753,165.9244,54.7141,synthetic_prototype_v1
WAT-01990,13.9117,7.3211,90.7159,24.9642,224.4758,37.3034,synthetic_prototype_v1
WAT-01991,41.363,7.1354,65.8761,19.5271,106.7565,81.4161,synthetic_prototype_v1
WAT-01992,41.9642,5.1539,72.4342,38.9541,253.2321,32.2072,synthetic_prototype_v1
WAT-01993,60.2008,7.3303,33.377,7.4501,136.1624,55.3486,synthetic_prototype_v1
WAT-01994,38.662,7.9291,60.4207,12.746,164.1556,56.0672,synthetic_prototype_v1
WAT-01995,51.6011,6.6353,120.0,19.3886,66.8329,58.0702,synthetic_prototype_v1
WAT-01996,74.4579,8.7373,51.3615,14.7518,269.6037,30.5344,synthetic_prototype_v1
WAT-01997,43.7563,6.1862,119.6167,16.1788,211.2705,42.9404,synthetic_prototype_v1
WAT-01998,64.2369,8.4796,108.681,11.8336,237.8545,30.0,synthetic_prototype_v1
WAT-01999,23.5721,7.34,76.2966,29.1033,136.1772,68.1051,synthetic_prototype_v1
WAT-02000,11.7682,5.2163,61.6614,6.5734,63.6244,41.2219,synthetic_prototype_v1
WAT-02001,47.8536,9.3695,67.169,10.0113,206.9199,31.1235,synthetic_prototype_v1
WAT-02002,7.0091,4.2173,16.1119,39.315,75.6484,30.0,synthetic_prototype_v1
WAT-02003,81.1957,6.9011,96.0604,25.7339,284.1849,30.0,synthetic_prototype_v1
WAT-02004,94.7891,4.6106,32.77,23.952,178.9982,30.0,synthetic_prototype_v1
WAT-02005,91.1732,6.4941,30.95,24.88,261.9289,30.0,synthetic_prototype_v1
WAT-02006,38.4514,5.9439,87.3787,5.3677,88.1125,67.9919,synthetic_prototype_v1
WAT-02007,9.6791,4.1454,106.2604,37.8851,256.9698,31.2162,synthetic_prototype_v1
WAT-02008,40.4408,7.2197,39.8095,14.0019,163.4045,64.0053,synthetic_prototype_v1
WAT-02009,38.6863,6.2555,78.9143,23.4578,113.4815,84.0227,synthetic_prototype_v1
WAT-02010,79.0047,6.3037,24.6886,11.9667,241.0695,30.4908,synthetic_prototype_v1
WAT-02011,26.4169,7.1594,5.0,26.2484,110.2333,57.9989,synthetic_prototype_v1
WAT-02012,58.5598,6.208,80.704,11.915,137.3895,58.4001,synthetic_prototype_v1
WAT-02013,45.5041,6.3541,20.386,24.6195,176.186,56.6697,synthetic_prototype_v1
WAT-02014,56.0358,5.5905,7.9559,17.7566,178.2854,41.4497,synthetic_prototype_v1
WAT-02015,15.1947,6.518,63.6519,37.2535,222.1346,37.3438,synthetic_prototype_v1
WAT-02016,48.3905,7.0797,12.4586,16.8276,145.4452,63.7493,synthetic_prototype_v1
WAT-02017,63.8249,7.6741,9.586,17.9104,111.4827,48.8309,synthetic_prototype_v1
WAT-02018,42.8581,9.7614,36.7077,14.8342,244.0893,32.114,synthetic_prototype_v1
WAT-02019,57.59,8.8349,10.72,21.2435,265.5397,30.0,synthetic_prototype_v1
WAT-02020,68.7509,6.7592,5.6878,5.6293,113.289,43.9099,synthetic_prototype_v1
WAT-02021,53.0228,6.7552,98.0403,25.0659,60.1063,56.9274,synthetic_prototype_v1
WAT-02022,37.2504,7.5296,12.6307,22.7097,258.7132,30.0,synthetic_prototype_v1
WAT-02023,52.1195,7.913,29.1704,31.1867,86.981,52.993,synthetic_prototype_v1
WAT-02024,42.461,6.746,69.505,20.8847,118.5955,86.022,synthetic_prototype_v1
WAT-02025,99.0332,6.852,66.8523,13.6017,166.5729,30.9781,synthetic_prototype_v1
WAT-02026,48.947,5.0305,55.0045,5.9299,176.8876,42.2294,synthetic_prototype_v1
WAT-02027,62.6205,4.8033,66.102,25.9706,194.2302,31.2795,synthetic_prototype_v1
WAT-02028,19.5056,4.6383,24.9699,20.4268,212.2437,30.7391,synthetic_prototype_v1
WAT-02029,18.3323,5.3317,46.0905,25.6902,91.2193,41.0368,synthetic_prototype_v1
WAT-02030,52.8451,8.565,92.2391,21.2402,169.254,47.8118,synthetic_prototype_v1
WAT-02031,37.5518,8.0115,118.1479,33.8804,279.7659,30.8698,synthetic_prototype_v1
WAT-02032,20.6016,6.5123,7.8465,23.7903,119.7257,54.7152,synthetic_prototype_v1
WAT-02033,57.5343,7.6816,85.2979,13.9133,166.2456,51.0238,synthetic_prototype_v1
WAT-02034,40.6251,7.5152,57.9273,30.1334,71.0763,59.5084,synthetic_prototype_v1
WAT-02035,21.6422,4.9154,49.7862,23.5549,137.2629,37.5723,synthetic_prototype_v1
WAT-02036,41.5166,8.3362,53.1805,21.3356,88.7119,52.2076,synthetic_prototype_v1
WAT-02037,93.1285,5.1628,24.8389,15.6905,236.8619,30.0,synthetic_prototype_v1
WAT-02038,65.0669,9.6133,21.9238,32.3675,203.5828,33.478,synthetic_prototype_v1
WAT-02039,12.4248,8.3446,114.7704,23.361,109.5642,43.385,synthetic_prototype_v1
WAT-02040,77.0501,5.9727,109.9189,14.1111,159.7143,39.7089,synthetic_prototype_v1
WAT-02041,62.2013,5.2497,8.226,30.6329,53.8938,39.8052,synthetic_prototype_v1
WAT-02042,19.9731,7.0343,42.489,7.6429,87.3818,52.916,synthetic_prototype_v1
WAT-02043,37.8845,7.1636,39.3111,16.6757,120.862,79.7982,synthetic_prototype_v1
WAT-02044,40.021,7.7671,14.1723,19.0292,106.9462,61.1882,synthetic_prototype_v1
WAT-02045,35.0131,6.6972,39.3472,21.4013,128.5027,76.9378,synthetic_prototype_v1
WAT-02046,14.5376,5.8215,56.1791,27.3838,104.3938,52.0799,synthetic_prototype_v1
WAT-02047,49.247,9.2011,56.5971,38.6007,186.9702,30.0,synthetic_prototype_v1
WAT-02048,56.5611,6.742,8.4937,8.7415,168.9397,48.257,synthetic_prototype_v1
WAT-02049,35.9509,5.6248,66.4866,13.5581,60.0893,48.2648,synthetic_prototype_v1
WAT-02050,10.0659,6.7032,63.5896,26.1753,272.316,30.8256,synthetic_prototype_v1
WAT-02051,34.5413,9.6637,39.3532,21.6478,139.9915,30.6589,synthetic_prototype_v1
WAT-02052,61.4896,6.2551,25.5708,18.6016,105.2719,50.5486,synthetic_prototype_v1
WAT-02053,69.154,9.7246,105.509,19.7161,179.6172,30.0,synthetic_prototype_v1
WAT-02054,51.8988,6.8023,104.6178,17.1474,217.3803,42.8535,synthetic_prototype_v1
WAT-02055,67.8578,8.1513,94.5969,12.0696,220.9749,35.2451,synthetic_prototype_v1
WAT-02056,94.3334,4.9882,25.8096,22.7762,241.2747,32.0584,synthetic_prototype_v1
WAT-02057,34.1743,7.1192,46.6441,12.1566,83.0416,70.2182,synthetic_prototype_v1
WAT-02058,76.3944,5.7603,29.471,18.8735,66.9569,33.6541,synthetic_prototype_v1
WAT-02059,32.5342,8.5391,50.0093,17.1071,114.0514,51.6388,synthetic_prototype_v1
WAT-02060,9.6662,8.521,99.0992,22.2773,264.3658,30.0,synthetic_prototype_v1
WAT-02061,50.7067,4.1222,117.3557,33.9897,210.7936,31.6471,synthetic_prototype_v1
WAT-02062,60.5515,4.7193,70.3703,28.6906,244.1659,30.5187,synthetic_prototype_v1
WAT-02063,15.8399,4.3754,100.4899,29.9402,211.8723,31.5054,synthetic_prototype_v1
WAT-02064,98.098,5.5515,81.6595,13.76,233.5817,31.2718,synthetic_prototype_v1
WAT-02065,54.2765,5.8334,26.1292,19.5279,164.682,47.9577,synthetic_prototype_v1
WAT-02066,35.3682,9.3657,38.1005,17.5782,115.6031,30.0,synthetic_prototype_v1
WAT-02067,40.0156,7.2413,10.062,21.8173,135.6033,66.1133,synthetic_prototype_v1
WAT-02068,27.6889,6.2628,46.0882,28.6844,125.6486,71.5332,synthetic_prototype_v1
WAT-02069,40.2748,5.5181,47.013,10.0133,106.1595,64.6964,synthetic_prototype_v1
WAT-02070,94.544,4.4744,116.902,28.0121,266.9353,30.2355,synthetic_prototype_v1
WAT-02071,74.0645,8.0449,46.8294,8.6682,251.1669,32.955,synthetic_prototype_v1
WAT-02072,50.2327,7.1175,87.2607,23.3777,99.2571,75.3493,synthetic_prototype_v1
WAT-02073,8.0963,6.338,11.8036,7.5869,123.7696,40.2464,synthetic_prototype_v1
WAT-02074,9.2914,4.0039,102.144,12.3502,289.7912,30.3639,synthetic_prototype_v1
WAT-02075,58.6703,4.8877,45.2765,25.0948,220.2648,32.7133,synthetic_prototype_v1
WAT-02076,25.4419,6.8555,52.2826,16.7764,219.4603,40.148,synthetic_prototype_v1
WAT-02077,34.3957,5.7134,23.703,20.0585,157.3344,52.5209,synthetic_prototype_v1
WAT-02078,30.7221,8.4971,76.6121,38.0354,103.6106,52.3606,synthetic_prototype_v1
WAT-02079,50.8248,6.9374,44.405,22.7562,115.6569,75.4014,synthetic_prototype_v1
WAT-02080,69.9095,6.9729,54.4761,32.7121,100.0882,48.7946,synthetic_prototype_v1
WAT-02081,25.5129,4.1497,69.799,13.2539,237.6837,30.5975,synthetic_prototype_v1
WAT-02082,45.7657,7.8326,36.4263,16.7854,123.0031,67.0233,synthetic_prototype_v1
WAT-02083,44.6045,4.8951,66.7765,14.1061,158.7452,42.4862,synthetic_prototype_v1
WAT-02084,76.7564,9.1506,116.3948,5.8106,165.6015,30.0,synthetic_prototype_v1
WAT-02085,55.4053,7.1099,70.9925,21.4737,105.0166,68.7117,synthetic_prototype_v1
WAT-02086,26.989,5.3206,26.9509,13.3991,146.8067,47.6975,synthetic_prototype_v1
WAT-02087,41.5835,9.8074,24.3767,14.0986,295.1695,30.8102,synthetic_prototype_v1
WAT-02088,91.3612,6.9219,8.168,26.179,60.7707,30.0,synthetic_prototype_v1
WAT-02089,72.5839,8.0883,57.7671,13.7746,85.9605,39.2434,synthetic_prototype_v1
WAT-02090,30.5406,7.7444,37.9973,21.086,169.3508,53.7161,synthetic_prototype_v1
WAT-02091,84.9144,6.3563,79.9856,28.1573,222.6685,30.7985,synthetic_prototype_v1
WAT-02092,21.1824,7.3828,33.6951,17.5526,225.5231,33.1099,synthetic_prototype_v1
WAT-02093,80.9262,6.8952,71.1714,22.0265,176.4128,36.1346,synthetic_prototype_v1
WAT-02094,26.5364,8.6002,100.5513,22.812,259.5698,30.0,synthetic_prototype_v1
WAT-02095,29.0525,8.5717,117.8128,8.6016,92.6733,45.1312,synthetic_prototype_v1
WAT-02096,83.1624,8.6374,109.7634,13.7739,179.5627,33.5814,synthetic_prototype_v1
WAT-02097,40.8287,6.457,26.0437,11.38,100.9426,72.6443,synthetic_prototype_v1
WAT-02098,53.1928,7.0359,95.0261,14.1102,252.9812,30.0,synthetic_prototype_v1
WAT-02099,36.7424,6.7078,16.9764,12.1653,282.9263,30.0,synthetic_prototype_v1
WAT-02100,44.4349,7.7319,39.2599,13.2539,114.9408,68.1689,synthetic_prototype_v1
WAT-02101,99.9149,8.505,86.54,38.6328,283.9191,31.9037,synthetic_prototype_v1
WAT-02102,85.5283,9.464,34.7319,35.5563,75.055,32.1053,synthetic_prototype_v1
WAT-02103,37.0426,7.0363,63.5205,15.4112,168.8785,66.4883,synthetic_prototype_v1
WAT-02104,69.3776,8.3862,23.7929,33.537,283.5212,30.0,synthetic_prototype_v1
WAT-02105,54.3209,8.7615,49.4846,8.7687,51.1116,38.2222,synthetic_prototype_v1
WAT-02106,79.4877,5.2934,20.325,31.5821,218.6993,33.0479,synthetic_prototype_v1
WAT-02107,58.4278,6.9944,31.5966,13.9135,152.1731,56.8102,synthetic_prototype_v1
WAT-02108,57.8084,8.6441,94.5399,22.9038,282.0764,31.1024,synthetic_prototype_v1
WAT-02109,47.4592,7.2762,68.9883,22.5647,155.2494,71.7336,synthetic_prototype_v1
WAT-02110,30.9499,7.6158,21.3746,18.1561,246.3601,30.0,synthetic_prototype_v1
WAT-02111,63.3995,6.0538,78.7138,10.3757,117.4449,53.8782,synthetic_prototype_v1
WAT-02112,76.1715,5.4489,28.9397,15.1467,119.035,38.1844,synthetic_prototype_v1
WAT-02113,88.9353,8.9184,90.0855,33.2586,91.7792,31.6207,synthetic_prototype_v1
WAT-02114,43.2252,7.4349,32.4896,11.7641,104.5418,74.7828,synthetic_prototype_v1
WAT-02115,67.1044,9.4538,111.8282,27.766,234.221,31.8787,synthetic_prototype_v1
WAT-02116,22.188,6.1232,92.3624,33.2657,140.8886,59.7004,synthetic_prototype_v1
WAT-02117,39.0894,8.1102,36.1648,23.6846,67.4369,49.122,synthetic_prototype_v1
WAT-02118,14.1909,7.6814,9.5814,35.3349,116.2243,45.0779,synthetic_prototype_v1
WAT-02119,9.3665,7.3473,119.7421,33.1644,95.1556,40.9537,synthetic_prototype_v1
WAT-02120,9.6264,4.9855,68.1888,31.7075,265.7956,30.0,synthetic_prototype_v1
WAT-02121,51.8837,5.5059,38.5836,29.998,106.6218,58.1437,synthetic_prototype_v1
WAT-02122,41.0491,5.4647,25.245,25.383,176.9062,48.6005,synthetic_prototype_v1
WAT-02123,30.8528,7.5428,6.7638,25.2484,92.6041,60.672,synthetic_prototype_v1
WAT-02124,34.4557,7.9523,23.4273,19.3455,142.9603,60.9151,synthetic_prototype_v1
WAT-02125,30.6825,4.8331,63.986,14.8631,225.0439,30.0,synthetic_prototype_v1
WAT-02126,85.6938,9.1581,93.404,10.6997,181.597,31.1536,synthetic_prototype_v1
WAT-02127,48.9804,6.7839,55.8137,13.7048,170.3767,64.5159,synthetic_prototype_v1
WAT-02128,73.1046,6.8104,77.7064,11.5657,239.0122,31.2007,synthetic_prototype_v1
WAT-02129,94.0935,5.0499,104.9058,29.076,90.0686,31.2373,synthetic_prototype_v1
WAT-02130,55.0137,9.8017,18.692,26.2656,209.115,30.0,synthetic_prototype_v1
WAT-02131,42.0881,7.3688,16.3475,19.4831,114.533,72.7772,synthetic_prototype_v1
WAT-02132,17.9647,4.4422,15.2947,36.3807,52.3808,30.0,synthetic_prototype_v1
WAT-02133,92.8714,5.7025,74.1025,9.6636,108.4262,33.1364,synthetic_prototype_v1
WAT-02134,30.4716,7.6755,38.9612,6.4398,66.2976,56.9464,synthetic_prototype_v1
WAT-02135,29.6205,8.2216,17.1144,25.0152,120.7076,52.7206,synthetic_prototype_v1
WAT-02136,41.4751,6.1595,15.1575,8.6374,113.1271,66.4827,synthetic_prototype_v1
WAT-02137,51.9618,6.3378,16.5474,18.4215,112.4233,61.3108,synthetic_prototype_v1
WAT-02138,6.1449,8.0997,89.4909,36.211,175.8238,36.8741,synthetic_prototype_v1
WAT-02139,33.9368,6.2798,62.798,11.2675,111.0711,78.1268,synthetic_prototype_v1
WAT-02140,24.0458,7.4668,68.2173,26.5108,83.181,56.7554,synthetic_prototype_v1
WAT-02141,13.8904,9.0727,95.8976,33.3235,165.8209,33.1657,synthetic_prototype_v1
WAT-02142,23.2961,8.4052,86.5834,13.2119,126.476,49.3171,synthetic_prototype_v1
WAT-02143,80.5749,5.4201,110.7462,16.9045,249.4828,30.0,synthetic_prototype_v1
WAT-02144,47.5797,4.1611,84.4311,20.2234,228.7675,30.0,synthetic_prototype_v1
WAT-02145,36.7571,6.3324,19.6091,23.9312,100.6563,69.6765,synthetic_prototype_v1
WAT-02146,80.3355,7.6706,50.4174,39.9564,68.4852,36.6607,synthetic_prototype_v1
WAT-02147,20.7693,7.1829,102.3606,26.0523,58.5456,51.7364,synthetic_prototype_v1
WAT-02148,81.3918,4.2397,26.7042,17.6498,85.479,30.0,synthetic_prototype_v1
WAT-02149,78.4291,6.7296,23.4313,26.7605,280.2053,30.2131,synthetic_prototype_v1
WAT-02150,41.7552,7.7241,20.5322,24.4524,83.4782,59.7417,synthetic_prototype_v1
WAT-02151,74.7316,7.0777,56.8504,19.8523,270.6058,31.975,synthetic_prototype_v1
WAT-02152,93.2705,4.2338,99.3074,27.3805,106.5018,30.0,synthetic_prototype_v1
WAT-02153,44.5753,6.263,46.4413,14.4583,59.067,53.0812,synthetic_prototype_v1
WAT-02154,5.4614,9.3327,81.1023,9.8827,243.1423,30.0,synthetic_prototype_v1
WAT-02155,69.8864,5.7673,65.7477,25.0542,231.2503,30.928,synthetic_prototype_v1
WAT-02156,6.5015,6.4249,59.7205,33.5809,123.9612,42.559,synthetic_prototype_v1
WAT-02157,29.7562,5.8445,40.4817,15.2938,68.6834,48.7037,synthetic_prototype_v1
WAT-02158,27.501,7.9628,24.8042,20.2543,138.6395,50.9689,synthetic_prototype_v1
WAT-02159,57.086,9.8838,30.4336,16.9049,87.027,30.7745,synthetic_prototype_v1
WAT-02160,28.2078,8.0749,21.9504,23.3007,60.0916,46.8465,synthetic_prototype_v1
WAT-02161,58.6173,7.6498,64.5691,28.6544,122.6137,59.8955,synthetic_prototype_v1
WAT-02162,46.9024,6.8021,74.1651,6.9418,287.2641,30.0,synthetic_prototype_v1
WAT-02163,61.1587,5.4973,28.889,20.7194,239.26,32.2531,synthetic_prototype_v1
WAT-02164,43.8102,6.6837,105.6528,6.5166,193.3155,52.6467,synthetic_prototype_v1
WAT-02165,77.4461,9.7137,116.3838,25.9479,267.6538,32.1912,synthetic_prototype_v1
WAT-02166,6.1688,7.3781,70.5316,36.6373,86.6455,41.4391,synthetic_prototype_v1
WAT-02167,42.8625,5.0427,104.5968,15.9422,84.8859,47.4701,synthetic_prototype_v1
WAT-02168,46.1323,6.5981,25.2732,28.2635,120.9057,74.8022,synthetic_prototype_v1
WAT-02169,33.1483,5.7168,26.9736,10.2922,50.0,43.9641,synthetic_prototype_v1
WAT-02170,29.6335,6.5011,108.8259,15.6319,69.2915,61.496,synthetic_prototype_v1
WAT-02171,38.5537,7.8452,38.3024,21.6524,141.4496,67.5524,synthetic_prototype_v1
WAT-02172,64.8132,7.9395,15.9681,24.8828,139.7462,46.6174,synthetic_prototype_v1
WAT-02173,52.1474,9.5224,46.7064,20.7656,149.5629,30.0,synthetic_prototype_v1
WAT-02174,13.5501,9.8729,50.5391,26.8875,229.8144,30.0,synthetic_prototype_v1
WAT-02175,59.5216,7.596,36.2476,16.9328,119.7384,54.3256,synthetic_prototype_v1
WAT-02176,99.6843,4.4887,86.9802,34.2194,298.5289,32.3314,synthetic_prototype_v1
WAT-02177,96.0508,7.2504,79.809,29.4779,189.4539,31.6748,synthetic_prototype_v1
WAT-02178,46.6009,8.26,82.8249,25.0084,169.1369,50.202,synthetic_prototype_v1
WAT-02179,87.3814,5.2442,32.9859,7.4458,101.9372,32.1399,synthetic_prototype_v1
WAT-02180,94.021,5.7285,58.2468,9.3055,225.475,31.6501,synthetic_prototype_v1
WAT-02181,19.5901,8.8812,96.7749,15.218,205.4286,36.948,synthetic_prototype_v1
WAT-02182,41.1224,7.8217,120.0,30.6439,113.9853,71.8332,synthetic_prototype_v1
WAT-02183,61.0572,9.7462,82.156,33.9225,156.1963,30.1321,synthetic_prototype_v1
WAT-02184,46.5987,7.257,52.7708,29.2074,124.4305,75.1744,synthetic_prototype_v1
WAT-02185,31.9849,7.7647,47.5877,7.5635,54.337,45.8447,synthetic_prototype_v1
WAT-02186,68.4457,5.784,100.8225,18.6836,259.3659,35.0942,synthetic_prototype_v1
WAT-02187,93.1087,5.1702,99.2988,28.4177,202.2965,32.7391,synthetic_prototype_v1
WAT-02188,83.5815,5.637,16.5379,20.0009,50.2595,34.1738,synthetic_prototype_v1
WAT-02189,53.8874,5.4073,27.935,28.332,100.0162,50.2104,synthetic_prototype_v1
WAT-02190,45.2201,7.3423,18.7482,12.2026,93.159,64.7698,synthetic_prototype_v1
WAT-02191,85.1157,6.9223,14.9635,5.8636,224.7413,30.0,synthetic_prototype_v1
WAT-02192,51.4453,9.152,39.401,22.069,108.4548,38.1038,synthetic_prototype_v1
WAT-02193,14.1812,6.5161,11.0292,14.1671,137.8244,49.8588,synthetic_prototype_v1
WAT-02194,13.2376,4.9806,65.7536,17.8242,87.0793,37.4964,synthetic_prototype_v1
WAT-02195,44.4232,6.6677,35.3767,26.1959,139.0864,80.8965,synthetic_prototype_v1
WAT-02196,35.1754,9.8447,115.7886,35.5029,215.1981,30.0,synthetic_prototype_v1
WAT-02197,48.684,7.1813,32.1919,16.816,98.8438,70.6411,synthetic_prototype_v1
WAT-02198,86.6583,8.0674,34.7681,11.3363,245.8144,30.9914,synthetic_prototype_v1
WAT-02199,70.8133,4.0224,109.535,28.8099,125.1404,30.0,synthetic_prototype_v1
WAT-02200,47.9828,5.6479,27.7475,14.9663,244.5159,30.6349,synthetic_prototype_v1
WAT-02201,34.2917,8.3868,97.7093,26.8353,247.1298,30.0,synthetic_prototype_v1
WAT-02202,83.8518,5.5827,87.2486,38.0916,291.066,35.0152,synthetic_prototype_v1
WAT-02203,42.3803,8.4508,8.1188,25.5643,142.2675,47.5074,synthetic_prototype_v1
WAT-02204,55.6459,5.0995,32.2501,10.8481,133.7139,45.3497,synthetic_prototype_v1
WAT-02205,20.8624,7.4961,48.5132,29.7968,211.4291,40.6674,synthetic_prototype_v1
WAT-02206,44.6256,7.1792,56.0843,20.2882,126.8845,81.7087,synthetic_prototype_v1
WAT-02207,77.0183,9.2649,16.7726,27.6876,92.8767,30.0,synthetic_prototype_v1
WAT-02208,41.6625,6.369,10.5623,16.6249,153.8244,62.7652,synthetic_prototype_v1
WAT-02209,89.529,9.16,109.635,27.0719,238.4462,30.0,synthetic_prototype_v1
WAT-02210,92.1006,6.6744,54.233,31.3364,290.0205,30.0,synthetic_prototype_v1
WAT-02211,79.8403,7.1221,90.9155,25.692,163.6604,37.5195,synthetic_prototype_v1
WAT-02212,95.3132,7.2572,36.1807,33.1731,186.1166,30.0,synthetic_prototype_v1
WAT-02213,86.7541,4.1487,37.069,16.1803,183.3446,31.5399,synthetic_prototype_v1
WAT-02214,39.3636,7.2298,15.6699,13.7368,111.202,73.1168,synthetic_prototype_v1
WAT-02215,42.4402,8.0584,61.5351,32.3382,290.3452,30.0,synthetic_prototype_v1
WAT-02216,27.4867,7.0393,38.7847,29.2732,288.2634,30.0,synthetic_prototype_v1
WAT-02217,30.5812,6.5116,8.8928,14.5934,71.7437,51.1801,synthetic_prototype_v1
WAT-02218,46.9309,7.6025,74.4744,16.9442,84.1782,66.2121,synthetic_prototype_v1
WAT-02219,33.6968,9.2988,50.2837,38.2122,276.5742,31.1495,synthetic_prototype_v1
WAT-02220,95.1401,6.6916,65.3859,32.2279,273.104,32.4081,synthetic_prototype_v1
WAT-02221,39.2402,8.1747,25.0678,28.0534,89.7019,52.998,synthetic_prototype_v1
WAT-02222,32.7011,5.7092,14.0771,18.6513,52.6126,45.4024,synthetic_prototype_v1
WAT-02223,37.2057,8.8257,116.3253,28.2579,228.4383,33.1936,synthetic_prototype_v1
WAT-02224,52.0731,6.9794,117.674,9.502,114.9383,72.0589,synthetic_prototype_v1
WAT-02225,57.7493,7.6914,73.9999,33.3172,209.1938,40.0637,synthetic_prototype_v1
WAT-02226,53.771,6.2059,48.4166,21.2038,80.5681,58.646,synthetic_prototype_v1
WAT-02227,85.8768,9.9859,42.5312,34.9808,64.312,30.058,synthetic_prototype_v1
WAT-02228,82.8478,8.9675,17.8093,25.4084,247.5893,30.0,synthetic_prototype_v1
WAT-02229,42.1239,6.1254,22.4705,17.9932,135.9047,68.5825,synthetic_prototype_v1
WAT-02230,22.592,4.3838,73.3774,24.678,174.5481,30.0,synthetic_prototype_v1
WAT-02231,36.0202,6.9004,11.1997,20.2863,109.6441,76.0255,synthetic_prototype_v1
WAT-02232,44.9363,7.7709,34.9655,37.9687,232.9419,32.2357,synthetic_prototype_v1
WAT-02233,60.2027,6.4258,51.5198,16.627,99.6857,60.2103,synthetic_prototype_v1
WAT-02234,19.3031,7.6737,26.7327,14.8114,159.1387,48.6321,synthetic_prototype_v1
WAT-02235,40.5839,6.3011,9.0423,17.2068,95.5246,63.3743,synthetic_prototype_v1
WAT-02236,40.8346,8.4984,97.0434,9.4601,121.1783,53.823,synthetic_prototype_v1
WAT-02237,18.0904,5.033,20.1584,6.9642,53.5134,40.3611,synthetic_prototype_v1
WAT-02238,13.5888,5.8123,80.218,7.3271,110.2745,46.5097,synthetic_prototype_v1
WAT-02239,54.4236,6.1292,70.2781,17.3532,147.7291,65.0214,synthetic_prototype_v1
WAT-02240,81.5881,5.9447,103.3608,26.1096,213.8519,32.0086,synthetic_prototype_v1
WAT-02241,35.1189,8.6855,72.1656,22.6463,265.341,30.0,synthetic_prototype_v1
WAT-02242,20.347,6.0564,8.1135,17.4903,125.7649,52.7713,synthetic_prototype_v1
WAT-02243,37.0974,6.3222,17.8411,9.3678,94.2464,68.278,synthetic_prototype_v1
WAT-02244,52.93,6.4078,56.8592,13.4885,237.5318,30.7777,synthetic_prototype_v1
WAT-02245,37.5283,8.6761,76.6306,16.495,92.0707,49.8432,synthetic_prototype_v1
WAT-02246,69.1072,9.9815,112.2352,12.8884,196.0971,33.6743,synthetic_prototype_v1
WAT-02247,30.1567,7.0501,22.6092,7.2935,95.3609,62.734,synthetic_prototype_v1
WAT-02248,85.2255,8.0319,105.7221,24.2064,271.5363,30.8841,synthetic_prototype_v1
WAT-02249,97.6949,6.3564,35.2351,15.6793,265.2781,33.664,synthetic_prototype_v1
WAT-02250,25.1357,4.5208,60.8865,31.0519,156.9863,30.0,synthetic_prototype_v1
WAT-02251,38.1755,6.6142,46.4994,8.6788,146.4348,74.4777,synthetic_prototype_v1
WAT-02252,71.3402,7.0324,60.4427,35.9279,288.2883,33.8374,synthetic_prototype_v1
WAT-02253,64.9291,4.4833,89.8201,18.5048,105.4095,30.0,synthetic_prototype_v1
WAT-02254,16.2479,5.772,37.1974,8.9494,239.8279,30.0,synthetic_prototype_v1
WAT-02255,35.3199,5.4789,38.3393,32.5984,143.1069,56.3982,synthetic_prototype_v1
WAT-02256,61.5452,8.2247,24.046,14.9057,289.1279,30.0101,synthetic_prototype_v1
WAT-02257,63.0966,7.8552,14.3454,7.5589,63.68,37.4464,synthetic_prototype_v1
WAT-02258,22.9803,6.7546,120.0,21.9136,131.713,67.2307,synthetic_prototype_v1
WAT-02259,47.1646,8.0511,24.581,22.4906,136.1586,56.2706,synthetic_prototype_v1
WAT-02260,45.2472,7.4755,69.6794,7.031,260.7572,30.0,synthetic_prototype_v1
WAT-02261,27.3954,6.705,92.2747,17.5557,131.7205,74.8093,synthetic_prototype_v1
WAT-02262,8.2184,7.3795,23.4051,13.575,110.5794,44.3943,synthetic_prototype_v1
WAT-02263,79.7547,4.5061,76.5697,18.8835,175.0689,30.0,synthetic_prototype_v1
WAT-02264,35.6288,7.7926,71.959,27.4188,119.7491,74.0481,synthetic_prototype_v1
WAT-02265,24.5121,8.2327,58.8939,19.3039,137.4201,52.8427,synthetic_prototype_v1
WAT-02266,93.0337,8.6144,51.3214,27.3456,145.4026,33.9339,synthetic_prototype_v1
WAT-02267,85.1396,9.9202,103.9494,6.5611,244.0996,32.9754,synthetic_prototype_v1
WAT-02268,76.4192,8.1424,65.4745,34.1723,157.8466,39.2289,synthetic_prototype_v1
WAT-02269,18.2798,8.051,80.7554,27.0361,278.7624,30.0,synthetic_prototype_v1
WAT-02270,23.2023,4.8598,98.354,20.0284,114.9791,37.3035,synthetic_prototype_v1
WAT-02271,7.3945,6.4602,54.0306,22.799,90.8044,42.3941,synthetic_prototype_v1
WAT-02272,53.2091,6.3462,41.2343,14.0456,116.0817,66.8854,synthetic_prototype_v1
WAT-02273,81.1408,4.8477,74.885,9.8144,212.2521,30.0,synthetic_prototype_v1
WAT-02274,31.9345,5.9059,109.9605,24.1486,237.4114,30.0,synthetic_prototype_v1
WAT-02275,30.6822,6.3717,26.9614,14.3198,118.2563,70.3345,synthetic_prototype_v1
WAT-02276,32.7456,4.4214,21.43,28.6134,286.9185,30.0,synthetic_prototype_v1
WAT-02277,37.2191,5.9312,50.3013,20.1576,151.6403,66.5226,synthetic_prototype_v1
WAT-02278,63.892,4.291,54.1747,32.1538,67.3839,31.4731,synthetic_prototype_v1
WAT-02279,47.9725,7.3625,43.9014,18.8439,124.7056,74.1848,synthetic_prototype_v1
WAT-02280,28.954,6.3063,9.0577,5.0147,71.4967,49.9685,synthetic_prototype_v1
WAT-02281,30.5548,7.8049,27.4641,24.1191,98.4813,60.9809,synthetic_prototype_v1
WAT-02282,97.6816,4.9211,20.3352,17.7901,217.6807,30.0,synthetic_prototype_v1
WAT-02283,37.0014,9.6085,45.172,35.9598,145.4791,32.7944,synthetic_prototype_v1
WAT-02284,26.3347,6.1475,29.3309,10.0372,114.5408,61.3902,synthetic_prototype_v1
WAT-02285,28.4473,7.035,73.5886,13.6747,118.2222,75.5558,synthetic_prototype_v1
WAT-02286,38.6893,5.9429,30.4358,22.8758,100.7667,68.4045,synthetic_prototype_v1
WAT-02287,14.6134,7.2978,94.2865,19.3764,69.336,45.9597,synthetic_prototype_v1
WAT-02288,93.6141,4.2359,107.1779,8.2577,260.4142,30.0,synthetic_prototype_v1
WAT-02289,16.3601,6.7605,61.5369,23.1757,113.3117,56.7384,synthetic_prototype_v1
WAT-02290,7.4717,7.9474,92.7823,28.863,104.124,41.7845,synthetic_prototype_v1
WAT-02291,45.3328,7.1829,41.8361,20.9632,84.5436,73.9819,synthetic_prototype_v1
WAT-02292,38.1418,6.7185,18.4226,32.0816,159.3725,66.7058,synthetic_prototype_v1
WAT-02293,47.3968,7.2017,42.7341,10.3284,134.8042,74.7097,synthetic_prototype_v1
WAT-02294,10.5048,8.3421,42.6093,34.5697,114.2117,41.2878,synthetic_prototype_v1
WAT-02295,54.4569,6.9678,77.35,11.8334,97.392,69.5795,synthetic_prototype_v1
WAT-02296,42.3098,9.5318,108.1676,10.0083,236.5354,31.522,synthetic_prototype_v1
WAT-02297,26.1368,6.998,33.3778,24.5953,85.9969,64.7065,synthetic_prototype_v1
WAT-02298,63.1817,5.4672,98.6067,36.7536,280.9003,32.1739,synthetic_prototype_v1
WAT-02299,39.8023,6.3531,15.2778,25.4819,104.9848,71.4535,synthetic_prototype_v1
WAT-02300,45.3538,8.3484,43.749,5.6233,91.0409,54.0452,synthetic_prototype_v1
WAT-02301,13.3693,7.6675,39.8898,22.8745,105.7737,47.027,synthetic_prototype_v1
WAT-02302,41.2251,6.9694,15.6105,12.2486,134.8309,74.9583,synthetic_prototype_v1
WAT-02303,32.5925,7.7263,48.1796,12.8405,131.7236,67.0581,synthetic_prototype_v1
WAT-02304,41.3644,8.7882,74.3202,20.2691,157.3575,45.2036,synthetic_prototype_v1
WAT-02305,63.1482,5.5648,35.4496,20.2271,118.5023,48.1237,synthetic_prototype_v1
WAT-02306,21.4471,8.697,46.4439,34.1677,231.1446,34.084,synthetic_prototype_v1
WAT-02307,98.534,9.8276,114.4858,30.0486,93.954,30.0,synthetic_prototype_v1
WAT-02308,33.752,6.689,11.0772,24.5142,156.0139,63.2763,synthetic_prototype_v1
WAT-02309,74.7989,5.6409,98.573,27.4797,72.3354,38.5891,synthetic_prototype_v1
WAT-02310,17.165,9.9942,18.2282,30.9461,51.315,30.0,synthetic_prototype_v1
WAT-02311,50.192,5.2557,17.3842,30.1566,278.2149,30.0,synthetic_prototype_v1
WAT-02312,35.5456,5.9339,53.9376,28.6517,65.6729,58.8731,synthetic_prototype_v1
WAT-02313,49.5321,8.3349,80.9653,13.8272,183.373,46.4285,synthetic_prototype_v1
WAT-02314,26.3227,6.714,18.5432,13.6178,94.3236,60.1276,synthetic_prototype_v1
WAT-02315,90.3975,4.5264,33.162,32.4469,61.7724,32.4052,synthetic_prototype_v1
WAT-02316,99.8888,7.1427,10.0567,14.7762,172.244,31.9094,synthetic_prototype_v1
WAT-02317,68.6323,5.1903,69.9553,16.4522,155.2502,40.4192,synthetic_prototype_v1
WAT-02318,98.2318,7.2357,113.3452,35.5388,294.4187,32.6617,synthetic_prototype_v1
WAT-02319,37.2731,5.9138,98.8678,5.6362,201.9512,45.4546,synthetic_prototype_v1
WAT-02320,95.5254,9.946,41.3051,6.499,283.6065,30.0,synthetic_prototype_v1
WAT-02321,7.2772,7.56,48.8132,37.0049,217.7641,36.0671,synthetic_prototype_v1
WAT-02322,9.2636,5.1379,119.7345,17.1876,244.9165,31.8006,synthetic_prototype_v1
WAT-02323,51.7335,6.1886,84.2516,23.869,119.0605,76.8334,synthetic_prototype_v1
WAT-02324,31.8378,6.3829,21.2608,22.6169,153.1283,66.9142,synthetic_prototype_v1
WAT-02325,43.9389,7.0047,20.0529,5.0,102.0921,73.9965,synthetic_prototype_v1
WAT-02326,76.6844,8.6981,85.742,24.7075,67.3949,33.2229,synthetic_prototype_v1
WAT-02327,48.8727,4.8547,35.0157,28.1757,100.6763,39.9397,synthetic_prototype_v1
WAT-02328,45.9523,4.524,99.3846,19.9458,61.1952,30.0,synthetic_prototype_v1
WAT-02329,81.9994,6.8889,53.5703,11.1678,125.3226,35.0882,synthetic_prototype_v1
WAT-02330,37.3561,7.0434,15.0766,19.8039,194.56,46.075,synthetic_prototype_v1
WAT-02331,7.074,5.6376,39.8446,32.7954,115.0353,42.3383,synthetic_prototype_v1
WAT-02332,28.1417,9.1358,75.8701,5.4,90.8877,36.2836,synthetic_prototype_v1
WAT-02333,29.155,5.7205,62.5999,25.4424,106.8209,64.6665,synthetic_prototype_v1
WAT-02334,78.0215,7.1506,99.1941,37.9376,260.7162,30.0,synthetic_prototype_v1
WAT-02335,86.5668,6.7405,24.5765,17.3958,176.4894,35.4115,synthetic_prototype_v1
WAT-02336,50.0558,6.0623,73.1222,19.4552,90.5677,64.7513,synthetic_prototype_v1
WAT-02337,46.5753,7.5765,71.0542,16.7402,178.7093,52.3556,synthetic_prototype_v1
WAT-02338,96.3472,8.9298,62.7453,27.5702,182.1813,31.7751,synthetic_prototype_v1
WAT-02339,80.2657,7.9776,118.2203,31.9286,213.7859,32.6982,synthetic_prototype_v1
WAT-02340,23.2325,4.7049,93.8597,24.7761,64.9125,30.2394,synthetic_prototype_v1
WAT-02341,72.7112,8.3416,99.3818,10.0707,159.8514,35.6698,synthetic_prototype_v1
WAT-02342,57.2019,4.7321,66.1051,32.9482,170.8055,30.0,synthetic_prototype_v1
WAT-02343,67.9764,5.0588,96.0441,25.9677,62.6489,37.115,synthetic_prototype_v1
WAT-02344,49.411,6.8465,15.9091,27.0589,96.2431,65.7326,synthetic_prototype_v1
WAT-02345,46.8426,6.3009,47.5527,12.8223,141.6022,70.8524,synthetic_prototype_v1
WAT-02346,68.1608,8.4675,97.4639,21.9207,99.408,40.0314,synthetic_prototype_v1
WAT-02347,22.772,7.0166,28.226,15.8104,98.9878,59.512,synthetic_prototype_v1
WAT-02348,21.9674,7.0944,72.2051,19.1481,174.6279,50.1119,synthetic_prototype_v1
WAT-02349,54.0056,7.8648,74.6941,14.471,123.587,59.3332,synthetic_prototype_v1
WAT-02350,43.3383,7.785,21.9149,17.9288,120.4621,66.2461,synthetic_prototype_v1
WAT-02351,17.1399,6.5365,98.6888,18.5673,151.4656,52.6152,synthetic_prototype_v1
WAT-02352,84.4433,4.9251,101.4433,17.0079,74.1297,31.1818,synthetic_prototype_v1
WAT-02353,59.5179,6.4595,33.9569,24.5855,126.2783,59.522,synthetic_prototype_v1
WAT-02354,9.2859,9.9776,64.0753,28.0682,97.0913,30.4229,synthetic_prototype_v1
WAT-02355,27.6333,7.0746,81.1589,16.0015,108.7007,75.6022,synthetic_prototype_v1
WAT-02356,29.7294,6.3765,15.927,15.9161,106.992,68.4636,synthetic_prototype_v1
WAT-02357,30.1368,4.3697,114.2561,9.4331,276.9854,32.7216,synthetic_prototype_v1
WAT-02358,84.2415,5.6788,77.6572,30.9474,86.0487,31.1501,synthetic_prototype_v1
WAT-02359,59.0751,4.2178,10.3826,38.0293,227.14,30.4534,synthetic_prototype_v1
WAT-02360,85.0332,7.5068,57.9985,33.0056,201.7416,33.9248,synthetic_prototype_v1
WAT-02361,55.2115,9.9514,54.1068,37.3332,61.6332,34.3557,synthetic_prototype_v1
WAT-02362,75.7742,4.5673,69.4838,10.3537,179.8133,30.0,synthetic_prototype_v1
WAT-02363,32.9347,7.0771,59.2072,23.2482,145.1676,76.4534,synthetic_prototype_v1
WAT-02364,88.4825,7.3603,119.9413,38.5467,63.0261,34.0352,synthetic_prototype_v1
WAT-02365,35.4697,7.5168,102.7023,34.7564,251.324,30.0,synthetic_prototype_v1
WAT-02366,70.8441,7.0954,80.3679,12.7827,177.1009,44.6832,synthetic_prototype_v1
WAT-02367,73.4205,6.5301,30.5812,39.3757,292.9792,30.0,synthetic_prototype_v1
WAT-02368,9.7861,5.3399,65.7892,9.7021,149.1646,38.813,synthetic_prototype_v1
WAT-02369,37.4461,5.0041,19.5374,16.1604,263.6304,32.7742,synthetic_prototype_v1
WAT-02370,5.0,7.3657,31.1497,22.2168,143.2451,38.4599,synthetic_prototype_v1
WAT-02371,38.9109,7.1049,27.7152,16.7988,127.1255,77.8028,synthetic_prototype_v1
WAT-02372,76.1089,5.9933,6.1113,39.9813,74.3314,38.2666,synthetic_prototype_v1
WAT-02373,16.9381,5.1067,70.6119,28.2932,126.5308,45.2093,synthetic_prototype_v1
WAT-02374,48.5621,9.8755,71.0638,20.6782,285.0338,33.177,synthetic_prototype_v1
WAT-02375,42.223,6.986,5.0,26.9197,116.6949,70.8256,synthetic_prototype_v1
WAT-02376,31.9085,8.3121,58.4602,28.8379,266.8824,30.0,synthetic_prototype_v1
WAT-02377,78.3503,4.3867,25.6737,12.3087,60.5246,30.0,synthetic_prototype_v1
WAT-02378,92.86,7.706,32.2714,14.2591,67.3219,32.642,synthetic_prototype_v1
WAT-02379,34.6225,5.8627,32.5901,23.1338,146.8217,65.0417,synthetic_prototype_v1
WAT-02380,30.3627,8.6966,12.9829,13.7817,260.7053,30.0132,synthetic_prototype_v1
WAT-02381,44.6912,6.6139,61.4946,11.1574,134.8534,83.3829,synthetic_prototype_v1
WAT-02382,45.0216,5.6276,47.9931,29.8769,293.5597,31.0214,synthetic_prototype_v1
WAT-02383,47.5356,6.711,38.9601,18.4983,112.9417,74.7786,synthetic_prototype_v1
WAT-02384,86.7761,8.7402,46.2865,10.8594,157.9923,32.5176,synthetic_prototype_v1
WAT-02385,98.8265,9.0665,66.5033,13.893,119.6621,30.0,synthetic_prototype_v1
WAT-02386,51.2286,7.1261,47.1435,12.567,113.691,70.1245,synthetic_prototype_v1
WAT-02387,93.9143,4.0671,5.121,16.3212,144.6011,30.0,synthetic_prototype_v1
WAT-02388,51.276,5.1818,51.3728,29.641,101.6917,51.2736,synthetic_prototype_v1
WAT-02389,20.7255,4.7431,98.1235,10.4809,205.7807,31.8644,synthetic_prototype_v1
WAT-02390,47.0521,7.1076,108.3196,15.5554,146.2098,75.3223,synthetic_prototype_v1
WAT-02391,78.5696,4.713,46.5805,27.9057,260.5299,33.4576,synthetic_prototype_v1
WAT-02392,21.5909,6.7464,12.237,23.6764,248.9011,30.0,synthetic_prototype_v1
WAT-02393,75.5202,8.5378,18.4095,10.5833,62.9683,37.211,synthetic_prototype_v1
WAT-02394,38.7126,7.1648,38.3183,13.856,166.0724,64.76,synthetic_prototype_v1
WAT-02395,62.5715,5.2566,115.461,37.5903,209.2138,31.2336,synthetic_prototype_v1
WAT-02396,36.3952,7.5138,20.2783,17.5906,94.0219,65.3057,synthetic_prototype_v1
WAT-02397,45.6508,6.0249,23.9653,19.7869,108.1581,69.7363,synthetic_prototype_v1
WAT-02398,37.759,5.9558,27.6285,29.8465,78.2896,55.6729,synthetic_prototype_v1
WAT-02399,29.1858,6.3114,19.3553,13.3753,113.5867,64.0163,synthetic_prototype_v1
WAT-02400,58.8728,7.5079,33.2955,28.5014,145.1212,56.3752,synthetic_prototype_v1
WAT-02401,60.5407,4.3263,77.0018,7.4432,69.9289,30.0,synthetic_prototype_v1
WAT-02402,19.2538,4.6856,97.7513,5.0604,218.6749,30.0,synthetic_prototype_v1
WAT-02403,53.0816,6.7126,9.7466,27.1407,96.3294,65.235,synthetic_prototype_v1
WAT-02404,42.2228,7.9987,88.0977,23.4347,141.2234,60.867,synthetic_prototype_v1
WAT-02405,69.1013,6.81,107.3687,11.3964,179.9342,42.3307,synthetic_prototype_v1
WAT-02406,46.56,7.236,55.9766,13.9914,78.6898,67.9038,synthetic_prototype_v1
WAT-02407,66.9334,6.2814,5.6728,18.7629,231.2086,30.0,synthetic_prototype_v1
WAT-02408,47.5833,7.837,12.7785,22.873,289.9479,31.006,synthetic_prototype_v1
WAT-02409,42.4419,5.754,80.3948,8.9266,169.7585,57.76,synthetic_prototype_v1
WAT-02410,50.3983,8.2264,16.6315,15.3571,257.5971,30.0,synthetic_prototype_v1
WAT-02411,54.0636,9.4414,115.1254,14.8439,62.4218,30.0,synthetic_prototype_v1
WAT-02412,24.1774,8.3051,40.809,34.0015,64.5444,41.257,synthetic_prototype_v1
WAT-02413,33.1613,7.2607,54.5232,18.1532,121.6278,78.1511,synthetic_prototype_v1
WAT-02414,26.5877,6.9656,56.6041,16.1435,291.4174,30.0,synthetic_prototype_v1
WAT-02415,35.1786,6.795,35.7696,14.178,104.3994,78.9597,synthetic_prototype_v1
WAT-02416,45.5556,6.3874,22.0866,19.6461,99.0662,71.6396,synthetic_prototype_v1
WAT-02417,33.3977,7.4306,53.4899,17.6588,97.0819,70.2297,synthetic_prototype_v1
WAT-02418,13.3324,7.5531,25.0887,12.7821,255.8261,30.8334,synthetic_prototype_v1
WAT-02419,54.2915,7.8267,95.0926,37.4429,177.3059,47.1222,synthetic_prototype_v1
WAT-02420,87.9216,7.374,74.1289,19.9868,154.1823,34.0226,synthetic_prototype_v1
WAT-02421,47.3938,5.7659,119.0719,29.3781,275.3775,30.0,synthetic_prototype_v1
WAT-02422,15.6253,7.0896,48.5283,31.153,63.7401,45.6401,synthetic_prototype_v1
WAT-02423,9.2691,6.6068,39.6358,15.8242,151.0393,44.0457,synthetic_prototype_v1
WAT-02424,13.1683,9.5979,80.7357,27.3542,133.3272,32.1291,synthetic_prototype_v1
WAT-02425,43.4816,6.9135,64.0392,26.8106,187.2661,55.3015,synthetic_prototype_v1
WAT-02426,32.3817,4.8786,65.2171,8.1084,293.7547,30.0,synthetic_prototype_v1
WAT-02427,46.3022,5.6879,97.7154,21.4408,137.8681,68.2906,synthetic_prototype_v1
WAT-02428,92.252,7.5646,12.74,39.3316,112.386,38.0975,synthetic_prototype_v1
WAT-02429,78.3735,8.2308,42.8573,31.7116,76.5622,35.175,synthetic_prototype_v1
WAT-02430,93.4889,6.6247,102.1239,29.4462,182.5079,30.0,synthetic_prototype_v1
WAT-02431,40.7855,7.1596,52.8379,25.9612,115.4314,82.7512,synthetic_prototype_v1
WAT-02432,28.514,7.2215,57.9028,5.0,77.8056,63.8599,synthetic_prototype_v1
WAT-02433,28.3763,6.439,99.2309,33.7303,138.5729,73.6338,synthetic_prototype_v1
WAT-02434,61.5928,4.5182,22.4438,15.5819,123.3352,31.3049,synthetic_prototype_v1
WAT-02435,55.2922,8.7893,48.5884,14.8861,224.7028,33.1443,synthetic_prototype_v1
WAT-02436,96.0631,5.0891,84.9323,12.5153,222.4776,31.3504,synthetic_prototype_v1
WAT-02437,57.7689,7.8886,65.4195,38.7431,173.4046,44.1443,synthetic_prototype_v1
WAT-02438,17.5498,8.001,101.5553,14.0443,114.5132,51.5015,synthetic_prototype_v1
WAT-02439,65.522,8.7452,54.0739,28.3961,284.4327,33.4894,synthetic_prototype_v1
WAT-02440,51.3329,7.6361,17.2657,17.6464,117.5945,66.4081,synthetic_prototype_v1
WAT-02441,49.8928,4.0838,8.1376,7.4851,135.8067,32.6845,synthetic_prototype_v1
WAT-02442,54.3847,6.4357,18.6773,5.0,104.5292,56.0518,synthetic_prototype_v1
WAT-02443,99.4967,9.6003,115.5348,15.0815,146.3935,30.0,synthetic_prototype_v1
WAT-02444,16.9517,7.2063,70.0802,29.3053,262.3211,31.2569,synthetic_prototype_v1
WAT-02445,52.283,5.9171,120.0,12.0491,107.6878,64.7088,synthetic_prototype_v1
WAT-02446,47.872,6.9497,14.7999,21.5708,100.1972,69.0669,synthetic_prototype_v1
WAT-02447,63.2841,5.6814,72.9745,20.6441,94.4957,44.6892,synthetic_prototype_v1
WAT-02448,57.9782,6.8185,26.479,10.3881,102.655,60.0828,synthetic_prototype_v1
WAT-02449,46.9063,6.0721,67.1703,12.0837,138.3458,70.0254,synthetic_prototype_v1
WAT-02450,63.8685,9.9535,114.4836,26.7226,196.0982,30.0,synthetic_prototype_v1
WAT-02451,66.3976,4.1865,95.0286,21.9926,218.4738,30.0,synthetic_prototype_v1
WAT-02452,35.7834,4.5352,20.8041,17.3701,158.8547,30.9423,synthetic_prototype_v1
WAT-02453,23.8082,9.0396,90.3173,30.1196,119.3585,41.2895,synthetic_prototype_v1
WAT-02454,25.472,9.492,74.6874,16.9894,151.2683,31.0007,synthetic_prototype_v1
WAT-02455,65.8417,5.0974,73.4702,37.1715,59.1464,38.3316,synthetic_prototype_v1
WAT-02456,46.4417,5.7163,18.2869,21.002,111.1994,57.9746,synthetic_prototype_v1
WAT-02457,13.0269,5.4678,47.4799,31.9427,230.35,32.6054,synthetic_prototype_v1
WAT-02458,75.2035,7.352,58.8827,13.433,144.5629,42.4308,synthetic_prototype_v1
WAT-02459,82.0415,5.1139,33.3684,38.0393,156.1198,34.1286,synthetic_prototype_v1
WAT-02460,50.7781,5.8611,28.3497,20.1253,125.0365,60.6189,synthetic_prototype_v1
WAT-02461,38.7047,6.5182,5.0,28.5939,142.1366,66.0365,synthetic_prototype_v1
WAT-02462,56.7945,5.0464,83.6659,30.4072,58.5185,37.7176,synthetic_prototype_v1
WAT-02463,32.8652,6.0537,71.0968,15.5366,131.8713,73.6449,synthetic_prototype_v1
WAT-02464,40.8999,5.9455,50.3872,10.1764,155.4131,64.5139,synthetic_prototype_v1
WAT-02465,43.311,5.6546,58.1421,8.166,56.2874,45.9452,synthetic_prototype_v1
WAT-02466,71.4722,7.1964,75.5363,26.827,63.0591,42.7561,synthetic_prototype_v1
WAT-02467,21.3573,7.9666,6.1285,14.8348,123.5889,45.4899,synthetic_prototype_v1
WAT-02468,53.9304,8.7971,119.658,10.2508,178.6275,37.0071,synthetic_prototype_v1
WAT-02469,30.8629,5.3797,38.8732,34.0108,71.1895,45.0812,synthetic_prototype_v1
WAT-02470,28.2571,6.1891,22.4876,10.9457,96.357,60.6616,synthetic_prototype_v1
WAT-02471,36.0256,5.8174,54.0212,21.4599,146.5698,66.6161,synthetic_prototype_v1
WAT-02472,43.6061,7.7604,19.3722,25.9458,88.1689,59.6636,synthetic_prototype_v1
WAT-02473,48.4422,4.22,7.9917,24.6099,133.117,30.0,synthetic_prototype_v1
WAT-02474,65.7252,5.0511,55.3886,34.5816,193.2565,35.0787,synthetic_prototype_v1
WAT-02475,38.8314,6.8281,14.9033,6.1376,105.5171,69.5222,synthetic_prototype_v1
WAT-02476,48.6499,7.4714,47.1484,19.4537,91.1381,67.5957,synthetic_prototype_v1
WAT-02477,67.2576,7.8767,67.2737,12.1472,150.1785,41.8973,synthetic_prototype_v1
WAT-02478,39.4239,5.7107,36.1953,20.8679,149.7631,61.2943,synthetic_prototype_v1
WAT-02479,50.2497,5.7505,44.9003,16.1606,129.3058,61.6,synthetic_prototype_v1
WAT-02480,13.7137,5.6594,78.6084,11.2667,130.3112,45.3541,synthetic_prototype_v1
WAT-02481,43.6027,7.7215,56.7706,21.6271,109.2953,74.7149,synthetic_prototype_v1
WAT-02482,31.0211,6.6808,10.4604,12.1637,150.195,61.9926,synthetic_prototype_v1
WAT-02483,72.275,9.979,53.7552,21.4432,97.689,32.6969,synthetic_prototype_v1
WAT-02484,49.3354,5.9869,25.7582,32.0343,160.7395,57.3971,synthetic_prototype_v1
WAT-02485,41.8746,4.8196,59.359,38.6747,98.0751,40.468,synthetic_prototype_v1
WAT-02486,25.6747,4.6834,47.8967,25.7623,264.2507,31.4696,synthetic_prototype_v1
WAT-02487,37.9483,5.5295,26.7917,17.9993,167.8259,56.68,synthetic_prototype_v1
WAT-02488,42.2285,7.731,40.1566,30.4913,135.8154,68.9251,synthetic_prototype_v1
WAT-02489,25.1184,7.9568,71.2848,7.0068,92.9387,51.4575,synthetic_prototype_v1
WAT-02490,34.1298,7.061,53.1937,13.3167,106.2701,81.3077,synthetic_prototype_v1
WAT-02491,41.5295,5.2727,43.5636,25.0884,79.5179,53.3014,synthetic_prototype_v1
WAT-02492,50.2446,7.4492,30.2094,7.7726,117.9847,64.3943,synthetic_prototype_v1
WAT-02493,47.841,7.9271,42.3578,19.9172,153.808,59.767,synthetic_prototype_v1
WAT-02494,88.524,8.6465,69.0039,17.9718,196.1229,34.6579,synthetic_prototype_v1
WAT-02495,93.3865,6.8837,13.6576,30.7958,269.0796,31.5001,synthetic_prototype_v1
WAT-02496,41.5592,5.4181,48.8185,19.5177,113.9245,59.9336,synthetic_prototype_v1
WAT-02497,13.3267,4.1929,32.7622,7.5915,224.0023,30.9016,synthetic_prototype_v1
WAT-02498,96.7145,4.2161,10.8267,25.5558,79.5399,30.5867,synthetic_prototype_v1
WAT-02499,46.3534,7.9161,25.5381,31.3086,50.0,47.2623,synthetic_prototype_v1
WAT-02500,30.4745,7.7535,5.033,17.9736,148.5497,54.9295,synthetic_prototype_v1
WAT-02501,45.4289,6.7155,29.7262,24.3739,121.7492,79.233,synthetic_prototype_v1
WAT-02502,17.4375,7.4458,86.8497,23.1482,249.0581,31.4048,synthetic_prototype_v1
WAT-02503,32.369,8.4393,19.6024,18.8483,116.6369,47.92,synthetic_prototype_v1
WAT-02504,46.6966,6.9822,81.6105,15.0437,189.0958,54.4655,synthetic_prototype_v1
WAT-02505,19.6575,5.7313,27.1921,33.1523,156.4647,46.3063,synthetic_prototype_v1
WAT-02506,36.2222,6.9456,21.5754,8.4423,101.2215,71.49,synthetic_prototype_v1
WAT-02507,43.6178,5.6326,27.0342,17.5798,128.0762,59.8765,synthetic_prototype_v1
WAT-02508,27.3342,7.4742,64.5401,19.1471,219.528,41.8646,synthetic_prototype_v1
WAT-02509,72.0507,5.3208,5.4019,31.1117,207.9644,34.6318,synthetic_prototype_v1
WAT-02510,64.5307,6.7484,115.6697,22.4233,190.3575,42.514,synthetic_prototype_v1
WAT-02511,51.4563,7.1803,11.0438,14.3569,115.6126,61.6059,synthetic_prototype_v1
WAT-02512,30.1476,4.6142,23.1817,28.3783,204.2962,30.0,synthetic_prototype_v1
WAT-02513,35.6368,5.915,8.1411,32.2171,73.6049,50.8663,synthetic_prototype_v1
WAT-02514,88.1762,9.6399,118.5441,30.3071,126.2306,30.0,synthetic_prototype_v1
WAT-02515,13.7135,7.6876,38.2052,29.0735,273.9942,32.2005,synthetic_prototype_v1
WAT-02516,32.0567,5.204,70.4398,25.8204,260.6661,30.0,synthetic_prototype_v1
WAT-02517,31.6726,7.5775,32.9287,20.8526,136.3152,62.6862,synthetic_prototype_v1
WAT-02518,32.3099,8.8894,63.9352,20.2618,114.5991,42.7172,synthetic_prototype_v1
WAT-02519,46.8084,4.5721,91.8195,28.8356,271.0076,30.0,synthetic_prototype_v1
WAT-02520,81.7839,8.0521,95.167,34.696,257.8601,31.177,synthetic_prototype_v1
WAT-02521,34.6941,9.6649,119.1328,27.4719,110.1225,32.3029,synthetic_prototype_v1
WAT-02522,34.9723,6.7391,23.4715,31.1601,114.0718,79.1935,synthetic_prototype_v1
WAT-02523,27.4108,8.1934,24.8543,21.8767,118.3372,49.2752,synthetic_prototype_v1
WAT-02524,19.3281,8.0201,29.1809,7.5162,113.9339,48.9854,synthetic_prototype_v1
WAT-02525,81.9444,6.0068,61.3371,24.9014,130.695,36.68,synthetic_prototype_v1
WAT-02526,37.1913,9.1844,98.6866,25.3956,299.7179,31.6077,synthetic_prototype_v1
WAT-02527,10.9961,6.1427,18.1555,38.6833,152.3502,41.4141,synthetic_prototype_v1
WAT-02528,92.1967,6.8307,46.4061,29.1799,86.5255,33.5431,synthetic_prototype_v1
WAT-02529,41.7396,5.8493,82.0095,14.2271,139.2394,67.1358,synthetic_prototype_v1
WAT-02530,42.4735,8.2025,18.8711,10.1187,97.0523,57.3125,synthetic_prototype_v1
WAT-02531,45.7575,7.9109,115.3845,6.2666,287.151,30.7881,synthetic_prototype_v1
WAT-02532,49.3184,8.3716,26.5315,37.0296,103.8578,50.1554,synthetic_prototype_v1
WAT-02533,58.7501,4.45,21.7777,8.8752,150.4691,33.8903,synthetic_prototype_v1
WAT-02534,52.1897,6.6799,5.0,13.7911,142.5909,62.0006,synthetic_prototype_v1
WAT-02535,28.3593,6.1453,15.4197,16.0694,178.0484,50.9328,synthetic_prototype_v1
WAT-02536,42.6414,7.4887,22.8209,5.0928,124.6282,64.8209,synthetic_prototype_v1
WAT-02537,19.7452,9.5457,96.6517,38.529,208.8252,30.7568,synthetic_prototype_v1
WAT-02538,6.5419,8.8159,64.1029,29.4367,259.0988,31.306,synthetic_prototype_v1
WAT-02539,58.4539,8.8617,42.6037,23.2068,245.3593,30.0,synthetic_prototype_v1
WAT-02540,37.8919,6.3171,16.9046,15.9705,192.6167,43.3949,synthetic_prototype_v1
WAT-02541,83.545,6.2462,93.8945,30.5602,79.5604,34.4785,synthetic_prototype_v1
WAT-02542,49.4013,7.899,100.4485,20.0305,292.2479,32.2359,synthetic_prototype_v1
WAT-02543,86.3721,4.9731,92.7895,6.279,181.754,30.8803,synthetic_prototype_v1
WAT-02544,71.328,6.1081,68.5561,13.0735,282.4749,30.0,synthetic_prototype_v1
WAT-02545,39.5987,6.7474,41.3127,18.3728,50.0,56.3792,synthetic_prototype_v1
WAT-02546,72.7907,4.5187,13.348,24.16,226.0638,30.0,synthetic_prototype_v1
WAT-02547,34.2158,7.3206,20.2319,20.6698,190.2297,45.5909,synthetic_prototype_v1
WAT-02548,29.4551,7.1821,105.9082,30.0825,175.8072,59.9639,synthetic_prototype_v1
WAT-02549,33.6677,6.8005,116.1748,26.2839,130.597,81.8881,synthetic_prototype_v1
WAT-02550,23.4897,8.0433,30.6438,33.5954,202.0315,39.0515,synthetic_prototype_v1
WAT-02551,40.445,6.7375,46.001,11.016,99.0725,78.63,synthetic_prototype_v1
WAT-02552,37.598,5.7468,41.009,19.0926,129.7928,63.7613,synthetic_prototype_v1
WAT-02553,96.1366,8.3091,54.4073,21.7276,243.8298,30.0,synthetic_prototype_v1
WAT-02554,44.3654,6.0125,44.6712,17.9615,131.4044,72.2838,synthetic_prototype_v1
WAT-02555,60.9865,6.5115,44.9823,16.7459,141.088,59.2893,synthetic_prototype_v1
WAT-02556,36.5391,5.457,14.511,16.0607,86.9744,50.8207,synthetic_prototype_v1
WAT-02557,45.9293,7.7782,70.9939,25.475,110.601,70.7235,synthetic_prototype_v1
WAT-02558,61.8259,8.0949,76.4746,35.1219,136.2906,47.2802,synthetic_prototype_v1
WAT-02559,29.3095,6.5925,21.0485,17.937,67.3779,53.4845,synthetic_prototype_v1
WAT-02560,19.5467,5.6175,85.6891,19.9147,154.0036,50.388,synthetic_prototype_v1
WAT-02561,50.9065,7.2106,5.0,12.352,76.3748,52.6295,synthetic_prototype_v1
WAT-02562,80.2376,4.3713,78.0744,24.926,249.9469,30.3712,synthetic_prototype_v1
WAT-02563,42.3826,6.1678,54.5534,24.4601,111.3862,78.4407,synthetic_prototype_v1
WAT-02564,51.5027,8.0313,35.382,22.6507,220.7213,38.9221,synthetic_prototype_v1
WAT-02565,9.0424,6.1966,22.9658,28.0829,205.0824,36.2826,synthetic_prototype_v1
WAT-02566,39.7891,7.2696,9.2047,28.3383,90.4073,65.5468,synthetic_prototype_v1
WAT-02567,31.6581,7.9387,83.8955,15.7907,213.0555,39.869,synthetic_prototype_v1
WAT-02568,43.6068,9.1219,39.8063,6.0293,62.9368,32.5198,synthetic_prototype_v1
WAT-02569,9.9947,7.2821,72.7072,33.3911,165.6532,47.0062,synthetic_prototype_v1
WAT-02570,18.741,7.1378,28.8597,13.6846,94.274,53.2481,synthetic_prototype_v1
WAT-02571,98.3248,9.5135,52.3324,5.138,76.1995,32.5505,synthetic_prototype_v1
WAT-02572,52.2603,7.3419,33.2212,10.1864,154.2603,61.1931,synthetic_prototype_v1
WAT-02573,56.5533,7.2924,30.6324,14.277,96.993,60.0381,synthetic_prototype_v1
WAT-02574,5.4504,7.0435,116.4341,38.2784,195.1176,36.5517,synthetic_prototype_v1
WAT-02575,32.3748,8.1837,98.2145,20.4042,274.1386,30.0,synthetic_prototype_v1
WAT-02576,35.7706,6.5004,66.8362,8.7019,182.0211,57.6802,synthetic_prototype_v1
WAT-02577,47.407,9.5381,44.5494,26.264,247.9601,30.0,synthetic_prototype_v1
WAT-02578,44.289,5.3515,78.6197,30.3566,98.9274,59.1489,synthetic_prototype_v1
WAT-02579,33.0017,7.954,20.2865,11.8646,69.17,49.0495,synthetic_prototype_v1
WAT-02580,33.0035,5.6684,74.037,17.2563,106.86,65.4297,synthetic_prototype_v1
WAT-02581,18.8541,7.6088,67.0907,17.1236,175.9517,46.8832,synthetic_prototype_v1
WAT-02582,89.8774,4.6199,85.1212,36.3664,153.8191,30.7067,synthetic_prototype_v1
WAT-02583,57.711,4.4347,106.7173,10.6269,207.2439,30.9651,synthetic_prototype_v1
WAT-02584,77.2519,6.3115,19.8706,28.7367,237.8662,33.6169,synthetic_prototype_v1
WAT-02585,88.9938,4.5853,56.1636,9.8437,155.1278,31.9621,synthetic_prototype_v1
WAT-02586,6.1777,5.3643,15.5647,15.8542,240.8172,30.0,synthetic_prototype_v1
WAT-02587,92.7705,6.8472,22.071,17.7675,63.5885,34.0064,synthetic_prototype_v1
WAT-02588,45.166,8.5502,102.2841,22.5252,299.3843,30.0,synthetic_prototype_v1
WAT-02589,50.696,6.8194,11.4404,14.5158,158.5146,55.7725,synthetic_prototype_v1
WAT-02590,36.2799,9.0963,80.7918,33.699,117.1695,38.0533,synthetic_prototype_v1
WAT-02591,55.6086,7.5289,27.7906,29.448,202.9642,40.2177,synthetic_prototype_v1
WAT-02592,77.6773,5.2061,19.7133,30.3537,213.5118,32.6052,synthetic_prototype_v1
WAT-02593,96.1141,6.4734,8.6475,15.6826,226.9349,30.0,synthetic_prototype_v1
WAT-02594,43.4321,6.9637,33.7597,9.8385,106.4765,77.476,synthetic_prototype_v1
WAT-02595,18.4557,5.3068,9.6606,6.9828,101.7126,43.592,synthetic_prototype_v1
WAT-02596,28.7911,4.2696,72.1625,37.5909,128.0108,31.4802,synthetic_prototype_v1
WAT-02597,27.0941,7.2003,58.8298,38.1294,174.3775,57.2382,synthetic_prototype_v1
WAT-02598,42.6358,9.9076,19.3109,5.1826,63.605,30.4633,synthetic_prototype_v1
WAT-02599,57.3363,5.2398,28.8835,13.612,81.89,41.5227,synthetic_prototype_v1
WAT-02600,54.9807,5.5159,70.4859,14.4285,149.7068,53.6423,synthetic_prototype_v1
WAT-02601,38.9569,6.142,27.0351,23.3104,79.9935,60.6377,synthetic_prototype_v1
WAT-02602,52.9008,9.4558,49.7404,35.7196,127.2222,30.0,synthetic_prototype_v1
WAT-02603,14.8944,7.4741,29.3192,16.1606,262.0052,30.0,synthetic_prototype_v1
WAT-02604,39.9211,7.2966,29.2812,25.6583,91.6795,73.5732,synthetic_prototype_v1
WAT-02605,11.3484,5.6452,107.0868,39.7165,257.7725,30.0,synthetic_prototype_v1
WAT-02606,20.4606,9.4924,44.6695,14.1005,225.3219,30.0,synthetic_prototype_v1
WAT-02607,72.2687,7.8878,99.167,19.3674,74.4879,37.2289,synthetic_prototype_v1
WAT-02608,71.9907,6.7172,91.4485,14.144,143.0199,46.437,synthetic_prototype_v1
WAT-02609,51.936,4.5086,50.9029,30.5557,165.7295,30.2394,synthetic_prototype_v1
WAT-02610,43.9468,8.2262,49.1112,20.3281,92.2775,57.4133,synthetic_prototype_v1
WAT-02611,49.2926,6.7044,24.5322,14.0651,106.6988,71.8178,synthetic_prototype_v1
WAT-02612,98.4976,8.2832,65.6163,27.2785,155.9686,34.3121,synthetic_prototype_v1
WAT-02613,30.1953,7.0225,93.5606,20.7665,134.8931,80.3677,synthetic_prototype_v1
WAT-02614,35.3702,7.05,9.3458,16.7405,171.0508,52.6843,synthetic_prototype_v1
WAT-02615,9.7601,6.9053,35.192,28.0743,226.5361,36.0433,synthetic_prototype_v1
WAT-02616,52.0884,8.5064,27.2408,16.4025,80.4591,43.8283,synthetic_prototype_v1
WAT-02617,39.7113,6.7426,34.1417,20.6991,107.8636,85.2456,synthetic_prototype_v1
WAT-02618,84.2972,5.4263,119.9446,22.0337,217.2935,33.4523,synthetic_prototype_v1
WAT-02619,15.5098,4.8103,76.3993,29.3008,231.9404,30.0,synthetic_prototype_v1
WAT-02620,50.2026,7.3262,27.9533,8.8884,147.3467,63.645,synthetic_prototype_v1
WAT-02621,44.5449,5.3309,109.947,33.6532,182.639,45.5456,synthetic_prototype_v1
WAT-02622,40.0499,5.911,25.5901,24.8163,94.9409,66.6827,synthetic_prototype_v1
WAT-02623,10.437,7.6145,11.7822,38.2277,202.7993,39.134,synthetic_prototype_v1
WAT-02624,83.5424,8.7254,49.9971,21.9261,110.9278,33.3831,synthetic_prototype_v1
WAT-02625,7.9516,9.2478,90.0741,17.3707,168.1846,30.0,synthetic_prototype_v1
WAT-02626,8.4051,8.2461,90.8886,38.8673,219.092,36.3789,synthetic_prototype_v1
WAT-02627,28.5986,7.3192,87.9106,19.487,154.5947,67.1803,synthetic_prototype_v1
WAT-02628,36.39,6.871,42.8466,19.16,150.6619,74.8595,synthetic_prototype_v1
WAT-02629,48.5457,5.6286,9.4179,33.4486,189.4618,41.073,synthetic_prototype_v1
WAT-02630,80.4734,5.7556,75.2591,33.6592,123.0316,37.1025,synthetic_prototype_v1
WAT-02631,53.4005,6.3345,55.1616,6.4243,123.8937,71.0662,synthetic_prototype_v1
WAT-02632,69.8011,7.0166,43.8768,14.5463,119.8182,47.4646,synthetic_prototype_v1
WAT-02633,81.4172,8.104,40.2298,19.6781,229.962,32.0716,synthetic_prototype_v1
WAT-02634,42.9238,6.9933,48.3586,14.8281,129.522,83.1227,synthetic_prototype_v1
WAT-02635,99.3866,5.4054,25.4756,39.4338,224.8188,30.3687,synthetic_prototype_v1
WAT-02636,52.0825,5.2093,43.3927,8.003,299.4405,30.0,synthetic_prototype_v1
WAT-02637,77.6434,6.0881,63.0365,6.6723,288.6807,30.0,synthetic_prototype_v1
WAT-02638,25.1879,6.6334,120.0,25.2214,111.9709,70.5051,synthetic_prototype_v1
WAT-02639,96.0936,5.3349,68.2073,14.0752,247.4146,30.0,synthetic_prototype_v1
WAT-02640,54.4639,5.12,91.1048,19.4858,148.5233,48.6705,synthetic_prototype_v1
WAT-02641,24.7462,8.3639,37.313,17.1128,79.5842,40.6667,synthetic_prototype_v1
WAT-02642,42.0559,8.0206,102.5908,33.4734,50.911,48.0149,synthetic_prototype_v1
WAT-02643,19.1905,5.9686,35.6086,21.1094,112.552,57.5996,synthetic_prototype_v1
WAT-02644,95.5545,9.1644,74.2854,32.9274,92.9239,30.0,synthetic_prototype_v1
WAT-02645,25.4951,6.8928,5.0,25.8398,153.1671,51.3292,synthetic_prototype_v1
WAT-02646,22.6676,6.7758,64.2669,6.2829,89.2719,60.5137,synthetic_prototype_v1
WAT-02647,89.223,8.1767,8.5267,27.9432,194.1878,32.2225,synthetic_prototype_v1
WAT-02648,17.2579,7.0073,69.2613,9.4735,91.3077,53.4399,synthetic_prototype_v1
WAT-02649,26.2103,5.6578,11.2098,31.0927,138.927,52.4654,synthetic_prototype_v1
WAT-02650,19.1135,7.9131,10.0441,34.1376,157.1906,48.7938,synthetic_prototype_v1
WAT-02651,30.8467,5.5151,10.2471,22.537,112.9932,51.0952,synthetic_prototype_v1
WAT-02652,68.4116,7.7629,22.7851,13.0227,100.783,40.8516,synthetic_prototype_v1
WAT-02653,58.2739,9.8208,114.9272,19.211,214.1577,30.5718,synthetic_prototype_v1
WAT-02654,45.492,6.9982,12.7693,22.4208,50.0,47.9103,synthetic_prototype_v1
WAT-02655,72.5006,5.0692,65.3329,6.0401,298.3975,30.0,synthetic_prototype_v1
WAT-02656,13.3982,5.4127,65.5626,13.288,139.0724,43.0004,synthetic_prototype_v1
WAT-02657,78.9464,7.4273,60.2591,39.5755,204.1443,35.911,synthetic_prototype_v1
WAT-02658,14.943,6.6029,29.4773,22.3984,148.9321,52.3703,synthetic_prototype_v1
WAT-02659,48.1118,7.5531,62.4752,21.6027,133.0517,72.1704,synthetic_prototype_v1
WAT-02660,41.9411,5.9729,14.7469,24.3611,118.636,69.3357,synthetic_prototype_v1
WAT-02661,36.544,6.6282,54.9811,27.8659,81.0121,70.3716,synthetic_prototype_v1
WAT-02662,89.3193,6.594,65.1987,30.514,138.2537,34.6418,synthetic_prototype_v1
WAT-02663,19.6931,7.4985,5.0,21.8954,159.2852,44.1927,synthetic_prototype_v1
WAT-02664,90.1316,4.9267,26.0658,32.4736,176.9206,30.0,synthetic_prototype_v1
WAT-02665,61.543,7.573,75.8628,5.0157,98.3967,54.8593,synthetic_prototype_v1
WAT-02666,45.4579,6.6841,74.2963,31.0346,195.3427,50.8397,synthetic_prototype_v1
WAT-02667,41.1731,7.5026,22.8463,17.4045,114.8541,70.6786,synthetic_prototype_v1
WAT-02668,98.73,5.4478,114.3177,37.5011,267.248,30.0,synthetic_prototype_v1
WAT-02669,53.1389,7.7739,81.546,17.772,107.7992,64.104,synthetic_prototype_v1
WAT-02670,24.2556,5.7462,51.913,19.8005,92.3131,53.5101,synthetic_prototype_v1
WAT-02671,50.6245,6.6579,76.9876,13.8837,87.9437,71.8423,synthetic_prototype_v1
WAT-02672,72.2775,5.6831,119.9974,8.6186,193.7926,34.3641,synthetic_prototype_v1
WAT-02673,32.1018,7.9176,52.4806,21.8876,145.8922,61.6268,synthetic_prototype_v1
WAT-02674,94.4462,5.3698,115.0422,23.8116,111.1261,33.0796,synthetic_prototype_v1
WAT-02675,34.5254,8.3644,25.2238,21.1467,111.8547,53.9313,synthetic_prototype_v1
WAT-02676,83.9169,4.9525,110.1142,10.1263,254.3357,33.9027,synthetic_prototype_v1
WAT-02677,55.4864,7.6152,55.6196,7.4032,119.078,60.2036,synthetic_prototype_v1
WAT-02678,55.9664,7.061,86.0334,19.6937,291.092,30.0,synthetic_prototype_v1
WAT-02679,72.6121,7.019,40.5821,7.6939,71.8469,42.2499,synthetic_prototype_v1
WAT-02680,24.6473,8.7719,33.3946,14.5907,58.8617,40.1214,synthetic_prototype_v1
WAT-02681,11.4006,7.6051,88.514,7.0805,123.3561,46.662,synthetic_prototype_v1
WAT-02682,77.4758,4.5771,46.2168,9.1871,178.3101,32.6629,synthetic_prototype_v1
WAT-02683,85.7244,7.1679,19.3824,34.9893,63.0763,34.4991,synthetic_prototype_v1
WAT-02684,27.6608,6.6029,45.7165,14.4892,187.9409,46.3876,synthetic_prototype_v1
WAT-02685,61.3783,6.1449,47.3036,15.2015,220.3236,41.4547,synthetic_prototype_v1
WAT-02686,49.0637,5.5801,14.1732,14.8912,225.4938,32.8234,synthetic_prototype_v1
WAT-02687,39.375,6.9499,43.2125,21.2431,114.7882,83.3114,synthetic_prototype_v1
WAT-02688,25.5791,7.1136,109.2999,36.9638,71.4085,58.1123,synthetic_prototype_v1
WAT-02689,93.415,7.0653,82.8843,7.3072,81.6934,31.7618,synthetic_prototype_v1
WAT-02690,36.8717,7.3035,18.1321,12.134,136.3789,68.6925,synthetic_prototype_v1
WAT-02691,95.2558,9.3415,73.8491,38.6906,188.8466,30.0,synthetic_prototype_v1
WAT-02692,6.7516,5.4062,102.8948,26.2512,105.9224,39.9497,synthetic_prototype_v1
WAT-02693,27.4089,7.2248,40.5383,14.4658,134.2975,66.9026,synthetic_prototype_v1
WAT-02694,36.3368,8.7083,74.2616,11.4744,290.5364,30.9262,synthetic_prototype_v1
WAT-02695,44.8379,5.633,48.2461,24.7823,89.7625,58.5754,synthetic_prototype_v1
WAT-02696,40.1485,4.5468,69.3436,20.8031,88.1703,30.0,synthetic_prototype_v1
WAT-02697,54.65,6.0183,106.0854,39.0772,166.4917,54.4784,synthetic_prototype_v1
WAT-02698,26.9717,9.2708,18.4311,36.6955,229.396,30.0,synthetic_prototype_v1
WAT-02699,74.3324,7.9318,108.0164,11.2141,194.4732,35.4955,synthetic_prototype_v1
WAT-02700,19.5233,9.4908,27.8184,30.4322,133.4107,31.7106,synthetic_prototype_v1
WAT-02701,30.0277,4.821,8.9629,16.8826,176.0674,32.682,synthetic_prototype_v1
WAT-02702,47.0305,6.4971,70.4164,24.3276,159.6366,71.112,synthetic_prototype_v1
WAT-02703,56.2466,6.3877,86.0494,16.8179,105.6244,67.4822,synthetic_prototype_v1
WAT-02704,16.1248,4.6046,16.6379,13.1379,103.6562,32.0499,synthetic_prototype_v1
WAT-02705,7.2569,8.1468,5.8247,28.6588,134.9653,41.3669,synthetic_prototype_v1
WAT-02706,80.5359,6.5097,38.3555,25.4248,179.1234,35.408,synthetic_prototype_v1
WAT-02707,38.623,7.5013,113.6618,13.3639,113.4251,83.5439,synthetic_prototype_v1
WAT-02708,34.7084,7.4632,120.0,13.5873,182.5949,49.0691,synthetic_prototype_v1
WAT-02709,69.0868,9.6214,17.0517,23.5085,179.9899,30.0,synthetic_prototype_v1
WAT-02710,23.338,6.7278,84.7086,23.7327,166.1496,54.3969,synthetic_prototype_v1
WAT-02711,56.8021,6.2828,20.8748,23.4758,153.3557,51.5253,synthetic_prototype_v1
WAT-02712,40.2258,9.3199,56.8867,9.653,176.6924,30.8928,synthetic_prototype_v1
WAT-02713,50.3628,7.6355,55.6747,18.1922,112.4592,66.7085,synthetic_prototype_v1
WAT-02714,30.1346,6.0686,104.9773,24.7492,178.2168,53.7928,synthetic_prototype_v1
WAT-02715,25.607,7.455,24.1016,27.5681,279.3264,31.0907,synthetic_prototype_v1
WAT-02716,12.4203,4.1701,109.4137,20.9778,198.0411,30.0,synthetic_prototype_v1
WAT-02717,53.1727,6.7635,41.0578,22.7136,136.3717,69.5803,synthetic_prototype_v1
WAT-02718,17.0531,5.9623,9.5169,14.231,148.2106,46.6599,synthetic_prototype_v1
WAT-02719,33.6436,9.2491,92.6762,18.4207,275.1111,30.0,synthetic_prototype_v1
WAT-02720,60.8262,9.3574,44.5377,29.2499,177.318,30.4257,synthetic_prototype_v1
WAT-02721,36.0553,4.4248,114.2411,16.1268,117.4024,30.0,synthetic_prototype_v1
WAT-02722,29.5766,6.1913,28.6489,19.3798,181.0039,50.1009,synthetic_prototype_v1
WAT-02723,45.0915,6.1783,52.7966,8.6251,123.4798,76.847,synthetic_prototype_v1
WAT-02724,13.8146,8.6511,109.2148,7.4616,225.3975,32.0902,synthetic_prototype_v1
WAT-02725,60.2641,4.1131,44.0381,7.2683,88.6085,30.9353,synthetic_prototype_v1
WAT-02726,22.6717,7.4778,43.6468,14.3348,96.7303,58.5301,synthetic_prototype_v1
WAT-02727,46.5883,7.0622,19.5051,15.9532,177.6425,52.1548,synthetic_prototype_v1
WAT-02728,78.7816,7.9238,20.0038,39.7667,222.6283,33.2985,synthetic_prototype_v1
WAT-02729,37.7402,6.985,17.3626,7.8696,106.4237,72.3218,synthetic_prototype_v1
WAT-02730,86.6972,4.9078,98.1741,30.9249,75.7516,33.1919,synthetic_prototype_v1
WAT-02731,42.9236,9.7371,29.7275,25.5378,147.158,30.0,synthetic_prototype_v1
WAT-02732,34.8199,4.957,100.0182,37.1561,156.6779,48.3677,synthetic_prototype_v1
WAT-02733,32.2548,7.5044,21.1415,6.6832,51.0532,50.9202,synthetic_prototype_v1
WAT-02734,21.2058,7.4181,20.6721,20.0,99.8973,55.3479,synthetic_prototype_v1
WAT-02735,29.1822,6.5745,22.7183,28.0547,120.3772,68.2255,synthetic_prototype_v1
WAT-02736,14.8119,9.7176,53.7173,29.0852,286.3486,30.8801,synthetic_prototype_v1
WAT-02737,38.8526,8.8792,11.9041,17.7961,77.5741,41.9085,synthetic_prototype_v1
WAT-02738,55.4308,9.1821,97.5415,30.2943,63.4049,30.0,synthetic_prototype_v1
WAT-02739,68.0281,7.8297,31.5536,19.3598,151.1899,44.0933,synthetic_prototype_v1
WAT-02740,43.6513,6.067,105.7397,18.8776,138.6671,75.9555,synthetic_prototype_v1
WAT-02741,35.7103,8.8887,67.3395,15.633,101.0241,42.8613,synthetic_prototype_v1
WAT-02742,91.5106,5.408,12.9049,33.4189,138.7617,32.8191,synthetic_prototype_v1
WAT-02743,63.5918,4.6579,83.9933,30.4784,177.9575,30.7475,synthetic_prototype_v1
WAT-02744,48.5599,6.8284,9.1414,17.7566,200.4322,42.4633,synthetic_prototype_v1
WAT-02745,63.0438,7.6658,71.477,31.1637,174.0012,44.5905,synthetic_prototype_v1
WAT-02746,79.368,4.3182,94.9237,5.3039,175.9837,30.0,synthetic_prototype_v1
WAT-02747,29.0951,8.9218,35.4256,12.8276,109.9446,43.4191,synthetic_prototype_v1
WAT-02748,28.4389,4.4495,12.3314,35.9684,123.1924,32.3711,synthetic_prototype_v1
WAT-02749,58.6236,6.1669,9.191,21.1131,138.3207,55.7048,synthetic_prototype_v1
WAT-02750,22.8508,7.8827,41.8782,31.4899,202.2349,40.5721,synthetic_prototype_v1
WAT-02751,30.9171,5.4052,44.1644,17.3528,140.9598,54.2736,synthetic_prototype_v1
WAT-02752,83.712,5.8743,5.2773,22.1137,115.6125,34.7667,synthetic_prototype_v1
WAT-02753,46.5272,9.3071,70.8515,17.5816,175.2929,31.2979,synthetic_prototype_v1
WAT-02754,26.4569,7.2576,75.6013,21.3167,113.4946,72.7646,synthetic_prototype_v1
WAT-02755,87.4052,8.5416,69.8001,12.9048,212.2533,34.6805,synthetic_prototype_v1
WAT-02756,20.1008,5.7547,19.4649,9.193,72.0441,47.0751,synthetic_prototype_v1
WAT-02757,34.6604,5.8207,62.9313,18.0874,274.8562,30.0,synthetic_prototype_v1
WAT-02758,8.247,7.1788,23.1294,39.802,144.2005,44.861,synthetic_prototype_v1
WAT-02759,9.7994,9.1646,117.5823,37.7634,142.8746,33.8121,synthetic_prototype_v1
WAT-02760,36.8295,5.0909,106.6501,15.036,143.6615,53.2014,synthetic_prototype_v1
WAT-02761,58.7519,6.8549,97.2862,16.2557,67.8506,54.1452,synthetic_prototype_v1
WAT-02762,89.3947,5.4176,83.627,39.7294,134.7317,31.583,synthetic_prototype_v1
WAT-02763,52.2759,5.8792,18.2525,5.0,143.0811,52.3232,synthetic_prototype_v1
WAT-02764,55.9142,5.7285,42.0885,20.7708,119.0612,58.9128,synthetic_prototype_v1
WAT-02765,63.1425,5.8511,68.1714,27.3289,148.6837,53.3168,synthetic_prototype_v1
WAT-02766,15.9427,6.9465,34.9932,15.2108,210.0724,40.6531,synthetic_prototype_v1
WAT-02767,33.8266,5.4813,67.2882,14.8483,131.9689,61.0542,synthetic_prototype_v1
WAT-02768,23.7919,6.1003,112.8197,33.3273,247.1019,32.3809,synthetic_prototype_v1
WAT-02769,85.7995,5.7303,25.8287,8.3357,284.9554,34.0274,synthetic_prototype_v1
WAT-02770,37.1662,7.0191,63.8457,12.8135,92.9772,77.4383,synthetic_prototype_v1
WAT-02771,74.7066,8.4874,96.2869,33.97,192.7514,34.3074,synthetic_prototype_v1
WAT-02772,75.6287,7.9628,29.2195,26.6511,194.3476,37.0098,synthetic_prototype_v1
WAT-02773,38.4928,5.9319,17.4503,29.5552,166.2343,56.5471,synthetic_prototype_v1
WAT-02774,18.7361,6.8923,28.3998,23.0086,169.2018,49.4603,synthetic_prototype_v1
WAT-02775,46.0956,6.3682,88.9738,27.4944,114.1009,84.0072,synthetic_prototype_v1
WAT-02776,34.8852,8.0908,78.8738,14.9595,122.664,63.225,synthetic_prototype_v1
WAT-02777,31.1688,6.2947,26.8411,20.7362,101.1432,73.3882,synthetic_prototype_v1
WAT-02778,64.9366,7.0723,33.6073,19.6204,122.1474,49.944,synthetic_prototype_v1
WAT-02779,49.1568,8.0395,11.6451,10.5899,97.886,50.6845,synthetic_prototype_v1
WAT-02780,92.8864,5.7926,90.3954,24.5055,66.3422,32.2095,synthetic_prototype_v1
WAT-02781,5.0,8.025,9.5195,22.0253,117.6745,36.6381,synthetic_prototype_v1
WAT-02782,67.8821,8.907,87.7637,32.2029,158.4454,34.0609,synthetic_prototype_v1
WAT-02783,47.9883,4.7574,103.1423,17.6137,222.7493,30.0,synthetic_prototype_v1
WAT-02784,14.7853,7.6258,69.5718,9.7666,288.6168,30.0,synthetic_prototype_v1
WAT-02785,8.6615,6.3755,22.193,20.1782,260.6714,30.2035,synthetic_prototype_v1
WAT-02786,91.0502,9.842,30.4405,33.0334,81.5124,30.161,synthetic_prototype_v1
WAT-02787,38.6492,6.5055,30.8371,10.1558,125.6509,76.3797,synthetic_prototype_v1
WAT-02788,45.7246,7.3683,6.7908,17.7059,111.2116,62.8069,synthetic_prototype_v1
WAT-02789,51.2734,8.078,13.0093,25.9573,169.8018,46.5017,synthetic_prototype_v1
WAT-02790,43.4744,7.1313,79.1964,5.8669,135.3988,77.3082,synthetic_prototype_v1
WAT-02791,99.8887,6.0056,49.0249,33.6919,276.1609,30.0,synthetic_prototype_v1
WAT-02792,85.9538,6.583,39.9554,34.7927,295.8556,30.0,synthetic_prototype_v1
WAT-02793,63.6786,9.9472,45.4159,33.8155,87.417,31.7477,synthetic_prototype_v1
WAT-02794,46.1384,7.8858,33.3349,19.3924,117.7608,63.0598,synthetic_prototype_v1
WAT-02795,31.683,5.0726,9.1766,23.7923,60.3732,39.9125,synthetic_prototype_v1
WAT-02796,27.5504,6.2657,21.5814,20.3022,98.7962,61.9137,synthetic_prototype_v1
WAT-02797,19.0394,8.9172,19.7387,36.2681,133.8208,39.8859,synthetic_prototype_v1
WAT-02798,81.2615,8.5378,43.8102,32.6413,213.8869,34.5847,synthetic_prototype_v1
WAT-02799,86.7683,9.2914,44.8765,33.8491,296.1506,31.9694,synthetic_prototype_v1
WAT-02800,36.7703,6.3257,38.0953,23.9968,141.2034,73.8538,synthetic_prototype_v1
WAT-02801,28.4647,8.1833,48.7246,28.3285,144.5879,52.9116,synthetic_prototype_v1
WAT-02802,70.0954,4.0554,106.6447,38.3712,82.06,31.5977,synthetic_prototype_v1
WAT-02803,27.3494,8.4771,106.7716,29.836,93.6934,49.2811,synthetic_prototype_v1
WAT-02804,30.7101,9.6081,61.2052,35.3634,107.5335,30.0,synthetic_prototype_v1
WAT-02805,49.8426,6.7928,82.036,12.679,181.0403,56.1413,synthetic_prototype_v1
WAT-02806,21.7834,6.9608,15.9113,27.5185,270.0004,32.1901,synthetic_prototype_v1
WAT-02807,52.5458,7.0551,22.359,10.636,95.0743,59.4716,synthetic_prototype_v1
WAT-02808,87.8499,6.7906,108.8135,8.1115,132.6269,34.4576,synthetic_prototype_v1
WAT-02809,57.9516,6.7995,45.4733,22.4776,113.2802,65.0729,synthetic_prototype_v1
WAT-02810,50.7675,5.1453,111.1441,12.9728,298.2779,30.409,synthetic_prototype_v1
WAT-02811,92.0531,9.9963,56.022,18.1695,93.3613,30.3681,synthetic_prototype_v1
WAT-02812,8.6712,8.1072,116.445,39.1548,104.4611,38.4364,synthetic_prototype_v1
WAT-02813,40.8732,7.0985,43.3191,19.9296,160.572,68.3683,synthetic_prototype_v1
WAT-02814,94.8146,8.1168,106.6591,10.3598,252.0274,30.3035,synthetic_prototype_v1
WAT-02815,34.8982,7.3143,16.1002,30.3777,295.9614,30.8296,synthetic_prototype_v1
WAT-02816,17.1879,9.1749,45.2663,7.8845,60.7816,30.1159,synthetic_prototype_v1
WAT-02817,44.3234,9.938,93.0289,25.1669,75.4368,31.444,synthetic_prototype_v1
WAT-02818,18.8865,6.4866,83.8113,27.6211,83.008,57.5589,synthetic_prototype_v1
WAT-02819,20.5011,7.0657,26.2659,23.1395,98.41,55.1245,synthetic_prototype_v1
WAT-02820,77.5652,5.3256,102.347,38.7791,153.4626,39.006,synthetic_prototype_v1
WAT-02821,56.3814,6.6002,14.7582,29.8068,197.3279,46.6732,synthetic_prototype_v1
WAT-02822,29.6468,7.4231,27.7432,24.2328,296.8883,30.0,synthetic_prototype_v1
WAT-02823,54.5629,9.2766,115.9122,16.4409,109.0507,32.5078,synthetic_prototype_v1
WAT-02824,81.9787,9.0968,8.0923,36.8332,212.6396,30.5734,synthetic_prototype_v1
WAT-02825,79.3598,8.2402,100.3843,12.5187,179.6279,33.668,synthetic_prototype_v1
WAT-02826,73.8576,5.7913,84.3529,8.0182,183.286,39.5632,synthetic_prototype_v1
WAT-02827,92.5601,5.4212,75.3932,38.2243,268.95,30.0,synthetic_prototype_v1
WAT-02828,84.4782,5.7704,117.3679,38.9037,130.335,35.4358,synthetic_prototype_v1
WAT-02829,95.1415,8.2532,70.5722,30.3892,190.9789,31.3794,synthetic_prototype_v1
WAT-02830,27.5775,6.9339,33.8953,39.0934,154.7024,64.2044,synthetic_prototype_v1
WAT-02831,78.5242,4.2972,61.149,14.5471,185.5119,30.0,synthetic_prototype_v1
WAT-02832,48.2991,7.0622,46.4924,17.0729,125.4114,80.1517,synthetic_prototype_v1
WAT-02833,60.7123,9.4962,32.5639,36.3439,172.97,30.3253,synthetic_prototype_v1
WAT-02834,60.4954,8.4976,19.7817,33.4985,167.566,41.7266,synthetic_prototype_v1
WAT-02835,34.0659,5.498,44.9004,19.3825,90.6971,56.2522,synthetic_prototype_v1
WAT-02836,72.0136,9.4066,106.936,27.3945,247.1985,32.627,synthetic_prototype_v1
WAT-02837,32.2124,9.8845,112.2343,13.5746,174.1598,30.6813,synthetic_prototype_v1
WAT-02838,96.1786,8.8081,39.7695,19.5393,69.2974,32.4847,synthetic_prototype_v1
WAT-02839,37.297,6.967,14.8333,19.6687,142.1413,70.2175,synthetic_prototype_v1
WAT-02840,45.8051,6.0055,6.7892,22.0735,107.1086,60.4507,synthetic_prototype_v1
WAT-02841,19.9647,7.2768,71.6325,36.8269,160.3028,51.8885,synthetic_prototype_v1
WAT-02842,28.831,9.2368,46.317,11.6303,57.0657,30.2394,synthetic_prototype_v1
WAT-02843,36.2641,6.6704,50.4566,6.4559,124.7861,75.9668,synthetic_prototype_v1
WAT-02844,45.5567,6.5721,27.0072,18.7797,72.2827,61.574,synthetic_prototype_v1
WAT-02845,94.8409,6.3707,95.6251,18.7183,204.2717,31.5395,synthetic_prototype_v1
WAT-02846,39.2967,7.5353,25.136,18.916,132.2266,71.4139,synthetic_prototype_v1
WAT-02847,34.6847,6.4252,33.3716,10.2089,95.2531,68.6655,synthetic_prototype_v1
WAT-02848,42.5257,8.0744,50.1665,28.9673,109.2145,66.5609,synthetic_prototype_v1
WAT-02849,83.9557,9.9307,58.3268,35.2387,157.0947,31.6752,synthetic_prototype_v1
WAT-02850,67.0532,4.7127,34.3338,10.2778,141.5132,30.0,synthetic_prototype_v1
WAT-02851,29.2185,6.3599,14.489,16.8103,84.9816,60.6791,synthetic_prototype_v1
WAT-02852,72.4733,6.8805,93.9295,29.2923,234.0253,32.1299,synthetic_prototype_v1
WAT-02853,15.3234,9.6317,27.7862,36.9216,124.375,30.9231,synthetic_prototype_v1
WAT-02854,52.4316,4.5278,35.73,22.2284,82.2769,30.0,synthetic_prototype_v1
WAT-02855,43.9546,5.5347,90.6395,34.1852,177.8793,53.6956,synthetic_prototype_v1
WAT-02856,73.349,9.9452,110.5634,6.7835,213.3668,33.5459,synthetic_prototype_v1
WAT-02857,86.5219,7.3373,107.2577,5.772,251.1974,30.0,synthetic_prototype_v1
WAT-02858,33.8042,9.4337,81.5143,14.7608,267.3337,31.0024,synthetic_prototype_v1
WAT-02859,71.25,8.5208,57.8054,21.919,196.182,36.8262,synthetic_prototype_v1
WAT-02860,10.5388,7.492,48.9157,23.9681,149.4175,42.3709,synthetic_prototype_v1
WAT-02861,59.9679,8.1493,59.8803,5.7188,75.979,45.1588,synthetic_prototype_v1
WAT-02862,94.3565,5.0917,107.5671,11.8113,62.8939,33.1591,synthetic_prototype_v1
WAT-02863,97.6841,4.8649,7.2677,29.0132,100.2426,30.4777,synthetic_prototype_v1
WAT-02864,62.9961,8.3939,84.3611,14.2683,195.7362,38.7363,synthetic_prototype_v1
WAT-02865,57.5253,8.5923,5.0479,6.387,111.9319,41.2723,synthetic_prototype_v1
WAT-02866,91.7652,9.8453,89.5632,20.4202,144.8801,30.0,synthetic_prototype_v1
WAT-02867,65.2276,8.8751,111.7014,38.6741,263.7779,31.0383,synthetic_prototype_v1
WAT-02868,64.4204,8.0767,86.0093,25.8586,122.436,47.2326,synthetic_prototype_v1
WAT-02869,77.9278,7.6505,86.9812,28.9122,168.5344,37.3212,synthetic_prototype_v1
WAT-02870,27.1009,6.6294,99.1507,34.4093,246.5304,31.0748,synthetic_prototype_v1
WAT-02871,45.7801,6.8122,9.586,23.6254,149.361,67.7477,synthetic_prototype_v1
WAT-02872,8.3096,9.9291,45.0426,13.5319,262.2168,31.9366,synthetic_prototype_v1
WAT-02873,55.9326,7.6031,62.2519,20.1261,107.7867,62.1584,synthetic_prototype_v1
WAT-02874,33.0196,8.7833,117.4754,10.423,150.6061,41.54,synthetic_prototype_v1
WAT-02875,60.7355,8.1429,53.0185,14.2733,104.8842,48.2321,synthetic_prototype_v1
WAT-02876,54.0746,6.4906,37.3395,28.7874,242.0026,33.398,synthetic_prototype_v1
WAT-02877,45.4893,7.5337,22.7739,11.5529,117.2821,68.6072,synthetic_prototype_v1
WAT-02878,38.9798,7.1126,8.9757,23.2185,148.0635,66.0246,synthetic_prototype_v1
WAT-02879,31.2397,8.5065,93.875,26.3673,113.8271,50.7518,synthetic_prototype_v1
WAT-02880,48.443,5.2715,12.3144,10.6856,115.4669,52.792,synthetic_prototype_v1
WAT-02881,40.2797,5.2565,47.3012,6.1446,160.3241,45.6143,synthetic_prototype_v1
WAT-02882,30.2156,5.6215,106.4289,16.5259,119.1202,65.5412,synthetic_prototype_v1
WAT-02883,51.0908,6.956,6.0254,20.093,141.3049,59.2752,synthetic_prototype_v1
WAT-02884,44.1935,5.986,18.5739,28.7315,114.9008,67.6608,synthetic_prototype_v1
WAT-02885,19.3068,9.3013,80.7666,36.603,238.2768,32.1154,synthetic_prototype_v1
WAT-02886,51.6944,7.1521,29.633,21.5748,74.7101,55.019,synthetic_prototype_v1
WAT-02887,50.3766,6.9182,18.8359,18.1281,156.9873,58.7905,synthetic_prototype_v1
WAT-02888,25.8601,5.1439,5.6591,8.7676,97.4407,46.3801,synthetic_prototype_v1
WAT-02889,21.0678,7.2511,25.2063,9.9061,207.1277,40.6242,synthetic_prototype_v1
WAT-02890,93.113,8.011,9.6843,30.5175,156.6986,33.6803,synthetic_prototype_v1
WAT-02891,31.719,6.1448,25.2165,22.5369,138.0597,69.0049,synthetic_prototype_v1
WAT-02892,27.8715,7.1738,46.6441,5.1479,163.743,59.3253,synthetic_prototype_v1
WAT-02893,50.769,5.8781,8.9367,32.1341,116.7838,62.6573,synthetic_prototype_v1
WAT-02894,73.7154,6.7165,112.5651,26.1294,56.0864,36.6113,synthetic_prototype_v1
WAT-02895,31.2355,7.3912,57.2742,7.6335,109.2952,70.3774,synthetic_prototype_v1
WAT-02896,41.3775,7.0115,12.9206,19.3625,161.3483,62.3317,synthetic_prototype_v1
WAT-02897,98.6263,8.5596,87.9056,27.9535,291.2743,33.6186,synthetic_prototype_v1
WAT-02898,41.0177,6.5538,21.9224,11.5725,109.8722,75.3808,synthetic_prototype_v1
WAT-02899,79.2669,5.1187,99.0872,7.8859,249.5425,34.7832,synthetic_prototype_v1
WAT-02900,48.2987,9.832,53.9228,39.4665,187.3441,31.1219,synthetic_prototype_v1
WAT-02901,8.4609,7.3265,64.9587,31.095,95.4454,45.2529,synthetic_prototype_v1
WAT-02902,34.4792,6.4574,5.0,24.8757,207.6841,41.8316,synthetic_prototype_v1
WAT-02903,13.8118,7.7839,85.7363,23.7021,198.2898,38.6954,synthetic_prototype_v1
WAT-02904,26.2308,6.4416,31.8081,26.8391,120.258,68.3361,synthetic_prototype_v1
WAT-02905,96.792,6.7768,80.6737,24.7621,297.4834,31.2907,synthetic_prototype_v1
WAT-02906,58.1247,9.371,42.7063,5.6053,145.9725,30.0,synthetic_prototype_v1
WAT-02907,39.3263,6.609,33.8548,11.1082,102.8179,74.8516,synthetic_prototype_v1
WAT-02908,31.5513,4.2095,7.42,27.9823,104.0246,30.0,synthetic_prototype_v1
WAT-02909,73.4989,5.6454,29.8504,17.9328,245.7457,30.0,synthetic_prototype_v1
WAT-02910,54.8834,9.0583,75.4653,33.9815,246.2846,33.001,synthetic_prototype_v1
WAT-02911,30.4021,5.9449,34.8076,28.1589,183.1104,49.3931,synthetic_prototype_v1
WAT-02912,51.9291,8.4449,21.8348,11.782,158.4128,44.5794,synthetic_prototype_v1
WAT-02913,93.21,5.4201,80.6664,12.1722,167.8263,30.416,synthetic_prototype_v1
WAT-02914,16.5871,7.6232,81.739,34.2676,103.2804,53.0937,synthetic_prototype_v1
WAT-02915,32.8249,8.5695,44.0136,11.8286,142.1367,48.7526,synthetic_prototype_v1
WAT-02916,49.0726,8.9282,18.2809,9.1374,69.3725,39.8378,synthetic_prototype_v1
WAT-02917,19.4161,6.3868,76.5884,16.1043,133.8354,60.095,synthetic_prototype_v1
WAT-02918,30.8422,7.138,13.0591,14.4204,161.1065,59.6902,synthetic_prototype_v1
WAT-02919,55.4187,4.8537,92.0369,17.5187,222.2449,31.3302,synthetic_prototype_v1
WAT-02920,8.4257,8.5657,53.3653,8.6998,273.7484,33.9163,synthetic_prototype_v1
WAT-02921,94.6608,9.0771,21.0436,23.642,280.7212,30.0,synthetic_prototype_v1
WAT-02922,36.0002,6.0884,18.8755,13.4482,67.6251,52.3046,synthetic_prototype_v1
WAT-02923,32.4927,7.4675,71.9879,25.8356,114.1659,80.2639,synthetic_prototype_v1
WAT-02924,45.1163,7.4449,26.9118,23.0067,68.9605,55.6664,synthetic_prototype_v1
WAT-02925,39.7953,7.2715,90.2677,7.5529,157.4899,73.0099,synthetic_prototype_v1
WAT-02926,43.6284,7.0684,11.4194,21.7037,103.3976,68.5752,synthetic_prototype_v1
WAT-02927,65.6544,7.5432,69.54,6.8267,287.6559,30.9598,synthetic_prototype_v1
WAT-02928,69.7801,5.4097,93.3605,5.325,229.2375,31.8666,synthetic_prototype_v1
WAT-02929,41.2025,5.5692,101.7041,17.8041,154.8168,60.2001,synthetic_prototype_v1
WAT-02930,33.9243,7.2601,104.2624,23.597,223.114,37.292,synthetic_prototype_v1
WAT-02931,32.4958,9.1269,30.4935,23.9941,201.1185,34.0287,synthetic_prototype_v1
WAT-02932,95.0159,9.311,60.8374,30.2469,258.6964,30.0,synthetic_prototype_v1
WAT-02933,58.3728,4.6383,109.4123,7.2467,83.0523,30.0,synthetic_prototype_v1
WAT-02934,93.8612,9.0299,70.861,32.1907,175.4249,32.4825,synthetic_prototype_v1
WAT-02935,86.286,5.5813,24.7383,29.3405,277.0845,31.0126,synthetic_prototype_v1
WAT-02936,45.8879,8.028,66.1959,10.6511,69.4688,52.0214,synthetic_prototype_v1
WAT-02937,30.1846,6.8847,29.4575,14.9167,153.593,64.8057,synthetic_prototype_v1
WAT-02938,50.0889,6.6073,46.6697,20.5648,163.4856,63.8437,synthetic_prototype_v1
WAT-02939,67.497,5.5429,112.2658,18.3486,208.9308,33.127,synthetic_prototype_v1
WAT-02940,41.5909,6.0196,45.166,39.0091,88.1365,70.9367,synthetic_prototype_v1
WAT-02941,9.1614,6.0556,5.5116,10.1306,246.1852,30.0,synthetic_prototype_v1
WAT-02942,17.739,8.3414,68.1512,30.4148,115.359,49.0822,synthetic_prototype_v1
WAT-02943,39.6673,5.158,106.3798,12.4966,95.5356,51.161,synthetic_prototype_v1
WAT-02944,8.9025,9.0812,24.4695,34.19,128.8022,34.0034,synthetic_prototype_v1
WAT-02945,79.1693,9.5617,105.7189,32.7223,245.0601,30.0,synthetic_prototype_v1
WAT-02946,78.5035,6.1312,59.4365,37.8136,188.2215,36.7392,synthetic_prototype_v1
WAT-02947,55.9265,4.8954,17.9623,31.205,85.5623,37.0126,synthetic_prototype_v1
WAT-02948,27.3737,7.8138,21.4598,22.3276,179.9821,47.1099,synthetic_prototype_v1
WAT-02949,39.0729,6.1177,8.3204,25.2843,69.9571,54.3072,synthetic_prototype_v1
WAT-02950,23.3548,4.0116,95.8862,33.6481,124.1094,31.9078,synthetic_prototype_v1
WAT-02951,54.8195,6.0083,55.8252,15.8873,112.1182,62.0931,synthetic_prototype_v1
WAT-02952,97.9021,4.834,47.115,16.9938,110.6237,30.0,synthetic_prototype_v1
WAT-02953,50.5809,9.2206,10.6189,8.3269,268.9947,30.0,synthetic_prototype_v1
WAT-02954,39.0739,8.3049,92.0979,21.3349,151.078,56.0115,synthetic_prototype_v1
WAT-02955,53.9419,5.913,25.126,21.1056,109.1898,61.3068,synthetic_prototype_v1
WAT-02956,28.4346,9.1551,48.5433,39.1783,185.7971,31.4161,synthetic_prototype_v1
WAT-02957,14.0341,5.9295,39.2556,24.3837,140.3186,45.6005,synthetic_prototype_v1
WAT-02958,32.3912,8.7925,28.1675,15.0226,70.9514,42.1502,synthetic_prototype_v1
WAT-02959,12.2166,6.1407,40.9095,14.5035,139.6099,43.1924,synthetic_prototype_v1
WAT-02960,47.6893,9.3549,119.85,26.6583,195.9204,31.7794,synthetic_prototype_v1
WAT-02961,23.0017,6.8269,85.9262,28.8865,62.2571,55.2693,synthetic_prototype_v1
WAT-02962,36.7406,4.32,11.8231,22.1775,261.3935,30.236,synthetic_prototype_v1
WAT-02963,89.3627,4.6543,35.397,29.394,236.1626,31.7032,synthetic_prototype_v1
WAT-02964,98.7376,9.3173,70.8296,21.9426,131.3185,32.3917,synthetic_prototype_v1
WAT-02965,44.5833,4.5408,37.6676,32.5074,140.8048,30.0,synthetic_prototype_v1
WAT-02966,48.9895,8.2754,63.5798,20.9779,109.037,54.3604,synthetic_prototype_v1
WAT-02967,74.2058,5.3253,43.2081,6.2672,222.9295,34.8942,synthetic_prototype_v1
WAT-02968,46.8713,7.0303,43.5597,8.3148,135.5957,74.3843,synthetic_prototype_v1
WAT-02969,5.054,8.9724,16.8099,24.9927,220.7431,31.0381,synthetic_prototype_v1
WAT-02970,82.1165,4.3117,77.6753,8.6081,181.1023,30.0,synthetic_prototype_v1
WAT-02971,36.9323,5.4644,62.4512,36.5515,179.9927,46.6165,synthetic_prototype_v1
WAT-02972,49.8845,7.3226,66.4735,29.2705,185.5799,53.2115,synthetic_prototype_v1
WAT-02973,40.343,5.4897,32.5317,18.4762,113.8962,60.551,synthetic_prototype_v1
WAT-02974,34.5616,6.769,45.4136,15.6269,100.925,82.2636,synthetic_prototype_v1
WAT-02975,62.0798,6.7251,107.2139,37.8512,142.1974,60.203,synthetic_prototype_v1
WAT-02976,44.9211,4.8984,62.8328,23.0402,294.8547,32.9339,synthetic_prototype_v1
WAT-02977,39.0802,6.2995,21.7315,28.3752,120.1858,74.46,synthetic_prototype_v1
WAT-02978,42.4019,6.6352,16.7144,21.2226,90.6367,69.3435,synthetic_prototype_v1
WAT-02979,79.0876,6.8802,28.1828,32.3587,111.6451,40.2957,synthetic_prototype_v1
WAT-02980,84.439,6.3095,38.8855,26.5004,69.5373,37.4306,synthetic_prototype_v1
WAT-02981,44.4406,8.1863,27.7592,26.6029,77.8306,48.8546,synthetic_prototype_v1
WAT-02982,73.4661,7.8964,69.9006,34.2005,292.1416,30.0,synthetic_prototype_v1
WAT-02983,50.1783,5.0688,59.6812,7.7836,52.8922,43.3591,synthetic_prototype_v1
WAT-02984,38.4533,7.409,77.9044,23.2004,133.2032,79.5903,synthetic_prototype_v1
WAT-02985,17.513,6.4663,14.6077,12.0914,185.2454,43.1434,synthetic_prototype_v1
WAT-02986,68.4983,9.0442,79.8419,26.4506,293.3064,32.126,synthetic_prototype_v1
WAT-02987,54.9911,7.2843,24.9109,11.9898,145.3561,56.8454,synthetic_prototype_v1
WAT-02988,59.6128,7.5686,38.2829,33.0655,79.3249,51.4744,synthetic_prototype_v1
WAT-02989,47.3848,9.2544,104.2064,8.6099,287.522,30.0,synthetic_prototype_v1
WAT-02990,81.706,5.1327,100.0202,18.6403,274.6264,32.1848,synthetic_prototype_v1
WAT-02991,22.9277,4.6726,36.23,35.2123,242.6973,30.0,synthetic_prototype_v1
WAT-02992,9.1301,4.9712,7.9815,12.3673,174.7061,37.0299,synthetic_prototype_v1
WAT-02993,83.8116,6.3817,73.3754,9.812,135.6957,36.8639,synthetic_prototype_v1
WAT-02994,29.571,6.7504,43.4745,9.4017,117.8131,76.3846,synthetic_prototype_v1
WAT-02995,61.9614,9.4841,22.1662,17.0671,275.1173,31.2873,synthetic_prototype_v1
WAT-02996,54.5912,9.1252,21.0543,8.9509,210.5437,30.9143,synthetic_prototype_v1
WAT-02997,14.7658,4.5403,82.829,25.6414,172.363,30.0,synthetic_prototype_v1
WAT-02998,50.154,5.268,96.5371,11.7055,67.9721,44.9659,synthetic_prototype_v1
WAT-02999,34.0632,5.6846,25.2743,25.699,145.8301,59.0625,synthetic_prototype_v1
WAT-03000,43.9229,6.5293,32.6916,25.8352,172.9449,59.931,synthetic_prototype_v1
WAT-03001,72.598,5.9084,6.66,15.6649,97.1394,38.28,synthetic_prototype_v1
WAT-03002,44.3469,4.3913,36.7549,20.6223,201.4735,30.0,synthetic_prototype_v1
WAT-03003,26.714,6.8445,14.0876,13.0579,122.884,65.011,synthetic_prototype_v1
WAT-03004,71.5252,7.4492,40.1834,7.4453,297.3348,30.0,synthetic_prototype_v1
WAT-03005,19.4212,6.6795,99.6211,16.7845,112.3446,61.4943,synthetic_prototype_v1
WAT-03006,6.3239,4.7141,68.5664,32.1479,157.9631,30.0,synthetic_prototype_v1
WAT-03007,52.2765,5.0489,55.0349,26.7472,50.8406,40.4885,synthetic_prototype_v1
WAT-03008,75.9755,9.865,57.4758,12.8919,234.0275,30.0,synthetic_prototype_v1
WAT-03009,16.819,8.0496,52.4294,24.8735,97.589,48.8894,synthetic_prototype_v1
WAT-03010,7.9277,7.4489,110.45,25.6068,166.9868,38.4496,synthetic_prototype_v1
WAT-03011,80.8526,7.9274,58.1085,8.8244,161.3623,32.9417,synthetic_prototype_v1
WAT-03012,20.4299,6.239,44.0216,5.0,116.6655,54.4625,synthetic_prototype_v1
WAT-03013,32.4657,6.6086,49.063,11.4311,96.5901,73.068,synthetic_prototype_v1
WAT-03014,67.2686,5.7962,79.5073,31.2969,232.1777,30.0,synthetic_prototype_v1
WAT-03015,50.8188,7.1778,81.5732,13.0096,243.8852,30.4626,synthetic_prototype_v1
WAT-03016,30.4705,5.1397,35.596,20.8815,140.339,55.1838,synthetic_prototype_v1
WAT-03017,6.8082,4.4487,71.7779,28.1054,54.168,30.0,synthetic_prototype_v1
WAT-03018,79.5486,5.8517,45.9749,14.8367,89.9668,36.2888,synthetic_prototype_v1
WAT-03019,13.5245,7.6311,36.8312,32.797,213.98,35.8175,synthetic_prototype_v1
WAT-03020,9.6141,8.0677,81.8264,15.4988,96.2048,40.7072,synthetic_prototype_v1
WAT-03021,57.8171,5.0381,78.6392,24.8283,282.3097,30.3423,synthetic_prototype_v1
WAT-03022,47.7151,9.7857,55.1813,36.3698,285.5159,30.0,synthetic_prototype_v1
WAT-03023,41.7757,6.4334,60.9474,22.8508,84.6014,74.4652,synthetic_prototype_v1
WAT-03024,40.2376,9.6688,114.4607,33.4946,157.6577,30.0,synthetic_prototype_v1
WAT-03025,40.5475,8.605,66.8008,24.2365,116.3356,47.6279,synthetic_prototype_v1
WAT-03026,52.1761,7.5167,119.1241,30.6966,144.2906,64.6483,synthetic_prototype_v1
WAT-03027,8.0441,7.2959,87.2929,5.1863,50.6536,39.7603,synthetic_prototype_v1
WAT-03028,98.1195,6.7659,71.7468,10.414,226.6614,33.8107,synthetic_prototype_v1
WAT-03029,15.0463,6.5002,56.9438,20.3366,129.666,57.937,synthetic_prototype_v1
WAT-03030,41.5007,6.7521,44.6057,19.1542,141.9372,79.6191,synthetic_prototype_v1
WAT-03031,70.562,4.636,105.6754,13.0554,124.9417,30.0,synthetic_prototype_v1
WAT-03032,40.6948,7.4944,5.0,16.1371,118.782,66.3,synthetic_prototype_v1
WAT-03033,93.278,4.2186,66.7353,6.2409,239.4834,32.136,synthetic_prototype_v1
WAT-03034,20.2559,9.4596,14.6146,27.7349,95.2425,30.326,synthetic_prototype_v1
WAT-03035,19.5261,5.7997,42.4375,21.4392,88.8264,50.0465,synthetic_prototype_v1
WAT-03036,36.363,8.1947,41.1195,18.9671,136.055,59.0521,synthetic_prototype_v1
WAT-03037,27.8964,7.4561,48.4698,14.1617,143.7219,65.8204,synthetic_prototype_v1
WAT-03038,67.3418,5.18,9.2382,5.1557,183.5376,36.9983,synthetic_prototype_v1
WAT-03039,8.8144,9.9122,18.02,36.2808,132.4113,32.9039,synthetic_prototype_v1
WAT-03040,31.5387,5.604,50.1814,25.8182,284.6594,30.0506,synthetic_prototype_v1
WAT-03041,60.7768,6.1881,68.1328,34.2742,104.9707,61.5114,synthetic_prototype_v1
WAT-03042,53.0122,5.9475,14.5983,26.2606,70.254,48.9182,synthetic_prototype_v1
WAT-03043,33.6511,6.6952,21.8845,20.1265,119.8902,76.9141,synthetic_prototype_v1
WAT-03044,48.179,6.9973,26.6857,16.6836,132.8928,75.0611,synthetic_prototype_v1
WAT-03045,28.6861,7.0174,61.1559,10.4255,87.0782,67.94,synthetic_prototype_v1
WAT-03046,62.2235,6.4116,62.6178,23.6096,50.0,46.333,synthetic_prototype_v1
WAT-03047,60.3829,4.9547,41.4701,6.313,60.5025,37.3985,synthetic_prototype_v1
WAT-03048,44.1646,7.3283,63.6512,12.0072,182.0622,52.4916,synthetic_prototype_v1
WAT-03049,9.5005,7.5109,62.2194,35.3484,112.5022,46.2867,synthetic_prototype_v1
WAT-03050,48.358,7.8648,25.0796,20.7397,149.6781,57.8665,synthetic_prototype_v1
WAT-03051,16.2555,4.962,61.2958,26.8386,57.5562,34.5448,synthetic_prototype_v1
WAT-03052,81.4143,7.859,15.5625,35.3134,68.0409,35.917,synthetic_prototype_v1
WAT-03053,33.12,5.8192,20.9158,19.4221,124.1013,60.961,synthetic_prototype_v1
WAT-03054,63.7728,8.0321,12.7388,23.0925,191.1636,40.0545,synthetic_prototype_v1
WAT-03055,19.5933,7.3416,21.2602,19.453,57.5441,41.1093,synthetic_prototype_v1
WAT-03056,27.9557,9.3562,49.339,26.9766,67.9563,32.1289,synthetic_prototype_v1
WAT-03057,30.6824,5.6349,15.5191,5.3526,98.872,51.2917,synthetic_prototype_v1
WAT-03058,52.9304,4.0299,86.8117,23.2017,227.8737,31.6591,synthetic_prototype_v1
WAT-03059,71.5837,8.2596,22.8214,5.8946,131.7903,42.257,synthetic_prototype_v1
WAT-03060,45.4588,6.2588,56.244,29.2264,107.8521,79.0265,synthetic_prototype_v1
WAT-03061,94.0199,5.2524,34.2987,29.8933,277.9983,30.0,synthetic_prototype_v1
WAT-03062,15.3224,8.7343,64.3848,25.0778,75.9629,37.9294,synthetic_prototype_v1
WAT-03063,77.8532,8.6748,105.9616,32.5228,70.7478,35.9891,synthetic_prototype_v1
WAT-03064,24.0174,4.2794,14.8751,9.2925,211.5025,30.0,synthetic_prototype_v1
WAT-03065,33.3325,7.0343,26.3823,26.2305,162.5739,63.3298,synthetic_prototype_v1
WAT-03066,33.0142,6.9732,88.8046,15.8375,78.6554,70.2782,synthetic_prototype_v1
WAT-03067,23.9686,6.7938,79.2745,21.3622,151.1192,63.8838,synthetic_prototype_v1
WAT-03068,10.1775,9.512,54.9795,18.6944,249.8218,30.0,synthetic_prototype_v1
WAT-03069,21.0429,5.0861,102.1483,35.537,104.1679,48.3161,synthetic_prototype_v1
WAT-03070,58.4062,8.4248,96.7624,37.5047,91.4574,43.6659,synthetic_prototype_v1
WAT-03071,32.573,6.0071,40.2318,20.7396,148.7572,65.4775,synthetic_prototype_v1
WAT-03072,17.092,6.2992,52.79,12.0183,110.2038,53.9522,synthetic_prototype_v1
WAT-03073,18.9406,5.86,95.4769,18.2465,252.5178,30.0,synthetic_prototype_v1
WAT-03074,7.0637,6.7301,34.4534,9.035,163.5622,42.1351,synthetic_prototype_v1
WAT-03075,24.2092,6.7494,29.72,17.9451,95.2267,62.1513,synthetic_prototype_v1
WAT-03076,82.824,7.9723,68.6408,36.9525,160.5213,32.6875,synthetic_prototype_v1
WAT-03077,82.3319,4.921,118.4086,16.5294,248.9366,31.411,synthetic_prototype_v1
WAT-03078,31.1272,7.24,6.0513,13.366,99.2547,58.4894,synthetic_prototype_v1
WAT-03079,26.3962,8.0789,53.2934,10.6787,55.6344,45.7701,synthetic_prototype_v1
WAT-03080,45.9632,6.0263,38.6599,20.5193,97.24,69.973,synthetic_prototype_v1
WAT-03081,78.2235,9.8009,43.2312,39.4688,287.9642,30.5251,synthetic_prototype_v1
WAT-03082,32.9949,6.6431,29.0597,15.3933,90.132,67.5544,synthetic_prototype_v1
WAT-03083,7.0098,4.6433,93.4389,7.0314,207.258,31.72,synthetic_prototype_v1
WAT-03084,9.8009,8.7585,79.5855,24.4665,71.5193,35.7058,synthetic_prototype_v1
WAT-03085,52.4132,7.9687,31.8231,16.5029,92.3878,55.3071,synthetic_prototype_v1
WAT-03086,85.0595,7.7385,48.0446,6.7002,217.9351,34.6567,synthetic_prototype_v1
WAT-03087,33.9469,9.4408,108.9359,18.0015,190.816,30.0,synthetic_prototype_v1
WAT-03088,75.5558,8.04,119.627,35.4618,204.2698,31.3012,synthetic_prototype_v1
WAT-03089,54.3968,6.0901,44.5167,21.6131,97.5695,63.514,synthetic_prototype_v1
WAT-03090,99.7183,4.5069,68.0269,15.5088,187.5212,30.0,synthetic_prototype_v1
WAT-03091,40.7541,4.3981,87.422,18.9683,297.3385,32.4963,synthetic_prototype_v1
WAT-03092,39.0786,5.4001,101.7239,10.277,80.5949,53.0556,synthetic_prototype_v1
WAT-03093,78.1678,6.1847,114.5888,33.5015,207.1403,31.3839,synthetic_prototype_v1
WAT-03094,70.5882,8.638,116.9821,20.9081,88.3654,37.8826,synthetic_prototype_v1
WAT-03095,39.5892,6.031,61.9943,19.639,164.1305,61.4044,synthetic_prototype_v1
WAT-03096,76.4365,4.541,101.9177,32.9732,266.7794,30.0,synthetic_prototype_v1
WAT-03097,48.0681,7.1368,43.3293,19.6835,144.0974,69.8036,synthetic_prototype_v1
WAT-03098,20.7165,5.9205,15.8446,10.9385,132.9198,49.9235,synthetic_prototype_v1
WAT-03099,86.7268,8.0954,61.913,8.8827,231.9628,30.0,synthetic_prototype_v1
WAT-03100,58.6974,6.3645,22.8094,9.454,54.0488,47.5484,synthetic_prototype_v1
WAT-03101,86.6034,4.006,102.6425,39.2885,110.0225,30.0,synthetic_prototype_v1
WAT-03102,5.0,7.5171,28.8604,22.6303,139.4984,36.6782,synthetic_prototype_v1
WAT-03103,52.7724,7.5669,12.4249,9.9577,122.6265,58.9721,synthetic_prototype_v1
WAT-03104,35.774,8.0555,87.2393,21.7359,125.338,68.7732,synthetic_prototype_v1
WAT-03105,95.7842,9.7352,5.7004,19.4613,194.5268,33.4599,synthetic_prototype_v1
WAT-03106,10.5906,9.7323,89.9067,9.9001,141.4694,30.0,synthetic_prototype_v1
WAT-03107,34.8718,9.5836,104.2136,23.8876,196.3955,31.3247,synthetic_prototype_v1
WAT-03108,75.0639,7.5532,16.5524,32.465,66.5897,40.6518,synthetic_prototype_v1
WAT-03109,27.7357,6.6735,16.2414,11.4835,154.1996,60.8947,synthetic_prototype_v1
WAT-03110,33.4702,5.0793,5.9192,7.0454,87.4637,41.7385,synthetic_prototype_v1
WAT-03111,35.0894,5.9075,30.741,6.8567,180.1345,49.5565,synthetic_prototype_v1
WAT-03112,35.4026,7.6414,11.9814,17.508,144.6189,62.4284,synthetic_prototype_v1
WAT-03113,50.2657,6.5711,49.6006,17.5463,81.5222,65.8559,synthetic_prototype_v1
WAT-03114,47.7867,6.1073,13.4158,6.0714,116.7469,63.8316,synthetic_prototype_v1
WAT-03115,25.1154,7.8608,100.479,19.8405,196.1767,39.4487,synthetic_prototype_v1
WAT-03116,83.3195,6.1331,102.9795,33.1219,250.0322,30.0,synthetic_prototype_v1
WAT-03117,78.078,5.7783,107.0076,26.3655,292.441,30.0,synthetic_prototype_v1
WAT-03118,46.6467,7.5977,38.607,38.121,157.161,62.652,synthetic_prototype_v1
WAT-03119,75.8714,9.6373,65.9959,25.6028,117.025,31.1812,synthetic_prototype_v1
WAT-03120,25.9445,5.0959,35.4472,14.4763,164.155,40.0858,synthetic_prototype_v1
WAT-03121,59.2609,4.427,26.8606,30.7889,278.5974,30.0,synthetic_prototype_v1
WAT-03122,85.8007,7.6624,75.5771,33.0586,93.8531,32.7111,synthetic_prototype_v1
WAT-03123,34.8631,4.7643,49.1766,19.6607,108.3421,34.0378,synthetic_prototype_v1
WAT-03124,40.6317,6.2831,92.7807,14.0243,159.571,67.2563,synthetic_prototype_v1
WAT-03125,20.7046,7.0358,12.626,22.7367,87.3475,53.8044,synthetic_prototype_v1
WAT-03126,30.9861,7.8597,30.9635,10.6977,178.9768,48.217,synthetic_prototype_v1
WAT-03127,50.1808,7.0731,13.2216,22.2963,167.0107,56.9599,synthetic_prototype_v1
WAT-03128,55.5795,7.0599,47.8985,29.6123,128.2634,69.6729,synthetic_prototype_v1
WAT-03129,94.5284,6.0422,46.9263,10.9638,74.1626,31.808,synthetic_prototype_v1
WAT-03130,33.7195,7.1073,96.4422,22.2572,111.8972,82.896,synthetic_prototype_v1
WAT-03131,21.3362,8.3376,14.2169,30.299,255.5642,30.5045,synthetic_prototype_v1
WAT-03132,14.3777,5.7891,105.3193,14.5467,134.7897,46.1562,synthetic_prototype_v1
WAT-03133,32.9262,5.6608,98.3624,33.9965,260.8926,30.0,synthetic_prototype_v1
WAT-03134,24.1281,9.8801,44.0189,28.268,88.2168,30.0,synthetic_prototype_v1
WAT-03135,44.5779,7.1246,101.143,13.9975,92.6354,79.106,synthetic_prototype_v1
WAT-03136,46.5294,8.2997,20.9514,35.6679,126.0008,54.5148,synthetic_prototype_v1
WAT-03137,14.4869,5.8622,38.2121,25.8936,62.417,38.8316,synthetic_prototype_v1
WAT-03138,26.216,9.0944,31.0869,18.2289,136.2423,34.3669,synthetic_prototype_v1
WAT-03139,84.4489,6.2592,48.7866,30.6733,279.697,34.1695,synthetic_prototype_v1
WAT-03140,25.8927,6.4068,13.3401,17.0801,111.7766,61.2711,synthetic_prototype_v1
WAT-03141,56.3175,6.3229,42.4406,12.0435,122.4746,62.6844,synthetic_prototype_v1
WAT-03142,33.3883,7.0022,20.8177,17.5231,110.1391,72.0338,synthetic_prototype_v1
WAT-03143,94.9954,4.8699,66.2352,28.6985,176.7044,30.8854,synthetic_prototype_v1
WAT-03144,35.5468,8.3021,78.3612,29.3382,223.9551,34.6844,synthetic_prototype_v1
WAT-03145,73.3793,9.7909,61.3426,24.4468,58.7715,30.0,synthetic_prototype_v1
WAT-03146,39.5982,4.7691,62.6418,25.7297,155.7127,37.284,synthetic_prototype_v1
WAT-03147,99.8806,8.5805,87.2876,22.6097,157.8968,31.5512,synthetic_prototype_v1
WAT-03148,46.6467,6.2193,70.8395,5.0,50.0,50.3849,synthetic_prototype_v1
WAT-03149,80.9282,4.0709,43.2815,12.5159,171.2497,30.0,synthetic_prototype_v1
WAT-03150,20.5398,6.8974,57.9235,39.4579,250.1821,30.0,synthetic_prototype_v1
WAT-03151,12.0183,6.2295,31.8563,20.8215,170.6334,38.6157,synthetic_prototype_v1
WAT-03152,59.5806,5.6549,11.1195,25.4165,143.6055,47.8612,synthetic_prototype_v1
WAT-03153,33.8607,8.2895,14.0327,39.0323,191.8217,39.7702,synthetic_prototype_v1
WAT-03154,66.4718,4.3709,13.6353,7.8563,184.9813,30.8587,synthetic_prototype_v1
WAT-03155,21.4711,6.3115,9.8402,22.5117,76.1572,48.5804,synthetic_prototype_v1
WAT-03156,43.3833,4.0975,75.7468,22.0631,163.6721,30.0,synthetic_prototype_v1
WAT-03157,21.8423,6.9273,45.9518,23.2006,124.6304,68.3821,synthetic_prototype_v1
WAT-03158,55.8153,4.5714,33.1063,24.7888,172.3526,32.5178,synthetic_prototype_v1
WAT-03159,12.7558,6.6029,20.7074,25.8987,129.2066,48.689,synthetic_prototype_v1
WAT-03160,30.9164,6.4941,84.571,5.796,159.5586,67.6311,synthetic_prototype_v1
WAT-03161,76.6558,8.8258,59.2845,27.279,133.6559,34.3458,synthetic_prototype_v1
WAT-03162,90.5087,6.3997,79.3106,24.0362,210.8227,30.0,synthetic_prototype_v1
WAT-03163,77.4998,4.0379,14.3707,15.8706,215.0109,30.0,synthetic_prototype_v1
WAT-03164,71.5167,6.6701,31.7372,16.4264,120.3363,45.807,synthetic_prototype_v1
WAT-03165,14.484,6.5441,38.9611,8.1218,155.4833,45.2277,synthetic_prototype_v1
WAT-03166,73.5745,8.1284,113.9595,12.4259,202.2885,33.0624,synthetic_prototype_v1
WAT-03167,15.956,6.2005,61.4456,37.1874,190.7182,41.2575,synthetic_prototype_v1
WAT-03168,67.9685,6.7186,82.6297,26.0094,107.4756,49.2148,synthetic_prototype_v1
WAT-03169,18.9028,6.2204,94.5167,12.956,110.7483,58.7369,synthetic_prototype_v1
WAT-03170,35.0902,6.0856,10.954,13.2455,109.0209,64.8359,synthetic_prototype_v1
WAT-03171,79.4703,6.0483,89.1103,38.1942,274.0362,30.0,synthetic_prototype_v1
WAT-03172,29.4579,8.0841,116.9332,33.9603,130.6313,59.3291,synthetic_prototype_v1
WAT-03173,17.0564,5.7971,18.8554,9.0265,88.9865,44.0826,synthetic_prototype_v1
WAT-03174,52.5199,7.9204,47.4514,10.7067,240.0689,30.0,synthetic_prototype_v1
WAT-03175,38.7407,8.2873,17.1464,10.9463,230.5418,34.8355,synthetic_prototype_v1
WAT-03176,44.8222,5.5728,27.1302,22.5344,79.8466,55.5103,synthetic_prototype_v1
WAT-03177,30.2068,6.709,107.8552,22.6201,143.1221,79.8629,synthetic_prototype_v1
WAT-03178,72.4841,5.7816,57.0315,29.799,61.6469,40.1743,synthetic_prototype_v1
WAT-03179,37.9526,6.0046,23.495,10.9726,229.2703,30.6204,synthetic_prototype_v1
WAT-03180,38.5671,5.2672,105.3986,9.8414,260.5358,30.5585,synthetic_prototype_v1
WAT-03181,77.2014,4.9863,35.2974,21.8157,153.7579,33.0493,synthetic_prototype_v1
WAT-03182,60.5016,9.0257,66.5022,9.4052,257.4947,30.0,synthetic_prototype_v1
WAT-03183,68.044,6.4157,106.014,28.784,170.2264,47.6621,synthetic_prototype_v1
WAT-03184,17.0912,7.7609,67.4091,6.6511,199.0085,43.2431,synthetic_prototype_v1
WAT-03185,30.7162,6.5853,66.4429,39.0976,264.3772,30.0,synthetic_prototype_v1
WAT-03186,54.4261,7.8457,66.6757,31.3322,111.3328,58.883,synthetic_prototype_v1
WAT-03187,36.9205,5.914,25.3002,26.0926,99.8426,66.5684,synthetic_prototype_v1
WAT-03188,99.1682,5.3413,107.115,37.2334,207.9335,33.9915,synthetic_prototype_v1
WAT-03189,32.0866,6.6077,20.0271,5.6177,105.8679,68.4325,synthetic_prototype_v1
WAT-03190,71.241,7.6899,18.3776,32.3507,117.779,40.9549,synthetic_prototype_v1
WAT-03191,41.7392,7.2671,22.7935,13.0049,157.0034,64.6383,synthetic_prototype_v1
WAT-03192,85.73,4.1469,27.2046,7.6772,280.3959,33.2215,synthetic_prototype_v1
WAT-03193,96.0772,6.2325,60.0871,31.3772,209.6837,30.0,synthetic_prototype_v1
WAT-03194,76.5829,4.7748,116.8332,32.7418,172.3506,30.0,synthetic_prototype_v1
WAT-03195,88.0194,9.5457,111.238,19.3899,218.526,30.0,synthetic_prototype_v1
WAT-03196,46.5051,6.562,21.4067,25.7472,132.0299,76.2153,synthetic_prototype_v1
WAT-03197,64.4851,7.3258,50.9106,25.3147,101.1425,52.889,synthetic_prototype_v1
WAT-03198,32.3462,4.7785,97.2099,27.3443,219.6526,30.0,synthetic_prototype_v1
WAT-03199,14.6373,7.0277,73.3728,30.9839,130.5101,53.7465,synthetic_prototype_v1
WAT-03200,43.0337,7.5586,8.8122,17.6042,124.1416,66.6444,synthetic_prototype_v1
WAT-03201,47.5927,5.776,26.0674,10.8919,110.2421,62.4504,synthetic_prototype_v1
WAT-03202,68.8032,5.6255,7.7252,10.3532,267.9945,32.0862,synthetic_prototype_v1
WAT-03203,29.3167,9.3245,8.4752,23.3732,155.8265,30.8138,synthetic_prototype_v1
WAT-03204,35.6278,7.4714,35.1465,27.7156,117.5751,74.0468,synthetic_prototype_v1
WAT-03205,26.5564,8.9376,55.3254,30.9476,279.4917,31.4898,synthetic_prototype_v1
WAT-03206,41.2703,6.2562,43.7308,21.3064,168.7254,61.1458,synthetic_prototype_v1
WAT-03207,90.7426,7.6998,36.3454,38.6008,156.2665,30.0,synthetic_prototype_v1
WAT-03208,19.4696,9.6919,43.1916,23.7423,113.3057,30.0,synthetic_prototype_v1
WAT-03209,49.2722,6.3402,9.0414,18.0561,109.5679,64.6807,synthetic_prototype_v1
WAT-03210,9.6986,4.9447,88.2879,29.6909,75.2855,37.0247,synthetic_prototype_v1
WAT-03211,40.9906,6.6055,26.9489,20.91,105.8304,78.9851,synthetic_prototype_v1
WAT-03212,54.7986,6.4834,56.3077,18.8958,133.3587,70.5914,synthetic_prototype_v1
WAT-03213,33.8161,6.4046,8.2865,24.3154,141.3463,65.7728,synthetic_prototype_v1
WAT-03214,43.5309,6.0273,14.1361,23.0637,139.7208,62.1022,synthetic_prototype_v1
WAT-03215,50.7512,4.8286,33.8721,17.6311,177.4519,33.6464,synthetic_prototype_v1
WAT-03216,11.4143,6.0629,62.4864,18.0253,157.7781,46.034,synthetic_prototype_v1
WAT-03217,36.418,5.2441,44.38,35.0967,61.7383,47.2291,synthetic_prototype_v1
WAT-03218,17.4505,5.6952,8.5969,31.7372,125.5028,46.6022,synthetic_prototype_v1
WAT-03219,11.8456,5.8108,93.8108,36.3147,227.5922,33.2804,synthetic_prototype_v1
WAT-03220,75.7532,4.0441,12.2325,38.8163,275.4912,30.0,synthetic_prototype_v1
WAT-03221,53.7102,5.0196,11.1773,17.0574,76.029,38.1005,synthetic_prototype_v1
WAT-03222,13.6868,6.0585,68.6545,12.5796,84.182,46.7366,synthetic_prototype_v1
WAT-03223,26.2748,4.8939,103.524,19.8971,225.9993,30.7192,synthetic_prototype_v1
WAT-03224,90.784,9.9427,104.3426,31.3977,243.2172,30.3816,synthetic_prototype_v1
WAT-03225,23.7784,6.9013,56.6876,8.3426,160.3908,57.5689,synthetic_prototype_v1
WAT-03226,98.7827,7.7986,21.7578,25.2936,227.5849,30.0,synthetic_prototype_v1
WAT-03227,45.0349,7.105,120.0,19.2895,169.5779,62.573,synthetic_prototype_v1
WAT-03228,97.7701,4.6682,50.1279,33.9941,213.3726,31.4749,synthetic_prototype_v1
WAT-03229,82.9529,6.3429,73.8355,6.8839,184.9897,34.7999,synthetic_prototype_v1
WAT-03230,58.589,5.679,28.3326,18.7174,86.6435,47.8006,synthetic_prototype_v1
WAT-03231,32.8725,6.4107,26.33,12.0545,133.3436,71.6709,synthetic_prototype_v1
WAT-03232,71.0927,6.5828,15.3771,10.0966,151.8343,46.1028,synthetic_prototype_v1
WAT-03233,20.6818,6.3639,31.579,16.2566,112.3137,55.5115,synthetic_prototype_v1
WAT-03234,56.8392,5.5037,52.3715,39.3488,210.9476,37.2338,synthetic_prototype_v1
WAT-03235,93.3151,7.0036,105.928,32.7314,169.2168,33.1929,synthetic_prototype_v1
WAT-03236,37.0849,7.2255,88.7522,23.0243,75.7492,70.0125,synthetic_prototype_v1
WAT-03237,74.1956,6.4285,7.996,24.1536,157.4712,39.1397,synthetic_prototype_v1
WAT-03238,67.327,8.6702,22.8839,21.2431,169.0126,38.8576,synthetic_prototype_v1
WAT-03239,39.277,4.2009,11.9707,34.2644,109.9668,30.0,synthetic_prototype_v1
WAT-03240,32.3442,8.2483,45.6726,25.2068,123.0732,57.6585,synthetic_prototype_v1
WAT-03241,53.4248,9.0566,55.6582,30.0797,137.0039,40.8112,synthetic_prototype_v1
WAT-03242,20.3191,7.1154,37.5487,34.0168,86.6633,56.3886,synthetic_prototype_v1
WAT-03243,35.8427,8.2114,52.864,27.4245,159.9097,53.9593,synthetic_prototype_v1
WAT-03244,27.8814,8.2247,6.714,5.0155,117.9919,44.6433,synthetic_prototype_v1
WAT-03245,36.5848,6.3256,35.2431,18.2355,164.5261,64.9351,synthetic_prototype_v1
WAT-03246,29.7331,4.1972,44.9086,26.2997,84.8313,31.928,synthetic_prototype_v1
WAT-03247,57.7381,6.177,18.8562,23.1249,133.4876,57.0299,synthetic_prototype_v1
WAT-03248,93.6372,8.1031,89.1424,5.0382,209.028,32.2605,synthetic_prototype_v1
WAT-03249,15.602,4.1572,40.5849,11.8912,95.4491,30.1594,synthetic_prototype_v1
WAT-03250,51.4798,7.4163,42.959,16.9327,63.7904,54.897,synthetic_prototype_v1
WAT-03251,23.4568,8.3722,102.3408,23.3114,119.3264,48.9839,synthetic_prototype_v1
WAT-03252,10.0167,5.5699,42.7405,28.5608,101.0204,43.7583,synthetic_prototype_v1
WAT-03253,43.4476,5.9362,99.1332,26.6552,98.171,71.6801,synthetic_prototype_v1
WAT-03254,59.2991,9.9933,34.1966,32.4944,183.8411,32.9959,synthetic_prototype_v1
WAT-03255,36.4851,6.5377,5.8526,22.9984,137.9274,64.8624,synthetic_prototype_v1
WAT-03256,44.7723,8.789,29.361,6.1282,50.9356,37.829,synthetic_prototype_v1
WAT-03257,97.7322,6.5189,101.412,21.5543,233.5864,30.0,synthetic_prototype_v1
WAT-03258,14.2989,6.4907,86.4683,31.0605,70.6235,49.1677,synthetic_prototype_v1
WAT-03259,29.2352,9.3401,11.2457,34.863,213.1862,30.0,synthetic_prototype_v1
WAT-03260,31.4845,7.2732,37.2961,12.1759,92.888,63.3775,synthetic_prototype_v1
WAT-03261,56.1995,6.0219,28.6517,16.1778,233.3281,30.0,synthetic_prototype_v1
WAT-03262,38.8384,4.8322,21.0484,21.0558,123.7594,41.0264,synthetic_prototype_v1
WAT-03263,66.5775,9.0155,107.6234,29.6192,199.7154,35.8839,synthetic_prototype_v1
WAT-03264,51.2268,6.1737,48.3557,16.7594,83.0351,61.6386,synthetic_prototype_v1
WAT-03265,46.3205,5.6302,48.1393,15.7117,86.9571,59.9377,synthetic_prototype_v1
WAT-03266,54.0556,7.4693,6.5819,12.4253,115.5812,58.676,synthetic_prototype_v1
WAT-03267,17.0013,7.68,65.3279,17.8017,148.392,47.0426,synthetic_prototype_v1
WAT-03268,52.5815,9.0791,14.3242,8.9246,125.2733,35.5275,synthetic_prototype_v1
WAT-03269,30.511,7.0398,66.7369,26.0134,124.6806,80.4538,synthetic_prototype_v1
WAT-03270,23.6905,8.1999,16.0126,13.6182,265.6861,32.6448,synthetic_prototype_v1
WAT-03271,59.3142,8.5889,71.9794,22.9785,243.2329,30.0,synthetic_prototype_v1
WAT-03272,49.9786,7.9702,15.4111,23.4642,128.1197,57.5519,synthetic_prototype_v1
WAT-03273,21.952,8.1513,54.6625,16.2813,165.627,45.5148,synthetic_prototype_v1
WAT-03274,55.3379,7.0229,74.0913,21.5532,107.0919,69.3205,synthetic_prototype_v1
WAT-03275,14.6799,4.6107,94.3756,10.6984,140.7629,30.7596,synthetic_prototype_v1
WAT-03276,36.3681,6.5371,27.8764,26.08,119.946,80.8187,synthetic_prototype_v1
WAT-03277,95.2971,4.1368,68.5428,26.3836,246.468,32.3737,synthetic_prototype_v1
WAT-03278,92.4922,6.4891,11.3483,37.8777,105.7781,36.6043,synthetic_prototype_v1
WAT-03279,31.7315,7.0059,91.9939,9.3296,66.7009,62.2075,synthetic_prototype_v1
WAT-03280,9.8397,6.062,51.9607,34.6097,119.4217,43.7871,synthetic_prototype_v1
WAT-03281,48.1602,6.8373,77.8644,23.1702,189.7876,56.463,synthetic_prototype_v1
WAT-03282,35.9613,6.1933,41.9295,10.4146,65.8687,53.6373,synthetic_prototype_v1
WAT-03283,90.3457,6.4677,91.1064,12.51,284.9247,30.0,synthetic_prototype_v1
WAT-03284,33.7144,6.1087,38.1256,18.1603,150.3546,66.8653,synthetic_prototype_v1
WAT-03285,63.0992,7.0875,53.039,10.8827,117.3811,55.7991,synthetic_prototype_v1
WAT-03286,83.413,7.9307,110.255,26.866,95.8055,35.7378,synthetic_prototype_v1
WAT-03287,54.6138,4.5422,84.3881,18.9045,67.0729,30.0,synthetic_prototype_v1
WAT-03288,51.5811,7.2015,120.0,8.8198,91.0788,65.2331,synthetic_prototype_v1
WAT-03289,19.7627,6.7624,12.1647,14.7925,162.1808,52.3294,synthetic_prototype_v1
WAT-03290,31.4121,6.3283,76.9284,23.9028,256.9932,30.0,synthetic_prototype_v1
WAT-03291,20.4714,6.0784,50.3756,35.0647,220.6085,37.2318,synthetic_prototype_v1
WAT-03292,13.9908,5.8664,55.8274,21.1569,233.021,32.5162,synthetic_prototype_v1
WAT-03293,51.7222,5.0819,117.674,30.6375,178.9567,40.0261,synthetic_prototype_v1
WAT-03294,98.0263,7.314,6.4773,39.4923,289.6018,30.0,synthetic_prototype_v1
WAT-03295,20.3684,6.2754,23.8645,17.7178,158.0377,47.2926,synthetic_prototype_v1
WAT-03296,59.2265,7.3984,83.9988,11.1296,99.7471,58.4881,synthetic_prototype_v1
WAT-03297,24.8512,5.2967,94.759,5.3856,267.741,30.0,synthetic_prototype_v1
WAT-03298,34.8154,6.6105,57.3783,29.4441,180.8333,56.8281,synthetic_prototype_v1
WAT-03299,17.3425,6.7864,26.1761,14.1258,107.7106,58.8081,synthetic_prototype_v1
WAT-03300,42.0721,6.6192,28.5971,17.9783,118.8103,75.7496,synthetic_prototype_v1
WAT-03301,24.255,7.3408,34.6505,21.2254,89.3499,60.0409,synthetic_prototype_v1
WAT-03302,45.1904,6.5864,43.8147,23.5209,89.1108,74.3969,synthetic_prototype_v1
WAT-03303,81.6079,5.7155,11.2606,25.0566,186.4216,32.2351,synthetic_prototype_v1
WAT-03304,19.6445,6.3236,5.0,24.6551,167.2873,46.3134,synthetic_prototype_v1
WAT-03305,43.0429,5.5401,46.3062,32.9328,125.1905,59.918,synthetic_prototype_v1
WAT-03306,58.9759,8.241,72.0437,7.9462,106.6209,48.0655,synthetic_prototype_v1
WAT-03307,84.0903,9.1062,104.5026,5.2449,265.2299,31.009,synthetic_prototype_v1
WAT-03308,58.5845,7.3267,6.4461,21.9091,119.1785,50.9712,synthetic_prototype_v1
WAT-03309,56.0314,4.9361,110.3799,23.7698,172.4331,36.2634,synthetic_prototype_v1
WAT-03310,37.5256,5.5044,63.2086,20.3764,153.8547,58.9081,synthetic_prototype_v1
WAT-03311,31.3338,8.9528,54.1539,35.4195,86.8965,41.6541,synthetic_prototype_v1
WAT-03312,57.6282,9.9768,101.2493,30.7537,105.2872,30.0,synthetic_prototype_v1
WAT-03313,42.2751,8.9189,59.946,13.111,128.8068,44.5001,synthetic_prototype_v1
WAT-03314,18.7512,5.3658,54.5531,21.1285,200.3296,38.9551,synthetic_prototype_v1
WAT-03315,42.4705,6.5096,24.1576,18.8871,81.4654,65.3525,synthetic_prototype_v1
WAT-03316,48.2362,7.0388,105.9071,31.2084,71.1675,65.8947,synthetic_prototype_v1
WAT-03317,13.5919,8.5724,37.9928,28.3729,125.3936,40.9632,synthetic_prototype_v1
WAT-03318,24.1735,7.0644,32.7188,22.8481,173.5188,53.2898,synthetic_prototype_v1
WAT-03319,15.5188,7.537,90.0879,36.0421,248.702,31.1363,synthetic_prototype_v1
WAT-03320,81.2585,8.8012,114.6526,17.1758,225.8346,30.0875,synthetic_prototype_v1
WAT-03321,6.7253,7.172,105.1749,6.7251,112.071,45.7811,synthetic_prototype_v1
WAT-03322,41.9378,6.4536,6.6767,19.9867,148.0734,65.1648,synthetic_prototype_v1
WAT-03323,76.2484,6.1288,39.5285,38.0101,179.1888,36.9465,synthetic_prototype_v1
WAT-03324,21.7934,9.1634,44.6782,36.5168,279.7923,31.1939,synthetic_prototype_v1
WAT-03325,78.793,4.5494,101.0978,25.0893,231.667,33.3271,synthetic_prototype_v1
WAT-03326,41.0146,6.7438,26.8704,10.2279,142.3626,70.4355,synthetic_prototype_v1
WAT-03327,75.9722,9.2365,69.2078,32.3498,203.357,30.4171,synthetic_prototype_v1
WAT-03328,56.769,6.3358,26.5866,24.2181,152.1652,57.8158,synthetic_prototype_v1
WAT-03329,41.2939,5.3522,25.3965,12.904,161.2704,48.397,synthetic_prototype_v1
WAT-03330,40.2279,7.44,35.0063,11.9131,82.0931,62.5769,synthetic_prototype_v1
WAT-03331,52.5993,7.0669,74.9718,28.0684,209.0925,40.8538,synthetic_prototype_v1
WAT-03332,58.1779,6.3238,5.0,24.9194,95.6364,50.2271,synthetic_prototype_v1
WAT-03333,38.6995,6.5159,74.6919,15.1884,110.399,85.9824,synthetic_prototype_v1
WAT-03334,69.6033,8.5604,23.1988,27.6257,71.0405,34.8319,synthetic_prototype_v1
WAT-03335,50.587,5.9737,10.2418,29.8567,237.7277,30.0,synthetic_prototype_v1
WAT-03336,97.1435,9.3754,67.2667,24.065,116.7436,34.2908,synthetic_prototype_v1
WAT-03337,34.1417,6.3484,70.3692,12.7272,110.2299,79.523,synthetic_prototype_v1
WAT-03338,50.5446,9.8572,61.8009,22.372,98.6737,30.0,synthetic_prototype_v1
WAT-03339,93.0427,8.9156,33.1865,25.6075,55.7675,33.1346,synthetic_prototype_v1
WAT-03340,50.7307,5.4747,84.8373,15.9769,94.8752,55.5656,synthetic_prototype_v1
WAT-03341,59.2671,7.2904,106.6413,9.4072,224.4682,35.0026,synthetic_prototype_v1
WAT-03342,42.9692,5.2673,13.5824,8.1616,158.0736,45.7695,synthetic_prototype_v1
WAT-03343,42.3272,5.9486,76.9924,11.3183,109.1743,74.3844,synthetic_prototype_v1
WAT-03344,27.4542,6.6543,7.7246,15.3393,278.3689,31.4247,synthetic_prototype_v1
WAT-03345,28.7087,5.4565,49.642,20.1689,135.4471,56.1872,synthetic_prototype_v1
WAT-03346,52.9133,7.0536,39.9806,28.803,98.6139,65.2188,synthetic_prototype_v1
WAT-03347,48.2957,6.4612,8.8286,20.3712,142.6024,60.1733,synthetic_prototype_v1
WAT-03348,22.8987,7.2436,12.7794,13.8852,123.6751,60.8208,synthetic_prototype_v1
WAT-03349,50.3341,7.2189,99.2711,31.7767,179.57,58.2798,synthetic_prototype_v1
WAT-03350,70.7255,5.9326,108.718,7.5907,90.0148,39.6858,synthetic_prototype_v1
WAT-03351,31.0272,7.4299,6.2425,26.5003,113.8586,61.8135,synthetic_prototype_v1
WAT-03352,33.1779,7.0732,100.6285,12.7709,119.5119,79.129,synthetic_prototype_v1
WAT-03353,53.0013,5.2983,35.3976,22.8852,88.1439,51.1891,synthetic_prototype_v1
WAT-03354,23.9565,7.3555,67.679,38.207,245.1261,30.2332,synthetic_prototype_v1
WAT-03355,47.0523,7.5682,71.1947,39.2771,276.2768,30.0,synthetic_prototype_v1
WAT-03356,88.6984,8.8981,48.0732,22.1397,262.5045,33.8127,synthetic_prototype_v1
WAT-03357,45.9847,4.5014,19.2474,28.5776,124.797,31.963,synthetic_prototype_v1
WAT-03358,35.8411,7.433,89.59,14.9594,257.1357,30.0,synthetic_prototype_v1
WAT-03359,29.7669,5.3505,36.5572,12.8586,282.5967,30.0,synthetic_prototype_v1
WAT-03360,63.3661,6.8307,91.499,19.6791,165.8664,48.5134,synthetic_prototype_v1
WAT-03361,15.9503,5.1627,22.1421,22.7635,189.2596,37.7598,synthetic_prototype_v1
WAT-03362,31.4861,7.0236,102.1925,24.0486,83.0038,67.9846,synthetic_prototype_v1
WAT-03363,21.4345,7.7947,27.8043,24.1538,291.0765,32.6942,synthetic_prototype_v1
WAT-03364,44.6738,9.2545,87.9865,17.8714,127.4999,32.429,synthetic_prototype_v1
WAT-03365,21.8374,8.1672,22.871,15.9634,237.3716,30.0,synthetic_prototype_v1
WAT-03366,37.0352,5.802,120.0,11.571,136.7632,69.7798,synthetic_prototype_v1
WAT-03367,33.5667,7.723,43.3229,8.7647,137.6628,66.3117,synthetic_prototype_v1
WAT-03368,61.9591,6.5717,51.4422,15.5626,132.267,58.7395,synthetic_prototype_v1
WAT-03369,58.8914,5.3822,31.707,18.8969,152.1247,46.3603,synthetic_prototype_v1
WAT-03370,30.065,8.073,54.7852,6.5374,163.9433,52.0869,synthetic_prototype_v1
WAT-03371,54.385,8.6239,95.0548,6.9246,103.3812,47.7169,synthetic_prototype_v1
WAT-03372,26.2247,6.6759,5.6041,12.9842,152.026,55.9514,synthetic_prototype_v1
WAT-03373,14.7402,7.1071,17.7864,18.0878,141.338,48.1595,synthetic_prototype_v1
WAT-03374,80.6743,5.9206,116.0416,7.2236,252.3828,30.774,synthetic_prototype_v1
WAT-03375,99.5778,5.9909,84.513,39.5589,142.3749,32.4341,synthetic_prototype_v1
WAT-03376,84.9967,9.4917,77.3578,34.8944,147.5009,30.0,synthetic_prototype_v1
WAT-03377,86.6554,4.9451,103.9027,6.5392,233.2639,30.0,synthetic_prototype_v1
WAT-03378,77.5727,4.9422,39.8168,35.4974,259.9152,30.0,synthetic_prototype_v1
WAT-03379,39.3131,6.0302,16.1395,13.861,107.0629,65.469,synthetic_prototype_v1
WAT-03380,39.9663,5.609,56.4464,20.0981,93.3101,61.7366,synthetic_prototype_v1
WAT-03381,60.0029,9.1926,25.6276,22.4183,73.8349,30.0,synthetic_prototype_v1
WAT-03382,44.1251,5.0312,23.6676,24.4452,266.9502,30.0,synthetic_prototype_v1
WAT-03383,49.5861,4.0049,9.2319,36.6372,145.8602,31.7897,synthetic_prototype_v1
WAT-03384,76.0667,9.5164,76.0684,13.5087,244.556,30.0132,synthetic_prototype_v1
WAT-03385,94.6936,8.3039,116.8841,39.4344,128.3821,30.5917,synthetic_prototype_v1
WAT-03386,58.515,5.841,104.3007,23.4096,281.0415,30.3734,synthetic_prototype_v1
WAT-03387,17.0236,4.6916,5.4004,37.3504,161.191,30.0,synthetic_prototype_v1
WAT-03388,32.963,6.7372,9.9844,22.9307,114.9511,67.6834,synthetic_prototype_v1
WAT-03389,50.2287,5.9671,50.4246,33.9444,294.6133,33.739,synthetic_prototype_v1
WAT-03390,53.3804,6.8772,17.5458,17.8716,107.5348,66.9675,synthetic_prototype_v1
WAT-03391,49.657,8.5774,23.0627,23.974,95.2742,44.8267,synthetic_prototype_v1
WAT-03392,54.1778,9.5551,9.9612,10.8129,280.6829,30.0,synthetic_prototype_v1
WAT-03393,88.8066,4.9938,114.3903,30.1336,188.7361,31.8098,synthetic_prototype_v1
WAT-03394,46.2632,5.3538,37.7811,13.0269,188.1092,44.3851,synthetic_prototype_v1
WAT-03395,73.9871,5.1937,8.61,36.8314,178.2113,33.6527,synthetic_prototype_v1
WAT-03396,42.4854,6.0445,7.9975,13.9458,130.9304,64.9595,synthetic_prototype_v1
WAT-03397,32.4854,4.5535,109.3972,31.3195,57.0436,33.1624,synthetic_prototype_v1
WAT-03398,33.6535,7.0238,42.4607,11.2554,144.9144,76.7612,synthetic_prototype_v1
WAT-03399,31.0114,7.4439,78.2925,21.6039,153.7196,73.668,synthetic_prototype_v1
WAT-03400,37.3175,6.2861,67.4784,26.0281,145.3023,77.6708,synthetic_prototype_v1
WAT-03401,22.8436,6.5583,42.9653,25.1463,66.9392,53.5466,synthetic_prototype_v1
WAT-03402,65.7063,9.2167,95.6452,21.7099,259.6217,30.0,synthetic_prototype_v1
WAT-03403,55.1085,8.2001,17.5025,30.1769,148.1136,45.0787,synthetic_prototype_v1
WAT-03404,57.6334,4.4847,79.8586,7.0489,57.8353,30.0,synthetic_prototype_v1
WAT-03405,31.238,5.818,102.1255,14.5783,135.0577,67.0624,synthetic_prototype_v1
WAT-03406,46.0508,5.4872,38.4706,26.5118,164.0588,52.4145,synthetic_prototype_v1
WAT-03407,33.24,7.1137,7.1383,13.2714,85.8268,57.1504,synthetic_prototype_v1
WAT-03408,39.6499,6.7437,41.0038,10.4309,98.315,74.4889,synthetic_prototype_v1
WAT-03409,52.3876,9.6221,119.4855,22.3842,134.4592,32.986,synthetic_prototype_v1
WAT-03410,93.9836,6.3571,47.2635,7.2535,59.6735,30.1369,synthetic_prototype_v1
WAT-03411,88.0599,9.9965,96.7498,25.9558,203.1547,31.7002,synthetic_prototype_v1
WAT-03412,58.3162,7.3844,54.9105,36.1406,107.7232,59.2602,synthetic_prototype_v1
WAT-03413,44.3615,6.063,64.565,10.6328,119.5103,76.4721,synthetic_prototype_v1
WAT-03414,31.4208,8.3023,12.4839,10.2403,232.3203,30.0,synthetic_prototype_v1
WAT-03415,37.3323,7.1869,33.3955,28.3483,134.5673,82.0705,synthetic_prototype_v1
WAT-03416,26.4313,6.7217,27.4569,37.0229,262.4806,30.5585,synthetic_prototype_v1
WAT-03417,51.8625,5.8726,11.1135,10.6239,296.9101,30.0,synthetic_prototype_v1
WAT-03418,79.8091,5.1338,109.1432,9.1015,62.392,32.9461,synthetic_prototype_v1
WAT-03419,89.0607,6.8512,74.0375,31.1578,192.4327,31.9358,synthetic_prototype_v1
WAT-03420,32.0746,6.4411,25.3615,14.4166,129.366,73.0737,synthetic_prototype_v1
WAT-03421,10.279,8.267,118.0456,6.0882,214.2546,33.4334,synthetic_prototype_v1
WAT-03422,40.4067,4.5996,80.1369,27.5849,182.6695,30.4526,synthetic_prototype_v1
WAT-03423,46.4196,7.2006,20.296,24.7446,119.7349,69.4504,synthetic_prototype_v1
WAT-03424,92.1526,8.1152,65.7717,39.1487,131.2978,30.8806,synthetic_prototype_v1
WAT-03425,49.9145,7.6901,48.9287,25.5241,254.9098,30.0,synthetic_prototype_v1
WAT-03426,62.9884,5.9027,81.5425,18.1864,209.9171,40.967,synthetic_prototype_v1
WAT-03427,18.6713,4.5092,93.8419,15.3294,83.406,30.0,synthetic_prototype_v1
WAT-03428,25.6465,7.2849,33.1789,19.6363,195.5771,40.7112,synthetic_prototype_v1
WAT-03429,65.3236,6.9216,16.5119,13.0329,73.4602,44.7407,synthetic_prototype_v1
WAT-03430,77.0594,7.0191,9.6036,35.9697,65.3817,39.9917,synthetic_prototype_v1
WAT-03431,5.1578,6.0408,84.6653,11.3922,131.7201,43.6907,synthetic_prototype_v1
WAT-03432,42.0886,6.0397,23.795,17.1358,120.89,66.576,synthetic_prototype_v1
WAT-03433,21.6067,9.092,46.2156,32.2186,95.487,37.6492,synthetic_prototype_v1
WAT-03434,91.7038,5.026,35.8684,37.807,206.0158,30.0,synthetic_prototype_v1
WAT-03435,26.125,6.2277,13.4654,38.0057,249.1494,30.0,synthetic_prototype_v1
WAT-03436,63.0232,7.3752,47.3915,22.8031,65.4388,45.2804,synthetic_prototype_v1
WAT-03437,64.5943,7.3389,42.7365,19.9859,288.0076,30.4653,synthetic_prototype_v1
WAT-03438,86.0677,4.6086,71.8618,38.3267,103.8961,30.0,synthetic_prototype_v1
WAT-03439,40.3588,6.4455,76.8451,32.5435,143.1936,79.6307,synthetic_prototype_v1
WAT-03440,43.2408,8.0984,63.5168,15.8679,128.2663,61.2917,synthetic_prototype_v1
WAT-03441,37.8202,7.8999,36.797,22.2452,141.1513,63.4932,synthetic_prototype_v1
WAT-03442,15.3818,4.7953,16.0853,32.4406,277.7643,30.0,synthetic_prototype_v1
WAT-03443,90.3448,5.0999,106.1124,18.7501,249.0404,30.0,synthetic_prototype_v1
WAT-03444,15.9716,9.5843,64.6138,9.3964,94.9557,30.4155,synthetic_prototype_v1
WAT-03445,21.4504,7.2754,33.2971,30.4126,176.6011,46.8137,synthetic_prototype_v1
WAT-03446,56.7999,6.673,117.2943,18.2326,137.7766,66.9022,synthetic_prototype_v1
WAT-03447,30.9315,5.67,67.3263,20.4013,128.4945,65.8594,synthetic_prototype_v1
WAT-03448,29.2719,6.7515,23.0507,22.5718,133.7868,69.0671,synthetic_prototype_v1
WAT-03449,41.8104,8.3765,63.5798,22.7515,261.9608,30.0,synthetic_prototype_v1
WAT-03450,45.4924,6.4334,120.0,16.2258,150.6874,72.4232,synthetic_prototype_v1
WAT-03451,46.383,6.8118,68.4201,10.8144,142.7758,76.4283,synthetic_prototype_v1
WAT-03452,76.3297,5.9684,20.6483,34.9274,163.5917,37.5698,synthetic_prototype_v1
WAT-03453,42.4898,8.9603,76.972,32.2102,83.6105,41.2561,synthetic_prototype_v1
WAT-03454,85.6964,4.9791,119.472,19.0072,289.1588,30.2183,synthetic_prototype_v1
WAT-03455,11.2775,9.0457,84.4539,33.5668,109.8011,36.0667,synthetic_prototype_v1
WAT-03456,52.5728,9.7713,102.3521,31.2056,68.9558,30.0,synthetic_prototype_v1
WAT-03457,13.9468,4.1895,24.5643,12.7987,102.4814,30.0,synthetic_prototype_v1
WAT-03458,26.7788,7.4346,36.693,19.6305,129.899,65.3238,synthetic_prototype_v1
WAT-03459,69.7263,7.1148,68.8851,28.4339,251.1768,32.179,synthetic_prototype_v1
WAT-03460,36.337,6.6405,44.7686,18.8573,112.8216,79.3554,synthetic_prototype_v1
WAT-03461,12.4806,6.7937,67.6955,15.4193,107.7545,49.2816,synthetic_prototype_v1
WAT-03462,35.5009,6.2644,31.4539,16.7426,135.5585,76.3949,synthetic_prototype_v1
WAT-03463,44.3403,6.5101,120.0,30.2492,120.5134,86.0757,synthetic_prototype_v1
WAT-03464,43.2031,8.5532,53.7358,31.3953,256.7911,30.0,synthetic_prototype_v1
WAT-03465,52.9258,5.6717,7.6411,14.6437,104.9831,50.041,synthetic_prototype_v1
WAT-03466,51.5333,7.4291,80.488,29.1645,264.2855,30.0,synthetic_prototype_v1
WAT-03467,98.4246,5.934,37.7248,18.7334,239.2831,31.081,synthetic_prototype_v1
WAT-03468,24.188,4.2017,30.7023,11.0988,221.6173,30.0,synthetic_prototype_v1
WAT-03469,78.1683,7.7181,106.8607,37.6544,126.6735,39.1436,synthetic_prototype_v1
WAT-03470,27.2968,5.4275,39.3079,6.543,193.5686,39.3546,synthetic_prototype_v1
WAT-03471,25.152,6.2145,20.3671,22.2398,123.0617,61.5885,synthetic_prototype_v1
WAT-03472,37.3661,7.7175,28.8237,14.5493,144.0107,66.3825,synthetic_prototype_v1
WAT-03473,9.9162,4.9544,38.7127,24.6254,191.1333,34.3873,synthetic_prototype_v1
WAT-03474,53.6631,6.8753,41.7326,10.7871,155.588,62.6922,synthetic_prototype_v1
WAT-03475,51.6695,5.8574,61.9076,20.702,119.1012,69.9337,synthetic_prototype_v1
WAT-03476,37.1338,6.4461,31.1335,17.4826,72.6395,64.8439,synthetic_prototype_v1
WAT-03477,85.9415,8.0681,30.6961,27.2487,202.0153,30.7445,synthetic_prototype_v1
WAT-03478,23.9913,9.9586,60.12,24.145,168.9472,32.2314,synthetic_prototype_v1
WAT-03479,91.6954,4.2105,30.9029,9.1886,99.9963,30.0,synthetic_prototype_v1
WAT-03480,85.9136,9.0992,84.3431,28.1291,243.8801,30.1701,synthetic_prototype_v1
WAT-03481,21.9927,7.111,57.441,17.7241,91.7762,59.039,synthetic_prototype_v1
WAT-03482,62.1897,5.3706,60.5109,31.0112,230.6427,30.5291,synthetic_prototype_v1
WAT-03483,69.374,5.4874,7.3729,27.2986,256.4369,34.9317,synthetic_prototype_v1
WAT-03484,38.0293,8.1602,69.4811,21.5137,58.1951,47.8036,synthetic_prototype_v1
WAT-03485,11.6159,8.9942,63.1706,14.238,138.3066,36.8157,synthetic_prototype_v1
WAT-03486,83.1968,7.0753,54.7465,22.6919,163.9936,38.588,synthetic_prototype_v1
WAT-03487,57.1183,4.3226,93.4478,39.0994,120.8969,30.0,synthetic_prototype_v1
WAT-03488,47.0709,6.4699,78.7631,31.4307,129.9158,81.2171,synthetic_prototype_v1
WAT-03489,7.8552,4.8427,53.8471,38.8975,158.5216,31.3759,synthetic_prototype_v1
WAT-03490,34.8895,6.8466,26.1479,7.3077,126.024,77.003,synthetic_prototype_v1
WAT-03491,47.0198,4.5885,59.6247,12.0946,267.0696,32.7916,synthetic_prototype_v1
WAT-03492,7.9445,5.8106,70.0251,29.8305,261.3049,30.0,synthetic_prototype_v1
WAT-03493,39.8252,4.1869,109.2109,36.2474,200.7176,31.9498,synthetic_prototype_v1
WAT-03494,65.0081,9.4129,19.1074,20.9494,231.3145,30.0,synthetic_prototype_v1
WAT-03495,65.2813,5.1444,61.6375,32.0777,127.8328,43.187,synthetic_prototype_v1
WAT-03496,22.9998,6.5716,77.096,16.8141,299.0652,30.0,synthetic_prototype_v1
WAT-03497,30.5989,6.202,13.8113,17.1536,121.3103,64.6113,synthetic_prototype_v1
WAT-03498,54.4469,7.9857,16.7469,23.6753,146.6726,47.9478,synthetic_prototype_v1
WAT-03499,38.7593,5.5816,12.9269,19.4568,179.6328,45.6591,synthetic_prototype_v1
WAT-03500,16.3689,5.1425,97.0517,35.3427,123.9111,46.9186,synthetic_prototype_v1
WAT-03501,56.0632,5.6481,92.6026,15.7294,207.6572,42.7719,synthetic_prototype_v1
WAT-03502,14.2129,7.1251,11.4332,33.0926,137.8511,51.238,synthetic_prototype_v1
WAT-03503,59.1484,5.8881,27.7006,10.1111,105.7278,53.1154,synthetic_prototype_v1
WAT-03504,26.6474,7.1495,60.1821,20.6766,223.3763,37.9297,synthetic_prototype_v1
WAT-03505,20.5564,4.3409,81.824,8.8334,204.3661,30.0,synthetic_prototype_v1
WAT-03506,34.7026,8.3518,30.2982,14.4166,132.8117,55.1488,synthetic_prototype_v1
WAT-03507,98.7297,4.7538,98.9668,26.8938,211.3055,30.0,synthetic_prototype_v1
WAT-03508,43.3089,6.6284,83.1317,15.7641,134.3847,84.4479,synthetic_prototype_v1
WAT-03509,52.3913,6.27,26.9354,17.3472,81.1643,57.4658,synthetic_prototype_v1
WAT-03510,44.5908,7.1266,15.3706,18.3638,145.5851,66.0574,synthetic_prototype_v1
WAT-03511,87.4352,7.5269,36.1121,12.326,130.3064,34.8314,synthetic_prototype_v1
WAT-03512,37.1557,6.3393,16.4134,14.1309,136.7891,69.371,synthetic_prototype_v1
WAT-03513,43.2488,6.0787,69.2119,19.4252,120.9815,81.0029,synthetic_prototype_v1
WAT-03514,98.5417,5.2161,81.7159,34.6947,66.4938,34.453,synthetic_prototype_v1
WAT-03515,72.2452,7.6733,6.1623,31.0798,260.7008,30.0,synthetic_prototype_v1
WAT-03516,40.8418,4.2393,55.6408,37.5341,130.7624,30.1666,synthetic_prototype_v1
WAT-03517,15.3147,9.2925,109.0011,34.3188,242.3008,30.0,synthetic_prototype_v1
WAT-03518,46.5704,6.0148,76.4074,14.37,132.9233,72.1859,synthetic_prototype_v1
WAT-03519,52.7731,9.4588,53.9432,27.5082,207.119,30.597,synthetic_prototype_v1
WAT-03520,32.6834,6.0582,94.1248,24.9769,146.7362,73.5112,synthetic_prototype_v1
WAT-03521,22.235,6.7922,64.8614,14.0335,127.513,66.348,synthetic_prototype_v1
WAT-03522,44.0997,8.847,23.2176,24.3015,228.9949,30.0239,synthetic_prototype_v1
WAT-03523,59.7545,7.6673,76.9814,19.101,112.3146,57.2388,synthetic_prototype_v1
WAT-03524,32.5107,7.641,8.9154,23.8689,110.1155,61.6558,synthetic_prototype_v1
WAT-03525,45.373,5.2586,9.0859,13.3453,122.2521,50.0642,synthetic_prototype_v1
WAT-03526,56.2551,7.6248,90.8214,9.0967,151.1572,55.1042,synthetic_prototype_v1
WAT-03527,52.8429,5.9792,15.9684,22.5163,114.8843,57.0633,synthetic_prototype_v1
WAT-03528,90.7748,6.9169,46.946,23.254,79.9918,35.6581,synthetic_prototype_v1
WAT-03529,77.2401,7.2083,48.8773,5.356,157.1044,35.2996,synthetic_prototype_v1
WAT-03530,93.36,6.4511,11.2777,19.8236,244.6539,30.9569,synthetic_prototype_v1
WAT-03531,18.7298,4.82,110.9415,20.4132,213.122,30.0,synthetic_prototype_v1
WAT-03532,38.1225,7.0969,44.8854,14.7584,128.413,84.8472,synthetic_prototype_v1
WAT-03533,54.9208,6.5506,16.1891,12.9068,70.1444,51.7268,synthetic_prototype_v1
WAT-03534,29.2233,7.15,11.9182,24.4369,173.7174,53.1167,synthetic_prototype_v1
WAT-03535,51.4802,9.143,67.5334,29.1601,181.9203,34.3578,synthetic_prototype_v1
WAT-03536,34.3369,7.2486,66.4037,25.0516,98.4413,78.1825,synthetic_prototype_v1
WAT-03537,98.9174,8.5944,9.2219,25.8587,212.1896,30.0,synthetic_prototype_v1
WAT-03538,48.8593,5.7114,5.8265,28.6916,120.9842,55.2635,synthetic_prototype_v1
WAT-03539,93.9972,9.0152,69.616,24.6412,65.81,34.971,synthetic_prototype_v1
WAT-03540,68.8651,6.6473,87.0881,37.6763,251.8445,34.2884,synthetic_prototype_v1
WAT-03541,80.3954,8.8359,27.4064,16.5779,225.6422,31.5124,synthetic_prototype_v1
WAT-03542,33.4414,4.1589,12.0299,5.2132,158.1424,30.0,synthetic_prototype_v1
WAT-03543,41.0232,7.322,23.8337,24.0,120.2791,73.9362,synthetic_prototype_v1
WAT-03544,87.3461,4.0217,86.1054,11.6139,251.844,30.0,synthetic_prototype_v1
WAT-03545,89.6253,4.7017,30.1984,18.9422,244.164,30.0,synthetic_prototype_v1
WAT-03546,17.7825,9.5875,63.2851,11.2889,151.9236,30.0,synthetic_prototype_v1
WAT-03547,55.1168,5.9871,95.4795,18.7057,178.5147,52.6068,synthetic_prototype_v1
WAT-03548,31.645,4.8943,17.1308,17.3074,117.7246,36.8926,synthetic_prototype_v1
WAT-03549,48.7626,8.0525,45.8785,9.6382,107.189,56.9502,synthetic_prototype_v1
WAT-03550,95.5276,5.276,106.7653,12.4873,173.1855,30.0,synthetic_prototype_v1
WAT-03551,44.7721,6.8297,23.2455,25.3308,134.5843,78.2981,synthetic_prototype_v1
WAT-03552,25.7884,6.8137,29.7816,25.8611,184.3963,49.1411,synthetic_prototype_v1
WAT-03553,42.6262,8.4009,5.4443,12.6634,232.9578,30.0,synthetic_prototype_v1
WAT-03554,20.8281,6.0278,10.549,19.39,122.8514,52.187,synthetic_prototype_v1
WAT-03555,43.0058,7.4549,8.2281,27.6923,239.2651,30.0,synthetic_prototype_v1
WAT-03556,91.6595,7.3153,103.5107,12.6322,287.2411,30.0,synthetic_prototype_v1
WAT-03557,60.8253,8.3781,6.573,10.4998,238.7324,30.0,synthetic_prototype_v1
WAT-03558,10.2507,7.6488,98.4722,26.2567,202.2006,40.1766,synthetic_prototype_v1
WAT-03559,47.5832,6.618,40.6932,18.1063,110.6413,79.4181,synthetic_prototype_v1
WAT-03560,57.6856,5.1849,48.1381,24.3931,167.8712,43.0692,synthetic_prototype_v1
WAT-03561,52.5126,6.4487,34.15,29.1935,143.7168,66.5457,synthetic_prototype_v1
WAT-03562,43.7079,6.2564,22.847,32.7733,140.5617,70.2749,synthetic_prototype_v1
WAT-03563,42.2944,8.4105,26.0611,26.9448,290.1918,30.0,synthetic_prototype_v1
WAT-03564,61.0804,7.3919,68.7617,27.9504,283.9772,32.2569,synthetic_prototype_v1
WAT-03565,38.6876,5.8408,120.0,16.4566,86.5162,63.8522,synthetic_prototype_v1
WAT-03566,37.3701,5.36,72.3778,11.959,99.7855,58.8625,synthetic_prototype_v1
WAT-03567,25.0114,8.0421,50.3344,7.9517,128.5231,55.4812,synthetic_prototype_v1
WAT-03568,82.1517,9.4445,57.7258,5.468,119.6266,31.8122,synthetic_prototype_v1
WAT-03569,55.3258,7.0859,112.1224,11.7562,76.7966,59.6574,synthetic_prototype_v1
WAT-03570,46.8157,7.3464,96.1166,21.3326,153.9624,70.8996,synthetic_prototype_v1
WAT-03571,40.7899,7.7787,15.0199,8.7299,74.8443,51.1845,synthetic_prototype_v1
WAT-03572,20.7213,4.661,98.8321,27.7303,93.6157,30.0,synthetic_prototype_v1
WAT-03573,53.7756,8.6348,36.2672,18.053,151.4681,41.6743,synthetic_prototype_v1
WAT-03574,92.8568,8.4344,79.2888,22.0488,220.709,31.2788,synthetic_prototype_v1
WAT-03575,42.0395,7.9607,86.6342,12.0847,199.2149,43.3228,synthetic_prototype_v1
WAT-03576,40.2222,6.7977,57.5866,21.7599,130.0846,87.191,synthetic_prototype_v1
WAT-03577,64.0769,8.6698,90.3357,23.933,239.5239,34.8034,synthetic_prototype_v1
WAT-03578,41.4176,6.4816,100.9565,11.4798,262.2629,30.0,synthetic_prototype_v1
WAT-03579,45.8134,5.6729,55.5966,19.9294,135.3372,61.1007,synthetic_prototype_v1
WAT-03580,51.6535,8.1035,22.042,10.7813,114.215,53.8202,synthetic_prototype_v1
WAT-03581,25.5456,8.0826,36.5772,11.1256,213.9106,36.37,synthetic_prototype_v1
WAT-03582,30.0302,6.0872,110.0574,35.3099,213.3814,37.2758,synthetic_prototype_v1
WAT-03583,74.9697,7.5394,29.1506,25.6634,148.0218,38.4409,synthetic_prototype_v1
WAT-03584,32.8019,7.1217,46.0669,12.3729,124.7288,75.2199,synthetic_prototype_v1
WAT-03585,36.022,8.5353,15.4845,25.8913,56.4127,40.0557,synthetic_prototype_v1
WAT-03586,44.0569,5.9774,14.2054,19.0652,137.4617,67.1104,synthetic_prototype_v1
WAT-03587,53.2935,6.6907,100.7126,17.2257,293.2865,30.0,synthetic_prototype_v1
WAT-03588,94.3018,5.7548,53.5895,9.8053,165.6316,31.35,synthetic_prototype_v1
WAT-03589,55.5564,7.8416,11.0285,15.2877,87.671,49.0688,synthetic_prototype_v1
WAT-03590,17.5545,6.5122,15.0688,20.2921,113.6079,50.9423,synthetic_prototype_v1
WAT-03591,50.7077,5.2045,21.3051,25.2037,186.3573,42.4774,synthetic_prototype_v1
WAT-03592,87.2184,5.9325,27.8205,11.026,261.9349,31.078,synthetic_prototype_v1
WAT-03593,51.9648,6.8588,39.1903,19.0389,139.4844,73.1742,synthetic_prototype_v1
WAT-03594,69.282,8.115,105.9734,29.8889,121.6732,44.3953,synthetic_prototype_v1
WAT-03595,46.4501,9.5671,63.4161,5.0854,229.9119,32.1982,synthetic_prototype_v1
WAT-03596,80.5999,7.2896,19.4192,31.0384,231.0888,30.0,synthetic_prototype_v1
WAT-03597,65.2556,5.5192,48.2292,8.1103,128.3568,46.769,synthetic_prototype_v1
WAT-03598,50.4485,6.8756,36.64,7.0807,237.0,30.4386,synthetic_prototype_v1
WAT-03599,27.5514,7.8998,89.6891,5.425,67.7543,49.9953,synthetic_prototype_v1
WAT-03600,25.3812,4.8601,110.2069,15.9968,147.4583,35.2781,synthetic_prototype_v1
WAT-03601,43.3852,6.4871,44.7792,20.3382,140.3908,79.7614,synthetic_prototype_v1
WAT-03602,37.4586,7.1267,86.7345,18.9897,118.7312,86.374,synthetic_prototype_v1
WAT-03603,82.375,7.6866,48.653,21.2373,297.743,32.5958,synthetic_prototype_v1
WAT-03604,15.2354,7.9167,79.1296,9.9669,134.0643,49.5205,synthetic_prototype_v1
WAT-03605,50.0236,4.0733,59.93,25.2771,202.2174,31.7117,synthetic_prototype_v1
WAT-03606,78.8491,6.9897,56.8973,14.4496,179.6889,37.382,synthetic_prototype_v1
WAT-03607,27.3643,7.9812,22.7425,21.0618,126.7226,57.0238,synthetic_prototype_v1
WAT-03608,42.6532,6.4367,61.9384,25.011,75.4393,66.4513,synthetic_prototype_v1
WAT-03609,16.5591,7.2715,5.7648,20.1131,106.0706,48.3729,synthetic_prototype_v1
WAT-03610,35.3176,9.4543,46.1391,28.5296,81.6455,30.0,synthetic_prototype_v1
WAT-03611,95.5491,5.4716,79.9633,5.2782,264.6779,30.7691,synthetic_prototype_v1
WAT-03612,42.707,6.7235,21.2617,16.4726,88.2014,66.6978,synthetic_prototype_v1
WAT-03613,36.6872,9.1867,77.747,9.9312,207.0739,30.9597,synthetic_prototype_v1
WAT-03614,16.2743,6.6211,66.7955,30.2255,234.457,30.0,synthetic_prototype_v1
WAT-03615,16.2106,6.3598,35.1635,38.5449,215.1246,39.4215,synthetic_prototype_v1
WAT-03616,40.783,7.1835,48.6907,22.2399,106.0339,75.3117,synthetic_prototype_v1
WAT-03617,29.9269,7.5372,8.2185,28.0762,151.64,56.8054,synthetic_prototype_v1
WAT-03618,52.8243,6.4409,40.7389,22.5902,146.06,61.1493,synthetic_prototype_v1
WAT-03619,35.9872,6.7529,120.0,5.2249,129.0012,81.0029,synthetic_prototype_v1
WAT-03620,28.5448,5.925,25.0735,29.6069,85.9209,55.8794,synthetic_prototype_v1
WAT-03621,97.0718,8.8738,43.5763,28.1941,204.1384,30.6151,synthetic_prototype_v1
WAT-03622,59.0141,5.5588,16.4948,25.7832,170.5437,43.0886,synthetic_prototype_v1
WAT-03623,11.0162,9.5479,43.9887,13.8546,183.6934,30.0,synthetic_prototype_v1
WAT-03624,91.2225,5.1746,28.2091,13.6587,184.8122,31.8171,synthetic_prototype_v1
WAT-03625,21.8631,8.3621,106.111,39.0674,79.4943,45.6343,synthetic_prototype_v1
WAT-03626,13.0578,5.169,33.5398,13.1897,256.6001,30.0,synthetic_prototype_v1
WAT-03627,22.9104,6.669,111.5226,7.6906,146.8229,61.6137,synthetic_prototype_v1
WAT-03628,41.0373,6.4253,55.2766,12.7937,130.9427,85.6675,synthetic_prototype_v1
WAT-03629,17.4214,6.6662,80.8646,12.0735,70.0898,48.5492,synthetic_prototype_v1
WAT-03630,67.9778,8.548,93.4742,21.8318,148.166,43.5291,synthetic_prototype_v1
WAT-03631,15.5059,8.4741,109.6974,25.7588,65.3382,40.8646,synthetic_prototype_v1
WAT-03632,55.7148,6.7876,36.4647,21.616,225.8819,38.4645,synthetic_prototype_v1
WAT-03633,54.5881,9.6974,66.9257,11.0555,168.0475,30.0,synthetic_prototype_v1
WAT-03634,38.2302,7.4075,35.2289,17.2061,86.4706,66.8945,synthetic_prototype_v1
WAT-03635,76.1885,7.6931,50.7441,39.9671,130.8979,39.9708,synthetic_prototype_v1
WAT-03636,26.2541,6.8415,25.9442,18.5855,150.9844,63.8392,synthetic_prototype_v1
WAT-03637,57.9012,8.1844,102.6522,14.6726,187.9786,38.6921,synthetic_prototype_v1
WAT-03638,97.9143,9.2925,56.5548,28.0697,106.9459,30.0,synthetic_prototype_v1
WAT-03639,34.1503,8.2967,16.2079,6.1045,195.1594,40.1856,synthetic_prototype_v1
WAT-03640,44.2518,7.7526,5.0,17.6647,112.2811,59.4577,synthetic_prototype_v1
WAT-03641,35.854,6.7514,21.4454,14.3242,59.7422,53.5636,synthetic_prototype_v1
WAT-03642,72.4099,7.8907,72.939,30.5685,201.6575,37.403,synthetic_prototype_v1
WAT-03643,76.8678,5.731,89.2255,31.9862,229.7224,32.5472,synthetic_prototype_v1
WAT-03644,58.6824,8.9719,8.0355,26.3573,223.1184,33.8176,synthetic_prototype_v1
WAT-03645,67.1341,5.4761,18.9107,13.3029,118.8252,41.8542,synthetic_prototype_v1
WAT-03646,36.9472,6.7822,74.1094,6.2649,162.3823,65.9086,synthetic_prototype_v1
WAT-03647,43.8683,6.6529,27.0678,9.752,72.9317,63.3437,synthetic_prototype_v1
WAT-03648,52.7476,6.1985,26.8412,18.2304,116.0031,66.0742,synthetic_prototype_v1
WAT-03649,55.3511,6.892,43.5807,15.3935,125.9736,68.0507,synthetic_prototype_v1
WAT-03650,49.1725,8.1733,25.0086,38.8343,241.9102,30.0,synthetic_prototype_v1
WAT-03651,6.0388,6.1322,98.2864,21.5017,50.6573,35.1542,synthetic_prototype_v1
WAT-03652,36.0562,6.292,44.5203,5.0427,107.8277,75.3153,synthetic_prototype_v1
WAT-03653,70.1747,4.9255,11.2725,23.4817,93.4844,32.3532,synthetic_prototype_v1
WAT-03654,34.4818,5.9063,17.215,24.0438,298.0794,30.0,synthetic_prototype_v1
WAT-03655,98.3838,4.403,51.0828,32.0174,129.5958,30.1551,synthetic_prototype_v1
WAT-03656,39.5712,6.3529,14.5839,15.3459,136.338,69.4172,synthetic_prototype_v1
WAT-03657,93.9368,6.2731,96.2965,32.5711,208.7412,34.1966,synthetic_prototype_v1
WAT-03658,29.5629,9.0559,119.984,18.0694,212.0705,35.3657,synthetic_prototype_v1
WAT-03659,53.4339,7.4553,7.5075,7.9771,108.7078,55.1293,synthetic_prototype_v1
WAT-03660,20.5046,7.7358,27.5538,33.2552,189.1471,41.2794,synthetic_prototype_v1
WAT-03661,17.8326,4.1165,73.8463,29.1627,207.0533,30.0,synthetic_prototype_v1
WAT-03662,75.246,9.3895,48.3543,31.7448,291.1651,33.9167,synthetic_prototype_v1
WAT-03663,23.0407,6.86,46.3988,18.619,112.5301,63.8868,synthetic_prototype_v1
WAT-03664,77.4139,5.9968,48.4001,8.1084,133.9743,42.7152,synthetic_prototype_v1
WAT-03665,94.5379,8.5199,48.6484,36.5088,259.9283,33.0804,synthetic_prototype_v1
WAT-03666,35.0327,6.6692,58.3545,18.2279,154.9248,70.2204,synthetic_prototype_v1
WAT-03667,63.3137,8.2224,24.0279,13.5641,298.5524,30.0,synthetic_prototype_v1
WAT-03668,43.4051,7.9403,90.046,19.3631,125.7933,68.3496,synthetic_prototype_v1
WAT-03669,59.3835,7.2809,93.4729,17.2275,144.347,60.5022,synthetic_prototype_v1
WAT-03670,94.4022,9.4719,31.6829,8.532,255.6441,30.0,synthetic_prototype_v1
WAT-03671,87.3278,9.0415,79.0552,37.1061,267.5567,30.0,synthetic_prototype_v1
WAT-03672,48.13,7.1803,61.63,8.4046,81.6677,69.4734,synthetic_prototype_v1
WAT-03673,42.1128,7.8795,101.9853,17.355,98.9396,68.5099,synthetic_prototype_v1
WAT-03674,36.4991,5.2376,88.1921,37.645,196.7861,42.8688,synthetic_prototype_v1
WAT-03675,11.6435,7.0558,16.3027,27.9838,271.7648,30.0,synthetic_prototype_v1
WAT-03676,29.4999,7.0345,34.9677,12.5057,96.919,71.9617,synthetic_prototype_v1
WAT-03677,37.6934,4.8601,108.3094,15.6091,105.687,41.5348,synthetic_prototype_v1
WAT-03678,67.4467,5.3531,99.275,32.6573,227.6698,31.4167,synthetic_prototype_v1
WAT-03679,49.1797,6.9555,26.4053,13.6401,101.1195,69.9262,synthetic_prototype_v1
WAT-03680,26.2647,6.0282,12.9679,20.3476,134.7191,57.0929,synthetic_prototype_v1
WAT-03681,47.3202,8.0585,30.4027,12.113,137.2668,55.04,synthetic_prototype_v1
WAT-03682,42.7093,4.2579,34.0319,24.3001,70.3974,30.0,synthetic_prototype_v1
WAT-03683,91.4307,6.156,96.6425,22.2657,112.2557,31.8546,synthetic_prototype_v1
WAT-03684,13.0811,6.3101,62.7109,13.5954,54.5029,41.8423,synthetic_prototype_v1
WAT-03685,44.8777,7.6729,94.6243,22.0986,121.4423,76.4954,synthetic_prototype_v1
WAT-03686,46.5409,6.4321,22.8842,5.6613,130.3402,70.5291,synthetic_prototype_v1
WAT-03687,40.4975,8.1211,14.8899,38.0734,202.1835,39.3209,synthetic_prototype_v1
WAT-03688,81.132,9.2584,88.6108,30.3151,136.8022,30.4796,synthetic_prototype_v1
WAT-03689,41.1579,6.375,7.6712,13.8316,97.463,62.9046,synthetic_prototype_v1
WAT-03690,74.5793,4.6569,12.1935,35.8054,134.7066,31.7587,synthetic_prototype_v1
WAT-03691,58.5669,4.101,6.6345,17.1344,267.8147,31.1099,synthetic_prototype_v1
WAT-03692,33.3973,6.9109,14.263,12.6194,204.6634,40.3327,synthetic_prototype_v1
WAT-03693,31.4562,8.0209,58.2878,5.0,102.8456,58.8894,synthetic_prototype_v1
WAT-03694,66.1809,8.6237,56.8121,15.4454,117.2459,43.2701,synthetic_prototype_v1
WAT-03695,49.6086,6.7131,39.2785,26.0309,173.0783,56.8919,synthetic_prototype_v1
WAT-03696,88.0834,6.1197,42.4549,21.7697,168.1252,33.6847,synthetic_prototype_v1
WAT-03697,14.7755,6.3355,11.5444,18.0096,121.3854,51.9873,synthetic_prototype_v1
WAT-03698,28.1879,5.6697,31.8887,11.8253,160.5513,54.2972,synthetic_prototype_v1
WAT-03699,23.8212,6.9098,93.6981,38.255,215.8763,39.9554,synthetic_prototype_v1
WAT-03700,14.4157,7.6617,42.1932,39.6578,106.123,48.5039,synthetic_prototype_v1
WAT-03701,22.8906,8.1643,93.8716,36.4322,52.2346,40.5777,synthetic_prototype_v1
WAT-03702,33.6831,8.9753,66.1405,5.7692,75.4497,41.5401,synthetic_prototype_v1
WAT-03703,13.0222,6.1317,104.3399,33.4784,54.7893,40.3686,synthetic_prototype_v1
WAT-03704,51.4321,6.9665,56.3263,20.4008,121.7947,74.9527,synthetic_prototype_v1
WAT-03705,52.5704,4.3678,49.1839,14.732,268.6233,30.0,synthetic_prototype_v1
WAT-03706,37.7555,7.022,34.3687,11.3697,98.7534,76.0229,synthetic_prototype_v1
WAT-03707,58.8591,7.3716,105.8156,21.7562,197.9404,44.1022,synthetic_prototype_v1
WAT-03708,33.4169,8.152,108.3787,35.4047,178.1229,50.7143,synthetic_prototype_v1
WAT-03709,97.8333,8.9293,49.3939,38.6357,53.9469,30.0,synthetic_prototype_v1
WAT-03710,29.4732,6.8443,85.1401,22.2834,250.1857,31.4287,synthetic_prototype_v1
WAT-03711,54.6936,6.4178,19.2485,10.6277,147.5647,55.7514,synthetic_prototype_v1
WAT-03712,45.7437,8.3657,108.0345,21.2267,122.7357,58.3111,synthetic_prototype_v1
WAT-03713,44.1756,6.0655,97.9717,11.5157,75.8385,62.7806,synthetic_prototype_v1
WAT-03714,35.4817,6.4227,6.3124,23.2939,133.964,69.9239,synthetic_prototype_v1
WAT-03715,19.5849,8.5079,54.8169,38.9412,77.8759,42.3304,synthetic_prototype_v1
WAT-03716,65.7288,9.3261,109.1621,5.8838,234.3502,30.0,synthetic_prototype_v1
WAT-03717,62.0307,6.4755,45.8791,13.6463,114.8078,57.1727,synthetic_prototype_v1
WAT-03718,60.6867,4.2785,106.9971,16.7148,62.3675,30.3996,synthetic_prototype_v1
WAT-03719,51.2086,5.1554,59.1716,9.8098,108.0801,49.8937,synthetic_prototype_v1
WAT-03720,92.5803,8.4501,109.5493,28.6089,295.1723,30.0,synthetic_prototype_v1
WAT-03721,25.154,9.9452,8.1814,17.0337,168.5463,31.7603,synthetic_prototype_v1
WAT-03722,21.131,6.9595,102.32,5.4524,216.7007,39.7761,synthetic_prototype_v1
WAT-03723,53.2293,5.4272,25.7223,38.6035,224.2634,35.0964,synthetic_prototype_v1
WAT-03724,81.0828,7.3778,43.2749,15.7727,132.0805,36.7988,synthetic_prototype_v1
WAT-03725,46.6935,8.0044,24.7982,33.146,88.2079,55.6046,synthetic_prototype_v1
WAT-03726,47.5805,7.01,60.0924,21.0879,117.2471,81.2577,synthetic_prototype_v1
WAT-03727,67.0767,6.8753,65.8553,24.4832,89.1802,48.3466,synthetic_prototype_v1
WAT-03728,45.2941,6.2394,103.0117,17.5603,87.6795,72.2971,synthetic_prototype_v1
WAT-03729,56.3096,8.0735,32.3796,22.2068,209.0722,37.4558,synthetic_prototype_v1
WAT-03730,43.7315,6.7675,10.061,16.5293,95.0882,65.7479,synthetic_prototype_v1
WAT-03731,43.3187,6.3058,11.4303,14.7798,176.3829,52.3627,synthetic_prototype_v1
WAT-03732,49.4393,5.9837,44.3635,23.9296,92.7583,63.7527,synthetic_prototype_v1
WAT-03733,28.3784,6.364,5.0,20.235,163.1422,54.6549,synthetic_prototype_v1
WAT-03734,50.9424,6.5139,77.1891,9.4934,99.1437,75.2744,synthetic_prototype_v1
WAT-03735,33.8474,6.784,40.0489,19.191,117.2408,80.7403,synthetic_prototype_v1
WAT-03736,67.5816,7.9799,81.4514,23.9529,236.5705,32.4668,synthetic_prototype_v1
WAT-03737,55.7244,6.6591,11.6081,19.3923,106.7696,59.4752,synthetic_prototype_v1
WAT-03738,62.8227,5.7428,47.3917,9.4025,163.2367,40.3593,synthetic_prototype_v1
WAT-03739,32.6763,9.7063,50.2601,30.9126,235.3848,30.0,synthetic_prototype_v1
WAT-03740,76.8288,7.9627,54.3777,28.5697,56.166,38.7851,synthetic_prototype_v1
WAT-03741,48.8148,5.5301,54.1538,12.6242,174.7091,48.4763,synthetic_prototype_v1
WAT-03742,28.0835,5.9397,7.3659,19.8878,129.4932,56.4015,synthetic_prototype_v1
WAT-03743,29.6608,6.3579,12.5269,26.4248,60.1037,50.99,synthetic_prototype_v1
WAT-03744,86.8724,4.1965,76.1163,12.2154,206.3851,33.5259,synthetic_prototype_v1
WAT-03745,36.5619,5.8782,28.5561,25.7165,144.1764,65.9753,synthetic_prototype_v1
WAT-03746,41.7375,5.5164,41.6826,26.6574,90.215,59.5067,synthetic_prototype_v1
WAT-03747,85.3414,5.9888,86.0516,7.0358,73.4383,33.5156,synthetic_prototype_v1
WAT-03748,13.0571,6.8625,89.4599,34.529,120.2531,55.5457,synthetic_prototype_v1
WAT-03749,48.0616,4.5654,115.3786,24.2728,227.1576,31.7056,synthetic_prototype_v1
WAT-03750,82.8818,6.6252,88.237,39.8223,213.7551,36.5578,synthetic_prototype_v1
WAT-03751,47.2146,6.3475,34.2834,22.7216,147.2124,69.6118,synthetic_prototype_v1
WAT-03752,24.2784,7.298,18.6205,16.4437,90.8035,56.4089,synthetic_prototype_v1
WAT-03753,70.1456,9.1264,27.1654,16.6677,241.6393,30.5204,synthetic_prototype_v1
WAT-03754,69.3423,9.2765,16.5121,8.8645,142.4389,30.2614,synthetic_prototype_v1
WAT-03755,24.5529,4.7441,96.1337,9.0587,116.7349,33.1082,synthetic_prototype_v1
WAT-03756,50.4049,6.7042,57.5939,37.4052,205.0523,49.9078,synthetic_prototype_v1
WAT-03757,50.2444,4.4294,20.3733,35.106,140.4461,32.9344,synthetic_prototype_v1
WAT-03758,11.6214,8.0456,51.047,5.0,127.386,42.8497,synthetic_prototype_v1
WAT-03759,45.9943,8.2773,104.8774,9.1096,266.9576,31.7678,synthetic_prototype_v1
WAT-03760,17.5915,4.8797,73.7284,7.649,119.1291,35.6796,synthetic_prototype_v1
WAT-03761,16.3006,5.8423,50.1036,28.7732,82.2093,46.7968,synthetic_prototype_v1
WAT-03762,53.9562,7.947,31.0122,11.9931,178.7484,41.8406,synthetic_prototype_v1
WAT-03763,48.6628,6.8267,64.471,16.5939,141.285,75.4305,synthetic_prototype_v1
WAT-03764,61.7525,8.8774,113.4209,12.0532,180.0914,37.698,synthetic_prototype_v1
WAT-03765,47.2765,8.2966,7.0039,10.6884,240.9571,32.8765,synthetic_prototype_v1
WAT-03766,87.3938,4.9695,17.4879,13.5936,99.4542,30.0556,synthetic_prototype_v1
WAT-03767,46.203,7.1788,26.6226,24.0171,81.5337,66.9512,synthetic_prototype_v1
WAT-03768,35.4153,4.0645,46.1415,26.7801,246.7509,31.2958,synthetic_prototype_v1
WAT-03769,42.8696,6.8564,34.5059,27.478,97.295,74.4132,synthetic_prototype_v1
WAT-03770,86.3418,7.5465,44.4359,8.5481,135.6526,35.78,synthetic_prototype_v1
WAT-03771,24.9909,7.0651,120.0,23.5112,101.7003,67.4719,synthetic_prototype_v1
WAT-03772,62.1304,5.0551,60.4369,34.7689,186.133,41.9848,synthetic_prototype_v1
WAT-03773,30.9758,9.4517,71.4637,26.0409,258.3416,30.0,synthetic_prototype_v1
WAT-03774,25.0388,8.9017,42.347,10.504,248.561,32.0964,synthetic_prototype_v1
WAT-03775,88.0618,4.4136,23.3917,21.4506,217.1994,30.0,synthetic_prototype_v1
WAT-03776,47.6338,7.6036,54.797,6.4532,126.1107,71.4438,synthetic_prototype_v1
WAT-03777,34.335,6.5456,31.0369,23.0364,144.5782,75.0743,synthetic_prototype_v1
WAT-03778,55.1477,7.3192,13.3476,5.4478,124.5392,55.7748,synthetic_prototype_v1
WAT-03779,24.0534,7.0528,44.0139,15.4581,63.3193,50.6931,synthetic_prototype_v1
WAT-03780,17.2895,5.2612,28.5428,10.248,290.0947,30.3037,synthetic_prototype_v1
WAT-03781,37.9155,9.5616,48.2723,32.049,202.6979,30.0,synthetic_prototype_v1
WAT-03782,41.9087,6.2222,44.0884,15.1006,92.8447,69.6455,synthetic_prototype_v1
WAT-03783,47.9449,6.851,16.2999,23.5847,116.4275,74.553,synthetic_prototype_v1
WAT-03784,21.6689,9.3077,26.8547,35.2168,151.2132,31.3697,synthetic_prototype_v1
WAT-03785,35.5522,5.6101,63.9271,18.8815,161.5394,57.7058,synthetic_prototype_v1
WAT-03786,43.2757,5.1657,7.957,12.5003,87.7245,49.2695,synthetic_prototype_v1
WAT-03787,17.4906,5.7429,14.8568,22.0196,173.2604,41.362,synthetic_prototype_v1
WAT-03788,63.8733,7.064,68.6379,30.3565,222.8163,35.9894,synthetic_prototype_v1
WAT-03789,31.8322,6.6607,22.9902,12.3387,179.8431,52.1381,synthetic_prototype_v1
WAT-03790,49.8721,7.0095,35.8443,12.0171,98.5892,70.1819,synthetic_prototype_v1
WAT-03791,72.6322,7.7112,53.3143,6.1124,99.8061,44.2077,synthetic_prototype_v1
WAT-03792,21.7477,5.3571,91.6076,33.9303,145.6881,50.0263,synthetic_prototype_v1
WAT-03793,76.3458,9.0233,15.1393,8.898,257.2198,30.0,synthetic_prototype_v1
WAT-03794,71.6322,4.3437,33.2128,12.2409,51.3243,31.2066,synthetic_prototype_v1
WAT-03795,98.9676,5.82,87.7511,10.7296,214.9182,31.9775,synthetic_prototype_v1
WAT-03796,18.3017,6.7342,7.706,22.9004,129.8827,54.3032,synthetic_prototype_v1
WAT-03797,88.2844,5.7346,82.9553,16.2524,81.5564,30.7199,synthetic_prototype_v1
WAT-03798,36.7814,5.7756,74.2271,14.2744,149.7397,63.3201,synthetic_prototype_v1
WAT-03799,38.7028,7.4916,52.6083,15.4734,129.9922,77.0666,synthetic_prototype_v1
WAT-03800,22.7928,7.2014,43.9089,18.2488,99.9752,62.3326,synthetic_prototype_v1
WAT-03801,70.5971,5.317,43.4548,24.4465,168.413,38.0101,synthetic_prototype_v1
WAT-03802,97.3729,5.8833,68.2543,27.3854,228.8154,30.0,synthetic_prototype_v1
WAT-03803,39.1683,9.1034,104.8708,17.9934,140.623,33.929,synthetic_prototype_v1
WAT-03804,64.8768,4.9952,72.1018,27.9559,267.2023,31.7449,synthetic_prototype_v1
WAT-03805,89.7863,7.7309,56.1353,18.4467,230.4351,31.0236,synthetic_prototype_v1
WAT-03806,65.5709,8.2895,112.1598,18.0512,222.2987,30.7822,synthetic_prototype_v1
WAT-03807,44.5175,7.4003,33.5439,26.1048,132.9813,72.3537,synthetic_prototype_v1
WAT-03808,29.6464,6.5477,28.195,14.3673,132.5712,69.1228,synthetic_prototype_v1
WAT-03809,59.1437,5.7292,51.1631,37.3287,121.7099,54.0159,synthetic_prototype_v1
WAT-03810,48.0578,6.8094,28.4271,21.964,163.0463,62.4686,synthetic_prototype_v1
WAT-03811,23.9908,7.7762,26.3903,12.044,101.2082,59.1499,synthetic_prototype_v1
WAT-03812,65.5729,7.2409,30.6095,22.0781,128.5962,50.663,synthetic_prototype_v1
WAT-03813,43.2936,6.6916,19.8242,12.4493,94.8091,71.0455,synthetic_prototype_v1
WAT-03814,33.6154,6.6856,91.5867,24.5851,100.8698,85.7067,synthetic_prototype_v1
WAT-03815,65.4837,7.8155,101.4728,5.9724,287.6651,30.0,synthetic_prototype_v1
WAT-03816,46.8048,8.8273,101.3892,11.0965,238.808,30.0,synthetic_prototype_v1
WAT-03817,17.5231,5.9727,45.7854,24.0922,143.3412,50.6157,synthetic_prototype_v1
WAT-03818,60.8845,5.8573,72.2305,8.989,180.769,42.6201,synthetic_prototype_v1
WAT-03819,47.1023,7.6923,52.8875,26.1024,120.156,70.5789,synthetic_prototype_v1
WAT-03820,75.642,6.6353,110.6373,7.3446,129.7703,39.2692,synthetic_prototype_v1
WAT-03821,33.0591,5.2605,52.578,12.4485,126.6072,55.1118,synthetic_prototype_v1
WAT-03822,29.0277,6.8082,15.0258,6.4135,114.518,66.6588,synthetic_prototype_v1
WAT-03823,38.4615,8.335,60.4182,10.5361,118.4016,57.8044,synthetic_prototype_v1
WAT-03824,53.9799,7.5848,40.1618,17.4169,152.1112,59.0359,synthetic_prototype_v1
WAT-03825,75.1585,7.8564,57.0083,11.252,68.5372,36.1699,synthetic_prototype_v1
WAT-03826,23.0236,8.0731,13.4879,20.1173,90.1279,49.3564,synthetic_prototype_v1
WAT-03827,9.8292,9.5393,45.5731,8.581,149.4804,30.0,synthetic_prototype_v1
WAT-03828,32.6794,8.3663,120.0,13.3864,118.0727,52.4849,synthetic_prototype_v1
WAT-03829,41.994,7.1106,69.2265,19.9054,152.5352,75.4218,synthetic_prototype_v1
WAT-03830,55.974,8.2664,84.2737,25.8439,256.3191,30.0,synthetic_prototype_v1
WAT-03831,43.6994,9.7721,45.0782,36.0977,243.6753,32.7222,synthetic_prototype_v1
WAT-03832,39.4029,7.2667,10.7168,12.2968,135.0599,70.1448,synthetic_prototype_v1
WAT-03833,21.8151,6.1456,35.3013,18.3977,241.019,31.2421,synthetic_prototype_v1
WAT-03834,17.9592,6.4882,15.3784,13.1239,112.6176,52.574,synthetic_prototype_v1
WAT-03835,13.9624,6.6591,44.0786,33.6632,261.9757,30.0,synthetic_prototype_v1
WAT-03836,16.9725,9.2679,12.0102,28.1767,79.5775,30.9069,synthetic_prototype_v1
WAT-03837,24.1458,4.4101,116.2133,9.0266,274.4125,30.0,synthetic_prototype_v1
WAT-03838,32.5447,5.9186,34.4338,9.4814,140.2813,61.3267,synthetic_prototype_v1
WAT-03839,64.3523,8.9009,29.6394,29.2054,283.1108,30.6374,synthetic_prototype_v1
WAT-03840,92.5004,9.7563,12.2776,12.6711,150.7468,30.3471,synthetic_prototype_v1
WAT-03841,58.9505,7.2813,76.4022,9.0583,113.4908,62.2187,synthetic_prototype_v1
WAT-03842,28.4647,6.1006,26.4168,15.3019,147.1943,59.7392,synthetic_prototype_v1
WAT-03843,32.7321,6.633,48.9349,13.6614,105.2217,79.9979,synthetic_prototype_v1
WAT-03844,86.2717,9.7256,81.5802,10.4885,199.9388,30.0,synthetic_prototype_v1
WAT-03845,55.0435,9.8161,12.1103,34.2162,100.5336,30.0,synthetic_prototype_v1
WAT-03846,78.8535,9.9894,83.4089,24.5762,232.7396,30.0,synthetic_prototype_v1
WAT-03847,84.623,9.4978,113.6746,39.5118,200.8711,30.0,synthetic_prototype_v1
WAT-03848,31.6838,6.976,8.2308,25.3963,134.1853,62.5974,synthetic_prototype_v1
WAT-03849,73.0914,9.1395,71.0412,6.3719,270.1456,30.4176,synthetic_prototype_v1
WAT-03850,31.5369,6.2073,120.0,27.25,174.3497,54.3491,synthetic_prototype_v1
WAT-03851,86.7329,6.325,53.8239,30.1331,108.292,33.7678,synthetic_prototype_v1
WAT-03852,27.5219,7.6223,105.5749,13.2925,108.014,65.9893,synthetic_prototype_v1
WAT-03853,59.0392,5.0821,89.5185,11.3477,86.532,42.6269,synthetic_prototype_v1
WAT-03854,41.4154,8.2968,102.8294,23.8825,236.0358,33.1135,synthetic_prototype_v1
WAT-03855,87.4825,6.1828,63.363,30.7428,128.4772,34.9222,synthetic_prototype_v1
WAT-03856,23.8294,5.957,74.643,19.5045,116.2503,65.7378,synthetic_prototype_v1
WAT-03857,96.2595,7.1982,74.2136,39.1933,266.3976,30.0926,synthetic_prototype_v1
WAT-03858,16.5826,8.9313,95.9803,34.7519,254.0724,30.0,synthetic_prototype_v1
WAT-03859,21.2632,6.8117,108.8734,12.1271,162.9117,58.5615,synthetic_prototype_v1
WAT-03860,88.8684,9.3222,53.1152,9.7475,233.0222,30.0026,synthetic_prototype_v1
WAT-03861,83.1971,4.5303,64.8059,29.7222,160.3677,30.0,synthetic_prototype_v1
WAT-03862,37.6507,5.5319,27.2406,17.8585,82.7195,56.5368,synthetic_prototype_v1
WAT-03863,65.604,5.9392,37.1356,18.7308,90.9432,46.2823,synthetic_prototype_v1
WAT-03864,34.5676,6.5345,16.7904,16.4367,97.6764,63.484,synthetic_prototype_v1
WAT-03865,40.8946,5.9855,41.7184,22.3662,272.3219,30.748,synthetic_prototype_v1
WAT-03866,14.129,6.7044,92.7698,16.5378,194.1109,41.875,synthetic_prototype_v1
WAT-03867,18.2642,4.949,62.6973,9.3613,238.6438,30.0,synthetic_prototype_v1
WAT-03868,67.2246,4.7449,117.441,22.4315,64.0134,30.2767,synthetic_prototype_v1
WAT-03869,65.2982,6.9497,47.3738,31.1219,112.7162,56.4735,synthetic_prototype_v1
WAT-03870,52.8861,6.7286,67.8687,7.0978,81.3759,64.4221,synthetic_prototype_v1
WAT-03871,76.3916,4.5098,86.1599,23.6372,173.7128,31.5274,synthetic_prototype_v1
WAT-03872,64.0656,7.6018,80.296,16.4233,73.9408,47.4994,synthetic_prototype_v1
WAT-03873,66.9811,9.1016,66.4582,21.0693,267.5157,31.8609,synthetic_prototype_v1
WAT-03874,74.3201,9.2506,91.4959,18.717,171.1946,35.8357,synthetic_prototype_v1
WAT-03875,88.2454,8.9593,54.9271,37.9661,216.6366,35.0037,synthetic_prototype_v1
WAT-03876,18.1295,7.5786,40.6962,13.6457,282.8624,30.4813,synthetic_prototype_v1
WAT-03877,58.3909,7.9733,114.5702,25.0295,99.8172,53.081,synthetic_prototype_v1
WAT-03878,44.3325,8.1918,84.1001,6.5233,79.3224,51.1223,synthetic_prototype_v1
WAT-03879,56.7321,5.9322,29.169,35.7882,88.2181,58.5389,synthetic_prototype_v1
WAT-03880,62.8304,9.5927,12.898,32.1669,151.8627,30.3425,synthetic_prototype_v1
WAT-03881,73.943,4.5153,74.768,6.5467,147.6169,31.0689,synthetic_prototype_v1
WAT-03882,32.7271,6.7456,41.3623,16.3469,66.6047,59.9016,synthetic_prototype_v1
WAT-03883,14.4634,6.5414,50.0941,21.0788,67.4031,45.1218,synthetic_prototype_v1
WAT-03884,51.8603,6.4894,44.3847,19.4111,96.4727,70.1129,synthetic_prototype_v1
WAT-03885,32.3657,9.9029,117.2546,9.8219,195.2397,31.2309,synthetic_prototype_v1
WAT-03886,43.3934,7.9289,16.0582,18.6513,134.9792,58.8978,synthetic_prototype_v1
WAT-03887,69.4189,6.193,66.3396,35.2202,242.1908,30.0,synthetic_prototype_v1
WAT-03888,35.5031,6.4739,10.2245,9.4288,103.9277,63.4937,synthetic_prototype_v1
WAT-03889,31.7739,6.9674,103.5474,14.0837,92.8635,75.834,synthetic_prototype_v1
WAT-03890,39.7605,6.4865,43.9235,22.0818,101.1584,78.3958,synthetic_prototype_v1
WAT-03891,22.4357,6.9732,28.3358,12.0173,118.2362,64.3599,synthetic_prototype_v1
WAT-03892,42.5275,6.484,19.4841,19.6926,113.3144,71.9656,synthetic_prototype_v1
WAT-03893,90.2437,5.3925,11.7467,27.1846,72.8897,33.6284,synthetic_prototype_v1
WAT-03894,77.5872,8.0075,82.3302,23.9923,233.2763,30.1396,synthetic_prototype_v1
WAT-03895,46.609,9.9861,52.7933,25.742,219.9464,33.4799,synthetic_prototype_v1
WAT-03896,40.929,8.7436,55.1879,23.087,155.5411,46.0728,synthetic_prototype_v1
WAT-03897,97.3235,6.9548,28.1385,36.4206,240.0789,30.0,synthetic_prototype_v1
WAT-03898,92.0211,9.5147,13.8856,14.0803,179.6483,30.0,synthetic_prototype_v1
WAT-03899,87.9266,9.3929,88.1343,11.0222,271.5115,31.069,synthetic_prototype_v1
WAT-03900,58.6916,5.6554,63.1123,7.9463,131.5955,53.6116,synthetic_prototype_v1
WAT-03901,60.5932,9.8815,85.5295,37.5727,204.4315,32.076,synthetic_prototype_v1
WAT-03902,19.7669,5.5356,20.9126,10.6678,216.7877,35.4452,synthetic_prototype_v1
WAT-03903,68.8261,5.7702,31.9219,32.582,75.3015,41.0108,synthetic_prototype_v1
WAT-03904,27.568,6.8068,50.2574,12.4657,189.9692,48.0888,synthetic_prototype_v1
WAT-03905,57.4154,4.842,8.1323,17.5457,104.7876,36.2806,synthetic_prototype_v1
WAT-03906,99.244,8.5415,33.7298,17.271,200.5768,30.0,synthetic_prototype_v1
WAT-03907,71.0882,6.533,33.5957,11.438,111.25,46.8666,synthetic_prototype_v1
WAT-03908,40.3535,7.6406,66.5109,22.5953,136.5535,76.251,synthetic_prototype_v1
WAT-03909,76.2138,5.6651,29.8376,19.0019,76.3972,38.2694,synthetic_prototype_v1
WAT-03910,38.7673,6.0854,53.5234,20.253,197.7584,48.7561,synthetic_prototype_v1
WAT-03911,64.4356,7.4471,28.2235,30.9259,82.5379,48.2132,synthetic_prototype_v1
WAT-03912,94.1865,8.841,63.0718,23.0119,125.1641,31.6254,synthetic_prototype_v1
WAT-03913,97.2175,8.4766,90.5915,20.3446,157.0927,30.0,synthetic_prototype_v1
WAT-03914,34.4451,6.4555,70.8072,14.5991,123.3701,85.6982,synthetic_prototype_v1
WAT-03915,60.8144,4.752,74.3656,19.4426,216.3155,34.4261,synthetic_prototype_v1
WAT-03916,49.6078,7.1259,86.9353,26.1267,124.4302,79.115,synthetic_prototype_v1
WAT-03917,86.0701,6.546,30.4176,23.3601,177.0105,34.1186,synthetic_prototype_v1
WAT-03918,7.3788,5.9485,18.8505,21.9853,116.0966,41.3697,synthetic_prototype_v1
WAT-03919,36.8156,6.3502,28.4811,8.9007,151.7396,69.7819,synthetic_prototype_v1
WAT-03920,51.1967,4.9374,9.1472,15.9728,62.1414,32.8521,synthetic_prototype_v1
WAT-03921,33.1676,5.5447,45.0706,13.3486,97.5112,61.0047,synthetic_prototype_v1
WAT-03922,93.908,9.8777,34.2275,21.2423,229.0514,30.0,synthetic_prototype_v1
WAT-03923,85.2059,7.83,108.7204,29.7142,216.0452,35.1897,synthetic_prototype_v1
WAT-03924,8.809,5.6431,113.5956,25.2408,87.0605,36.48,synthetic_prototype_v1
WAT-03925,61.576,6.0801,36.7095,20.7166,156.8871,50.5912,synthetic_prototype_v1
WAT-03926,41.9779,7.1186,19.4416,30.2049,62.2819,56.4028,synthetic_prototype_v1
WAT-03927,33.7968,7.5718,69.7623,18.5472,147.637,72.9418,synthetic_prototype_v1
WAT-03928,30.0503,8.9505,5.0,22.4363,94.2541,42.1084,synthetic_prototype_v1
WAT-03929,79.8178,4.0056,38.3375,12.4247,210.5764,30.6842,synthetic_prototype_v1
WAT-03930,80.6976,6.598,98.3658,19.3717,258.3436,31.2987,synthetic_prototype_v1
WAT-03931,30.2519,9.4986,100.0667,22.5211,138.1488,30.0,synthetic_prototype_v1
WAT-03932,89.2018,5.4622,55.5997,23.8724,229.8612,34.9153,synthetic_prototype_v1
WAT-03933,50.3631,8.569,52.6022,22.6326,250.7061,30.0,synthetic_prototype_v1
WAT-03934,95.9123,5.189,5.2965,13.7268,81.8856,32.0068,synthetic_prototype_v1
WAT-03935,20.776,6.4004,59.2843,18.5655,182.6714,48.9537,synthetic_prototype_v1
WAT-03936,92.624,6.5682,80.6923,37.7337,89.6154,37.1154,synthetic_prototype_v1
WAT-03937,37.7828,7.0275,34.1563,23.3782,144.4004,76.7128,synthetic_prototype_v1
WAT-03938,29.5894,9.2494,109.985,10.816,111.8086,30.9426,synthetic_prototype_v1
WAT-03939,5.4275,6.0732,113.2546,20.1874,271.6216,30.6875,synthetic_prototype_v1
WAT-03940,24.9543,7.8075,46.9626,20.7232,114.6691,59.9176,synthetic_prototype_v1
WAT-03941,37.8018,6.1162,39.3654,26.5549,111.4094,74.1385,synthetic_prototype_v1
WAT-03942,16.5404,6.8469,47.8366,19.3467,123.228,59.8879,synthetic_prototype_v1
WAT-03943,19.0055,8.7906,91.4693,6.7983,229.062,30.6109,synthetic_prototype_v1
WAT-03944,21.51,7.1694,10.9746,15.0136,131.0056,57.504,synthetic_prototype_v1
WAT-03945,97.9702,5.5443,89.6377,25.8661,272.2498,32.6888,synthetic_prototype_v1
WAT-03946,55.0229,5.9055,23.9441,18.7055,131.4311,60.0873,synthetic_prototype_v1
WAT-03947,10.2188,8.6234,6.1782,12.7099,86.2696,36.9996,synthetic_prototype_v1
WAT-03948,85.1409,4.8554,90.6343,21.9616,290.7956,30.0,synthetic_prototype_v1
WAT-03949,44.1614,6.2465,81.6617,19.3454,172.2288,62.9579,synthetic_prototype_v1
WAT-03950,46.6233,6.4508,120.0,5.0,132.9117,76.9245,synthetic_prototype_v1
WAT-03951,42.1002,6.0613,12.8868,19.0176,190.9487,49.4798,synthetic_prototype_v1
WAT-03952,29.9337,6.3125,111.9709,35.0048,193.3798,52.8887,synthetic_prototype_v1
WAT-03953,12.0367,9.5153,98.3306,22.738,152.9051,30.0,synthetic_prototype_v1
WAT-03954,62.7723,6.3221,118.9218,11.2866,66.3708,44.159,synthetic_prototype_v1
WAT-03955,42.1034,6.6366,16.8031,13.0345,136.0128,71.9432,synthetic_prototype_v1
WAT-03956,37.912,5.5413,82.1836,15.089,106.3551,62.7875,synthetic_prototype_v1
WAT-03957,56.9638,5.2905,27.6498,18.6437,201.4323,41.9725,synthetic_prototype_v1
WAT-03958,33.4179,7.9529,21.1379,21.6393,113.2375,63.4058,synthetic_prototype_v1
WAT-03959,49.0534,6.7314,45.0047,28.595,291.9386,31.4301,synthetic_prototype_v1
WAT-03960,92.7681,6.5543,49.7978,27.2012,80.9829,33.1741,synthetic_prototype_v1
WAT-03961,31.4172,9.2146,64.3274,14.3418,298.9066,31.0064,synthetic_prototype_v1
WAT-03962,41.8512,6.4369,120.0,16.6332,136.4171,78.8961,synthetic_prototype_v1
WAT-03963,46.5553,6.9429,42.2168,22.4723,112.4755,79.987,synthetic_prototype_v1
WAT-03964,45.9761,7.5377,81.7543,24.2878,62.073,56.6854,synthetic_prototype_v1
WAT-03965,95.143,6.993,62.6772,39.1239,184.0155,31.4031,synthetic_prototype_v1
WAT-03966,38.68,9.7576,69.4991,25.2314,96.9531,31.917,synthetic_prototype_v1
WAT-03967,37.6426,6.7567,16.8713,14.1055,171.2751,55.4656,synthetic_prototype_v1
WAT-03968,65.4588,5.6194,90.8734,24.8589,173.2502,44.7549,synthetic_prototype_v1
WAT-03969,21.6579,7.1489,24.9326,25.8911,266.4085,30.0,synthetic_prototype_v1
WAT-03970,29.9593,6.8463,26.7728,10.7231,74.1025,56.7871,synthetic_prototype_v1
WAT-03971,89.3589,8.7946,16.1585,13.3311,89.3783,31.1851,synthetic_prototype_v1
WAT-03972,54.5823,6.3416,23.1105,34.559,86.2083,56.8067,synthetic_prototype_v1
WAT-03973,35.634,7.1488,71.3521,14.6291,89.1909,75.8365,synthetic_prototype_v1
WAT-03974,22.1885,7.3884,9.7412,16.7302,135.994,53.5923,synthetic_prototype_v1
WAT-03975,47.3517,7.5108,17.0053,16.7222,126.9366,64.9661,synthetic_prototype_v1
WAT-03976,30.8957,5.6073,101.5047,37.9431,254.0975,30.0,synthetic_prototype_v1
WAT-03977,76.8272,9.1297,109.1587,9.1586,87.0239,31.9776,synthetic_prototype_v1
WAT-03978,63.9142,6.6463,96.9099,32.7914,246.9768,30.0,synthetic_prototype_v1
WAT-03979,29.8148,6.3028,63.9599,16.2176,84.3286,67.154,synthetic_prototype_v1
WAT-03980,27.6422,4.9376,115.0597,13.8259,241.7194,30.0,synthetic_prototype_v1
WAT-03981,21.2063,4.0162,93.0717,15.3619,223.9043,31.2873,synthetic_prototype_v1
WAT-03982,30.2786,5.6372,19.0116,12.784,145.2879,51.6838,synthetic_prototype_v1
WAT-03983,25.0142,5.9954,51.4526,9.4082,111.5294,61.6474,synthetic_prototype_v1
WAT-03984,23.2689,5.4098,45.3611,19.8595,92.2402,46.249,synthetic_prototype_v1
WAT-03985,52.2172,4.7066,107.4631,21.6506,122.9992,30.2543,synthetic_prototype_v1
WAT-03986,55.5233,8.4757,108.6991,15.1983,288.3668,31.4327,synthetic_prototype_v1
WAT-03987,61.3309,8.3756,73.2854,21.6741,198.0667,39.8744,synthetic_prototype_v1
WAT-03988,74.8149,7.5658,44.4608,27.741,179.8263,35.018,synthetic_prototype_v1
WAT-03989,21.7331,8.7702,103.2481,17.617,278.0103,30.0,synthetic_prototype_v1
WAT-03990,66.6771,6.4582,34.5713,37.6939,58.3083,40.0459,synthetic_prototype_v1
WAT-03991,52.7386,8.2565,111.4266,23.6618,165.9671,47.4536,synthetic_prototype_v1
WAT-03992,28.3582,7.222,118.0887,23.1211,230.602,32.5626,synthetic_prototype_v1
WAT-03993,48.0155,6.3497,21.4453,16.8975,136.8088,69.2692,synthetic_prototype_v1
WAT-03994,20.3902,7.1347,23.7356,24.2469,121.6123,61.3384,synthetic_prototype_v1
WAT-03995,43.9483,6.5415,96.5419,9.1913,140.8265,80.0207,synthetic_prototype_v1
WAT-03996,99.9451,9.6177,55.2371,26.368,194.4177,32.3984,synthetic_prototype_v1
WAT-03997,37.8444,9.5477,102.5061,12.7883,126.6989,30.5311,synthetic_prototype_v1
WAT-03998,75.4631,6.7069,78.038,14.5394,190.1591,37.6323,synthetic_prototype_v1
WAT-03999,46.5962,7.3999,24.1178,19.6154,146.2525,67.9224,synthetic_prototype_v1
WAT-04000,41.2665,6.9251,14.2607,30.7924,91.7406,70.1627,synthetic_prototype_v1
